SEED: 1778434285
BOUNDS: tau=[0.1, 5.0]  K=[0.1, 1.0]  N=[1.0, 25.0]
GEN: 0
Individuo: 
[1.2585573599888635, 4.061505366498381, 4.621331248355247, 1.4819437852233854, 0.2652578327616232, 0.19285825286885278, 0.1719610814570438, 0.7843770867494799, 0.6792493908733352, 0.5502557051077843, 0.20364449278324775, 0.8213212624141573, 17.815238137829155, 22.56335390997396, 11.39522361930098, 1.9121782708611246, 6.07618819663498, 16.532361347959878, 5.352341695223015, 0.8188697093329681, 1.768748934842346, 0.8513041306159697, 0.8576762413675773, 0.35215165008962757, 8.234508466347917, 4.424188429949757, 6.109855267641745, 0.44078791597152045, 2.152493833102939, 7.572993270751891, 6.114436742474227, 1.3919893337719027, 1.5236212173203474, 3.542424221476757, 5.2469176767414165, 5.4087653101017645, 4.388455065437074, 6.153257625441022, 3.6063711360864548, 8.368382892948455, 7.844405343546473, 1.195585510840889, 4.876014294179696, 3.239536779481437, 6.8038984891464445, 1.0454160018368734, 7.087730017918927, 6.0718002744127135]
APTIDAO: 
138.48587654861822
GEN: 100
Individuo: 
[2.238304387721199, 4.061505366498381, 4.187282094348245, 0.551940994976374, 0.2483316429874034, 0.4861716639587712, 0.5413158421652555, 0.7843770867494799, 0.32259301298082366, 0.3655190415416081, 0.4484478486117712, 0.10881716749499307, 21.424421070152015, 9.563807294561304, 24.53309253789452, 3.4927244497266496, 6.07618819663498, 21.669251497371555, 20.07606137447489, 0.998283306367953, 1.467570451765561, 1.8320371953945616, 0.9709842654605144, 0.35215165008962757, 7.171006761455501, 4.424188429949757, 9.210628707043014, 0.6291798003536317, 2.7625265337789644, 0.6350955660161154, 6.4068436920023775, 1.3919893337719027, 1.7247188822120962, 2.3392884214025798, 2.9377761588787976, 5.61659741234405, 2.7975176371419423, 1.7734513772808163, 2.312672962741866, 10.0, 7.844405343546473, 0.7676932161195577, 5.020561578105296, 3.2479126442713615, 6.872310841439118, 1.2877705465393385, 3.8122777067442724, 6.0718002744127135]
APTIDAO: 
59.32743662939739
GEN: 200
Individuo: 
[2.238304387721199, 4.061505366498381, 4.187282094348245, 0.551940994976374, 0.2903250105377021, 0.4861716639587712, 0.6273183709309684, 0.7672245956874418, 0.3055007744175339, 0.3655190415416081, 0.4484478486117712, 0.10881716749499307, 21.186494571603983, 8.38746171684383, 8.727454718519917, 2.843194416867912, 5.152590362361168, 21.669251497371555, 21.560008547533236, 1.21352551245041, 1.467570451765561, 1.632563229385602, 0.9191066849477939, 0.35215165008962757, 7.171006761455501, 4.424188429949757, 9.210628707043014, 0.6291798003536317, 3.0492022888807875, 0.6350955660161154, 5.446156029894662, 1.0172622972142495, 1.7812191726269206, 2.3392884214025798, 2.9377761588787976, 5.61659741234405, 1.360569066975442, 1.8585766741066356, 2.068073675648129, 10.0, 3.3288127799320293, 0.7676932161195577, 4.83997730766848, 3.0022470700409203, 6.872310841439118, 1.0829766563434498, 2.1527985587120644, 6.0718002744127135]
APTIDAO: 
43.56975119285054
GEN: 300
Individuo: 
[2.238304387721199, 4.061505366498381, 4.747173560760151, 0.551940994976374, 0.2903250105377021, 0.4861716639587712, 0.6272009487631621, 0.7672245956874418, 0.3055007744175339, 0.3655190415416081, 0.4484478486117712, 0.10881716749499307, 21.186494571603983, 8.38746171684383, 8.888510118046288, 2.843194416867912, 14.812174127150866, 18.912048308823547, 11.973489402501817, 1.21352551245041, 1.467570451765561, 1.6059846917398433, 0.9191066849477939, 0.35215165008962757, 7.171006761455501, 4.424188429949757, 5.051720349290493, 0.6291798003536317, 3.0492022888807875, 0.6350955660161154, 3.6087662508819567, 1.0172622972142495, 1.7812191726269206, 2.3392884214025798, 2.9377761588787976, 5.61659741234405, 1.360569066975442, 1.8585766741066356, 2.540637745629998, 10.0, 4.845493808691692, 0.7120114461776805, 2.002854038270932, 3.0022470700409203, 6.872310841439118, 1.3215581500283273, 2.1527985587120644, 6.0718002744127135]
APTIDAO: 
43.33742490067029
GEN: 400
Individuo: 
[2.238304387721199, 4.061505366498381, 4.747173560760151, 0.38617804214728935, 0.2903250105377021, 0.44470075937966347, 0.6272009487631621, 0.7672245956874418, 0.3016508148338929, 0.3655190415416081, 0.4484478486117712, 0.25231548193659586, 24.847820306989895, 8.38746171684383, 6.7793184282932195, 2.843194416867912, 14.812174127150866, 7.519641972579152, 11.973489402501817, 1.21352551245041, 1.4498413693969427, 1.7462420272310382, 0.9277844034079731, 0.4450995458348516, 7.171006761455501, 4.424188429949757, 5.051720349290493, 0.6625767745213669, 3.0492022888807875, 0.6795076861630798, 3.6087662508819567, 1.0172622972142495, 2.227534446960199, 2.3392884214025798, 2.9377761588787976, 6.131317245771764, 1.9390742873379518, 1.8585766741066356, 1.5411272705421162, 10.0, 4.845493808691692, 0.8208702562128057, 2.002854038270932, 3.0022470700409203, 10.0, 1.3395735896222383, 1.8865202420651048, 5.286704860567372]
APTIDAO: 
39.73557406354174
GEN: 500
Individuo: 
[2.238304387721199, 4.061505366498381, 4.747173560760151, 0.40360345828282224, 0.3655600263719027, 0.44470075937966347, 0.6272009487631621, 0.7672245956874418, 0.3016508148338929, 0.3655190415416081, 0.4484478486117712, 0.25231548193659586, 24.876939692589676, 12.579074011478312, 6.7793184282932195, 2.843194416867912, 14.812174127150866, 6.072062608033087, 15.178486606056596, 1.2245222063372416, 1.4498413693969427, 1.7462420272310382, 0.9277844034079731, 0.4450995458348516, 7.171006761455501, 4.424188429949757, 5.051720349290493, 0.8107564886803774, 3.6740373131542756, 0.6795076861630798, 3.6087662508819567, 1.0172622972142495, 2.227534446960199, 2.3392884214025798, 2.9377761588787976, 6.131317245771764, 0.89650051975343, 1.1616733683667229, 1.5411272705421162, 10.0, 4.845493808691692, 0.6902553206467633, 1.1402746766210223, 5.689272981035173, 10.0, 1.3395735896222383, 1.8865202420651048, 5.286704860567372]
APTIDAO: 
39.19805893022127
GEN: 600
Individuo: 
[2.230311341825992, 4.061505366498381, 4.747173560760151, 0.30972212939996574, 0.3655600263719027, 0.44743086215078914, 0.6272009487631621, 0.7672245956874418, 0.3016508148338929, 0.3655190415416081, 0.4484478486117712, 0.25231548193659586, 7.266994567552119, 12.579074011478312, 6.901986925822755, 2.1573934334291303, 14.812174127150866, 6.072062608033087, 15.655081843554692, 1.2245222063372416, 1.3991867742755655, 1.7462420272310382, 0.933444429518513, 0.4551208067296554, 5.9472988756219936, 4.424188429949757, 5.051720349290493, 0.9346270227726639, 3.6740373131542756, 0.6367237690777612, 3.6087662508819567, 1.0172622972142495, 2.227534446960199, 2.3392884214025798, 2.9377761588787976, 6.131317245771764, 1.602515543082936, 1.1616733683667229, 1.8014727586053922, 8.96795833310448, 4.845493808691692, 0.6902553206467633, 1.0225078678583819, 5.689272981035173, 9.577788218284855, 1.3395735896222383, 1.044643718507826, 6.7637398830755595]
APTIDAO: 
38.62591210957734
GEN: 700
Individuo: 
[2.230311341825992, 4.061505366498381, 4.747173560760151, 0.30972212939996574, 0.3655600263719027, 0.44743086215078914, 0.6272009487631621, 0.7672245956874418, 0.3016508148338929, 0.3655190415416081, 0.4484478486117712, 0.25231548193659586, 9.35088842129421, 12.579074011478312, 6.220686607127511, 2.1573934334291303, 12.774296793149286, 6.072062608033087, 24.74218718258197, 1.2245222063372416, 1.3991867742755655, 1.7032583114406585, 0.9445750595982199, 0.4450995458348516, 5.9472988756219936, 4.424188429949757, 5.051720349290493, 0.9346270227726639, 3.6740373131542756, 0.6367237690777612, 3.6087662508819567, 1.0172622972142495, 2.227534446960199, 2.3392884214025798, 2.9377761588787976, 6.131317245771764, 1.3553692600995877, 1.1616733683667229, 2.2614059700851694, 8.96795833310448, 3.903839999209352, 0.6902553206467633, 1.020143075332731, 5.689272981035173, 9.577788218284855, 1.1925411164880189, 1.3792709270212755, 5.286704860567372]
APTIDAO: 
38.513294414935515
GEN: 800
Individuo: 
[2.230311341825992, 4.061505366498381, 4.747173560760151, 0.30972212939996574, 0.3655600263719027, 0.44743086215078914, 0.6272009487631621, 0.7672245956874418, 0.31327067406939907, 0.3655190415416081, 0.4484478486117712, 0.25231548193659586, 10.53000519988233, 14.946732245706539, 6.220686607127511, 2.1573934334291303, 10.906166982237107, 6.119526137062293, 24.74218718258197, 1.2245222063372416, 1.3991867742755655, 1.7032583114406585, 0.9445750595982199, 0.4534943456731775, 5.9472988756219936, 4.424188429949757, 5.051720349290493, 0.9346270227726639, 3.6740373131542756, 0.6367237690777612, 3.6087662508819567, 1.0172622972142495, 3.3241685167901585, 2.3392884214025798, 2.9377761588787976, 6.131317245771764, 0.7346701095533374, 1.3334065155919816, 2.2614059700851694, 8.96795833310448, 2.174314424567584, 0.728949833018755, 1.020143075332731, 5.689272981035173, 9.577788218284855, 1.1925411164880189, 1.3792709270212755, 5.580631361914166]
APTIDAO: 
38.4242784972209
GEN: 900
Individuo: 
[2.230311341825992, 4.061505366498381, 4.747173560760151, 0.30972212939996574, 0.3655600263719027, 0.44743086215078914, 0.6272009487631621, 0.7672245956874418, 0.31327067406939907, 0.3655190415416081, 0.4484478486117712, 0.25231548193659586, 9.388889338026985, 14.946732245706539, 6.064265894653147, 2.1573934334291303, 10.697419094489689, 5.272953744895368, 24.74218718258197, 1.2245222063372416, 1.3734825986873527, 1.7032583114406585, 0.9495977116053681, 0.4534943456731775, 5.9472988756219936, 4.424188429949757, 5.051720349290493, 0.9346270227726639, 3.6740373131542756, 0.6367237690777612, 3.6087662508819567, 1.0172622972142495, 3.3241685167901585, 2.3392884214025798, 2.9377761588787976, 6.131317245771764, 1.2030396403536772, 1.3334065155919816, 1.5347830827024918, 8.96795833310448, 1.69349336669458, 0.52393958354001, 1.020143075332731, 5.689272981035173, 10.0, 1.1925411164880189, 1.718571858887073, 5.580631361914166]
APTIDAO: 
38.10220477030319
GEN: 1000
Individuo: 
[2.230311341825992, 4.061505366498381, 4.747173560760151, 0.37983645466867905, 0.3655600263719027, 0.44743086215078914, 0.6272009487631621, 0.7672245956874418, 0.31327067406939907, 0.3655190415416081, 0.4484478486117712, 0.25231548193659586, 9.388889338026985, 19.29019686208492, 6.064265894653147, 2.0054152286866267, 10.906166982237107, 5.272953744895368, 24.74218718258197, 1.2245222063372416, 1.3734825986873527, 1.7032583114406585, 0.9495977116053681, 0.4534943456731775, 5.9472988756219936, 4.424188429949757, 5.051720349290493, 1.9559720959563112, 3.6740373131542756, 0.6367237690777612, 3.6087662508819567, 1.0172622972142495, 3.3241685167901585, 2.3392884214025798, 2.9377761588787976, 6.131317245771764, 1.2030396403536772, 1.9328354140151427, 1.5347830827024918, 5.570938027724527, 2.174314424567584, 0.52393958354001, 1.020143075332731, 5.689272981035173, 10.0, 1.1925411164880189, 1.718571858887073, 5.580631361914166]
APTIDAO: 
38.07570965128043
GEN: 1100
Individuo: 
[2.230311341825992, 4.061505366498381, 4.747173560760151, 0.37583103790641753, 0.3655600263719027, 0.44743086215078914, 0.6272009487631621, 0.7672245956874418, 0.31327067406939907, 0.3655190415416081, 0.4484478486117712, 0.25231548193659586, 9.388889338026985, 19.29019686208492, 6.064265894653147, 2.906708358625592, 10.859391771695837, 5.272953744895368, 24.74218718258197, 1.2245222063372416, 1.3734825986873527, 1.7032583114406585, 0.9495977116053681, 0.4534943456731775, 5.9472988756219936, 4.424188429949757, 5.051720349290493, 2.5367302434474643, 3.6740373131542756, 0.6367237690777612, 3.6087662508819567, 1.0172622972142495, 3.3241685167901585, 2.3392884214025798, 2.9377761588787976, 6.131317245771764, 1.2030396403536772, 1.9328354140151427, 1.5347830827024918, 7.3602585068789885, 3.042806126648543, 0.52393958354001, 1.020143075332731, 5.689272981035173, 10.0, 1.1925411164880189, 1.718571858887073, 5.580631361914166]
APTIDAO: 
38.05926417787002
GEN: 1200
Individuo: 
[2.230311341825992, 4.061505366498381, 4.747173560760151, 0.37583103790641753, 0.3655600263719027, 0.44743086215078914, 0.6287231432237007, 0.7672245956874418, 0.31327067406939907, 0.3655190415416081, 0.4484478486117712, 0.25231548193659586, 9.388889338026985, 19.29019686208492, 6.064265894653147, 2.906708358625592, 10.859391771695837, 5.272953744895368, 24.74218718258197, 1.2245222063372416, 1.3734825986873527, 1.7032583114406585, 0.9495977116053681, 0.467431056867441, 5.9472988756219936, 4.424188429949757, 5.051720349290493, 2.5367302434474643, 3.6740373131542756, 0.6367237690777612, 3.2507202819695227, 1.0172622972142495, 3.3241685167901585, 2.3392884214025798, 2.9377761588787976, 6.131317245771764, 1.2030396403536772, 1.9328354140151427, 1.5347830827024918, 7.3602585068789885, 3.042806126648543, 0.52393958354001, 1.020143075332731, 5.689272981035173, 10.0, 1.1925411164880189, 1.718571858887073, 6.173760371971221]
APTIDAO: 
37.95568967948085
GEN: 1300
Individuo: 
[2.230311341825992, 4.061505366498381, 4.747173560760151, 0.37583103790641753, 0.3655600263719027, 0.44743086215078914, 0.6372865135850556, 0.7672245956874418, 0.31327067406939907, 0.3655190415416081, 0.4484478486117712, 0.25231548193659586, 9.392347524943473, 21.586361859896886, 6.064265894653147, 2.906708358625592, 10.859391771695837, 5.6910841023442496, 24.74218718258197, 1.2245222063372416, 1.3734825986873527, 1.7032583114406585, 0.9495977116053681, 0.467431056867441, 5.9472988756219936, 4.424188429949757, 5.051720349290493, 2.5367302434474643, 3.6740373131542756, 0.6367237690777612, 4.796721578395681, 1.0172622972142495, 3.3241685167901585, 2.3392884214025798, 2.9377761588787976, 6.131317245771764, 1.373869178692944, 2.5992284177870193, 1.5347830827024918, 7.3602585068789885, 3.042806126648543, 0.6820296513545447, 1.020143075332731, 5.689272981035173, 10.0, 1.1925411164880189, 1.718571858887073, 6.173760371971221]
APTIDAO: 
37.80777201151198
GEN: 1400
Individuo: 
[2.230311341825992, 4.061505366498381, 4.747173560760151, 0.37583103790641753, 0.3655600263719027, 0.44743086215078914, 0.6372865135850556, 0.7672245956874418, 0.31327067406939907, 0.3655190415416081, 0.4484478486117712, 0.25231548193659586, 9.392347524943473, 21.801001194352658, 6.064265894653147, 2.906708358625592, 8.10251382413092, 4.2245988489801185, 24.74218718258197, 1.2245222063372416, 1.3734825986873527, 1.6945806471101788, 0.9635862030707976, 0.4823487621706603, 5.9472988756219936, 4.424188429949757, 5.051720349290493, 2.5367302434474643, 3.6740373131542756, 0.6367237690777612, 4.796721578395681, 1.0172622972142495, 3.3241685167901585, 2.3392884214025798, 2.9377761588787976, 6.131317245771764, 1.373869178692944, 2.807393583846087, 1.5347830827024918, 7.3602585068789885, 3.8174823943310314, 0.5356177813947849, 1.020143075332731, 5.689272981035173, 10.0, 1.7876254301440058, 3.1418852449838894, 3.9274848807189398]
APTIDAO: 
37.56397326282164
GEN: 1500
Individuo: 
[2.230311341825992, 4.061505366498381, 4.747173560760151, 0.37583103790641753, 0.3655600263719027, 0.44743086215078914, 0.6372865135850556, 0.7672245956874418, 0.31327067406939907, 0.3655190415416081, 0.4484478486117712, 0.25231548193659586, 9.392347524943473, 21.801001194352658, 6.064265894653147, 2.43547369959204, 8.10251382413092, 4.2245988489801185, 24.74218718258197, 1.2245222063372416, 1.3734825986873527, 1.6945806471101788, 0.9635862030707976, 0.4823487621706603, 5.9472988756219936, 4.424188429949757, 5.051720349290493, 2.5367302434474643, 3.6740373131542756, 0.6367237690777612, 4.796721578395681, 1.0172622972142495, 3.3241685167901585, 2.3392884214025798, 2.9377761588787976, 6.131317245771764, 1.373869178692944, 2.807393583846087, 1.5347830827024918, 7.9091826136669825, 3.8174823943310314, 0.5356177813947849, 1.020143075332731, 5.689272981035173, 10.0, 1.7876254301440058, 3.1418852449838894, 3.9274848807189398]
APTIDAO: 
37.56397326282164
GEN: 1600
Individuo: 
[2.230311341825992, 4.061505366498381, 4.747173560760151, 0.37583103790641753, 0.3655600263719027, 0.44743086215078914, 0.6372865135850556, 0.7672245956874418, 0.31327067406939907, 0.3655190415416081, 0.4484478486117712, 0.25231548193659586, 9.392347524943473, 21.801001194352658, 6.064265894653147, 2.43547369959204, 8.10251382413092, 4.629079474615172, 24.74218718258197, 1.2245222063372416, 1.3734825986873527, 1.6945806471101788, 0.9635862030707976, 0.4823487621706603, 5.9472988756219936, 4.424188429949757, 5.051720349290493, 2.5367302434474643, 3.6740373131542756, 0.6367237690777612, 4.796721578395681, 1.0172622972142495, 3.3241685167901585, 2.3392884214025798, 2.9377761588787976, 6.131317245771764, 1.373869178692944, 2.807393583846087, 1.5347830827024918, 7.9091826136669825, 3.8174823943310314, 0.6961157209168278, 1.020143075332731, 5.689272981035173, 10.0, 1.7876254301440058, 3.1418852449838894, 3.9274848807189398]
APTIDAO: 
37.56397326282164
GEN: 1700
Individuo: 
[2.230311341825992, 4.061505366498381, 4.747173560760151, 0.37583103790641753, 0.3655600263719027, 0.44743086215078914, 0.6372865135850556, 0.7672245956874418, 0.31327067406939907, 0.3655190415416081, 0.4484478486117712, 0.25231548193659586, 9.392347524943473, 21.801001194352658, 6.064265894653147, 2.43547369959204, 8.10251382413092, 4.629079474615172, 24.74218718258197, 1.225760963113903, 1.3734825986873527, 1.6945806471101788, 0.9635862030707976, 0.4823487621706603, 5.9472988756219936, 4.424188429949757, 5.051720349290493, 2.5367302434474643, 3.6740373131542756, 0.6367237690777612, 4.796721578395681, 1.0172622972142495, 3.3241685167901585, 2.3392884214025798, 2.9377761588787976, 6.131317245771764, 1.373869178692944, 2.807393583846087, 1.5347830827024918, 7.9091826136669825, 3.8174823943310314, 0.6961157209168278, 1.020143075332731, 5.270195570614817, 10.0, 1.7876254301440058, 3.1418852449838894, 3.9274848807189398]
APTIDAO: 
37.56346714472657
GEN: 1800
Individuo: 
[2.230311341825992, 4.0546669754506794, 4.747173560760151, 0.37583103790641753, 0.3655600263719027, 0.44743086215078914, 0.6372865135850556, 0.7672245956874418, 0.31327067406939907, 0.3655190415416081, 0.4490856342873113, 0.25231548193659586, 9.73700518202907, 20.727894895171396, 6.064265894653147, 2.899728097637984, 8.10251382413092, 4.1802865327409675, 24.74218718258197, 1.225760963113903, 1.3734825986873527, 1.6945806471101788, 0.9635862030707976, 0.48616013627218607, 5.9472988756219936, 2.9969891322486233, 5.051720349290493, 2.5367302434474643, 3.6740373131542756, 0.6367237690777612, 4.796721578395681, 1.0172622972142495, 3.3241685167901585, 2.3392884214025798, 2.3552222496772424, 6.131317245771764, 2.0022833180883075, 1.6850141047236107, 1.5347830827024918, 8.198993120373673, 3.8174823943310314, 1.4448900529337794, 1.020143075332731, 5.270195570614817, 10.0, 1.7876254301440058, 3.1418852449838894, 3.4522966466193625]
APTIDAO: 
37.53806998512789
GEN: 1900
Individuo: 
[2.230311341825992, 4.0546669754506794, 4.747173560760151, 0.37583103790641753, 0.3655600263719027, 0.44743086215078914, 0.6372865135850556, 0.7672245956874418, 0.31327067406939907, 0.3655190415416081, 0.4490856342873113, 0.25231548193659586, 9.73700518202907, 20.727894895171396, 6.064265894653147, 2.899728097637984, 8.377208477026253, 4.629079474615172, 24.74218718258197, 1.225760963113903, 1.3734825986873527, 1.6945806471101788, 0.9635862030707976, 0.48616013627218607, 5.9472988756219936, 2.9969891322486233, 5.051720349290493, 2.5367302434474643, 3.6740373131542756, 0.6367237690777612, 4.796721578395681, 1.0172622972142495, 3.3241685167901585, 2.3392884214025798, 2.3552222496772424, 6.131317245771764, 2.0022833180883075, 1.6850141047236107, 1.5347830827024918, 8.198993120373673, 2.4899749331609846, 0.6961157209168278, 1.020143075332731, 5.270195570614817, 10.0, 1.7876254301440058, 3.1418852449838894, 3.4522966466193625]
APTIDAO: 
37.53806998512789
GEN: 2000
Individuo: 
[2.230311341825992, 4.0546669754506794, 4.651509072093886, 0.37583103790641753, 0.3655600263719027, 0.44743086215078914, 0.6372865135850556, 0.7672245956874418, 0.31327067406939907, 0.3655190415416081, 0.4510488515197105, 0.25231548193659586, 7.913856311094995, 19.16829275111705, 6.064265894653147, 2.899728097637984, 8.377208477026253, 4.629079474615172, 24.645729755603785, 1.225760963113903, 1.3734825986873527, 1.6945806471101788, 0.9635862030707976, 0.48616013627218607, 5.9472988756219936, 2.9969891322486233, 4.119810287120011, 2.5367302434474643, 3.6740373131542756, 0.6367237690777612, 4.796721578395681, 1.0172622972142495, 3.3241685167901585, 2.3392884214025798, 3.4389503385311753, 6.131317245771764, 3.3521345858466933, 1.972832149319624, 1.5347830827024918, 8.198993120373673, 2.4899749331609846, 0.6961157209168278, 0.7653890708420539, 5.270195570614817, 10.0, 1.7876254301440058, 3.1418852449838894, 3.4522966466193625]
APTIDAO: 
37.46559197822523
GEN: 2100
Individuo: 
[2.230311341825992, 4.0546669754506794, 4.651509072093886, 0.37583103790641753, 0.3655600263719027, 0.44743086215078914, 0.6372865135850556, 0.7672245956874418, 0.31327067406939907, 0.3655190415416081, 0.4510488515197105, 0.25231548193659586, 7.913856311094995, 19.16829275111705, 6.064265894653147, 2.899728097637984, 8.377208477026253, 4.048021343565165, 24.645729755603785, 1.225760963113903, 1.3734825986873527, 1.6945806471101788, 0.9635862030707976, 0.48616013627218607, 5.9472988756219936, 2.9969891322486233, 4.119810287120011, 2.5367302434474643, 3.6740373131542756, 0.6367237690777612, 4.796721578395681, 1.0172622972142495, 3.3241685167901585, 2.3392884214025798, 3.4389503385311753, 6.131317245771764, 3.3521345858466933, 1.972832149319624, 1.5347830827024918, 8.198993120373673, 2.4899749331609846, 0.7956270809248549, 0.7653890708420539, 5.270195570614817, 10.0, 1.7876254301440058, 3.1418852449838894, 3.4522966466193625]
APTIDAO: 
37.46559197822523
GEN: 2200
Individuo: 
[2.230311341825992, 4.0546669754506794, 4.449870241490447, 0.37583103790641753, 0.3655600263719027, 0.44743086215078914, 0.6372865135850556, 0.7672245956874418, 0.3125765339160382, 0.3655190415416081, 0.4510488515197105, 0.2848940992108888, 7.913856311094995, 19.16829275111705, 6.064265894653147, 2.899728097637984, 8.377208477026253, 4.048021343565165, 24.645729755603785, 1.225760963113903, 1.3734825986873527, 1.6945806471101788, 0.9635862030707976, 0.48616013627218607, 5.9472988756219936, 2.9969891322486233, 5.16222444796101, 2.5367302434474643, 3.6740373131542756, 0.6367237690777612, 4.796721578395681, 1.0172622972142495, 3.093327040685104, 2.3392884214025798, 3.4389503385311753, 7.178406067479259, 3.3521345858466933, 1.972832149319624, 1.5347830827024918, 8.198993120373673, 2.4899749331609846, 0.7956270809248549, 0.7653890708420539, 5.270195570614817, 10.0, 1.7876254301440058, 3.1418852449838894, 3.4522966466193625]
APTIDAO: 
37.40283926669213
GEN: 2300
Individuo: 
[2.230311341825992, 4.0546669754506794, 4.449870241490447, 0.37583103790641753, 0.3655600263719027, 0.44743086215078914, 0.6372865135850556, 0.7672245956874418, 0.3125765339160382, 0.3655190415416081, 0.4510488515197105, 0.2848940992108888, 7.913856311094995, 19.16829275111705, 6.331837778613732, 2.899728097637984, 8.377208477026253, 4.9598655051917575, 24.645729755603785, 1.225760963113903, 1.3734825986873527, 1.6945806471101788, 0.9635862030707976, 0.48616013627218607, 5.9472988756219936, 2.9969891322486233, 5.16222444796101, 2.5367302434474643, 3.6740373131542756, 0.6367237690777612, 4.796721578395681, 1.0172622972142495, 3.093327040685104, 2.3392884214025798, 3.4389503385311753, 7.178406067479259, 3.3521345858466933, 1.972832149319624, 0.8473220221130753, 8.198993120373673, 2.4899749331609846, 0.9549718490315935, 0.7653890708420539, 5.270195570614817, 10.0, 1.7876254301440058, 3.1418852449838894, 3.4522966466193625]
APTIDAO: 
37.40283926669213
GEN: 2400
Individuo: 
[2.230311341825992, 4.0546669754506794, 4.449870241490447, 0.33848613465890587, 0.3655600263719027, 0.44743086215078914, 0.6372865135850556, 0.7672245956874418, 0.3125765339160382, 0.3655190415416081, 0.4510488515197105, 0.2848940992108888, 7.913856311094995, 22.96542505918464, 6.331837778613732, 2.899728097637984, 8.377208477026253, 4.108607280565046, 24.645729755603785, 1.225760963113903, 1.3734825986873527, 1.6945806471101788, 0.9019036933768126, 0.48616013627218607, 5.9472988756219936, 2.9969891322486233, 5.16222444796101, 2.6465442261467627, 3.6740373131542756, 0.6367237690777612, 4.796721578395681, 1.0172622972142495, 3.093327040685104, 2.3392884214025798, 3.4389503385311753, 7.178406067479259, 3.3521345858466933, 1.6303913810543114, 0.8473220221130753, 8.198993120373673, 2.4899749331609846, 1.5877792319180295, 0.7653890708420539, 5.270195570614817, 10.0, 1.7876254301440058, 2.736297285838514, 3.4522966466193625]
APTIDAO: 
38.114613293018905
GEN: 2500
Individuo: 
[2.230311341825992, 4.0546669754506794, 4.449870241490447, 0.33848613465890587, 0.3655600263719027, 0.4506664736945074, 0.6240710965683428, 0.7672245956874418, 0.34436595861505626, 0.3655190415416081, 0.4510488515197105, 0.2848940992108888, 10.19896019826937, 19.783435897405564, 6.714314598683945, 2.899728097637984, 7.7222757301858325, 4.875072365090535, 24.656421799531916, 1.225760963113903, 1.3734825986873527, 1.6945806471101788, 0.9647757024261312, 0.48616013627218607, 5.9472988756219936, 2.9969891322486233, 5.16222444796101, 2.6465442261467627, 3.6740373131542756, 1.0974145096776469, 2.8058404328965385, 1.0172622972142495, 1.6637511394846918, 2.3392884214025798, 3.4389503385311753, 7.178406067479259, 2.430601108208171, 2.4537369311814903, 0.8858007271163887, 8.198993120373673, 1.5984571088635515, 2.340659553690714, 0.6450122070950871, 5.270195570614817, 10.0, 1.7876254301440058, 2.5163175430521565, 3.4522966466193625]
APTIDAO: 
37.63991205657422
GEN: 2600
Individuo: 
[2.230311341825992, 4.0546669754506794, 4.449870241490447, 0.33848613465890587, 0.3655600263719027, 0.4565507457944782, 0.6247737418893335, 0.7672245956874418, 0.34436595861505626, 0.3655190415416081, 0.4510488515197105, 0.2848940992108888, 9.78465971164721, 15.749360257584765, 5.921396489843904, 2.899728097637984, 7.7222757301858325, 5.701655645689536, 24.926532849388916, 1.225760963113903, 1.3734825986873527, 1.6945806471101788, 0.9647757024261312, 0.48616013627218607, 5.9472988756219936, 2.9969891322486233, 5.16222444796101, 2.6465442261467627, 3.6740373131542756, 1.382558844281573, 1.9793440661395523, 1.0172622972142495, 1.6637511394846918, 2.3392884214025798, 3.4389503385311753, 7.178406067479259, 2.89526465334725, 1.340475519945959, 1.0515590638363974, 8.198993120373673, 1.5984571088635515, 2.674854105340646, 0.6912116345893606, 5.270195570614817, 10.0, 1.7876254301440058, 2.5163175430521565, 3.4522966466193625]
APTIDAO: 
37.44253636657616
GEN: 2700
Individuo: 
[2.230311341825992, 4.0546669754506794, 4.449870241490447, 0.33848613465890587, 0.3655600263719027, 0.4565507457944782, 0.6247737418893335, 0.7672245956874418, 0.3444084607794294, 0.3655190415416081, 0.4510488515197105, 0.2848940992108888, 9.78465971164721, 15.749360257584765, 5.921396489843904, 2.899728097637984, 7.7222757301858325, 4.334099557004276, 24.926532849388916, 1.225760963113903, 1.3734825986873527, 1.6945806471101788, 0.9647757024261312, 0.48616013627218607, 5.9472988756219936, 2.9969891322486233, 5.16222444796101, 2.6465442261467627, 3.6740373131542756, 1.382558844281573, 1.9793440661395523, 1.0172622972142495, 1.5932745870428653, 2.3392884214025798, 3.4389503385311753, 7.178406067479259, 2.89526465334725, 1.340475519945959, 1.0515590638363974, 8.198993120373673, 1.5984571088635515, 2.0964506984683293, 0.6912116345893606, 5.270195570614817, 10.0, 1.7876254301440058, 2.5163175430521565, 3.4522966466193625]
APTIDAO: 
37.23622054839972
GEN: 2800
Individuo: 
[2.1103441141092354, 3.962777723036736, 4.449870241490447, 0.3501809128030467, 0.48483415024900267, 0.4565507457944782, 0.6247737418893335, 0.7672245956874418, 0.3402636741109637, 0.3655190415416081, 0.4387684915065177, 0.2848940992108888, 8.926688312032995, 16.2880205919193, 5.26325614167111, 2.1126159181526796, 7.7222757301858325, 4.334099557004276, 24.926532849388916, 1.225760963113903, 1.360101409213499, 1.6945806471101788, 0.9647757024261312, 0.48616013627218607, 3.696280766375639, 1.5110286902975925, 5.16222444796101, 1.8636166058130186, 3.773935079535913, 1.382558844281573, 1.9793440661395523, 1.0172622972142495, 0.9867906167289593, 2.3392884214025798, 5.808039222725336, 7.178406067479259, 3.0677661123774453, 1.522544032591787, 1.6209963141386081, 8.268526238118435, 1.5984571088635515, 2.0964506984683293, 0.6912116345893606, 5.270195570614817, 4.062362505848059, 1.7876254301440058, 2.5163175430521565, 3.4522966466193625]
APTIDAO: 
36.2296852338925
GEN: 2900
Individuo: 
[2.1103441141092354, 3.962777723036736, 4.449870241490447, 0.3501809128030467, 0.48483415024900267, 0.45701617130738187, 0.6247737418893335, 0.7672245956874418, 0.3402636741109637, 0.3655190415416081, 0.4387684915065177, 0.2848940992108888, 8.930257742615785, 16.2880205919193, 5.26325614167111, 2.9966354639778174, 7.7222757301858325, 4.334099557004276, 24.926532849388916, 1.2142685067731416, 1.360101409213499, 1.6945806471101788, 0.9647757024261312, 0.48616013627218607, 3.696280766375639, 1.5110286902975925, 5.16222444796101, 1.8636166058130186, 3.773935079535913, 1.7549278744823544, 1.9793440661395523, 1.0172622972142495, 0.9867906167289593, 2.3392884214025798, 5.808039222725336, 7.178406067479259, 2.162160825007175, 1.522544032591787, 1.6209963141386081, 6.137718900413017, 1.5984571088635515, 2.0964506984683293, 0.6912116345893606, 4.135361067397236, 4.062362505848059, 1.7876254301440058, 2.5163175430521565, 3.4522966466193625]
APTIDAO: 
36.044316540152025
GEN: 3000
Individuo: 
[2.1103441141092354, 3.962777723036736, 4.449870241490447, 0.3501809128030467, 0.48483415024900267, 0.45701617130738187, 0.6247737418893335, 0.7672245956874418, 0.3402636741109637, 0.3655190415416081, 0.4387684915065177, 0.2848940992108888, 8.263685712747883, 16.2880205919193, 5.26325614167111, 2.782233013851362, 7.7222757301858325, 4.334099557004276, 24.926532849388916, 1.2142685067731416, 1.360101409213499, 1.6945806471101788, 0.9647757024261312, 0.48616013627218607, 3.696280766375639, 1.5110286902975925, 5.16222444796101, 1.8636166058130186, 3.773935079535913, 1.7549278744823544, 1.9793440661395523, 1.0172622972142495, 0.9867906167289593, 2.3392884214025798, 5.808039222725336, 7.178406067479259, 1.5853755897000992, 1.522544032591787, 1.6209963141386081, 9.201887998889577, 1.5984571088635515, 2.0964506984683293, 0.6912116345893606, 4.135361067397236, 4.062362505848059, 1.7876254301440058, 2.5163175430521565, 3.4522966466193625]
APTIDAO: 
36.044316540152025
GEN: 3100
Individuo: 
[2.1103441141092354, 3.962777723036736, 4.449870241490447, 0.3501809128030467, 0.48483415024900267, 0.45701617130738187, 0.6247737418893335, 0.7672245956874418, 0.3402636741109637, 0.3655190415416081, 0.4387684915065177, 0.2848940992108888, 8.263685712747883, 16.2880205919193, 5.26325614167111, 2.782233013851362, 7.7222757301858325, 4.334099557004276, 24.926532849388916, 1.2142685067731416, 1.360101409213499, 1.6945806471101788, 0.9647757024261312, 0.48616013627218607, 3.696280766375639, 1.5110286902975925, 5.16222444796101, 1.8636166058130186, 3.773935079535913, 1.7549278744823544, 1.9793440661395523, 1.0172622972142495, 0.9867906167289593, 2.3392884214025798, 5.808039222725336, 7.178406067479259, 1.5853755897000992, 1.522544032591787, 1.6209963141386081, 9.201887998889577, 1.5984571088635515, 2.0964506984683293, 0.6912116345893606, 4.135361067397236, 4.062362505848059, 1.7876254301440058, 2.5163175430521565, 3.4522966466193625]
APTIDAO: 
36.044316540152025
GEN: 3200
Individuo: 
[2.1103441141092354, 3.9573057038156567, 4.449870241490447, 0.3501809128030467, 0.48483415024900267, 0.45701617130738187, 0.6247737418893335, 0.7672245956874418, 0.3396921903516092, 0.3655190415416081, 0.4387684915065177, 0.2848940992108888, 7.432467465893851, 16.814764181711336, 5.26325614167111, 2.782233013851362, 7.7222757301858325, 4.334099557004276, 24.926532849388916, 1.2142685067731416, 1.360101409213499, 1.6945806471101788, 0.9647757024261312, 0.49110239624428825, 3.696280766375639, 1.676348954143348, 5.16222444796101, 1.8636166058130186, 3.773935079535913, 1.7549278744823544, 1.9793440661395523, 1.0172622972142495, 0.8887228554583677, 2.3392884214025798, 5.808039222725336, 7.178406067479259, 1.8504787187342426, 1.1426396865917638, 1.6209963141386081, 9.201887998889577, 1.5984571088635515, 2.0964506984683293, 0.6912116345893606, 4.135361067397236, 4.062362505848059, 1.7876254301440058, 2.5163175430521565, 4.564023541154555]
APTIDAO: 
36.031764787560974
GEN: 3300
Individuo: 
[2.1103441141092354, 3.9523229231625936, 4.449870241490447, 0.3501809128030467, 0.48483415024900267, 0.45701617130738187, 0.6247737418893335, 0.7672245956874418, 0.3396921903516092, 0.3655190415416081, 0.44734800839375893, 0.2848940992108888, 7.432467465893851, 16.814764181711336, 5.26325614167111, 2.782233013851362, 7.72999326896925, 4.334099557004276, 24.926532849388916, 1.2142685067731416, 1.360101409213499, 1.6945806471101788, 0.9764242724872093, 0.49110239624428825, 3.696280766375639, 1.5766871722998683, 5.16222444796101, 1.8636166058130186, 3.773935079535913, 1.7549278744823544, 1.9793440661395523, 1.0172622972142495, 0.8887228554583677, 2.3392884214025798, 3.174382076975654, 7.178406067479259, 1.8504787187342426, 1.1426396865917638, 1.6209963141386081, 9.201887998889577, 1.4224112798681134, 2.0964506984683293, 0.6912116345893606, 4.135361067397236, 4.062362505848059, 1.7876254301440058, 2.7405590761284966, 4.564023541154555]
APTIDAO: 
35.936086368083195
GEN: 3400
Individuo: 
[2.1144664670409443, 3.9523229231625936, 4.449870241490447, 0.3501809128030467, 0.48483415024900267, 0.45701617130738187, 0.6247737418893335, 0.7672245956874418, 0.3412183779600848, 0.3655190415416081, 0.44734800839375893, 0.2930499835241193, 7.432467465893851, 16.251896100982172, 5.26325614167111, 2.782233013851362, 8.200772888150716, 4.334099557004276, 24.926532849388916, 1.1968158772140842, 1.360101409213499, 1.6945806471101788, 1.0075150883102608, 0.49110239624428825, 4.740341279516743, 1.5766871722998683, 5.16222444796101, 1.8636166058130186, 3.773935079535913, 1.7549278744823544, 1.9793440661395523, 1.0172622972142495, 0.8058187549953069, 2.3392884214025798, 3.174382076975654, 9.814979810060054, 1.8504787187342426, 1.4938588591316466, 1.6209963141386081, 9.201887998889577, 1.6321640037629837, 2.0964506984683293, 0.6912116345893606, 4.531980047459813, 4.062362505848059, 1.7876254301440058, 3.686667656309694, 4.564023541154555]
APTIDAO: 
35.683962832069525
GEN: 3500
Individuo: 
[2.1144664670409443, 3.9523229231625936, 4.449870241490447, 0.3465775551849828, 0.48483415024900267, 0.45701617130738187, 0.6247737418893335, 0.7672245956874418, 0.3412183779600848, 0.3655190415416081, 0.44734800839375893, 0.2930499835241193, 7.432467465893851, 16.251896100982172, 5.826801821164601, 2.782233013851362, 8.200772888150716, 4.44627167904737, 24.926532849388916, 1.1968158772140842, 1.360101409213499, 1.6884695384052075, 1.0075150883102608, 0.48770283755814864, 4.740341279516743, 1.5766871722998683, 5.16222444796101, 1.5905114798896396, 3.773935079535913, 1.7549278744823544, 1.9793440661395523, 1.0172622972142495, 0.8058187549953069, 2.3392884214025798, 3.174382076975654, 9.814979810060054, 1.8504787187342426, 1.4938588591316466, 1.1706112986129655, 9.201887998889577, 1.6321640037629837, 2.807843103600933, 0.6912116345893606, 4.531980047459813, 4.062362505848059, 2.0751353341629106, 3.686667656309694, 3.700627378754409]
APTIDAO: 
35.66243728634232
GEN: 3600
Individuo: 
[2.1144664670409443, 3.9523229231625936, 4.449870241490447, 0.34503334188540585, 0.48483415024900267, 0.45701617130738187, 0.6247737418893335, 0.7672245956874418, 0.3412183779600848, 0.3655190415416081, 0.4891898464814441, 0.2930499835241193, 7.9940048150288785, 16.251896100982172, 4.31812521132694, 2.782233013851362, 8.200772888150716, 4.44627167904737, 24.926532849388916, 1.1968158772140842, 1.360101409213499, 1.6884695384052075, 0.9945918264964931, 0.48770283755814864, 4.740341279516743, 1.5766871722998683, 5.16222444796101, 0.9184645164945634, 3.773935079535913, 1.7549278744823544, 1.9793440661395523, 1.0172622972142495, 0.8058187549953069, 2.3392884214025798, 1.9430378469306548, 9.814979810060054, 1.425558952467944, 1.4938588591316466, 0.6510332737218889, 9.201887998889577, 1.6321640037629837, 2.807843103600933, 0.6912116345893606, 4.531980047459813, 4.062362505848059, 2.0751353341629106, 3.215960199640595, 3.700627378754409]
APTIDAO: 
35.60986538735955
GEN: 3700
Individuo: 
[2.1144664670409443, 3.9523229231625936, 4.449870241490447, 0.34503334188540585, 0.48595468120633384, 0.45701617130738187, 0.6247737418893335, 0.7672245956874418, 0.3412183779600848, 0.3655190415416081, 0.4891898464814441, 0.2930499835241193, 7.9940048150288785, 17.298315024128048, 4.354929326992331, 2.782233013851362, 8.200772888150716, 4.44627167904737, 24.926532849388916, 1.1968158772140842, 1.360101409213499, 1.6884695384052075, 0.9945918264964931, 0.48770283755814864, 4.740341279516743, 1.5766871722998683, 5.16222444796101, 0.9184645164945634, 2.754968781935805, 1.7549278744823544, 1.9793440661395523, 1.0172622972142495, 0.8058187549953069, 2.3392884214025798, 1.9430378469306548, 9.814979810060054, 1.425558952467944, 1.248064038684126, 1.076844788296998, 9.201887998889577, 1.6321640037629837, 2.807843103600933, 0.6912116345893606, 4.531980047459813, 4.062362505848059, 2.0751353341629106, 3.215960199640595, 3.700627378754409]
APTIDAO: 
35.58132268373951
GEN: 3800
Individuo: 
[2.1144664670409443, 3.9523229231625936, 4.449870241490447, 0.34503334188540585, 0.48595468120633384, 0.45773297269419927, 0.6247737418893335, 0.7672245956874418, 0.3412183779600848, 0.3655190415416081, 0.4891898464814441, 0.2930499835241193, 7.9940048150288785, 17.298315024128048, 4.255822578226203, 2.782233013851362, 8.200772888150716, 4.27265524334813, 24.926532849388916, 1.1968158772140842, 1.360101409213499, 1.6884695384052075, 0.9945918264964931, 0.48770283755814864, 4.740341279516743, 1.5766871722998683, 5.16222444796101, 0.9184645164945634, 2.754968781935805, 3.2147891818618293, 1.9793440661395523, 1.0172622972142495, 0.8058187549953069, 2.3392884214025798, 1.9430378469306548, 9.814979810060054, 1.425558952467944, 1.248064038684126, 0.8739750613033019, 9.201887998889577, 1.6321640037629837, 5.594837895576156, 0.6912116345893606, 4.531980047459813, 4.062362505848059, 2.0751353341629106, 3.215960199640595, 3.700627378754409]
APTIDAO: 
35.57989855737455
GEN: 3900
Individuo: 
[2.1144664670409443, 3.9523229231625936, 4.449870241490447, 0.34503334188540585, 0.48595468120633384, 0.45773297269419927, 0.6247737418893335, 0.7675445853863109, 0.3412183779600848, 0.3655190415416081, 0.4891898464814441, 0.2930499835241193, 7.9940048150288785, 17.298315024128048, 4.255822578226203, 2.782233013851362, 8.200772888150716, 4.27265524334813, 24.758115362144466, 1.1968158772140842, 1.3591998049329672, 1.6884695384052075, 0.9945918264964931, 0.48770283755814864, 4.740341279516743, 1.5766871722998683, 5.16222444796101, 0.9184645164945634, 2.754968781935805, 3.2147891818618293, 1.9793440661395523, 1.4465958846264364, 0.8058187549953069, 2.3392884214025798, 1.9430378469306548, 9.814979810060054, 1.425558952467944, 1.248064038684126, 0.8739750613033019, 9.201887998889577, 1.6321640037629837, 5.594837895576156, 0.6827017817482798, 4.531980047459813, 2.803617386172004, 2.0751353341629106, 3.215960199640595, 3.700627378754409]
APTIDAO: 
35.57535201296633
GEN: 4000
Individuo: 
[2.1144664670409443, 3.9523229231625936, 4.449870241490447, 0.34503334188540585, 0.48595468120633384, 0.45773297269419927, 0.6247737418893335, 0.7675445853863109, 0.3412183779600848, 0.3655190415416081, 0.4891898464814441, 0.2930499835241193, 7.9940048150288785, 17.298315024128048, 4.343170745167225, 2.988271664032727, 7.854434754409969, 4.27265524334813, 24.223911568978835, 1.1968158772140842, 1.3591998049329672, 1.6884695384052075, 0.9945918264964931, 0.49779648619900857, 4.740341279516743, 1.5766871722998683, 5.16222444796101, 0.9184645164945634, 2.754968781935805, 3.2147891818618293, 1.9793440661395523, 1.4465958846264364, 0.8058187549953069, 2.3392884214025798, 1.9430378469306548, 9.814979810060054, 1.425558952467944, 1.248064038684126, 1.0965693156624734, 10.0, 1.7588593154755734, 5.594837895576156, 0.8761528951860279, 4.531980047459813, 2.803617386172004, 2.0751353341629106, 3.215960199640595, 2.758944276910133]
APTIDAO: 
35.486228990587506
GEN: 4100
Individuo: 
[2.1144664670409443, 3.9523229231625936, 4.449870241490447, 0.35051494292259117, 0.48595468120633384, 0.45773297269419927, 0.6247737418893335, 0.7675445853863109, 0.3412183779600848, 0.3655190415416081, 0.4891898464814441, 0.2930499835241193, 7.9940048150288785, 18.289539688098063, 4.343170745167225, 2.988271664032727, 7.854434754409969, 4.27265524334813, 24.223911568978835, 1.1968158772140842, 1.3591998049329672, 1.6884695384052075, 0.9945918264964931, 0.49779648619900857, 4.740341279516743, 1.5766871722998683, 5.16222444796101, 1.300312923100302, 2.754968781935805, 3.2147891818618293, 1.9793440661395523, 1.4465958846264364, 0.8058187549953069, 2.3392884214025798, 1.9430378469306548, 9.814979810060054, 1.425558952467944, 1.0826394210240846, 1.0965693156624734, 10.0, 1.7588593154755734, 5.594837895576156, 0.8761528951860279, 4.531980047459813, 2.803617386172004, 2.0751353341629106, 3.215960199640595, 2.758944276910133]
APTIDAO: 
35.465124664828885
GEN: 4200
Individuo: 
[2.1144664670409443, 3.9523229231625936, 4.449870241490447, 0.35598111488910006, 0.48595468120633384, 0.4723333273721628, 0.6247737418893335, 0.7675445853863109, 0.3412183779600848, 0.3646502325056319, 0.4891898464814441, 0.2930499835241193, 7.9940048150288785, 18.289539688098063, 4.132239434255136, 2.988271664032727, 7.854434754409969, 4.668303254585024, 24.223911568978835, 1.1968158772140842, 1.3425339302684571, 1.6884695384052075, 0.9945918264964931, 0.49779648619900857, 4.740341279516743, 1.5766871722998683, 5.16222444796101, 1.3818860386057927, 2.754968781935805, 2.4821874051680113, 1.9793440661395523, 1.4465958846264364, 0.8058187549953069, 2.9738763014575165, 1.9430378469306548, 9.814979810060054, 1.425558952467944, 1.0826394210240846, 1.0365628134527245, 10.0, 1.7588593154755734, 5.490783542230976, 0.8761528951860279, 4.531980047459813, 4.409720395949943, 2.0751353341629106, 3.215960199640595, 2.758944276910133]
APTIDAO: 
35.34828972175943
GEN: 4300
Individuo: 
[2.1144664670409443, 3.9523229231625936, 4.4325338790843745, 0.35598111488910006, 0.48595468120633384, 0.4735743582895939, 0.6247737418893335, 0.7675445853863109, 0.3434267623979154, 0.3646502325056319, 0.4891898464814441, 0.2930499835241193, 7.9940048150288785, 18.289539688098063, 4.132239434255136, 2.988271664032727, 7.854434754409969, 4.668303254585024, 24.78834944204139, 1.1968158772140842, 1.3425339302684571, 1.6884695384052075, 0.9945918264964931, 0.49779648619900857, 4.740341279516743, 1.5766871722998683, 9.289735222060413, 1.3818860386057927, 2.754968781935805, 2.995374717295445, 1.9793440661395523, 1.4465958846264364, 0.9039985257252643, 2.9738763014575165, 1.9430378469306548, 9.814979810060054, 1.425558952467944, 1.0826394210240846, 1.0365628134527245, 10.0, 1.7588593154755734, 5.490783542230976, 0.7591673341209686, 4.531980047459813, 4.409720395949943, 2.0751353341629106, 3.215960199640595, 2.758944276910133]
APTIDAO: 
35.31478526715974
GEN: 4400
Individuo: 
[2.1144664670409443, 3.9523229231625936, 4.4325338790843745, 0.35598111488910006, 0.48595468120633384, 0.4735743582895939, 0.6247737418893335, 0.7675445853863109, 0.3434267623979154, 0.3646502325056319, 0.4891898464814441, 0.2930499835241193, 7.9940048150288785, 18.289539688098063, 4.498479283072011, 2.988271664032727, 7.854434754409969, 4.668303254585024, 24.78834944204139, 1.1968158772140842, 1.3425339302684571, 1.6965325328588277, 0.9945918264964931, 0.49779648619900857, 4.740341279516743, 1.5766871722998683, 9.289735222060413, 1.3818860386057927, 2.754968781935805, 2.995374717295445, 1.9793440661395523, 1.4465958846264364, 0.9039985257252643, 2.9738763014575165, 1.9430378469306548, 9.814979810060054, 1.425558952467944, 1.0826394210240846, 1.0486131997823218, 10.0, 1.7588593154755734, 5.490783542230976, 0.7591673341209686, 4.531980047459813, 4.409720395949943, 1.7104288585604657, 3.215960199640595, 2.758944276910133]
APTIDAO: 
35.29066035647283
GEN: 4500
Individuo: 
[2.1144664670409443, 3.9523229231625936, 4.4325338790843745, 0.35598111488910006, 0.48595468120633384, 0.4735743582895939, 0.6247737418893335, 0.7675445853863109, 0.3434267623979154, 0.3646502325056319, 0.4891898464814441, 0.2930499835241193, 7.9940048150288785, 18.289539688098063, 4.940760800646222, 2.988271664032727, 7.854434754409969, 4.668303254585024, 24.78834944204139, 1.1922184561521085, 1.3425339302684571, 1.6965325328588277, 0.9945918264964931, 0.49779648619900857, 4.740341279516743, 1.5766871722998683, 9.289735222060413, 1.3818860386057927, 2.754968781935805, 2.995374717295445, 1.9793440661395523, 1.4465958846264364, 0.9039985257252643, 2.9738763014575165, 1.9430378469306548, 9.814979810060054, 1.425558952467944, 1.0826394210240846, 1.1301616880665197, 10.0, 1.7588593154755734, 5.490783542230976, 0.7591673341209686, 4.151418375201784, 4.409720395949943, 1.7104288585604657, 3.215960199640595, 2.758944276910133]
APTIDAO: 
35.28350504488754
GEN: 4600
Individuo: 
[2.1144664670409443, 3.9523229231625936, 4.4325338790843745, 0.35598111488910006, 0.48595468120633384, 0.4735743582895939, 0.6247737418893335, 0.7675445853863109, 0.3434267623979154, 0.3646502325056319, 0.4891898464814441, 0.2930499835241193, 7.68764635676249, 18.289539688098063, 4.089948206281313, 2.988271664032727, 7.68850707158248, 4.668303254585024, 24.78834944204139, 1.1922184561521085, 1.3425339302684571, 1.6965325328588277, 0.9945918264964931, 0.49779648619900857, 4.740341279516743, 1.5766871722998683, 9.289735222060413, 1.3818860386057927, 2.754968781935805, 2.995374717295445, 1.9793440661395523, 1.4465958846264364, 0.9039985257252643, 2.9738763014575165, 1.9430378469306548, 9.814979810060054, 0.9987850815438792, 1.0826394210240846, 0.906082159381801, 10.0, 1.2260537909037188, 5.490783542230976, 0.7591673341209686, 4.151418375201784, 4.409720395949943, 1.7104288585604657, 3.215960199640595, 2.758944276910133]
APTIDAO: 
35.28350504488754
GEN: 4700
Individuo: 
[2.1144664670409443, 3.9523229231625936, 4.4325338790843745, 0.35598111488910006, 0.48595468120633384, 0.4735743582895939, 0.6247737418893335, 0.7675445853863109, 0.3434267623979154, 0.3646502325056319, 0.4891898464814441, 0.2930499835241193, 7.68764635676249, 18.289539688098063, 4.089948206281313, 2.988271664032727, 7.68850707158248, 4.668303254585024, 24.24852236452411, 1.1922184561521085, 1.3425339302684571, 1.6890772230081696, 0.9945918264964931, 0.49779648619900857, 4.740341279516743, 1.5766871722998683, 9.289735222060413, 1.3818860386057927, 2.754968781935805, 2.995374717295445, 1.9793440661395523, 1.4465958846264364, 0.9039985257252643, 2.9738763014575165, 1.9430378469306548, 9.814979810060054, 0.9987850815438792, 1.0826394210240846, 0.906082159381801, 10.0, 1.2260537909037188, 5.490783542230976, 0.6210181098854657, 4.151418375201784, 4.409720395949943, 1.9702235193046669, 3.215960199640595, 2.758944276910133]
APTIDAO: 
35.32117390949523
GEN: 4800
Individuo: 
[2.1144664670409443, 3.9523229231625936, 4.398649318798979, 0.35598111488910006, 0.48595468120633384, 0.4735743582895939, 0.6244471101844148, 0.7675445853863109, 0.3434267623979154, 0.3646502325056319, 0.4891898464814441, 0.2930499835241193, 7.68764635676249, 17.344000848808193, 4.089948206281313, 2.988271664032727, 7.292569090363009, 4.668303254585024, 24.5161346250013, 1.1922184561521085, 1.3425339302684571, 1.6890772230081696, 0.9945918264964931, 0.49779648619900857, 4.740341279516743, 1.5766871722998683, 7.044583694908319, 1.3818860386057927, 2.754968781935805, 2.995374717295445, 1.9138311537490316, 1.4465958846264364, 0.9039985257252643, 2.9738763014575165, 1.9430378469306548, 9.814979810060054, 0.9987850815438792, 1.1392301744458004, 0.906082159381801, 10.0, 0.7592261226594098, 5.490783542230976, 0.9471795928280958, 4.151418375201784, 4.409720395949943, 1.9702235193046669, 3.215960199640595, 2.758944276910133]
APTIDAO: 
35.27990962172557
GEN: 4900
Individuo: 
[2.1144664670409443, 3.9523229231625936, 4.398649318798979, 0.35598111488910006, 0.494295851837919, 0.4735743582895939, 0.6244471101844148, 0.7675445853863109, 0.3434267623979154, 0.3646502325056319, 0.4891898464814441, 0.2930499835241193, 7.68764635676249, 20.11666272210451, 4.089948206281313, 2.988271664032727, 7.562466028335033, 4.668303254585024, 24.5161346250013, 1.1922184561521085, 1.3425339302684571, 1.6890772230081696, 0.9945918264964931, 0.49779648619900857, 4.740341279516743, 1.5766871722998683, 7.044583694908319, 1.3818860386057927, 2.123779515798582, 2.995374717295445, 1.9138311537490316, 1.4465958846264364, 0.9039985257252643, 2.9738763014575165, 1.9430378469306548, 9.814979810060054, 0.9987850815438792, 1.6123087667649216, 0.906082159381801, 10.0, 0.8482953112206338, 5.490783542230976, 0.9471795928280958, 4.151418375201784, 4.409720395949943, 1.9702235193046669, 3.215960199640595, 2.758944276910133]
APTIDAO: 
35.20316758457069
GEN: 5000
Individuo: 
[2.1144664670409443, 3.9523229231625936, 4.398649318798979, 0.35598111488910006, 0.494295851837919, 0.4690302556008764, 0.6244471101844148, 0.7675445853863109, 0.3434267623979154, 0.3646502325056319, 0.4891898464814441, 0.2930499835241193, 7.68764635676249, 20.11666272210451, 4.703659756217428, 2.988271664032727, 7.562466028335033, 4.668303254585024, 24.5161346250013, 1.1922184561521085, 1.3425339302684571, 1.6977208610864991, 0.9948204553110571, 0.49779648619900857, 4.740341279516743, 1.5766871722998683, 7.044583694908319, 1.3818860386057927, 2.123779515798582, 2.4162242571738806, 1.9138311537490316, 1.4465958846264364, 0.9039985257252643, 2.9738763014575165, 1.9430378469306548, 9.814979810060054, 0.9987850815438792, 1.6123087667649216, 1.001869038624353, 10.0, 0.8482953112206338, 5.490783542230976, 0.9471795928280958, 4.151418375201784, 4.409720395949943, 1.1432663051952914, 3.7154146903888634, 2.758944276910133]
APTIDAO: 
35.18979299708235
GEN: 5100
Individuo: 
[2.1144664670409443, 3.9523229231625936, 4.398649318798979, 0.35598111488910006, 0.494295851837919, 0.4692876941714801, 0.6244471101844148, 0.7675445853863109, 0.3434267623979154, 0.3646502325056319, 0.4891898464814441, 0.2930499835241193, 7.68764635676249, 23.513532426261538, 4.676455167481509, 2.988271664032727, 6.7902738443485795, 4.668303254585024, 24.5161346250013, 1.1922184561521085, 1.3425339302684571, 1.7115393405149262, 0.9948204553110571, 0.49779648619900857, 4.740341279516743, 1.5766871722998683, 7.044583694908319, 1.3818860386057927, 2.123779515798582, 1.1744747865506253, 1.9138311537490316, 1.4465958846264364, 0.9039985257252643, 2.9738763014575165, 1.9430378469306548, 9.814979810060054, 0.9987850815438792, 1.1858546934944254, 0.6652289269897428, 10.0, 1.165878939273571, 5.490783542230976, 0.9471795928280958, 4.151418375201784, 4.409720395949943, 1.4722145663641146, 3.7154146903888634, 2.758944276910133]
APTIDAO: 
35.174148454577534
GEN: 5200
Individuo: 
[2.1144664670409443, 3.9523229231625936, 4.388970757861944, 0.35598111488910006, 0.494295851837919, 0.4692876941714801, 0.6244471101844148, 0.7675445853863109, 0.3434267623979154, 0.3646502325056319, 0.4891898464814441, 0.29551011087874585, 7.68764635676249, 23.626015915449972, 4.206153419932398, 2.988271664032727, 6.7902738443485795, 4.668303254585024, 24.5161346250013, 1.1922184561521085, 1.3425339302684571, 1.7115393405149262, 0.9948204553110571, 0.49779648619900857, 4.740341279516743, 1.5766871722998683, 5.504385771012434, 1.3818860386057927, 2.123779515798582, 1.1744747865506253, 1.9138311537490316, 1.4465958846264364, 0.9039985257252643, 2.9738763014575165, 1.9430378469306548, 7.629195213964504, 0.9987850815438792, 1.205803194033601, 1.1233805460959039, 10.0, 1.165878939273571, 5.490783542230976, 0.9471795928280958, 4.151418375201784, 4.409720395949943, 1.4722145663641146, 3.7154146903888634, 2.758944276910133]
APTIDAO: 
35.13766143814914
GEN: 5300
Individuo: 
[2.1144664670409443, 3.9523229231625936, 4.388970757861944, 0.17374625633831914, 0.5861059672541482, 0.4692876941714801, 0.6244471101844148, 0.7675445853863109, 0.3434267623979154, 0.3646502325056319, 0.4891898464814441, 0.29551011087874585, 7.68764635676249, 23.626015915449972, 4.206153419932398, 2.988271664032727, 6.7902738443485795, 4.668303254585024, 24.369915321639322, 1.1922184561521085, 1.3425339302684571, 1.7257362623391401, 0.9946345916993405, 0.49779648619900857, 4.740341279516743, 1.5766871722998683, 5.504385771012434, 1.754701514275385, 2.1901053310542955, 1.1744747865506253, 1.9138311537490316, 1.4465958846264364, 0.9039985257252643, 2.9738763014575165, 1.9430378469306548, 7.629195213964504, 0.9987850815438792, 1.205803194033601, 1.1233805460959039, 10.0, 1.165878939273571, 5.490783542230976, 1.2468609140658626, 4.151418375201784, 4.409720395949943, 0.8818519040586614, 2.875748434969521, 2.758944276910133]
APTIDAO: 
34.92009755515099
GEN: 5400
Individuo: 
[2.1144664670409443, 3.9523229231625936, 4.388970757861944, 0.36283402144823623, 0.494295851837919, 0.4692876941714801, 0.6244471101844148, 0.7675445853863109, 0.3434267623979154, 0.3646502325056319, 0.4891898464814441, 0.29551011087874585, 7.68764635676249, 23.626015915449972, 4.2922967877611, 2.988271664032727, 6.7902738443485795, 4.668303254585024, 24.5161346250013, 1.1922184561521085, 1.3425339302684571, 1.7257362623391401, 0.9946345916993405, 0.5060313678186718, 4.740341279516743, 1.5766871722998683, 5.504385771012434, 1.4137983225595634, 2.123779515798582, 1.1744747865506253, 1.9138311537490316, 1.4465958846264364, 0.9039985257252643, 2.9738763014575165, 1.9430378469306548, 7.629195213964504, 0.9987850815438792, 1.205803194033601, 0.8020814538811579, 10.0, 1.165878939273571, 5.490783542230976, 0.9471795928280958, 4.151418375201784, 4.409720395949943, 0.8818519040586614, 2.875748434969521, 1.950843975039697]
APTIDAO: 
35.091083968445375
GEN: 5500
Individuo: 
[2.1144664670409443, 3.9523229231625936, 4.388970757861944, 0.332576992124634, 0.4985056279716102, 0.4692876941714801, 0.5847607341339475, 0.7675445853863109, 0.3434267623979154, 0.3646502325056319, 0.4891898464814441, 0.29551011087874585, 7.68764635676249, 20.0086365158373, 4.019893880922162, 2.988271664032727, 6.598080850635641, 4.668303254585024, 24.5161346250013, 1.1922184561521085, 1.2883411572481231, 1.7257362623391401, 0.9946345916993405, 0.5060313678186718, 4.740341279516743, 1.5766871722998683, 5.504385771012434, 1.509076533659935, 1.104060493819652, 1.1744747865506253, 1.5227702104437366, 1.4465958846264364, 0.9039985257252643, 2.9738763014575165, 1.9430378469306548, 7.629195213964504, 0.9987850815438792, 1.2237487931794515, 0.5589414537645757, 10.0, 1.1383554763384816, 5.490783542230976, 0.9471795928280958, 4.151418375201784, 5.549880154397446, 0.8818519040586614, 2.875748434969521, 1.950843975039697]
APTIDAO: 
35.40744569168618
GEN: 5600
Individuo: 
[2.1144664670409443, 3.9523229231625936, 4.388970757861944, 0.33364596629031434, 0.4985056279716102, 0.4692876941714801, 0.5847607341339475, 0.7675445853863109, 0.3434267623979154, 0.36423528941347816, 0.4891898464814441, 0.29551011087874585, 7.68764635676249, 20.0086365158373, 4.019893880922162, 2.988271664032727, 6.598080850635641, 4.668303254585024, 24.5161346250013, 1.1922184561521085, 1.2883411572481231, 1.7257362623391401, 0.9946345916993405, 0.5060313678186718, 4.740341279516743, 1.5766871722998683, 5.504385771012434, 1.7863607222556543, 1.104060493819652, 1.1744747865506253, 1.5227702104437366, 1.4465958846264364, 0.9039985257252643, 2.5990852210689797, 1.9430378469306548, 7.629195213964504, 0.9987850815438792, 1.2237487931794515, 0.5589414537645757, 10.0, 1.1383554763384816, 5.490783542230976, 0.9471795928280958, 4.151418375201784, 5.549880154397446, 0.8818519040586614, 2.875748434969521, 1.950843975039697]
APTIDAO: 
35.40185452462896
GEN: 5700
Individuo: 
[2.1144664670409443, 3.9523229231625936, 4.388970757861944, 0.33364596629031434, 0.4985056279716102, 0.4692876941714801, 0.5847607341339475, 0.7675445853863109, 0.3475105318490573, 0.36423528941347816, 0.4891898464814441, 0.29551011087874585, 8.705012883997636, 20.0086365158373, 4.019893880922162, 2.988271664032727, 6.598080850635641, 4.668303254585024, 24.5161346250013, 1.1922184561521085, 1.2883411572481231, 1.693736999107895, 0.9946345916993405, 0.5060313678186718, 4.740341279516743, 1.5766871722998683, 5.504385771012434, 1.7863607222556543, 1.104060493819652, 1.1744747865506253, 1.5227702104437366, 1.4465958846264364, 0.7067374976487432, 2.5990852210689797, 1.9430378469306548, 7.629195213964504, 1.647553675787231, 1.2237487931794515, 0.5589414537645757, 10.0, 1.1383554763384816, 5.490783542230976, 0.9471795928280958, 4.151418375201784, 5.549880154397446, 1.162913170020355, 2.875748434969521, 1.950843975039697]
APTIDAO: 
35.30796689101908
GEN: 5800
Individuo: 
[2.1144664670409443, 3.9523229231625936, 4.388970757861944, 0.33364596629031434, 0.4985056279716102, 0.4692876941714801, 0.5847607341339475, 0.7675445853863109, 0.3475105318490573, 0.37147472651780783, 0.4891898464814441, 0.30322912292359905, 8.705012883997636, 21.914117051506793, 4.0565707934910336, 2.988271664032727, 6.598080850635641, 4.668303254585024, 24.5161346250013, 1.1922184561521085, 1.2883411572481231, 1.693736999107895, 0.9946345916993405, 0.5060313678186718, 4.740341279516743, 1.5766871722998683, 5.504385771012434, 1.7863607222556543, 1.104060493819652, 1.1744747865506253, 1.5227702104437366, 1.4465958846264364, 0.7067374976487432, 2.176691135525692, 1.9430378469306548, 7.4867184209670095, 1.647553675787231, 1.1392169417998679, 1.1738317644430942, 10.0, 1.1383554763384816, 5.490783542230976, 0.9471795928280958, 4.151418375201784, 5.549880154397446, 1.162913170020355, 2.875748434969521, 1.950843975039697]
APTIDAO: 
35.27232771734586
GEN: 5900
Individuo: 
[2.1144664670409443, 3.9523229231625936, 4.388970757861944, 0.3334483171600875, 0.4985056279716102, 0.4692876941714801, 0.5942926134043454, 0.7675445853863109, 0.3475105318490573, 0.37147472651780783, 0.4891898464814441, 0.30322912292359905, 8.705012883997636, 21.914117051506793, 4.693972766216105, 2.988271664032727, 6.598080850635641, 4.668303254585024, 24.5161346250013, 1.1922184561521085, 1.2883411572481231, 1.693736999107895, 0.9946345916993405, 0.5060313678186718, 4.740341279516743, 1.5766871722998683, 5.504385771012434, 1.2609787522055715, 1.104060493819652, 1.1744747865506253, 1.661845322507845, 1.4465958846264364, 0.7067374976487432, 2.176691135525692, 1.9430378469306548, 7.4867184209670095, 1.647553675787231, 1.1392169417998679, 0.8093923651994228, 10.0, 1.1383554763384816, 5.490783542230976, 0.9471795928280958, 4.151418375201784, 5.549880154397446, 1.162913170020355, 2.875748434969521, 1.950843975039697]
APTIDAO: 
35.14761764581755
GEN: 6000
Individuo: 
[2.1144664670409443, 3.9523229231625936, 4.388970757861944, 0.3334483171600875, 0.4985065449494506, 0.4692876941714801, 0.5942926134043454, 0.7675445853863109, 0.3475105318490573, 0.37147472651780783, 0.4891898464814441, 0.30322912292359905, 8.705012883997636, 22.870229217741443, 4.693972766216105, 2.058636173428698, 6.598080850635641, 4.668303254585024, 24.5161346250013, 1.1922184561521085, 1.2883411572481231, 1.693736999107895, 0.9946345916993405, 0.5060313678186718, 4.740341279516743, 1.5766871722998683, 5.504385771012434, 1.2609787522055715, 1.1687164938320411, 1.1744747865506253, 1.661845322507845, 1.4465958846264364, 0.7067374976487432, 2.176691135525692, 1.9430378469306548, 7.4867184209670095, 1.647553675787231, 1.137766734504794, 0.8093923651994228, 7.203942055048938, 1.1383554763384816, 5.490783542230976, 0.9471795928280958, 4.151418375201784, 5.549880154397446, 1.162913170020355, 2.875748434969521, 1.950843975039697]
APTIDAO: 
35.143657783737574
GEN: 6100
Individuo: 
[2.1144664670409443, 3.9523229231625936, 4.388970757861944, 0.3334483171600875, 0.5096016746922973, 0.4692876941714801, 0.5942926134043454, 0.7675445853863109, 0.3475105318490573, 0.37089462183405464, 0.4891898464814441, 0.30322912292359905, 13.20116746085128, 22.870229217741443, 4.296563486211859, 2.058636173428698, 6.598080850635641, 4.668303254585024, 23.921527966109174, 1.1922184561521085, 1.2883411572481231, 1.693736999107895, 0.9946345916993405, 0.5060313678186718, 4.740341279516743, 1.5766871722998683, 5.504385771012434, 1.2609787522055715, 0.7180432157262653, 1.1744747865506253, 1.661845322507845, 1.4465958846264364, 0.7067374976487432, 3.1158274250509894, 1.9430378469306548, 7.4867184209670095, 1.9464055541320453, 1.137766734504794, 0.728936787012437, 7.203942055048938, 1.1383554763384816, 5.490783542230976, 1.5061418412651764, 4.151418375201784, 5.549880154397446, 1.162913170020355, 2.875748434969521, 1.950843975039697]
APTIDAO: 
35.145389646154
GEN: 6200
Individuo: 
[2.1144664670409443, 3.9523229231625936, 4.388970757861944, 0.3334483171600875, 0.5096016746922973, 0.4692876941714801, 0.5942926134043454, 0.7675445853863109, 0.3475105318490573, 0.37089462183405464, 0.4891898464814441, 0.30322912292359905, 11.075031870316785, 22.870229217741443, 4.296563486211859, 2.8991486829391526, 6.598080850635641, 4.668303254585024, 24.11066426748887, 1.195499291179281, 1.2883411572481231, 1.693736999107895, 0.9946345916993405, 0.5060313678186718, 4.740341279516743, 1.5766871722998683, 5.504385771012434, 1.2609787522055715, 0.7180432157262653, 1.1744747865506253, 1.661845322507845, 1.4465958846264364, 0.7067374976487432, 3.1158274250509894, 1.9430378469306548, 7.4867184209670095, 1.7994704179366816, 1.137766734504794, 0.728936787012437, 4.552065441262351, 1.1383554763384816, 5.490783542230976, 0.8227450442962289, 4.754119839200126, 5.549880154397446, 1.162913170020355, 2.875748434969521, 1.950843975039697]
APTIDAO: 
35.092165242178304
GEN: 6300
Individuo: 
[2.1144664670409443, 3.9523229231625936, 4.388970757861944, 0.3334483171600875, 0.5096016746922973, 0.4692876941714801, 0.5942926134043454, 0.7628290338907275, 0.3475105318490573, 0.37089462183405464, 0.4891898464814441, 0.30322912292359905, 9.759672006572865, 22.870229217741443, 4.296563486211859, 2.8991486829391526, 6.598080850635641, 4.668303254585024, 24.11066426748887, 1.195499291179281, 1.2883411572481231, 1.693736999107895, 0.9946345916993405, 0.5060313678186718, 4.740341279516743, 1.5766871722998683, 5.504385771012434, 1.2609787522055715, 0.7180432157262653, 1.1744747865506253, 1.661845322507845, 1.3044853753372674, 0.7067374976487432, 3.1158274250509894, 1.9430378469306548, 7.4867184209670095, 1.6138042582488326, 1.137766734504794, 0.728936787012437, 4.552065441262351, 1.1383554763384816, 5.490783542230976, 0.8227450442962289, 4.754119839200126, 5.549880154397446, 1.162913170020355, 2.875748434969521, 1.950843975039697]
APTIDAO: 
35.086892329657324
GEN: 6400
Individuo: 
[2.1144664670409443, 3.9523229231625936, 4.388970757861944, 0.3334483171600875, 0.5096016746922973, 0.4692876941714801, 0.5942926134043454, 0.7628290338907275, 0.3475105318490573, 0.37089462183405464, 0.49093013386146644, 0.30322912292359905, 9.404128582435872, 22.870229217741443, 4.296563486211859, 2.8991486829391526, 6.598080850635641, 4.055543674223329, 24.11066426748887, 1.195499291179281, 1.2883411572481231, 1.693736999107895, 0.9973284221001033, 0.5060313678186718, 4.740341279516743, 1.5766871722998683, 5.504385771012434, 1.2609787522055715, 0.7180432157262653, 1.1744747865506253, 1.661845322507845, 1.3044853753372674, 0.7067374976487432, 3.1158274250509894, 1.9853578702487455, 7.4867184209670095, 1.0748922320477101, 1.137766734504794, 0.728936787012437, 4.552065441262351, 1.1383554763384816, 5.881992580255573, 0.8227450442962289, 4.754119839200126, 5.549880154397446, 1.162913170020355, 3.2024770144263757, 1.950843975039697]
APTIDAO: 
35.08786407677787
GEN: 6500
Individuo: 
[2.1144664670409443, 3.9523229231625936, 4.388970757861944, 0.3334483171600875, 0.5096016746922973, 0.4703726998349681, 0.5942926134043454, 0.7628290338907275, 0.3475105318490573, 0.37089462183405464, 0.49093013386146644, 0.30322912292359905, 9.026111250427656, 22.03350199202412, 4.296563486211859, 2.8991486829391526, 6.598080850635641, 4.287045693714262, 24.11066426748887, 1.195499291179281, 1.2883411572481231, 1.693736999107895, 0.9973284221001033, 0.5060313678186718, 4.740341279516743, 1.5766871722998683, 5.504385771012434, 1.2609787522055715, 0.7180432157262653, 0.7620401272978475, 1.661845322507845, 1.3044853753372674, 0.7067374976487432, 3.1158274250509894, 1.9853578702487455, 7.4867184209670095, 0.9233754927074858, 2.2521575734655057, 0.728936787012437, 4.552065441262351, 1.1383554763384816, 2.9830604060522243, 0.8227450442962289, 4.754119839200126, 5.549880154397446, 1.162913170020355, 3.2024770144263757, 1.950843975039697]
APTIDAO: 
35.07614218391078
GEN: 6600
Individuo: 
[2.1144664670409443, 3.9523229231625936, 4.388970757861944, 0.3334483171600875, 0.5096016746922973, 0.4703726998349681, 0.6031265963888712, 0.7628290338907275, 0.3475105318490573, 0.37089462183405464, 0.49093013386146644, 0.30322912292359905, 9.7769263679247, 22.03350199202412, 4.296563486211859, 2.8991486829391526, 6.598080850635641, 4.287045693714262, 24.11066426748887, 1.195499291179281, 1.2883411572481231, 1.693736999107895, 0.9973284221001033, 0.5060313678186718, 4.740341279516743, 1.5766871722998683, 5.504385771012434, 1.2609787522055715, 0.7180432157262653, 0.7620401272978475, 1.1322767803954878, 1.3044853753372674, 0.7067374976487432, 3.1158274250509894, 1.9853578702487455, 7.4867184209670095, 0.9454271394813227, 2.2521575734655057, 0.728936787012437, 4.552065441262351, 1.1383554763384816, 2.9830604060522243, 0.8227450442962289, 4.754119839200126, 5.549880154397446, 1.162913170020355, 3.2024770144263757, 1.950843975039697]
APTIDAO: 
35.05286272611148
GEN: 6700
Individuo: 
[2.1144664670409443, 3.9523229231625936, 4.388970757861944, 0.3334483171600875, 0.5096016746922973, 0.4703726998349681, 0.6031265963888712, 0.7628290338907275, 0.3475105318490573, 0.37089462183405464, 0.49093013386146644, 0.30322912292359905, 9.7769263679247, 24.963066874258484, 4.296563486211859, 2.8991486829391526, 6.598080850635641, 4.287045693714262, 24.231013546513346, 1.195499291179281, 1.2883411572481231, 1.693736999107895, 0.9973284221001033, 0.5060313678186718, 4.740341279516743, 1.5766871722998683, 5.504385771012434, 1.2609787522055715, 0.7180432157262653, 0.7620401272978475, 1.1322767803954878, 1.3044853753372674, 0.7067374976487432, 3.1158274250509894, 1.9853578702487455, 7.4867184209670095, 0.9454271394813227, 1.2789255913796975, 0.728936787012437, 4.552065441262351, 1.1383554763384816, 2.9830604060522243, 0.861275026229865, 4.754119839200126, 5.549880154397446, 1.162913170020355, 3.2024770144263757, 1.950843975039697]
APTIDAO: 
35.02886420832676
GEN: 6800
Individuo: 
[2.1144664670409443, 3.9523229231625936, 4.388970757861944, 0.3334483171600875, 0.5096016746922973, 0.4703726998349681, 0.6031265963888712, 0.7628290338907275, 0.3475105318490573, 0.37089462183405464, 0.49093013386146644, 0.30322912292359905, 9.7769263679247, 24.963066874258484, 4.148248691003604, 2.8991486829391526, 6.448366103128023, 4.7157775807776945, 24.11066426748887, 1.195499291179281, 1.2883411572481231, 1.693736999107895, 0.9973284221001033, 0.5060313678186718, 4.740341279516743, 1.5766871722998683, 5.504385771012434, 1.2609787522055715, 0.7180432157262653, 0.7620401272978475, 1.1322767803954878, 1.3044853753372674, 0.7067374976487432, 3.1158274250509894, 1.9853578702487455, 7.4867184209670095, 0.9454271394813227, 1.2789255913796975, 0.6690388653895635, 4.552065441262351, 1.9469146189567599, 3.6497064766881517, 0.8227450442962289, 4.754119839200126, 5.549880154397446, 1.162913170020355, 3.2024770144263757, 1.950843975039697]
APTIDAO: 
35.02886420832676
GEN: 6900
Individuo: 
[2.1144664670409443, 3.9523229231625936, 4.388970757861944, 0.3334483171600875, 0.5096016746922973, 0.4703726998349681, 0.6031265963888712, 0.7628290338907275, 0.34814567443146976, 0.37089462183405464, 0.49093013386146644, 0.30322912292359905, 9.7769263679247, 24.963066874258484, 4.148248691003604, 2.8991486829391526, 6.448366103128023, 4.8347669855103765, 24.11066426748887, 1.195499291179281, 1.2883411572481231, 1.693736999107895, 0.9973284221001033, 0.5060313678186718, 4.740341279516743, 1.5766871722998683, 5.504385771012434, 1.2609787522055715, 0.7180432157262653, 0.7620401272978475, 1.1322767803954878, 1.3044853753372674, 0.9781870597405843, 3.1158274250509894, 1.9853578702487455, 7.4867184209670095, 0.9454271394813227, 1.2789255913796975, 0.6690388653895635, 4.552065441262351, 1.9469146189567599, 3.833612464629991, 0.8227450442962289, 4.754119839200126, 5.549880154397446, 1.162913170020355, 3.2024770144263757, 1.950843975039697]
APTIDAO: 
35.01588218448458
GEN: 7000
Individuo: 
[2.1144664670409443, 3.9523229231625936, 4.383114195963215, 0.3334483171600875, 0.5096016746922973, 0.4703726998349681, 0.6031265963888712, 0.7628290338907275, 0.34814567443146976, 0.37089462183405464, 0.49861139549055356, 0.30322912292359905, 9.7769263679247, 24.799883376236643, 4.148248691003604, 2.8991486829391526, 6.448366103128023, 4.8347669855103765, 24.11066426748887, 1.195499291179281, 1.3010809815452085, 1.693736999107895, 0.9973284221001033, 0.5060313678186718, 4.740341279516743, 1.5766871722998683, 6.039145373500834, 1.2609787522055715, 0.7180432157262653, 0.7620401272978475, 1.1322767803954878, 1.3044853753372674, 0.9781870597405843, 3.1158274250509894, 1.9538096766509758, 7.4867184209670095, 0.9454271394813227, 0.7566382279341383, 0.6690388653895635, 4.552065441262351, 1.9469146189567599, 3.833612464629991, 0.8227450442962289, 4.754119839200126, 4.5272174372468905, 1.162913170020355, 3.2024770144263757, 1.950843975039697]
APTIDAO: 
34.97422919781777
GEN: 7100
Individuo: 
[2.1144664670409443, 3.9523229231625936, 4.383114195963215, 0.3334483171600875, 0.5096016746922973, 0.4703726998349681, 0.6031265963888712, 0.7628290338907275, 0.34814567443146976, 0.37089462183405464, 0.49861139549055356, 0.30322912292359905, 9.7769263679247, 24.799883376236643, 4.148248691003604, 2.744474562213485, 6.448366103128023, 4.8347669855103765, 24.11066426748887, 1.195499291179281, 1.3010809815452085, 1.693736999107895, 0.9973284221001033, 0.5060313678186718, 4.740341279516743, 1.5766871722998683, 6.039145373500834, 1.2609787522055715, 0.7180432157262653, 0.7620401272978475, 1.1322767803954878, 1.3044853753372674, 0.9781870597405843, 3.1158274250509894, 1.9538096766509758, 7.4867184209670095, 0.9454271394813227, 0.7566382279341383, 0.6690388653895635, 3.401247579902241, 1.9469146189567599, 3.833612464629991, 0.8227450442962289, 4.754119839200126, 4.5272174372468905, 1.162913170020355, 3.2024770144263757, 1.950843975039697]
APTIDAO: 
34.97422919781777
GEN: 7200
Individuo: 
[2.1144664670409443, 3.943965591180744, 4.383114195963215, 0.3334483171600875, 0.5096016746922973, 0.4703726998349681, 0.6031265963888712, 0.7628290338907275, 0.34814567443146976, 0.37089462183405464, 0.49861139549055356, 0.30322912292359905, 9.7769263679247, 24.799883376236643, 4.507272770201942, 2.744474562213485, 6.086639413707733, 4.184113491874165, 24.11066426748887, 1.188262901839371, 1.3010809815452085, 1.693736999107895, 0.9973284221001033, 0.5060313678186718, 4.740341279516743, 1.9835102854621878, 6.039145373500834, 1.2609787522055715, 0.7180432157262653, 0.7620401272978475, 1.1322767803954878, 1.3044853753372674, 0.9781870597405843, 3.1158274250509894, 1.9538096766509758, 7.4867184209670095, 0.9454271394813227, 0.7566382279341383, 0.6925303579720977, 3.401247579902241, 1.8679726604934581, 6.888902989972077, 0.8227450442962289, 5.892228371058748, 4.5272174372468905, 1.162913170020355, 3.2024770144263757, 1.950843975039697]
APTIDAO: 
34.94103767366324
GEN: 7300
Individuo: 
[2.1144664670409443, 3.943965591180744, 4.383114195963215, 0.3402357149573932, 0.5096016746922973, 0.4703726998349681, 0.6031265963888712, 0.7628290338907275, 0.34814567443146976, 0.37089462183405464, 0.49861139549055356, 0.30322912292359905, 9.7769263679247, 24.799883376236643, 4.507272770201942, 2.744474562213485, 6.086639413707733, 4.184113491874165, 24.11066426748887, 1.188262901839371, 1.3010809815452085, 1.693736999107895, 0.9973284221001033, 0.5060313678186718, 4.740341279516743, 1.9835102854621878, 6.039145373500834, 1.1429753392560025, 0.7180432157262653, 0.7620401272978475, 1.1322767803954878, 1.3044853753372674, 0.9781870597405843, 3.1158274250509894, 1.9538096766509758, 7.4867184209670095, 0.9454271394813227, 0.7566382279341383, 0.6925303579720977, 3.401247579902241, 1.8679726604934581, 6.888902989972077, 0.8227450442962289, 5.892228371058748, 4.5272174372468905, 1.162913170020355, 3.2024770144263757, 1.950843975039697]
APTIDAO: 
34.931042484845214
GEN: 7400
Individuo: 
[2.1144664670409443, 3.943965591180744, 4.383114195963215, 0.3402357149573932, 0.5096016746922973, 0.4703726998349681, 0.6031265963888712, 0.7628290338907275, 0.34814567443146976, 0.37089462183405464, 0.49861139549055356, 0.30322912292359905, 9.7769263679247, 24.799883376236643, 4.507272770201942, 2.305431259564916, 6.9758406756514235, 4.184113491874165, 23.408179484484013, 1.188262901839371, 1.3010809815452085, 1.693736999107895, 0.9973284221001033, 0.5060313678186718, 4.740341279516743, 1.9835102854621878, 6.039145373500834, 1.1429753392560025, 0.7180432157262653, 0.7620401272978475, 1.1322767803954878, 1.3044853753372674, 0.9781870597405843, 3.1158274250509894, 1.9538096766509758, 7.4867184209670095, 0.9454271394813227, 0.7566382279341383, 0.6925303579720977, 1.9940502963198061, 2.027752220737512, 6.888902989972077, 1.0061823361679834, 5.892228371058748, 4.5272174372468905, 1.162913170020355, 3.2024770144263757, 1.950843975039697]
APTIDAO: 
34.93775602029061
GEN: 7500
Individuo: 
[2.1144664670409443, 3.9414889987100663, 4.383114195963215, 0.3402357149573932, 0.5096016746922973, 0.4703726998349681, 0.6031265963888712, 0.7628290338907275, 0.34814567443146976, 0.3696454160306044, 0.49861139549055356, 0.30322912292359905, 9.7769263679247, 24.799883376236643, 4.507272770201942, 2.305431259564916, 6.9758406756514235, 4.184113491874165, 23.72592368208857, 1.193703509566479, 1.3010809815452085, 1.693736999107895, 0.9973284221001033, 0.5060313678186718, 4.740341279516743, 1.8902136959221973, 6.039145373500834, 1.1429753392560025, 0.7180432157262653, 0.7620401272978475, 1.1322767803954878, 1.3044853753372674, 0.9781870597405843, 2.8288758886484384, 1.9538096766509758, 7.4867184209670095, 0.9454271394813227, 0.7566382279341383, 0.6925303579720977, 1.9940502963198061, 2.027752220737512, 6.888902989972077, 0.9338926180596445, 7.889943480005725, 4.5272174372468905, 1.162913170020355, 3.2024770144263757, 1.950843975039697]
APTIDAO: 
34.91580239920819
GEN: 7600
Individuo: 
[2.1144664670409443, 3.9414889987100663, 4.383114195963215, 0.3457071488136464, 0.5096016746922973, 0.474569442350278, 0.6031265963888712, 0.7628290338907275, 0.34814567443146976, 0.3696454160306044, 0.49861139549055356, 0.30322912292359905, 10.323531426215002, 22.05408036134036, 4.507272770201942, 2.305431259564916, 6.9758406756514235, 4.184113491874165, 24.860995512078464, 1.193703509566479, 1.3010809815452085, 1.693736999107895, 0.9973284221001033, 0.5060313678186718, 4.740341279516743, 1.8902136959221973, 6.039145373500834, 1.148571191081901, 0.7180432157262653, 0.8618953369422855, 1.1322767803954878, 1.3044853753372674, 0.9781870597405843, 2.8288758886484384, 1.9538096766509758, 7.4867184209670095, 1.4329100891472355, 0.928895599990694, 0.6925303579720977, 1.9940502963198061, 2.027752220737512, 6.888902989972077, 1.555289640679301, 7.889943480005725, 4.5272174372468905, 1.162913170020355, 3.2024770144263757, 1.950843975039697]
APTIDAO: 
34.887984697500215
GEN: 7700
Individuo: 
[2.1144664670409443, 3.9414889987100663, 4.345379897353124, 0.3457071488136464, 0.5096016746922973, 0.474569442350278, 0.6031265963888712, 0.7628290338907275, 0.34814567443146976, 0.3696454160306044, 0.49861139549055356, 0.30322912292359905, 10.323531426215002, 22.05408036134036, 4.507272770201942, 2.305431259564916, 6.9758406756514235, 4.184113491874165, 24.860995512078464, 1.193703509566479, 1.3010809815452085, 1.693736999107895, 0.9973284221001033, 0.5060313678186718, 4.740341279516743, 1.8902136959221973, 3.592936855753419, 1.148571191081901, 0.7180432157262653, 0.8618953369422855, 1.1322767803954878, 1.3044853753372674, 0.9781870597405843, 2.8288758886484384, 1.9538096766509758, 7.4867184209670095, 1.4329100891472355, 0.928895599990694, 0.6925303579720977, 1.9940502963198061, 2.027752220737512, 6.888902989972077, 1.555289640679301, 7.889943480005725, 4.5272174372468905, 1.162913170020355, 3.2024770144263757, 1.950843975039697]
APTIDAO: 
34.88043335219969
GEN: 7800
Individuo: 
[2.1144664670409443, 3.9414889987100663, 4.345379897353124, 0.3457071488136464, 0.5096016746922973, 0.474569442350278, 0.6031265963888712, 0.7628290338907275, 0.34814567443146976, 0.3696454160306044, 0.49861139549055356, 0.30322912292359905, 9.897454871853338, 21.53913626330847, 4.873620874084037, 2.4012671800501444, 6.9758406756514235, 4.184113491874165, 24.860995512078464, 1.193703509566479, 1.3010809815452085, 1.6956435919805517, 0.9973284221001033, 0.5060313678186718, 4.740341279516743, 1.8902136959221973, 3.592936855753419, 1.148571191081901, 0.7180432157262653, 0.8618953369422855, 1.1322767803954878, 1.3044853753372674, 0.9781870597405843, 2.8288758886484384, 1.9538096766509758, 7.4867184209670095, 1.302897634173662, 1.2654470603363392, 0.5165805015455707, 2.3843313977856666, 2.027752220737512, 6.888902989972077, 1.555289640679301, 7.889943480005725, 4.5272174372468905, 0.8584281365379428, 3.2024770144263757, 1.950843975039697]
APTIDAO: 
34.8418304553824
GEN: 7900
Individuo: 
[2.1144664670409443, 3.9414889987100663, 4.345379897353124, 0.3464751744385912, 0.5096016746922973, 0.47873555200887785, 0.6031265963888712, 0.7628290338907275, 0.34814567443146976, 0.3696454160306044, 0.49861139549055356, 0.30322912292359905, 9.897454871853338, 21.700764007096325, 4.873620874084037, 2.4012671800501444, 6.9758406756514235, 4.184113491874165, 24.500391673646963, 1.193703509566479, 1.3010809815452085, 1.693736999107895, 0.9973284221001033, 0.5060313678186718, 4.740341279516743, 1.8902136959221973, 3.592936855753419, 1.005495039587464, 0.7180432157262653, 0.7184534565162005, 1.1322767803954878, 1.3044853753372674, 0.9781870597405843, 2.8288758886484384, 1.9538096766509758, 7.4867184209670095, 1.302897634173662, 1.594381925182321, 0.5165805015455707, 2.3843313977856666, 2.027752220737512, 6.888902989972077, 1.2772948729976623, 7.889943480005725, 4.5272174372468905, 1.162913170020355, 3.2024770144263757, 1.950843975039697]
APTIDAO: 
34.83738687670464
GEN: 8000
Individuo: 
[2.1144664670409443, 3.9414889987100663, 4.345379897353124, 0.3633575388281803, 0.5145699467693128, 0.47873555200887785, 0.6031265963888712, 0.7628290338907275, 0.34814567443146976, 0.3696454160306044, 0.49861139549055356, 0.30322912292359905, 12.472636166758019, 21.700764007096325, 4.873620874084037, 2.4012671800501444, 6.9758406756514235, 4.184113491874165, 23.906275804199595, 1.193703509566479, 1.3010809815452085, 1.693736999107895, 0.9973284221001033, 0.5060313678186718, 4.740341279516743, 1.8902136959221973, 3.592936855753419, 0.9034955276300656, 0.8155920626149027, 0.7184534565162005, 1.1322767803954878, 1.3044853753372674, 0.9781870597405843, 2.8288758886484384, 1.9538096766509758, 7.4867184209670095, 2.2408780234680403, 1.594381925182321, 0.5165805015455707, 2.3843313977856666, 2.027752220737512, 6.888902989972077, 1.1657356183173149, 7.889943480005725, 4.5272174372468905, 1.162913170020355, 3.2024770144263757, 1.950843975039697]
APTIDAO: 
34.81406228410439
GEN: 8100
Individuo: 
[2.1144664670409443, 3.9414889987100663, 4.35194762764062, 0.3633575388281803, 0.5145699467693128, 0.47873555200887785, 0.6031265963888712, 0.7628290338907275, 0.35431911057891535, 0.3696454160306044, 0.49861139549055356, 0.30322912292359905, 8.820205734654913, 22.99541969202912, 4.873620874084037, 2.478733309316965, 6.9758406756514235, 3.789673001371322, 23.906275804199595, 1.193703509566479, 1.3010809815452085, 1.6731960924175553, 0.9973284221001033, 0.5569298043267863, 4.740341279516743, 1.8902136959221973, 1.899433689311793, 0.9034955276300656, 0.8155920626149027, 0.7184534565162005, 1.1322767803954878, 1.3044853753372674, 0.9909152634376499, 2.8288758886484384, 1.9538096766509758, 7.4867184209670095, 1.8346487343715778, 2.1521790963598253, 0.5165805015455707, 2.888758431701965, 2.027752220737512, 7.6510060122605825, 1.1657356183173149, 7.889943480005725, 4.5272174372468905, 0.8643001014231672, 3.2024770144263757, 1.6423116352178446]
APTIDAO: 
34.50846614090079
GEN: 8200
Individuo: 
[2.1144664670409443, 3.9414889987100663, 4.35194762764062, 0.3633575388281803, 0.5145699467693128, 0.47873555200887785, 0.6031265963888712, 0.7628290338907275, 0.35431911057891535, 0.3696454160306044, 0.49861139549055356, 0.30322912292359905, 8.820205734654913, 22.101806740137825, 4.376669122138263, 2.478733309316965, 6.9758406756514235, 3.789673001371322, 23.897101436845222, 1.193703509566479, 1.3010809815452085, 1.6731960924175553, 0.9973284221001033, 0.5569298043267863, 4.740341279516743, 1.8902136959221973, 1.899433689311793, 0.9034955276300656, 0.8155920626149027, 0.7184534565162005, 1.1322767803954878, 1.3044853753372674, 0.9909152634376499, 2.8288758886484384, 1.9538096766509758, 7.4867184209670095, 1.8346487343715778, 1.5450899464832308, 0.6360654205840217, 2.888758431701965, 2.027752220737512, 7.6510060122605825, 0.8677055894681419, 7.889943480005725, 4.5272174372468905, 0.8643001014231672, 3.2024770144263757, 1.6423116352178446]
APTIDAO: 
34.50846614090079
GEN: 8300
Individuo: 
[2.1144664670409443, 3.9414889987100663, 4.35194762764062, 0.3633575388281803, 0.5145699467693128, 0.47873555200887785, 0.6031265963888712, 0.7628290338907275, 0.35431911057891535, 0.3696454160306044, 0.49861139549055356, 0.30322912292359905, 8.820205734654913, 22.101806740137825, 4.376669122138263, 2.628746846054428, 6.558233520790839, 3.789673001371322, 23.897101436845222, 1.193703509566479, 1.3010809815452085, 1.6834116898354758, 0.9973284221001033, 0.5543692455904552, 4.740341279516743, 1.8902136959221973, 1.899433689311793, 0.9034955276300656, 0.8155920626149027, 0.7184534565162005, 1.1322767803954878, 1.3044853753372674, 0.9909152634376499, 2.8288758886484384, 1.9538096766509758, 7.4867184209670095, 1.8346487343715778, 1.5450899464832308, 0.6360654205840217, 2.8715581197939772, 1.6092010578407063, 7.6510060122605825, 0.8677055894681419, 7.889943480005725, 4.5272174372468905, 1.5260435974731876, 3.2024770144263757, 1.6926511593516762]
APTIDAO: 
34.49265564525335
GEN: 8400
Individuo: 
[2.1144664670409443, 3.9414889987100663, 4.35194762764062, 0.3633575388281803, 0.5742995598054141, 0.47873555200887785, 0.6094707687422968, 0.7628290338907275, 0.3588555564755761, 0.3696454160306044, 0.49861139549055356, 0.27260004766127116, 8.820205734654913, 22.101806740137825, 4.376669122138263, 2.628746846054428, 6.776694364106278, 3.9106719364088667, 21.393621716976114, 1.193703509566479, 1.3010809815452085, 1.743082806490795, 0.9973284221001033, 0.5543692455904552, 4.740341279516743, 1.8902136959221973, 1.899433689311793, 0.9034955276300656, 1.5500739844677947, 0.7184534565162005, 1.3946020611416114, 1.3044853753372674, 1.3691249716895915, 2.8288758886484384, 1.9538096766509758, 6.667993274166596, 1.8346487343715778, 1.5450899464832308, 0.6360654205840217, 2.8715581197939772, 1.382583887580638, 10.0, 0.8445392965926214, 7.889943480005725, 4.5272174372468905, 1.4020593534468684, 3.2024770144263757, 1.6926511593516762]
APTIDAO: 
34.296882872458376
GEN: 8500
Individuo: 
[2.1144664670409443, 3.5350371603250372, 4.35194762764062, 0.6936458663188506, 0.5742995598054141, 0.4759683523957032, 0.6094707687422968, 0.7628290338907275, 0.3588555564755761, 0.3696454160306044, 0.5211003368008394, 0.27260004766127116, 7.11010495448376, 20.650889362058475, 4.376669122138263, 2.628746846054428, 6.776694364106278, 3.9106719364088667, 21.393621716976114, 1.193703509566479, 1.3010809815452085, 1.7054055270917972, 0.9973284221001033, 0.5543692455904552, 4.740341279516743, 1.1165570076304556, 1.899433689311793, 0.9478936672321615, 1.5500739844677947, 0.43881967407610956, 1.3946020611416114, 1.3044853753372674, 1.3691249716895915, 2.8288758886484384, 1.3408468886074272, 6.667993274166596, 1.091825133572358, 2.2622277118531846, 0.6360654205840217, 2.8715581197939772, 1.382583887580638, 10.0, 0.8445392965926214, 7.889943480005725, 4.5272174372468905, 1.4216924677665903, 3.2024770144263757, 1.6926511593516762]
APTIDAO: 
33.54095334836887
GEN: 8600
Individuo: 
[2.1144664670409443, 3.5350371603250372, 4.35194762764062, 0.6936458663188506, 0.5742995598054141, 0.4759683523957032, 0.6094707687422968, 0.7628290338907275, 0.36490391796954497, 0.3696454160306044, 0.5211003368008394, 0.27260004766127116, 7.11010495448376, 20.650889362058475, 4.460292833255976, 2.628746846054428, 5.230666874415424, 3.9106719364088667, 13.37842583709625, 1.1909285231377127, 1.3010809815452085, 1.7054055270917972, 1.0386899333104052, 0.5543692455904552, 4.740341279516743, 1.1165570076304556, 1.899433689311793, 0.9478936672321615, 1.5500739844677947, 0.43881967407610956, 1.3946020611416114, 1.3044853753372674, 0.7964619023084696, 2.8288758886484384, 1.3408468886074272, 6.667993274166596, 1.091825133572358, 2.2622277118531846, 0.8040213340251542, 2.8715581197939772, 1.8588557059649022, 10.0, 1.0449756710678528, 3.5179822362497575, 4.5272174372468905, 1.4216924677665903, 4.409024417891132, 1.6926511593516762]
APTIDAO: 
33.333597725311556
GEN: 8700
Individuo: 
[2.1144664670409443, 3.5350371603250372, 4.35194762764062, 0.6936458663188506, 0.5742995598054141, 0.4759683523957032, 0.6094707687422968, 0.747029148769665, 0.36490391796954497, 0.3696454160306044, 0.5211003368008394, 0.27260004766127116, 12.780066036535201, 24.97938236320451, 4.973539627971806, 2.628746846054428, 4.891508676771406, 3.9106719364088667, 12.933437760441684, 1.193703509566479, 1.2613529600193791, 1.7054055270917972, 1.0386899333104052, 0.5543692455904552, 4.740341279516743, 1.1165570076304556, 1.899433689311793, 0.9478936672321615, 1.5500739844677947, 0.43881967407610956, 1.3946020611416114, 1.0584570090010166, 0.7964619023084696, 2.8288758886484384, 1.3408468886074272, 6.667993274166596, 4.246914660726601, 2.1720225601165617, 0.5546115307828244, 2.8715581197939772, 1.9455742016992623, 10.0, 1.2566288096714457, 7.889943480005725, 5.3778284591650545, 1.4216924677665903, 4.409024417891132, 1.6926511593516762]
APTIDAO: 
33.0793219654265
GEN: 8800
Individuo: 
[2.1144664670409443, 3.5350371603250372, 4.325021820748969, 0.6936458663188506, 0.6706061906132769, 0.474714742628571, 0.6094707687422968, 0.747029148769665, 0.36490391796954497, 0.3696454160306044, 0.5000423111605296, 0.27260004766127116, 9.074297611761098, 24.97938236320451, 4.973539627971806, 2.657092793878441, 8.753945399551073, 3.9106719364088667, 15.377181501907996, 1.193703509566479, 1.2613529600193791, 1.7054055270917972, 1.0386899333104052, 0.5543692455904552, 4.740341279516743, 1.1165570076304556, 1.5443087202657622, 0.9478936672321615, 1.7842285906571511, 0.5103333280722899, 1.3946020611416114, 1.0584570090010166, 0.7964619023084696, 2.8288758886484384, 0.97360330463045, 6.667993274166596, 1.864100781375203, 2.1720225601165617, 0.5546115307828244, 2.129675825164889, 1.8605224669004314, 10.0, 1.9134794117296237, 7.889943480005725, 5.3778284591650545, 1.4216924677665903, 4.409024417891132, 1.6926511593516762]
APTIDAO: 
32.005488164370355
GEN: 8900
Individuo: 
[2.1144664670409443, 3.5350371603250372, 4.325021820748969, 0.6936458663188506, 0.6724533033613639, 0.474714742628571, 0.6094707687422968, 0.747029148769665, 0.36490391796954497, 0.3696454160306044, 0.5000423111605296, 0.27260004766127116, 9.074297611761098, 24.97938236320451, 4.973539627971806, 2.657092793878441, 8.753945399551073, 3.9106719364088667, 15.377181501907996, 1.193703509566479, 1.2613529600193791, 1.6797998625069201, 1.0409974483019664, 0.5543692455904552, 4.740341279516743, 1.1165570076304556, 1.5443087202657622, 0.9478936672321615, 1.9402979666251898, 0.5103333280722899, 1.3946020611416114, 1.0584570090010166, 0.7964619023084696, 2.8288758886484384, 0.97360330463045, 6.667993274166596, 1.864100781375203, 2.1720225601165617, 0.5546115307828244, 2.129675825164889, 1.8605224669004314, 10.0, 1.9134794117296237, 7.889943480005725, 5.3778284591650545, 0.8117121103882873, 9.622390011649554, 1.6926511593516762]
APTIDAO: 
31.91911287875762
GEN: 9000
Individuo: 
[2.1144664670409443, 3.5350371603250372, 4.325021820748969, 0.6936458663188506, 0.6724533033613639, 0.474714742628571, 0.6094707687422968, 0.747029148769665, 0.36490391796954497, 0.3696454160306044, 0.5000423111605296, 0.27260004766127116, 9.074297611761098, 24.97938236320451, 4.973539627971806, 2.657092793878441, 8.753945399551073, 3.9106719364088667, 15.377181501907996, 1.193703509566479, 1.2613529600193791, 1.6797998625069201, 1.0409974483019664, 0.5543692455904552, 4.740341279516743, 1.1165570076304556, 1.5443087202657622, 0.9478936672321615, 1.9402979666251898, 0.5103333280722899, 1.3946020611416114, 1.0584570090010166, 0.7964619023084696, 2.8288758886484384, 0.97360330463045, 6.667993274166596, 1.864100781375203, 2.1720225601165617, 0.5546115307828244, 2.129675825164889, 1.8605224669004314, 10.0, 1.9134794117296237, 7.889943480005725, 5.3778284591650545, 0.8117121103882873, 9.622390011649554, 1.6926511593516762]
APTIDAO: 
31.91911287875762
GEN: 9100
Individuo: 
[2.1144664670409443, 3.526974273424437, 4.325021820748969, 0.6936458663188506, 0.6724533033613639, 0.474714742628571, 0.6094707687422968, 0.747029148769665, 0.36490391796954497, 0.3696454160306044, 0.4984027702474771, 0.2692994347998681, 9.074297611761098, 24.97938236320451, 4.2292519417620085, 2.657092793878441, 8.753945399551073, 3.9106719364088667, 19.169393176060133, 1.193703509566479, 1.2613529600193791, 1.6797998625069201, 1.0409974483019664, 0.5543692455904552, 4.740341279516743, 1.0971805552826626, 1.5443087202657622, 0.9478936672321615, 1.9402979666251898, 0.5103333280722899, 1.3946020611416114, 1.0584570090010166, 0.7964619023084696, 2.8288758886484384, 0.7798657184970997, 5.717547306735927, 1.864100781375203, 2.1720225601165617, 0.522289127519079, 2.129675825164889, 1.8605224669004314, 10.0, 1.089226381084162, 7.889943480005725, 5.3778284591650545, 0.8117121103882873, 9.622390011649554, 1.6926511593516762]
APTIDAO: 
31.841525559920786
GEN: 9200
Individuo: 
[2.1144664670409443, 3.526974273424437, 4.325021820748969, 0.6936458663188506, 0.6724533033613639, 0.474714742628571, 0.6069997631024053, 0.747029148769665, 0.36490391796954497, 0.3696454160306044, 0.4984027702474771, 0.2692994347998681, 9.074297611761098, 22.64010591821707, 4.2292519417620085, 2.657092793878441, 8.753945399551073, 3.9106719364088667, 19.169393176060133, 1.193703509566479, 1.2613529600193791, 1.6797998625069201, 1.0409974483019664, 0.5543692455904552, 4.740341279516743, 1.0971805552826626, 1.5443087202657622, 0.9478936672321615, 1.9402979666251898, 0.5103333280722899, 1.1290596751622504, 1.0584570090010166, 0.7964619023084696, 2.8288758886484384, 0.7798657184970997, 5.717547306735927, 1.864100781375203, 1.9219079151714145, 0.522289127519079, 2.129675825164889, 1.8605224669004314, 10.0, 1.089226381084162, 7.889943480005725, 5.3778284591650545, 0.8117121103882873, 9.622390011649554, 1.6926511593516762]
APTIDAO: 
31.82527723111746
GEN: 9300
Individuo: 
[2.1144664670409443, 3.526974273424437, 4.325021820748969, 0.6936458663188506, 0.6724533033613639, 0.45275781564834017, 0.6069997631024053, 0.747029148769665, 0.36490391796954497, 0.3696454160306044, 0.4984027702474771, 0.2692994347998681, 8.213193040692396, 19.302123515439156, 4.688212504732194, 2.657092793878441, 8.753945399551073, 3.9106719364088667, 8.172201343756402, 1.1861640049607787, 1.2744099878680535, 1.6797998625069201, 1.0409974483019664, 0.5543692455904552, 4.740341279516743, 1.0971805552826626, 1.5443087202657622, 0.9478936672321615, 1.9402979666251898, 0.6801937136671555, 1.1290596751622504, 1.0584570090010166, 0.7964619023084696, 2.8288758886484384, 0.7798657184970997, 5.717547306735927, 1.4542179509881201, 1.6544192643585895, 0.4932936273579801, 2.129675825164889, 1.8605224669004314, 10.0, 0.8443086389263725, 6.99296878478563, 4.633798248712004, 0.8117121103882873, 9.622390011649554, 1.6926511593516762]
APTIDAO: 
32.25267583314074
GEN: 9400
Individuo: 
[2.1144664670409443, 3.526974273424437, 4.325021820748969, 0.6936458663188506, 0.6724533033613639, 0.45275781564834017, 0.6069997631024053, 0.747029148769665, 0.36490391796954497, 0.3696454160306044, 0.4927881495052916, 0.2692994347998681, 8.693941853705475, 19.054206993825638, 4.688212504732194, 2.657092793878441, 8.383797103272405, 3.9106719364088667, 8.172201343756402, 1.1861640049607787, 1.2744099878680535, 1.654693886892875, 1.0409974483019664, 0.5543692455904552, 4.740341279516743, 1.0971805552826626, 1.5443087202657622, 0.9478936672321615, 1.9402979666251898, 0.6801937136671555, 1.1290596751622504, 1.0584570090010166, 0.7964619023084696, 2.8288758886484384, 0.4411848965391533, 5.717547306735927, 2.0406960043854117, 0.9141508766628984, 0.4932936273579801, 2.129675825164889, 1.374971591567432, 10.0, 0.8443086389263725, 6.99296878478563, 4.633798248712004, 0.3892274982520149, 9.622390011649554, 1.6926511593516762]
APTIDAO: 
32.207142594781466
GEN: 9500
Individuo: 
[2.1144664670409443, 3.526974273424437, 4.325021820748969, 0.6936458663188506, 0.6724533033613639, 0.45275781564834017, 0.6069997631024053, 0.747029148769665, 0.36490391796954497, 0.3696454160306044, 0.4927881495052916, 0.2692994347998681, 8.693941853705475, 19.054206993825638, 4.688212504732194, 2.657092793878441, 8.753945399551073, 3.9106719364088667, 8.172201343756402, 1.1861640049607787, 1.2744099878680535, 1.654693886892875, 1.0409974483019664, 0.5543692455904552, 4.740341279516743, 1.0971805552826626, 1.5443087202657622, 0.9478936672321615, 1.9402979666251898, 0.6801937136671555, 1.1290596751622504, 1.0584570090010166, 0.7964619023084696, 2.8288758886484384, 0.4411848965391533, 5.717547306735927, 2.0406960043854117, 0.9141508766628984, 0.4932936273579801, 2.129675825164889, 1.8605224669004314, 10.0, 0.8443086389263725, 6.99296878478563, 4.633798248712004, 0.3892274982520149, 9.622390011649554, 1.6926511593516762]
APTIDAO: 
32.207142594781466
GEN: 9600
Individuo: 
[2.1144664670409443, 3.526974273424437, 4.325021820748969, 0.6936458663188506, 0.6724533033613639, 0.45275781564834017, 0.6069997631024053, 0.747029148769665, 0.36490391796954497, 0.3696454160306044, 0.4927881495052916, 0.2692994347998681, 8.693941853705475, 19.054206993825638, 4.688212504732194, 2.992831936369858, 10.320416158766893, 3.9106719364088667, 11.074622212707872, 1.1861640049607787, 1.2744099878680535, 1.654693886892875, 1.0409974483019664, 0.5543692455904552, 4.740341279516743, 1.0971805552826626, 1.5443087202657622, 0.9478936672321615, 1.9402979666251898, 0.6801937136671555, 1.1290596751622504, 1.0584570090010166, 0.7964619023084696, 2.8288758886484384, 0.4411848965391533, 5.717547306735927, 2.0406960043854117, 0.9141508766628984, 0.4932936273579801, 1.7760090025714637, 1.2370578861937236, 10.0, 0.6803225862482981, 6.99296878478563, 4.633798248712004, 0.3892274982520149, 9.622390011649554, 1.6926511593516762]
APTIDAO: 
32.13787165952814
GEN: 9700
Individuo: 
[2.1144664670409443, 3.526974273424437, 4.325021820748969, 0.6936458663188506, 0.6724533033613639, 0.45275781564834017, 0.6069997631024053, 0.747029148769665, 0.36490391796954497, 0.3696454160306044, 0.4927881495052916, 0.2692994347998681, 8.693941853705475, 19.054206993825638, 4.06384638250391, 2.992831936369858, 10.320416158766893, 3.9106719364088667, 11.074622212707872, 1.1861640049607787, 1.2744099878680535, 1.654693886892875, 1.0357254153527153, 0.5543692455904552, 4.740341279516743, 1.0971805552826626, 1.5443087202657622, 0.9478936672321615, 1.9402979666251898, 0.6801937136671555, 1.1290596751622504, 1.0584570090010166, 0.7964619023084696, 2.8288758886484384, 0.4411848965391533, 5.717547306735927, 2.0406960043854117, 0.9141508766628984, 0.5758346830775787, 1.7760090025714637, 1.2370578861937236, 10.0, 0.6803225862482981, 6.99296878478563, 4.633798248712004, 0.3892274982520149, 10.0, 1.6926511593516762]
APTIDAO: 
32.12808927814886
GEN: 9800
Individuo: 
[2.1144664670409443, 3.526974273424437, 4.325021820748969, 0.6936458663188506, 0.6724533033613639, 0.45275781564834017, 0.5984223680823673, 0.747029148769665, 0.36490391796954497, 0.3696454160306044, 0.4927881495052916, 0.2692994347998681, 8.693941853705475, 19.88513733901864, 4.06384638250391, 2.992831936369858, 9.703739118865137, 3.343809513341439, 11.074622212707872, 1.1861640049607787, 1.2687136146892601, 1.654693886892875, 1.0357254153527153, 0.5543692455904552, 4.740341279516743, 1.0971805552826626, 1.5443087202657622, 0.9478936672321615, 1.9402979666251898, 0.6801937136671555, 0.7566845344444775, 1.0584570090010166, 0.7964619023084696, 2.8288758886484384, 0.4411848965391533, 5.717547306735927, 2.0406960043854117, 1.2156366265992975, 0.5758346830775787, 1.7760090025714637, 1.0245789871498836, 10.0, 0.6803225862482981, 6.99296878478563, 3.6555877132493233, 0.3892274982520149, 10.0, 1.6926511593516762]
APTIDAO: 
32.08712185092778
GEN: 9900
Individuo: 
[2.1144664670409443, 3.526974273424437, 4.325021820748969, 0.6293536519783465, 0.6724533033613639, 0.45275781564834017, 0.5984223680823673, 0.747029148769665, 0.36490391796954497, 0.3696454160306044, 0.4927881495052916, 0.2692994347998681, 11.893162145284109, 12.484242998418019, 4.771221446192546, 2.914036028023822, 10.320416158766893, 3.343809513341439, 13.855765709402695, 1.1861640049607787, 1.2687136146892601, 1.654693886892875, 1.0357254153527153, 0.5543692455904552, 4.740341279516743, 1.0971805552826626, 1.5443087202657622, 1.031998731516511, 1.9402979666251898, 0.6801937136671555, 0.7566845344444775, 1.0584570090010166, 0.7964619023084696, 2.8288758886484384, 0.4411848965391533, 5.717547306735927, 2.1454686399392164, 1.0158508924145948, 0.6145718782604094, 1.3476540990527142, 1.2370578861937236, 10.0, 0.7869212226492097, 6.99296878478563, 3.6555877132493233, 0.3892274982520149, 10.0, 1.6926511593516762]
APTIDAO: 
32.23743829263255
GEN: 10000
Individuo: 
[2.114162051231004, 3.379409083140555, 4.325021820748969, 0.6293536519783465, 0.6724533033613639, 0.45275781564834017, 0.5984223680823673, 0.747029148769665, 0.36490391796954497, 0.3696454160306044, 0.4927881495052916, 0.2692994347998681, 5.138121197498023, 12.484242998418019, 4.771221446192546, 2.3845133309724087, 10.320416158766893, 3.343809513341439, 13.855765709402695, 1.1861640049607787, 1.2687136146892601, 1.654693886892875, 1.0357254153527153, 0.5543692455904552, 4.196240854620653, 1.3394200606188624, 1.5443087202657622, 1.031998731516511, 1.9402979666251898, 0.6801937136671555, 0.7566845344444775, 1.0584570090010166, 0.7964619023084696, 2.8288758886484384, 0.4411848965391533, 5.717547306735927, 2.445759574202532, 1.0158508924145948, 0.6145718782604094, 1.7675315085472123, 1.2370578861937236, 10.0, 0.7869212226492097, 6.99296878478563, 3.6555877132493233, 0.3892274982520149, 10.0, 1.6926511593516762]
APTIDAO: 
31.825268191050153

--- RESULTADO FINAL ---
Erro (norma-1): 31.825268191050153
Parâmetros: [2.114162051231004, 3.379409083140555, 4.325021820748969, 0.6293536519783465, 0.6724533033613639, 0.45275781564834017, 0.5984223680823673, 0.747029148769665, 0.36490391796954497, 0.3696454160306044, 0.4927881495052916, 0.2692994347998681, 5.138121197498023, 12.484242998418019, 4.771221446192546, 2.3845133309724087, 10.320416158766893, 3.343809513341439, 13.855765709402695, 1.1861640049607787, 1.2687136146892601, 1.654693886892875, 1.0357254153527153, 0.5543692455904552]
Tempo total: 05h 22m 36s
