SEED: 1778663936
BOUNDS: tau=[0.1, 5.0]  K=[0.1, 1.0]  N=[1.0, 25.0]
GEN: 0
Individuo: 
[4.746358566946293, 1.0099414884832578, 2.274525132185611, 1.7758809115152372, 3.1708195408580493, 0.8747930565482391, 0.10898428223199808, 0.9122782027923386, 0.2214814554401523, 0.4276828683099395, 0.7683934112889211, 0.154058333033022, 17.327110540362238, 5.3177273299400225, 3.2867689904813178, 22.974285657790865, 8.804294114519202, 2.2876495815656845, 1.3478226815175125, 0.7521182307321543, 0.4749747916870284, 1.4491730871506336, 1.9891804479186732, 0.556622698683407, 2.0098076705536005, 5.832530378645318, 8.363460922581515, 0.11904520608170577, 8.796457760334315, 4.000255592524479, 0.7004830022387682, 2.404711510621202, 3.1091475506401065, 1.7551418575349047, 8.10464600718719, 2.137147464008473, 7.517722294727366, 6.802980225542319, 8.814371703006852, 5.018048979414783, 1.4923306324591477, 9.302426473012362, 7.719502768588255, 6.167349459028789, 3.036388300710607, 6.2558317029844694, 4.965010895869085, 4.55468566533915]
APTIDAO: 
154.42484945433006
GEN: 100
Individuo: 
[0.8190176166127299, 1.1684975264361739, 2.301838954874181, 0.2686584410965774, 1.0524845019201978, 0.5822105701974345, 0.14179109227886152, 0.9122782027923386, 0.6922687560357376, 0.4051002547703353, 0.7683934112889211, 0.13493476954058306, 16.647937915663142, 6.100861924699247, 3.2867689904813178, 1.5245540721665563, 2.4920371905984537, 2.2876495815656845, 7.044304560246567, 0.7256390402283163, 0.6314231288229222, 1.9640226868623523, 1.7073357532445044, 0.7043605147114128, 1.9482045430023396, 2.2101663924753616, 10.0, 0.23604763343019847, 2.0099929750405447, 6.611080049938691, 0.7825580820695421, 2.404711510621202, 3.0643876283280114, 1.960786863266017, 8.10464600718719, 1.8981033511875407, 1.6707763647639162, 10.0, 8.814371703006852, 4.1164004887358665, 0.6470344134972177, 9.302426473012362, 2.5732883634068795, 10.0, 3.0641998660958722, 2.5246931825218253, 2.5114926476151465, 5.490860927305087]
APTIDAO: 
95.47259554922097
GEN: 200
Individuo: 
[2.96576646611667, 1.1571735050502714, 4.810279836381477, 0.2686584410965774, 0.8727140903550884, 0.5822105701974345, 0.341675015862163, 0.9122782027923386, 0.6415074651059042, 0.11419206546609952, 0.7683934112889211, 0.10990363710719869, 12.481425351585392, 23.15376979361842, 3.2867689904813178, 1.5245540721665563, 4.242007815680407, 2.2876495815656845, 17.477672634173317, 0.8497908991499217, 0.6314231288229222, 1.7713300518198494, 1.9978307318456205, 0.7043605147114128, 1.3213637656012824, 1.1523024527532197, 8.89657845147823, 0.23604763343019847, 1.56437383099941, 6.611080049938691, 1.507021696754992, 2.404711510621202, 1.739624439932642, 1.2374155907970623, 8.10464600718719, 1.543628039211001, 0.9472512156987187, 4.665587042613843, 8.814371703006852, 4.1164004887358665, 4.814661738015907, 9.302426473012362, 3.0397745573754897, 8.590934015877554, 3.0641998660958722, 2.2619675479801535, 2.152357876426357, 5.490860927305087]
APTIDAO: 
70.13895290059607
GEN: 300
Individuo: 
[2.96576646611667, 1.1684975264361739, 4.881572396789039, 0.16167570257502578, 0.3898033713446743, 0.5822105701974345, 0.341675015862163, 0.9122782027923386, 0.6415074651059042, 0.1251537752453276, 0.7434155237106463, 0.20688597898419214, 13.752684954950734, 24.726552336870114, 3.2867689904813178, 1.9397514704287984, 7.9562797786109485, 4.297180221021095, 5.227659735703664, 1.3059585846648307, 0.6314231288229222, 1.8441858243787657, 1.9978307318456205, 0.7043605147114128, 1.3213637656012824, 2.2101663924753616, 3.5381771361592707, 0.6146488177395242, 1.8870379748995172, 6.611080049938691, 1.507021696754992, 2.404711510621202, 1.739624439932642, 1.0910525728572176, 10.0, 1.117984954494439, 1.334965014327536, 2.493271252244486, 8.814371703006852, 3.169307316614147, 2.3285854173412286, 5.829581332254492, 2.3483900578892802, 5.324634876165812, 3.0641998660958722, 2.264371957326041, 2.152357876426357, 5.490860927305087]
APTIDAO: 
55.74691939255878
GEN: 400
Individuo: 
[2.96576646611667, 1.1684975264361739, 4.881572396789039, 0.16861553204069069, 0.47346377713024546, 0.6149115476678668, 0.341675015862163, 0.9122782027923386, 0.6415074651059042, 0.1251537752453276, 0.7190520687405177, 0.10744195216650525, 24.118326166629018, 22.639290641460782, 3.2867689904813178, 1.7970449935706732, 21.78880149485434, 4.297180221021095, 7.769042528301937, 1.3627624724793954, 0.6314231288229222, 1.8441858243787657, 1.9978307318456205, 0.7043605147114128, 1.3213637656012824, 2.2101663924753616, 3.5381771361592707, 0.4031711437630241, 1.1267192794727197, 4.546873625503265, 1.507021696754992, 2.404711510621202, 1.739624439932642, 1.0910525728572176, 9.118951301649876, 1.9222967511159954, 2.604119465440781, 2.803164567634997, 8.814371703006852, 3.5672608021582217, 2.4310429014321056, 5.829581332254492, 1.4354615790078302, 9.399139994346173, 3.0641998660958722, 2.264371957326041, 2.152357876426357, 5.490860927305087]
APTIDAO: 
51.89852709378932
GEN: 500
Individuo: 
[2.96576646611667, 1.1684975264361739, 4.915004280525801, 0.15659595825841222, 0.6754922374935988, 0.6149115476678668, 0.35421149103518373, 0.9122782027923386, 0.6415074651059042, 0.13216724296360816, 0.7190520687405177, 0.10121158364146968, 24.118326166629018, 15.118463944870769, 3.4077458690778877, 1.7835093016474304, 24.943087051702193, 4.297180221021095, 9.772318630885508, 1.3627624724793954, 0.6314231288229222, 1.8441858243787657, 1.9978307318456205, 0.7762289782913184, 1.3213637656012824, 2.2101663924753616, 2.552460364096684, 0.5904261909910101, 1.185962919674485, 4.546873625503265, 1.1588124220678984, 2.404711510621202, 1.739624439932642, 0.6801860845250712, 9.118951301649876, 3.2167492541805305, 2.604119465440781, 1.5018688894753858, 10.0, 3.9619004957862436, 3.109731190394019, 5.829581332254492, 2.952219115484121, 9.399139994346173, 3.0641998660958722, 2.264371957326041, 2.152357876426357, 4.361916008392479]
APTIDAO: 
49.47921210828551
GEN: 600
Individuo: 
[2.96576646611667, 1.1684975264361739, 4.915004280525801, 0.199999402613009, 0.6754922374935988, 0.6149115476678668, 0.35421149103518373, 0.9122782027923386, 0.6415074651059042, 0.13216724296360816, 0.7190520687405177, 0.10121158364146968, 24.118326166629018, 13.112958773264173, 3.4077458690778877, 1.9990124264002835, 24.943087051702193, 4.297180221021095, 7.701982037224693, 1.3627624724793954, 0.6314231288229222, 1.8441858243787657, 1.9978307318456205, 0.7762289782913184, 1.3213637656012824, 2.2101663924753616, 2.552460364096684, 0.850993441071743, 1.185962919674485, 4.546873625503265, 1.1588124220678984, 2.404711510621202, 1.739624439932642, 0.6801860845250712, 9.118951301649876, 3.2167492541805305, 2.604119465440781, 1.6893823407436654, 10.0, 2.181208058890588, 3.109731190394019, 5.829581332254492, 2.0156816036353327, 9.399139994346173, 3.0641998660958722, 2.264371957326041, 2.152357876426357, 4.361916008392479]
APTIDAO: 
49.32773867504534
GEN: 700
Individuo: 
[2.96576646611667, 1.1684975264361739, 4.915004280525801, 0.18227859821594047, 0.6754922374935988, 0.6149115476678668, 0.35421149103518373, 0.9122782027923386, 0.6415074651059042, 0.13216724296360816, 0.7190520687405177, 0.10121158364146968, 24.118326166629018, 13.683016984156485, 3.4077458690778877, 1.3516813391404623, 24.943087051702193, 4.297180221021095, 7.701982037224693, 1.3585686410515876, 0.6314231288229222, 1.8441858243787657, 1.9978307318456205, 0.7762289782913184, 1.3213637656012824, 2.2101663924753616, 2.552460364096684, 1.2440179500444017, 1.185962919674485, 4.546873625503265, 1.1588124220678984, 2.404711510621202, 1.739624439932642, 0.6801860845250712, 9.118951301649876, 3.2167492541805305, 2.604119465440781, 1.4010484223906259, 10.0, 1.2904709883403176, 3.109731190394019, 5.829581332254492, 2.0156816036353327, 7.980815350092154, 3.0641998660958722, 2.264371957326041, 2.152357876426357, 4.361916008392479]
APTIDAO: 
49.24772039823675
GEN: 800
Individuo: 
[2.96576646611667, 1.1684975264361739, 4.915004280525801, 0.19589593557599672, 0.6833205996767107, 0.6149115476678668, 0.35421149103518373, 0.9122782027923386, 0.6415074651059042, 0.13216724296360816, 0.7190520687405177, 0.10121158364146968, 24.118326166629018, 12.209083582881824, 3.4077458690778877, 1.2126842337079, 24.943087051702193, 4.297180221021095, 7.701982037224693, 1.3404623852003137, 0.6314231288229222, 1.8441858243787657, 1.9978307318456205, 0.7762289782913184, 1.3213637656012824, 2.2101663924753616, 2.552460364096684, 0.616054747881834, 1.0607547172265075, 4.546873625503265, 1.1588124220678984, 2.404711510621202, 1.739624439932642, 0.6801860845250712, 9.118951301649876, 3.2167492541805305, 2.604119465440781, 1.3071750298836253, 10.0, 1.1639075659387197, 3.109731190394019, 5.829581332254492, 2.0156816036353327, 4.280286997595937, 3.0641998660958722, 2.264371957326041, 2.152357876426357, 4.361916008392479]
APTIDAO: 
49.12745107438628
GEN: 900
Individuo: 
[2.96576646611667, 1.1684975264361739, 4.915004280525801, 0.21168154481848317, 0.6833205996767107, 0.6149115476678668, 0.35421149103518373, 0.9122782027923386, 0.6415074651059042, 0.13216724296360816, 0.7190520687405177, 0.10121158364146968, 24.700151324221757, 12.209083582881824, 3.4077458690778877, 1.4887439133621647, 24.943087051702193, 4.297180221021095, 7.701982037224693, 1.3404623852003137, 0.6314231288229222, 1.847534109632133, 1.9978307318456205, 0.7762289782913184, 1.3213637656012824, 2.2101663924753616, 2.552460364096684, 0.6831244347260758, 1.0607547172265075, 4.546873625503265, 1.1588124220678984, 2.404711510621202, 1.739624439932642, 0.6801860845250712, 9.118951301649876, 3.2167492541805305, 2.548660584032079, 1.3071750298836253, 10.0, 1.2640895296578643, 3.109731190394019, 5.829581332254492, 2.0156816036353327, 4.280286997595937, 3.0641998660958722, 1.4972610801035597, 2.152357876426357, 4.361916008392479]
APTIDAO: 
49.04630721479046
GEN: 1000
Individuo: 
[2.96576646611667, 1.1684975264361739, 4.915004280525801, 0.21168154481848317, 0.6833205996767107, 0.6149115476678668, 0.35421149103518373, 0.9122782027923386, 0.6415074651059042, 0.1354694142452152, 0.7190520687405177, 0.10121158364146968, 24.700151324221757, 12.209083582881824, 3.4077458690778877, 1.709988517428582, 24.943087051702193, 4.335292634200103, 7.701982037224693, 1.3404623852003137, 0.6314231288229222, 1.847534109632133, 1.9978307318456205, 0.7762289782913184, 1.3213637656012824, 2.2101663924753616, 2.552460364096684, 0.6831244347260758, 1.0607547172265075, 4.546873625503265, 1.1588124220678984, 2.404711510621202, 1.739624439932642, 0.8669575951178263, 9.118951301649876, 3.2167492541805305, 2.548660584032079, 1.3071750298836253, 10.0, 1.5535783075002323, 3.109731190394019, 2.7300623106886217, 2.0156816036353327, 4.280286997595937, 3.0641998660958722, 1.4972610801035597, 2.152357876426357, 4.361916008392479]
APTIDAO: 
49.042815693482964
GEN: 1100
Individuo: 
[2.96576646611667, 1.1684975264361739, 4.915004280525801, 0.21168154481848317, 0.6833205996767107, 0.6149115476678668, 0.35421149103518373, 0.9122782027923386, 0.6415074651059042, 0.1354694142452152, 0.7190520687405177, 0.10121158364146968, 24.700151324221757, 12.209083582881824, 3.167417418980695, 1.4745233605762522, 24.943087051702193, 4.688033781273796, 7.701982037224693, 1.3404623852003137, 0.6314231288229222, 1.847534109632133, 1.9978307318456205, 0.7762289782913184, 1.3213637656012824, 2.2101663924753616, 2.552460364096684, 0.6831244347260758, 1.0607547172265075, 4.546873625503265, 1.1588124220678984, 2.404711510621202, 1.739624439932642, 0.8669575951178263, 9.118951301649876, 3.2167492541805305, 2.548660584032079, 1.3071750298836253, 6.00578654689429, 1.6401303785939836, 3.109731190394019, 1.5328827506427711, 2.0156816036353327, 4.280286997595937, 3.0641998660958722, 1.4972610801035597, 2.152357876426357, 4.361916008392479]
APTIDAO: 
49.042815693482964
GEN: 1200
Individuo: 
[2.79064903806183, 1.1684975264361739, 4.915004280525801, 0.16932173154994792, 0.8306379096413907, 0.6149115476678668, 0.35421149103518373, 0.9122782027923386, 0.6415074651059042, 0.13000345876027108, 0.7190520687405177, 0.10121158364146968, 24.700151324221757, 12.209083582881824, 3.167417418980695, 1.7388855195408124, 17.381595512836853, 4.468900652822227, 7.701982037224693, 1.296955994695556, 0.6314231288229222, 1.847534109632133, 1.9978307318456205, 0.7762289782913184, 0.7955711166210951, 2.2101663924753616, 2.552460364096684, 0.7980082704456658, 1.5979144509390424, 4.546873625503265, 1.1588124220678984, 2.404711510621202, 1.739624439932642, 0.7409588783416302, 9.118951301649876, 3.2167492541805305, 2.548660584032079, 1.3071750298836253, 6.00578654689429, 0.5939904868506685, 4.556063935193105, 1.3591513102987616, 2.0156816036353327, 6.798586314200166, 3.0641998660958722, 1.4972610801035597, 2.152357876426357, 4.361916008392479]
APTIDAO: 
48.03074733679184
GEN: 1300
Individuo: 
[2.79064903806183, 1.1684975264361739, 4.915004280525801, 0.2527514271361713, 0.8306379096413907, 0.6149115476678668, 0.35421149103518373, 0.8466625049998064, 0.7440061947132094, 0.12363530545479261, 0.7190520687405177, 0.10121158364146968, 24.700151324221757, 11.94142879155254, 3.7048168454049453, 1.6820474985336906, 17.381595512836853, 4.468900652822227, 7.701982037224693, 1.296955994695556, 0.6314231288229222, 1.847534109632133, 1.9978307318456205, 0.7762289782913184, 0.7955711166210951, 2.2101663924753616, 2.552460364096684, 0.5383706071667275, 1.5979144509390424, 4.546873625503265, 1.1588124220678984, 3.0911954905747825, 1.5020481104549743, 0.7048312156126254, 9.118951301649876, 3.2167492541805305, 2.548660584032079, 0.8531359286831012, 7.141384894754717, 0.920882882437122, 4.556063935193105, 1.3591513102987616, 2.0156816036353327, 6.798586314200166, 3.0641998660958722, 1.4972610801035597, 2.152357876426357, 4.361916008392479]
APTIDAO: 
44.941564074315814
GEN: 1400
Individuo: 
[2.79064903806183, 1.1684975264361739, 4.915004280525801, 0.2241092535322748, 1.0208365857847022, 0.5510417903034907, 0.35421149103518373, 0.708356594293223, 0.7440061947132094, 0.10941547281550282, 0.7190520687405177, 0.12377664935824685, 18.89187274806675, 11.94142879155254, 3.7048168454049453, 2.4522841809013496, 1.5554668234759343, 2.9518951102157427, 13.332700876706161, 1.3406810231601658, 0.6314231288229222, 1.847534109632133, 1.9978307318456205, 0.7460462610679887, 0.7955711166210951, 2.2101663924753616, 2.552460364096684, 0.9678019328753378, 1.6661043383722707, 4.069166296234831, 1.1588124220678984, 4.8697647561757345, 1.5020481104549743, 0.9256876596063849, 9.118951301649876, 3.814013131374494, 4.9209295719701345, 0.8531359286831012, 7.141384894754717, 1.125653605970649, 4.011771346812139, 1.061304085193269, 2.2634063678953935, 3.370764727712347, 3.0641998660958722, 1.4972610801035597, 2.152357876426357, 5.538750360236462]
APTIDAO: 
37.37516317112946
GEN: 1500
Individuo: 
[2.79064903806183, 1.1684975264361739, 4.885654469277106, 0.19521153144807704, 1.0208365857847022, 0.5618797192639728, 0.35421149103518373, 0.708356594293223, 0.7440061947132094, 0.11550209081713303, 0.7190520687405177, 0.10688458537082335, 22.298938584863226, 8.286286191923574, 3.7048168454049453, 2.4522841809013496, 20.381838567213237, 2.0707950809170637, 7.243890352610219, 1.3406810231601658, 0.6314231288229222, 1.847534109632133, 1.9978307318456205, 0.7460462610679887, 0.7955711166210951, 2.2101663924753616, 3.0876636140849896, 0.7983203490239671, 1.6661043383722707, 2.2868539280841036, 1.1588124220678984, 4.8697647561757345, 1.5020481104549743, 1.3927736030337006, 9.118951301649876, 1.2782129943747462, 3.432272253428531, 0.6664691605661931, 7.141384894754717, 1.125653605970649, 8.374518873899946, 1.1497269946759896, 4.321441226304444, 3.370764727712347, 3.0641998660958722, 1.4972610801035597, 2.152357876426357, 5.538750360236462]
APTIDAO: 
35.1722629585931
GEN: 1600
Individuo: 
[2.79064903806183, 1.1684975264361739, 4.885654469277106, 0.19521153144807704, 1.0208365857847022, 0.5618797192639728, 0.35421149103518373, 0.708356594293223, 0.745178878718829, 0.11550209081713303, 0.7190520687405177, 0.1017638193171248, 22.298938584863226, 8.08357701328809, 3.7048168454049453, 2.4522841809013496, 20.381838567213237, 2.251171439371569, 10.89188591834122, 1.3406810231601658, 0.6331410528563985, 1.847534109632133, 1.9978307318456205, 0.7460462610679887, 0.7955711166210951, 2.2101663924753616, 3.0876636140849896, 0.7983203490239671, 1.6661043383722707, 2.2868539280841036, 1.1588124220678984, 4.8697647561757345, 2.39863168267486, 1.3927736030337006, 9.118951301649876, 0.6905716824526091, 3.432272253428531, 0.34211899037019655, 7.141384894754717, 1.125653605970649, 8.374518873899946, 0.9969380076248303, 0.832925000327467, 3.370764727712347, 5.048592904057714, 1.4972610801035597, 2.152357876426357, 5.538750360236462]
APTIDAO: 
35.061610508773335
GEN: 1700
Individuo: 
[2.79064903806183, 1.1684975264361739, 4.885654469277106, 0.19521153144807704, 1.0208365857847022, 0.5618797192639728, 0.35421149103518373, 0.708356594293223, 0.745178878718829, 0.11021087834748722, 0.7190520687405177, 0.1017638193171248, 23.362038897474637, 7.9230312561126395, 3.7048168454049453, 2.4522841809013496, 24.245431044482146, 2.251171439371569, 5.5274354572322935, 1.3197318134863814, 0.6331410528563985, 1.847534109632133, 1.9978307318456205, 0.7460462610679887, 0.7955711166210951, 2.2101663924753616, 3.0876636140849896, 0.7983203490239671, 1.6661043383722707, 2.2868539280841036, 1.1588124220678984, 4.8697647561757345, 2.39863168267486, 0.9048474572851855, 9.118951301649876, 0.6905716824526091, 3.569671831429342, 0.5080769207316427, 7.141384894754717, 1.125653605970649, 10.0, 0.9969380076248303, 0.5677076805491955, 2.6726990968247373, 5.048592904057714, 1.4972610801035597, 2.152357876426357, 5.538750360236462]
APTIDAO: 
34.80190551856838
GEN: 1800
Individuo: 
[2.79064903806183, 1.1684975264361739, 4.885654469277106, 0.19521153144807704, 1.0208365857847022, 0.5618797192639728, 0.35873388522863275, 0.708356594293223, 0.7468688323763641, 0.11388862161530998, 0.7190520687405177, 0.1017638193171248, 24.24709085271707, 7.9230312561126395, 3.7048168454049453, 2.5811541132064555, 24.245431044482146, 2.251171439371569, 4.6090300357777965, 1.321578866564562, 0.6331410528563985, 1.847534109632133, 1.9978307318456205, 0.7460462610679887, 0.7955711166210951, 2.2101663924753616, 3.0876636140849896, 0.7983203490239671, 1.6661043383722707, 2.2868539280841036, 1.5653306842445764, 4.8697647561757345, 1.5929904318599457, 1.287404146668472, 9.118951301649876, 0.6905716824526091, 3.0492727988239237, 0.5080769207316427, 7.141384894754717, 1.2287767167469403, 10.0, 0.9969380076248303, 0.8650632832375903, 2.759729163106199, 5.048592904057714, 1.4972610801035597, 2.152357876426357, 5.538750360236462]
APTIDAO: 
34.73496462393304
GEN: 1900
Individuo: 
[2.79064903806183, 1.1684975264361739, 4.885654469277106, 0.19521153144807704, 1.0208365857847022, 0.5618797192639728, 0.35873388522863275, 0.708356594293223, 0.7468688323763641, 0.11388862161530998, 0.7190520687405177, 0.10062822467059358, 24.24709085271707, 7.9230312561126395, 3.7048168454049453, 2.5811541132064555, 24.245431044482146, 2.251171439371569, 3.8159565292807955, 1.321578866564562, 0.6331410528563985, 1.847534109632133, 1.9978307318456205, 0.7460462610679887, 0.7955711166210951, 2.2101663924753616, 3.0876636140849896, 0.7983203490239671, 1.6661043383722707, 2.2868539280841036, 1.5653306842445764, 4.8697647561757345, 1.5929904318599457, 1.287404146668472, 9.118951301649876, 0.7113184714015958, 3.0492727988239237, 0.5080769207316427, 7.141384894754717, 1.2287767167469403, 10.0, 0.9969380076248303, 1.3341779467311399, 2.759729163106199, 5.048592904057714, 1.4972610801035597, 2.152357876426357, 5.538750360236462]
APTIDAO: 
34.67365638510611
GEN: 2000
Individuo: 
[2.79064903806183, 1.1684975264361739, 4.885654469277106, 0.19521153144807704, 1.0208365857847022, 0.5618797192639728, 0.35873388522863275, 0.708356594293223, 0.7468688323763641, 0.11657484188205028, 0.7188964333332204, 0.10062822467059358, 24.24709085271707, 7.24854836921494, 3.7048168454049453, 2.5860632431708477, 24.85062648245009, 2.4306061909119334, 3.5019129739054167, 1.321578866564562, 0.6331410528563985, 1.847534109632133, 1.9978307318456205, 0.7460462610679887, 0.7955711166210951, 2.2101663924753616, 3.0876636140849896, 0.7983203490239671, 1.6661043383722707, 2.2868539280841036, 1.5653306842445764, 4.8697647561757345, 1.5929904318599457, 0.6755221870372914, 7.770722462027029, 0.7113184714015958, 3.0492727988239237, 0.592821718779972, 7.141384894754717, 1.025937325627326, 10.0, 1.983687641986862, 1.3725882758343222, 2.759729163106199, 5.048592904057714, 1.4972610801035597, 2.152357876426357, 5.538750360236462]
APTIDAO: 
34.657429437358786
GEN: 2100
Individuo: 
[2.79064903806183, 1.1684975264361739, 3.8540252174780494, 0.14718113316974826, 1.4767334395425038, 0.5618797192639728, 0.35873388522863275, 0.708356594293223, 0.7468688323763641, 0.11657484188205028, 0.7188964333332204, 0.10036183757380415, 24.24709085271707, 7.24854836921494, 3.7048168454049453, 2.742615925162706, 10.305576699685254, 2.4306061909119334, 2.015302630500087, 1.321578866564562, 0.6331410528563985, 1.847534109632133, 1.9978307318456205, 0.7460462610679887, 0.7955711166210951, 2.2101663924753616, 1.786534891073796, 1.6291253254791225, 1.3751044162382526, 2.2868539280841036, 1.5653306842445764, 4.8697647561757345, 1.5929904318599457, 0.6755221870372914, 7.770722462027029, 0.6343581824908695, 3.0492727988239237, 0.592821718779972, 7.141384894754717, 0.9621166000580657, 10.0, 1.983687641986862, 1.3765702967987097, 2.759729163106199, 5.048592904057714, 1.4972610801035597, 2.152357876426357, 5.538750360236462]
APTIDAO: 
33.78667200866159
GEN: 2200
Individuo: 
[2.79064903806183, 1.1684975264361739, 3.8540252174780494, 0.13197481239840883, 1.4767334395425038, 0.5618797192639728, 0.35873388522863275, 0.708356594293223, 0.7468688323763641, 0.1018094387472881, 0.7146025433402031, 0.10338321077674417, 21.8469106634287, 6.427995737421947, 3.7048168454049453, 2.742615925162706, 8.493206394108604, 2.9581687268403316, 2.806497658023756, 1.3145524488537936, 0.6331410528563985, 1.847534109632133, 1.9978307318456205, 0.7460462610679887, 0.7955711166210951, 2.2101663924753616, 1.786534891073796, 1.1807322767954636, 1.3751044162382526, 2.2868539280841036, 1.5653306842445764, 4.8697647561757345, 1.5929904318599457, 0.6595567876865821, 5.880191574132218, 1.0210395291481515, 2.453769249116119, 0.6570615493722356, 7.141384894754717, 0.9621166000580657, 8.312957977457788, 1.5658088720402668, 1.7403289524274024, 3.086708597481845, 5.048592904057714, 1.4972610801035597, 2.152357876426357, 5.538750360236462]
APTIDAO: 
33.60076560168661
GEN: 2300
Individuo: 
[2.79064903806183, 1.1684975264361739, 3.8540252174780494, 0.13483248187428382, 1.4767334395425038, 0.5618797192639728, 0.35873388522863275, 0.708356594293223, 0.7468688323763641, 0.13461995600989887, 0.7146025433402031, 0.10338321077674417, 21.8469106634287, 6.376509610039606, 3.7048168454049453, 2.742615925162706, 24.806598536074926, 2.9581687268403316, 2.8261757055501295, 1.3145524488537936, 0.6331410528563985, 1.847534109632133, 1.9978307318456205, 0.7460462610679887, 0.7955711166210951, 2.2101663924753616, 1.786534891073796, 0.9425435837831141, 1.3751044162382526, 2.2868539280841036, 1.5653306842445764, 4.8697647561757345, 1.5929904318599457, 0.8904227081891797, 5.880191574132218, 1.0210395291481515, 2.453769249116119, 1.10173260985986, 7.141384894754717, 0.9621166000580657, 2.0264106231040384, 1.5658088720402668, 1.547675852105618, 3.086708597481845, 5.048592904057714, 1.4972610801035597, 2.152357876426357, 5.538750360236462]
APTIDAO: 
33.570280236421006
GEN: 2400
Individuo: 
[2.79064903806183, 1.1684975264361739, 3.8540252174780494, 0.13197481239840883, 1.4767334395425038, 0.5618797192639728, 0.35873388522863275, 0.708356594293223, 0.7468688323763641, 0.1372387292659712, 0.7146025433402031, 0.10455681178902997, 24.514652262957537, 6.376509610039606, 3.7048168454049453, 2.693125222767385, 23.50078379085468, 2.6669653481665656, 2.8261757055501295, 1.3145524488537936, 0.6331410528563985, 1.847534109632133, 1.993914258062435, 0.7457583626519174, 0.7955711166210951, 2.2101663924753616, 1.786534891073796, 1.1807322767954636, 1.3751044162382526, 2.2868539280841036, 1.5653306842445764, 4.8697647561757345, 1.5929904318599457, 0.8291829959366794, 5.880191574132218, 0.9880981412435957, 3.073972793817082, 1.10173260985986, 7.141384894754717, 1.0201994899129319, 5.1792449225386745, 1.091232363424291, 1.547675852105618, 3.086708597481845, 5.048592904057714, 1.4972610801035597, 1.7628593541601036, 7.8297658624251385]
APTIDAO: 
33.545722041548174
GEN: 2500
Individuo: 
[2.79064903806183, 1.1684975264361739, 3.8540252174780494, 0.12886365269251138, 1.4767334395425038, 0.5618797192639728, 0.35873388522863275, 0.708356594293223, 0.7468688323763641, 0.13590095081135456, 0.7184150334431791, 0.10514334179536067, 24.514652262957537, 6.376509610039606, 3.7048168454049453, 2.693125222767385, 16.79975450840035, 2.6669653481665656, 2.8261757055501295, 1.3145524488537936, 0.6331410528563985, 1.8478757974907225, 1.993914258062435, 0.7457583626519174, 0.7955711166210951, 2.2101663924753616, 1.786534891073796, 1.290326233698885, 1.3751044162382526, 2.2868539280841036, 1.5653306842445764, 4.8697647561757345, 1.5929904318599457, 0.8643601514076997, 9.872412313841961, 1.2312898522352889, 3.073972793817082, 1.10173260985986, 7.141384894754717, 1.0201994899129319, 3.573769529058693, 1.091232363424291, 1.547675852105618, 3.086708597481845, 5.048592904057714, 2.1272436486771746, 1.7628593541601036, 7.8297658624251385]
APTIDAO: 
33.52898427118793
GEN: 2600
Individuo: 
[2.79064903806183, 1.1684975264361739, 3.8540252174780494, 0.18917139645261755, 1.4767334395425038, 0.5341872931038418, 0.35873388522863275, 0.708356594293223, 0.9909236727535999, 0.1711508438384803, 0.7184150334431791, 0.10514334179536067, 15.378389817352867, 5.033195375312297, 3.7048168454049453, 2.5901205428064964, 19.15037576779829, 2.0366498732566116, 2.068098699812602, 1.3145524488537936, 0.7771888446484738, 1.8478757974907225, 1.993914258062435, 0.7422573970094505, 0.7955711166210951, 2.2101663924753616, 1.786534891073796, 1.289985423371113, 1.3751044162382526, 1.1727001682084595, 1.5653306842445764, 4.8697647561757345, 2.5261473913782875, 1.2481108114938801, 9.872412313841961, 1.2312898522352889, 5.1896011189415, 1.0460852265171692, 7.141384894754717, 0.7433964936514815, 1.8829686798188698, 1.1223672766904018, 1.3289913141687595, 3.086708597481845, 4.8151483097742735, 2.1272436486771746, 1.7628593541601036, 5.149321741310465]
APTIDAO: 
28.411290773277333
GEN: 2700
Individuo: 
[2.79064903806183, 1.1684975264361739, 3.8540252174780494, 0.18917139645261755, 1.4767334395425038, 0.5323559198612209, 0.35873388522863275, 0.708356594293223, 0.9909236727535999, 0.16605990765558507, 0.7184150334431791, 0.10205691071980509, 15.378389817352867, 5.43199841570014, 3.2992138337899513, 2.9790994868381917, 23.537445397485147, 2.2411255968752464, 2.068098699812602, 1.3145524488537936, 0.7771888446484738, 1.8478757974907225, 1.993914258062435, 0.7422573970094505, 0.7955711166210951, 2.2101663924753616, 1.786534891073796, 1.289985423371113, 1.3751044162382526, 0.908916738659042, 1.5653306842445764, 4.8697647561757345, 2.5261473913782875, 1.2197043313945928, 9.872412313841961, 1.2889967986996607, 5.1896011189415, 2.4929240744857846, 7.492324558669645, 0.7442178202724514, 1.821342546138607, 2.307130795520307, 1.3289913141687595, 3.086708597481845, 4.8151483097742735, 2.1272436486771746, 1.7628593541601036, 5.149321741310465]
APTIDAO: 
28.393431771191246
GEN: 2800
Individuo: 
[2.79064903806183, 1.1684975264361739, 3.8540252174780494, 0.18917139645261755, 1.4767334395425038, 0.557757694391498, 0.3809312617354169, 0.708356594293223, 0.9909236727535999, 0.14040237486039467, 0.7184150334431791, 0.11999415792951189, 22.89640780401626, 5.43199841570014, 3.2992138337899513, 2.9729011645672707, 20.548709814375236, 2.2411255968752464, 2.5018531251745157, 1.3145524488537936, 0.7771888446484738, 1.8478757974907225, 1.993914258062435, 0.7422573970094505, 0.7955711166210951, 2.2101663924753616, 1.786534891073796, 1.289985423371113, 1.3751044162382526, 1.125066497668645, 2.1839538152231226, 4.8697647561757345, 2.5261473913782875, 1.1762293043397847, 9.872412313841961, 1.7149787512658228, 4.566511589825705, 2.4929240744857846, 7.492324558669645, 0.8023954883367787, 8.334045951432534, 2.307130795520307, 1.8458597864112567, 3.086708597481845, 4.8151483097742735, 2.1272436486771746, 1.7628593541601036, 5.149321741310465]
APTIDAO: 
27.54867449500734
GEN: 2900
Individuo: 
[2.79064903806183, 1.1684975264361739, 3.8540252174780494, 0.20711949610151462, 1.4767334395425038, 0.5511970553714349, 0.3809312617354169, 0.708356594293223, 0.9909236727535999, 0.10526425649553038, 0.7184150334431791, 0.11999415792951189, 22.89640780401626, 5.097198838631064, 3.2992138337899513, 2.505973943676355, 16.85861097995479, 2.8220239803921867, 2.5018531251745157, 1.3145524488537936, 0.7771888446484738, 1.8478757974907225, 1.993914258062435, 0.7422573970094505, 0.7955711166210951, 2.2101663924753616, 1.786534891073796, 1.4623732919818289, 1.3751044162382526, 1.09049356282153, 2.1839538152231226, 4.8697647561757345, 2.5261473913782875, 1.2482490444590353, 9.872412313841961, 1.7149787512658228, 4.566511589825705, 2.004729344506034, 7.492324558669645, 0.6298118387345774, 10.0, 2.965307537951645, 1.8458597864112567, 3.086708597481845, 4.8151483097742735, 2.1272436486771746, 1.7628593541601036, 5.149321741310465]
APTIDAO: 
27.403819533488868
GEN: 3000
Individuo: 
[2.79064903806183, 1.1684975264361739, 3.8657408213675146, 0.26226314023556735, 1.4239545509057279, 0.5511970553714349, 0.38995562228496955, 0.708356594293223, 0.9909236727535999, 0.1465013299660895, 0.7184150334431791, 0.11999415792951189, 19.349941810323294, 5.002468347034226, 3.2992138337899513, 2.6567024551460494, 24.26995751725758, 2.030403924228709, 2.5018531251745157, 1.3145524488537936, 0.7771888446484738, 1.8478757974907225, 1.993914258062435, 0.7422573970094505, 0.7955711166210951, 2.2101663924753616, 1.444237366967693, 0.710176072332234, 1.3234217223273739, 1.09049356282153, 2.8903000436612705, 4.8697647561757345, 2.5261473913782875, 2.3047902034928858, 9.872412313841961, 1.7149787512658228, 2.7922823818316056, 2.352853674752381, 7.492324558669645, 0.8923665008042694, 2.6304851515451473, 3.1082809155653974, 1.8458597864112567, 3.086708597481845, 4.8151483097742735, 2.1272436486771746, 1.7628593541601036, 5.149321741310465]
APTIDAO: 
27.31128277126639
GEN: 3100
Individuo: 
[2.79064903806183, 1.1684975264361739, 3.8657408213675146, 0.27595513493445034, 1.4239545509057279, 0.5502840261104757, 0.38995562228496955, 0.708356594293223, 0.9909236727535999, 0.1017406887250226, 0.7184150334431791, 0.11999415792951189, 20.628394211652065, 5.002468347034226, 3.2992138337899513, 2.6567024551460494, 24.26995751725758, 2.030403924228709, 2.5018531251745157, 1.3145524488537936, 0.7771888446484738, 1.8478757974907225, 1.993914258062435, 0.7529986295598678, 0.7955711166210951, 2.2101663924753616, 1.444237366967693, 1.062732247698446, 1.3234217223273739, 1.3069562934928376, 2.8903000436612705, 4.8697647561757345, 2.5261473913782875, 1.796133423054536, 9.872412313841961, 1.7149787512658228, 1.9040751907434166, 2.352853674752381, 7.492324558669645, 0.8923665008042694, 2.6304851515451473, 3.1082809155653974, 1.8458597864112567, 3.086708597481845, 4.8151483097742735, 2.1272436486771746, 1.7628593541601036, 4.354701962591064]
APTIDAO: 
27.043109712789267
GEN: 3200
Individuo: 
[2.79064903806183, 1.1684975264361739, 3.8750985320312368, 0.27595513493445034, 1.4239545509057279, 0.5502840261104757, 0.38995562228496955, 0.708356594293223, 0.9909236727535999, 0.1017406887250226, 0.7184150334431791, 0.11999415792951189, 20.25501198891777, 5.002468347034226, 3.2992138337899513, 2.951818138733401, 23.664207198636525, 2.030403924228709, 2.5018531251745157, 1.3145524488537936, 0.7771888446484738, 1.8478757974907225, 1.9981643416194284, 0.7529986295598678, 0.7955711166210951, 2.2101663924753616, 1.834886959990782, 1.062732247698446, 1.3234217223273739, 1.3069562934928376, 2.8903000436612705, 4.8697647561757345, 2.5261473913782875, 1.796133423054536, 9.872412313841961, 1.7149787512658228, 1.0654516110380539, 2.352853674752381, 7.492324558669645, 1.1331918040736966, 4.916632730740674, 3.1082809155653974, 1.8458597864112567, 3.086708597481845, 4.8151483097742735, 2.1272436486771746, 1.6621766607775557, 4.354701962591064]
APTIDAO: 
27.010196322153682
GEN: 3300
Individuo: 
[2.79064903806183, 1.1684975264361739, 3.8657408213675146, 0.2835799675639915, 1.4239545509057279, 0.5502840261104757, 0.38995562228496955, 0.708356594293223, 0.9909236727535999, 0.1017406887250226, 0.7184150334431791, 0.12032746468631844, 24.800576437710458, 5.002468347034226, 3.2992138337899513, 2.2576009935539143, 22.79994580484354, 2.030403924228709, 2.5018531251745157, 1.3145524488537936, 0.7771888446484738, 1.8478757974907225, 1.9981643416194284, 0.7529986295598678, 0.7955711166210951, 2.2101663924753616, 1.444237366967693, 3.76215201423889, 1.3234217223273739, 1.3069562934928376, 2.8903000436612705, 4.8697647561757345, 2.5261473913782875, 1.796133423054536, 9.872412313841961, 1.6221321906665418, 1.3827527015290129, 2.352853674752381, 7.492324558669645, 0.7750888222281365, 7.157607612711825, 3.1082809155653974, 1.8458597864112567, 3.086708597481845, 4.8151483097742735, 2.1272436486771746, 1.6621766607775557, 4.354701962591064]
APTIDAO: 
26.968803798327603
GEN: 3400
Individuo: 
[2.79064903806183, 1.1684975264361739, 3.8657408213675146, 0.28680874585785154, 1.4239545509057279, 0.5502840261104757, 0.38791109680456226, 0.708356594293223, 0.9909236727535999, 0.1017406887250226, 0.7184150334431791, 0.12032746468631844, 24.800576437710458, 5.5724076432604575, 3.2992138337899513, 2.2576009935539143, 24.784791080105688, 2.071074052714391, 2.954757574318619, 1.3145524488537936, 0.7771888446484738, 1.8478757974907225, 1.9981643416194284, 0.7529986295598678, 0.7955711166210951, 2.2101663924753616, 1.444237366967693, 3.550935114396595, 1.3234217223273739, 1.3069562934928376, 4.376544204514737, 4.8697647561757345, 2.5261473913782875, 1.796133423054536, 9.872412313841961, 1.6221321906665418, 1.3827527015290129, 1.933333943108631, 7.492324558669645, 0.7750888222281365, 10.0, 4.264739586207346, 3.1945647747087103, 3.086708597481845, 4.8151483097742735, 2.1272436486771746, 1.6621766607775557, 4.354701962591064]
APTIDAO: 
26.953719426887517
GEN: 3500
Individuo: 
[2.79064903806183, 1.1684975264361739, 3.8657408213675146, 0.28680874585785154, 1.4239545509057279, 0.5502840261104757, 0.38791109680456226, 0.708356594293223, 0.9909236727535999, 0.10744774044782132, 0.7184150334431791, 0.12032746468631844, 21.3027115708488, 5.5724076432604575, 3.938274334898501, 2.079615233181278, 24.784791080105688, 2.071074052714391, 2.1923763417009936, 1.3145524488537936, 0.7815848751998242, 1.8478757974907225, 1.9981643416194284, 0.7529986295598678, 0.7955711166210951, 2.2101663924753616, 1.444237366967693, 3.550935114396595, 1.3234217223273739, 1.3069562934928376, 4.376544204514737, 4.8697647561757345, 2.5261473913782875, 2.1917429698218234, 9.872412313841961, 1.6221321906665418, 0.8149961426159721, 1.933333943108631, 8.021848776306237, 0.7361850767145663, 10.0, 4.264739586207346, 0.9417091535460275, 3.086708597481845, 3.8318713622885374, 2.1272436486771746, 1.6621766607775557, 4.354701962591064]
APTIDAO: 
26.91488431590994
GEN: 3600
Individuo: 
[2.79064903806183, 1.1684975264361739, 3.8657408213675146, 0.28680874585785154, 1.4239545509057279, 0.5502840261104757, 0.38791109680456226, 0.708356594293223, 0.9909236727535999, 0.10744774044782132, 0.7184150334431791, 0.12032746468631844, 21.3027115708488, 5.5724076432604575, 3.938274334898501, 2.079615233181278, 24.784791080105688, 2.071074052714391, 2.1923763417009936, 1.3145524488537936, 0.7815848751998242, 1.8478757974907225, 1.9981643416194284, 0.7529986295598678, 0.7955711166210951, 2.2101663924753616, 1.444237366967693, 3.550935114396595, 1.3234217223273739, 1.3069562934928376, 4.376544204514737, 4.8697647561757345, 2.5261473913782875, 2.1917429698218234, 9.872412313841961, 1.6221321906665418, 0.8149961426159721, 1.933333943108631, 8.021848776306237, 0.7361850767145663, 10.0, 4.264739586207346, 0.9417091535460275, 3.086708597481845, 3.8318713622885374, 2.1272436486771746, 1.6621766607775557, 4.354701962591064]
APTIDAO: 
26.91488431590994
GEN: 3700
Individuo: 
[2.79064903806183, 1.1684975264361739, 3.8657408213675146, 0.3045076438674227, 1.4239545509057279, 0.5502840261104757, 0.38791109680456226, 0.708356594293223, 0.9909236727535999, 0.1124222422589983, 0.7184150334431791, 0.11809592540989315, 21.3027115708488, 5.5724076432604575, 3.938274334898501, 2.079615233181278, 16.050046576090832, 2.071074052714391, 2.174262996402341, 1.3145524488537936, 0.7815848751998242, 1.8478757974907225, 1.9981643416194284, 0.7529986295598678, 0.7955711166210951, 2.2101663924753616, 1.444237366967693, 2.984813237134699, 1.3234217223273739, 1.3069562934928376, 4.376544204514737, 4.8697647561757345, 2.5261473913782875, 2.578525007261693, 9.872412313841961, 2.5001807471774575, 0.8149961426159721, 1.933333943108631, 8.021848776306237, 0.7361850767145663, 10.0, 4.264739586207346, 1.0650955330140688, 3.086708597481845, 3.8318713622885374, 2.1272436486771746, 1.6621766607775557, 4.354701962591064]
APTIDAO: 
26.863437765991723
GEN: 3800
Individuo: 
[2.79064903806183, 1.1684975264361739, 3.8657408213675146, 0.3016811740036191, 1.4239545509057279, 0.5502840261104757, 0.38791109680456226, 0.708356594293223, 0.9909236727535999, 0.11099446693418746, 0.7184150334431791, 0.11809592540989315, 24.259596575144677, 5.5724076432604575, 3.168866895512511, 2.079615233181278, 14.422552067691072, 2.071074052714391, 2.284953092593333, 1.3145524488537936, 0.7815848751998242, 1.8478757974907225, 1.9981643416194284, 0.7529986295598678, 0.7955711166210951, 2.2101663924753616, 1.444237366967693, 2.432009873677413, 1.3234217223273739, 1.3069562934928376, 4.376544204514737, 4.8697647561757345, 2.5261473913782875, 1.684378338116145, 9.872412313841961, 2.5001807471774575, 0.7724173777756786, 1.933333943108631, 10.0, 0.7361850767145663, 7.000363699733648, 4.264739586207346, 1.0164669153585095, 3.086708597481845, 3.8318713622885374, 2.1272436486771746, 1.6621766607775557, 4.354701962591064]
APTIDAO: 
26.81328788667022
GEN: 3900
Individuo: 
[2.79064903806183, 1.1684975264361739, 3.8657408213675146, 0.3016811740036191, 1.4239545509057279, 0.5502840261104757, 0.41968420278956126, 0.708356594293223, 0.9974985998437242, 0.11099446693418746, 0.7184150334431791, 0.11809592540989315, 14.797673403653423, 5.5724076432604575, 2.646272651632257, 2.765609390138293, 20.96355938001259, 2.071074052714391, 2.3266803924325066, 1.3145524488537936, 0.7815848751998242, 1.8478757974907225, 1.9981643416194284, 0.7540857340562719, 0.7955711166210951, 2.2101663924753616, 1.444237366967693, 2.432009873677413, 1.3234217223273739, 1.3069562934928376, 2.4774604743523465, 4.8697647561757345, 2.953015892810157, 1.684378338116145, 9.872412313841961, 2.5001807471774575, 0.5238725453706286, 1.933333943108631, 7.840247033494965, 1.3908448808989693, 4.342492774589947, 4.264739586207346, 1.188528227447364, 3.086708597481845, 3.8318713622885374, 2.1272436486771746, 1.6621766607775557, 3.4210901613208358]
APTIDAO: 
26.240429027239323
GEN: 4000
Individuo: 
[2.79064903806183, 1.1684975264361739, 3.8657408213675146, 0.4214962001195896, 1.4239545509057279, 0.5502840261104757, 0.41968420278956126, 0.708356594293223, 0.9974985998437242, 0.15567080128863367, 0.7184150334431791, 0.11570080970825093, 14.797673403653423, 5.893248750687899, 2.646272651632257, 2.765609390138293, 11.145765401420828, 2.071074052714391, 2.5577808649234632, 1.3145524488537936, 0.7815848751998242, 1.8478757974907225, 1.9981643416194284, 0.7540857340562719, 0.7955711166210951, 2.2101663924753616, 1.444237366967693, 2.6180786249031947, 1.3234217223273739, 1.3069562934928376, 2.4774604743523465, 4.8697647561757345, 2.953015892810157, 1.1230217291654083, 9.872412313841961, 3.6308135027314603, 0.5238725453706286, 1.9729277327244688, 7.840247033494965, 1.3908448808989693, 2.1702204927318802, 4.264739586207346, 1.5742533890414419, 3.086708597481845, 3.8318713622885374, 2.1272436486771746, 1.6621766607775557, 3.4210901613208358]
APTIDAO: 
26.174210320104663
GEN: 4100
Individuo: 
[2.79064903806183, 1.176663509930397, 3.8657408213675146, 0.420273943689523, 1.4239545509057279, 0.5582483840443141, 0.41968420278956126, 0.708356594293223, 0.9974985998437242, 0.15567080128863367, 0.7040147000996219, 0.11570080970825093, 14.797673403653423, 5.734160383749156, 2.646272651632257, 2.765609390138293, 20.648015715480778, 2.071074052714391, 2.4437550602136544, 1.3145524488537936, 0.7815848751998242, 1.8478757974907225, 1.9981643416194284, 0.7540857340562719, 0.7955711166210951, 2.1348196428754393, 1.444237366967693, 7.3263949770715, 1.3234217223273739, 2.726494247895765, 2.4774604743523465, 4.8697647561757345, 2.953015892810157, 1.1230217291654083, 8.143285208057536, 3.6308135027314603, 0.5238725453706286, 1.9157559688210395, 7.840247033494965, 1.3908448808989693, 4.027560014913972, 4.264739586207346, 0.694330625882721, 3.086708597481845, 3.8318713622885374, 2.1272436486771746, 1.6621766607775557, 3.4210901613208358]
APTIDAO: 
25.976375695178103
GEN: 4200
Individuo: 
[2.79064903806183, 1.176663509930397, 3.8657408213675146, 0.420273943689523, 1.4239545509057279, 0.5582483840443141, 0.41968420278956126, 0.708356594293223, 0.9974273776123429, 0.15567080128863367, 0.7040147000996219, 0.1133655829595198, 14.797673403653423, 5.734160383749156, 2.646272651632257, 2.1963263531455133, 24.662477958322324, 2.071074052714391, 2.2283609152961765, 1.3145524488537936, 0.7815848751998242, 1.8478757974907225, 1.9981643416194284, 0.7540857340562719, 0.7955711166210951, 2.1348196428754393, 1.444237366967693, 7.3263949770715, 1.3234217223273739, 2.726494247895765, 2.4774604743523465, 4.8697647561757345, 2.0002156690605895, 1.1230217291654083, 8.143285208057536, 3.218203121923906, 0.5238725453706286, 1.9157559688210395, 7.840247033494965, 2.261747072678494, 3.028469276564456, 4.264739586207346, 0.7941322302574426, 3.086708597481845, 3.8318713622885374, 2.1272436486771746, 1.6621766607775557, 3.4210901613208358]
APTIDAO: 
25.963782497980926
GEN: 4300
Individuo: 
[2.79064903806183, 1.176663509930397, 3.8657408213675146, 0.420273943689523, 1.4239545509057279, 0.5582483840443141, 0.41968420278956126, 0.708356594293223, 0.9974273776123429, 0.15567080128863367, 0.7040147000996219, 0.1133655829595198, 14.797673403653423, 5.494789983534146, 2.646272651632257, 2.1963263531455133, 24.662477958322324, 2.071074052714391, 2.2283609152961765, 1.3145524488537936, 0.7815848751998242, 1.8478757974907225, 1.9981643416194284, 0.7540857340562719, 0.7955711166210951, 2.1348196428754393, 1.444237366967693, 7.3263949770715, 1.3234217223273739, 2.726494247895765, 2.4774604743523465, 4.8697647561757345, 2.0002156690605895, 1.1230217291654083, 8.143285208057536, 3.218203121923906, 0.5238725453706286, 1.7279530680881618, 7.840247033494965, 2.261747072678494, 3.028469276564456, 4.264739586207346, 0.7941322302574426, 3.086708597481845, 3.8318713622885374, 2.1272436486771746, 1.6621766607775557, 3.4210901613208358]
APTIDAO: 
25.963782497980926
GEN: 4400
Individuo: 
[2.79064903806183, 1.176663509930397, 3.8657408213675146, 0.420273943689523, 1.4441744532521608, 0.5679351662998392, 0.41968420278956126, 0.708356594293223, 0.9974273776123429, 0.15567080128863367, 0.7040147000996219, 0.1133655829595198, 23.224473659413245, 5.494789983534146, 2.646272651632257, 2.1963263531455133, 22.34253162079078, 2.027906166763279, 2.001765516499711, 1.3145524488537936, 0.7815848751998242, 1.8478757974907225, 1.9981643416194284, 0.7540857340562719, 0.7955711166210951, 2.1348196428754393, 1.444237366967693, 7.3263949770715, 1.3392633043045157, 2.3119543496091737, 2.4774604743523465, 4.8697647561757345, 2.0002156690605895, 1.1230217291654083, 8.143285208057536, 3.218203121923906, 0.7749360606667288, 1.7279530680881618, 7.840247033494965, 2.261747072678494, 3.36023491182493, 6.055322977742362, 0.8055363362114935, 3.086708597481845, 3.8318713622885374, 2.1272436486771746, 1.6621766607775557, 3.4210901613208358]
APTIDAO: 
25.710350398696907
GEN: 4500
Individuo: 
[2.79064903806183, 1.176663509930397, 3.8657408213675146, 0.420273943689523, 1.4441744532521608, 0.5679351662998392, 0.41968420278956126, 0.708356594293223, 0.9974273776123429, 0.15567080128863367, 0.7040147000996219, 0.1133655829595198, 24.34560363007643, 5.494789983534146, 2.646272651632257, 2.4987574244076893, 21.099226166596612, 2.027906166763279, 2.895531394994593, 1.3145524488537936, 0.7815848751998242, 1.8478757974907225, 1.9981643416194284, 0.7540857340562719, 0.7955711166210951, 2.1348196428754393, 1.444237366967693, 7.3263949770715, 1.3392633043045157, 2.3119543496091737, 2.4774604743523465, 4.8697647561757345, 2.0002156690605895, 1.1230217291654083, 8.143285208057536, 3.218203121923906, 0.5329222118601563, 1.7279530680881618, 7.840247033494965, 1.907803180191643, 2.2302967049091738, 6.055322977742362, 0.8800042191996583, 3.086708597481845, 3.8318713622885374, 2.1272436486771746, 1.6621766607775557, 3.4210901613208358]
APTIDAO: 
25.703096549965466
GEN: 4600
Individuo: 
[2.79064903806183, 1.176663509930397, 3.8657408213675146, 0.420273943689523, 1.4441744532521608, 0.5679351662998392, 0.41968420278956126, 0.708356594293223, 0.9974273776123429, 0.15565276227949557, 0.7040147000996219, 0.1133655829595198, 24.34560363007643, 5.494789983534146, 2.646272651632257, 2.7292739972879936, 23.3140011328233, 2.027906166763279, 2.077807523844353, 1.3145524488537936, 0.7815848751998242, 1.8478757974907225, 1.9981643416194284, 0.7540857340562719, 0.7955711166210951, 2.1348196428754393, 1.444237366967693, 7.3263949770715, 1.3392633043045157, 2.3119543496091737, 2.4774604743523465, 4.8697647561757345, 2.0002156690605895, 1.228763164070987, 8.143285208057536, 3.218203121923906, 0.5329222118601563, 1.7279530680881618, 7.840247033494965, 1.7185707475962322, 1.9449415511917265, 6.055322977742362, 0.5433821760577882, 3.086708597481845, 3.8318713622885374, 2.1272436486771746, 1.6621766607775557, 3.4210901613208358]
APTIDAO: 
25.700593339569664
GEN: 4700
Individuo: 
[2.79064903806183, 1.176663509930397, 3.8657408213675146, 0.420273943689523, 1.4441744532521608, 0.5679351662998392, 0.41968420278956126, 0.708356594293223, 0.9974273776123429, 0.15565276227949557, 0.7040147000996219, 0.1133655829595198, 24.34560363007643, 5.494789983534146, 2.646272651632257, 2.5604563998290155, 24.95734949670225, 2.027906166763279, 2.3596113115344948, 1.3145524488537936, 0.7815848751998242, 1.8478757974907225, 1.9981643416194284, 0.7540857340562719, 0.7955711166210951, 2.1348196428754393, 1.444237366967693, 7.3263949770715, 1.3392633043045157, 2.3119543496091737, 2.4774604743523465, 4.8697647561757345, 2.0002156690605895, 1.228763164070987, 8.143285208057536, 3.218203121923906, 0.5329222118601563, 1.7279530680881618, 7.840247033494965, 4.230320870187271, 1.3912226793751403, 6.055322977742362, 0.6954591925944038, 3.086708597481845, 3.8318713622885374, 2.1272436486771746, 1.6621766607775557, 3.4210901613208358]
APTIDAO: 
25.699661928627847
GEN: 4800
Individuo: 
[2.79064903806183, 1.176663509930397, 3.8657408213675146, 0.420273943689523, 1.4441744532521608, 0.5679351662998392, 0.41968420278956126, 0.708356594293223, 0.9974273776123429, 0.15565276227949557, 0.7040147000996219, 0.1133655829595198, 24.34560363007643, 5.494789983534146, 2.646272651632257, 2.0234341287728648, 24.95734949670225, 2.027906166763279, 2.9401546767948594, 1.3145524488537936, 0.7815848751998242, 1.8478757974907225, 1.9981643416194284, 0.7540857340562719, 0.7955711166210951, 2.1348196428754393, 1.444237366967693, 7.3263949770715, 1.3392633043045157, 2.3119543496091737, 2.4774604743523465, 4.8697647561757345, 2.0002156690605895, 1.228763164070987, 8.143285208057536, 3.218203121923906, 0.5329222118601563, 1.7279530680881618, 7.840247033494965, 3.7953120660305344, 1.3912226793751403, 6.055322977742362, 1.0906989400416514, 3.086708597481845, 3.8318713622885374, 2.1272436486771746, 1.6621766607775557, 3.4210901613208358]
APTIDAO: 
25.699661928627847
GEN: 4900
Individuo: 
[2.79064903806183, 1.176663509930397, 3.8657408213675146, 0.420273943689523, 1.4441744532521608, 0.5679351662998392, 0.41968420278956126, 0.708356594293223, 0.9974273776123429, 0.15565276227949557, 0.7040147000996219, 0.1133655829595198, 24.34560363007643, 5.494789983534146, 2.646272651632257, 2.0234341287728648, 24.95734949670225, 2.027906166763279, 2.3280336428985597, 1.3145524488537936, 0.7815848751998242, 1.8478757974907225, 1.9894528505708624, 0.7577998505628868, 0.7955711166210951, 2.1348196428754393, 1.444237366967693, 7.3263949770715, 1.3392633043045157, 2.3119543496091737, 2.4774604743523465, 4.8697647561757345, 2.0002156690605895, 1.228763164070987, 8.143285208057536, 3.218203121923906, 0.5329222118601563, 1.7279530680881618, 7.840247033494965, 3.7953120660305344, 1.3912226793751403, 6.055322977742362, 1.4466775770279716, 3.086708597481845, 3.8318713622885374, 2.1272436486771746, 2.383128611519291, 3.708929246938955]
APTIDAO: 
25.69490335735951
GEN: 5000
Individuo: 
[2.79064903806183, 1.176663509930397, 3.8657408213675146, 0.420273943689523, 1.4441744532521608, 0.5679351662998392, 0.41968420278956126, 0.7085451821978339, 0.9974273776123429, 0.15565276227949557, 0.7040147000996219, 0.1133655829595198, 24.34560363007643, 5.494789983534146, 2.646272651632257, 2.430159631441258, 24.95734949670225, 2.1602363605400154, 2.1794989452580134, 1.3145524488537936, 0.7815848751998242, 1.8478757974907225, 1.9894528505708624, 0.7577998505628868, 0.7955711166210951, 2.1348196428754393, 1.444237366967693, 7.3263949770715, 1.3392633043045157, 2.3119543496091737, 2.4774604743523465, 3.8237226441092016, 2.0002156690605895, 1.228763164070987, 8.143285208057536, 3.218203121923906, 0.5329222118601563, 1.7279530680881618, 7.840247033494965, 2.712212801316783, 1.3912226793751403, 4.786689575293056, 1.7989654933387023, 3.086708597481845, 3.8318713622885374, 2.1272436486771746, 2.383128611519291, 3.708929246938955]
APTIDAO: 
25.694841071008337
GEN: 5100
Individuo: 
[2.79064903806183, 1.176663509930397, 3.8657408213675146, 0.420273943689523, 1.4441744532521608, 0.5679351662998392, 0.41968420278956126, 0.7085451821978339, 0.9974273776123429, 0.1469245901483852, 0.7029963128111133, 0.1133655829595198, 22.459155686269373, 5.494789983534146, 2.646272651632257, 2.2610937597896084, 10.905874931613463, 2.1602363605400154, 2.217389187699208, 1.3145524488537936, 0.7888217124217004, 1.8478757974907225, 1.9894528505708624, 0.7577998505628868, 0.7955711166210951, 2.1348196428754393, 1.444237366967693, 7.3263949770715, 1.3392633043045157, 2.3119543496091737, 2.4774604743523465, 3.8237226441092016, 2.0002156690605895, 0.7883690039986773, 10.0, 3.218203121923906, 0.5408345350342512, 1.7279530680881618, 7.840247033494965, 2.3720579231429997, 3.120321062904246, 4.786689575293056, 1.5361135352171937, 3.086708597481845, 2.923188855287483, 2.1272436486771746, 2.383128611519291, 3.708929246938955]
APTIDAO: 
25.574983766926305
GEN: 5200
Individuo: 
[2.7766810355756526, 1.176663509930397, 3.8657408213675146, 0.420273943689523, 1.4441744532521608, 0.5679351662998392, 0.4232586214633964, 0.7085451821978339, 0.9974273776123429, 0.1469245901483852, 0.7029963128111133, 0.1133655829595198, 22.6579028989493, 5.494789983534146, 2.334645321139519, 2.2610937597896084, 24.869283774963122, 2.1602363605400154, 2.9555861632338587, 1.3145524488537936, 0.7888217124217004, 1.8405475371616855, 1.9894528505708624, 0.7577998505628868, 0.6579325838959397, 2.1348196428754393, 1.444237366967693, 7.3263949770715, 1.3392633043045157, 2.3119543496091737, 1.9330545489712396, 3.8237226441092016, 2.0002156690605895, 0.7883690039986773, 10.0, 3.218203121923906, 0.9324689488256946, 1.7279530680881618, 10.0, 2.3720579231429997, 2.9272254006472274, 4.786689575293056, 1.1589486847313062, 3.086708597481845, 2.923188855287483, 1.8890715622442782, 2.383128611519291, 3.708929246938955]
APTIDAO: 
25.42291400559063
GEN: 5300
Individuo: 
[2.7766810355756526, 1.176663509930397, 3.8657408213675146, 0.420273943689523, 1.4441744532521608, 0.5679351662998392, 0.4232586214633964, 0.7086942111909266, 0.9974273776123429, 0.1461812232085233, 0.7029963128111133, 0.1133655829595198, 23.303377485221137, 5.494789983534146, 2.334645321139519, 2.686794737756753, 24.869283774963122, 2.1602363605400154, 2.855720466932239, 1.3145524488537936, 0.7904808051285434, 1.8405475371616855, 1.9894528505708624, 0.7577998505628868, 0.6579325838959397, 2.1348196428754393, 1.444237366967693, 7.3263949770715, 1.3392633043045157, 2.3119543496091737, 1.9330545489712396, 3.181757021889377, 2.0002156690605895, 0.8929684962213976, 10.0, 3.218203121923906, 1.1366628556563754, 1.7279530680881618, 10.0, 1.84010237456874, 2.9272254006472274, 4.786689575293056, 0.8615318382478712, 3.086708597481845, 1.6100710793060038, 1.8890715622442782, 2.383128611519291, 3.708929246938955]
APTIDAO: 
25.38327065299794
GEN: 5400
Individuo: 
[2.7766810355756526, 1.176663509930397, 3.8657408213675146, 0.420273943689523, 1.4441744532521608, 0.5679351662998392, 0.4232586214633964, 0.7086942111909266, 0.9974273776123429, 0.1461812232085233, 0.7029963128111133, 0.1133655829595198, 24.516023796120358, 5.494789983534146, 2.334645321139519, 2.7351312588597945, 24.869283774963122, 2.1602363605400154, 2.855720466932239, 1.3145524488537936, 0.7904808051285434, 1.8405475371616855, 1.9894528505708624, 0.7577998505628868, 0.6579325838959397, 2.1348196428754393, 1.444237366967693, 7.3263949770715, 1.3392633043045157, 2.3119543496091737, 1.9330545489712396, 3.181757021889377, 2.0002156690605895, 0.8929684962213976, 10.0, 3.218203121923906, 3.1470036980833465, 1.7279530680881618, 10.0, 2.3176138279304985, 2.9272254006472274, 4.786689575293056, 0.8615318382478712, 3.086708597481845, 1.6100710793060038, 1.8890715622442782, 2.383128611519291, 3.708929246938955]
APTIDAO: 
25.377590208412705
GEN: 5500
Individuo: 
[2.7766810355756526, 1.176663509930397, 3.8657408213675146, 0.420273943689523, 1.4441744532521608, 0.5679351662998392, 0.4232586214633964, 0.7096152049064204, 0.9974273776123429, 0.1461812232085233, 0.7029963128111133, 0.1133655829595198, 24.516023796120358, 5.494789983534146, 2.334645321139519, 2.4497233986284455, 24.869283774963122, 2.1602363605400154, 2.235764979282851, 1.3145524488537936, 0.7904808051285434, 1.8405475371616855, 1.9894528505708624, 0.7577998505628868, 0.6579325838959397, 2.1348196428754393, 1.444237366967693, 7.3263949770715, 1.3392633043045157, 2.3119543496091737, 1.9330545489712396, 2.0031194831570316, 2.0002156690605895, 0.8929684962213976, 10.0, 3.218203121923906, 3.1470036980833465, 1.7279530680881618, 10.0, 2.280485287549952, 2.9272254006472274, 4.786689575293056, 0.920174082313147, 3.086708597481845, 1.6100710793060038, 1.8890715622442782, 2.383128611519291, 3.708929246938955]
APTIDAO: 
25.377300452666173
GEN: 5600
Individuo: 
[2.7766810355756526, 1.176663509930397, 3.8657408213675146, 0.420273943689523, 1.4441744532521608, 0.5679351662998392, 0.4232586214633964, 0.7096152049064204, 0.9974273776123429, 0.1461812232085233, 0.7029963128111133, 0.1133655829595198, 24.516023796120358, 5.494789983534146, 2.334645321139519, 2.4497233986284455, 24.869283774963122, 2.1602363605400154, 2.5390491367621553, 1.3145524488537936, 0.7904808051285434, 1.8405475371616855, 1.9894528505708624, 0.7577998505628868, 0.6579325838959397, 2.1348196428754393, 1.444237366967693, 7.3263949770715, 1.3392633043045157, 2.3119543496091737, 1.9330545489712396, 2.0031194831570316, 2.0002156690605895, 0.8929684962213976, 10.0, 3.218203121923906, 3.1470036980833465, 1.7279530680881618, 10.0, 2.280485287549952, 2.9272254006472274, 4.786689575293056, 1.397620510547008, 3.086708597481845, 1.6100710793060038, 1.8890715622442782, 2.383128611519291, 3.708929246938955]
APTIDAO: 
25.377300452666173
GEN: 5700
Individuo: 
[2.7766810355756526, 1.176663509930397, 3.8657408213675146, 0.420273943689523, 1.4441744532521608, 0.5679351662998392, 0.4236198707080887, 0.710560628829788, 0.9974273776123429, 0.1461812232085233, 0.7029963128111133, 0.1133655829595198, 24.091342809139785, 5.995692271972338, 2.334645321139519, 2.2006160294873847, 17.474958390441927, 2.853559060616527, 2.5390491367621553, 1.3145524488537936, 0.7904808051285434, 1.8405475371616855, 1.9894528505708624, 0.7577998505628868, 0.6579325838959397, 2.1348196428754393, 1.444237366967693, 7.3263949770715, 1.3392633043045157, 2.3119543496091737, 2.858252303686043, 1.0998609338981689, 2.0002156690605895, 0.8929684962213976, 10.0, 3.218203121923906, 1.4555109899193137, 1.1167649462793807, 10.0, 1.4219672952992024, 4.8940060210988845, 3.0083408884860923, 1.397620510547008, 3.086708597481845, 1.6100710793060038, 1.8890715622442782, 2.383128611519291, 3.708929246938955]
APTIDAO: 
25.37702854671351
GEN: 5800
Individuo: 
[2.7766810355756526, 1.176663509930397, 3.8657408213675146, 0.420273943689523, 1.4441744532521608, 0.5679351662998392, 0.4236198707080887, 0.710560628829788, 0.9974273776123429, 0.1461812232085233, 0.7029963128111133, 0.1133655829595198, 24.091342809139785, 5.196630878414707, 2.334645321139519, 2.4497233986284455, 17.474958390441927, 2.853559060616527, 2.4773739338079905, 1.3145524488537936, 0.7904808051285434, 1.8405475371616855, 1.9894528505708624, 0.7577998505628868, 0.6579325838959397, 2.1348196428754393, 1.444237366967693, 7.3263949770715, 1.3392633043045157, 2.3119543496091737, 2.858252303686043, 1.0998609338981689, 2.0002156690605895, 0.8929684962213976, 10.0, 3.218203121923906, 1.4555109899193137, 1.2288377745025194, 10.0, 2.280485287549952, 4.8940060210988845, 3.0083408884860923, 1.8693679181332512, 3.086708597481845, 1.6100710793060038, 1.8890715622442782, 2.383128611519291, 3.708929246938955]
APTIDAO: 
25.37702854671351
GEN: 5900
Individuo: 
[2.7766810355756526, 1.176663509930397, 3.8657408213675146, 0.420273943689523, 1.4441744532521608, 0.5677389349655259, 0.4236198707080887, 0.710560628829788, 0.9974273776123429, 0.1461812232085233, 0.7029963128111133, 0.1133655829595198, 24.091342809139785, 5.03796712039142, 2.334645321139519, 2.4497233986284455, 17.474958390441927, 2.206694291963498, 2.4773739338079905, 1.3095046986322298, 0.7904808051285434, 1.8405475371616855, 1.9894528505708624, 0.7577998505628868, 0.6579325838959397, 2.1348196428754393, 1.444237366967693, 7.3263949770715, 1.3392633043045157, 1.928714767773364, 2.858252303686043, 1.0998609338981689, 2.0002156690605895, 0.8929684962213976, 10.0, 3.218203121923906, 1.4555109899193137, 1.1464969316713505, 10.0, 2.280485287549952, 4.8940060210988845, 4.6001355096761065, 1.8693679181332512, 2.9458367820821154, 1.6100710793060038, 1.8890715622442782, 2.383128611519291, 3.708929246938955]
APTIDAO: 
25.34697316611183
GEN: 6000
Individuo: 
[2.7766810355756526, 1.176663509930397, 3.8657408213675146, 0.420273943689523, 1.4441744532521608, 0.5677389349655259, 0.4236198707080887, 0.710560628829788, 0.9974273776123429, 0.1461812232085233, 0.7029963128111133, 0.1133655829595198, 24.091342809139785, 5.03796712039142, 2.9232927953654726, 2.4497233986284455, 19.475505931679844, 2.206694291963498, 2.5803964485067272, 1.3095046986322298, 0.7904808051285434, 1.8405475371616855, 1.9894528505708624, 0.7577998505628868, 0.6579325838959397, 2.1348196428754393, 1.444237366967693, 7.3263949770715, 1.3392633043045157, 1.928714767773364, 2.858252303686043, 1.0998609338981689, 2.0002156690605895, 0.8929684962213976, 10.0, 3.218203121923906, 1.4555109899193137, 1.1464969316713505, 9.446157993634618, 2.280485287549952, 6.066172443175091, 4.6001355096761065, 1.7835553656291452, 2.9458367820821154, 1.6100710793060038, 1.8890715622442782, 2.383128611519291, 3.708929246938955]
APTIDAO: 
25.34282330724969
GEN: 6100
Individuo: 
[2.7766810355756526, 1.176663509930397, 3.8657408213675146, 0.420273943689523, 1.4441744532521608, 0.5677389349655259, 0.4236198707080887, 0.710560628829788, 0.9974273776123429, 0.1461812232085233, 0.7029963128111133, 0.1133655829595198, 24.091342809139785, 5.03796712039142, 2.9232927953654726, 2.4497233986284455, 19.475505931679844, 2.206694291963498, 2.3200374476394483, 1.3095046986322298, 0.7904808051285434, 1.8405475371616855, 1.9894528505708624, 0.7577998505628868, 0.6579325838959397, 2.1348196428754393, 1.444237366967693, 7.3263949770715, 1.3392633043045157, 1.928714767773364, 2.858252303686043, 1.0998609338981689, 2.0002156690605895, 0.8929684962213976, 10.0, 3.218203121923906, 1.4555109899193137, 1.1464969316713505, 9.446157993634618, 2.280485287549952, 6.066172443175091, 4.6001355096761065, 1.3062555486095844, 2.9458367820821154, 1.6100710793060038, 1.8890715622442782, 2.383128611519291, 3.708929246938955]
APTIDAO: 
25.34282330724969
GEN: 6200
Individuo: 
[2.7766810355756526, 1.176663509930397, 3.8657408213675146, 0.420273943689523, 1.4441744532521608, 0.5677389349655259, 0.4236198707080887, 0.710560628829788, 0.9974273776123429, 0.1461812232085233, 0.7025301611984417, 0.1133655829595198, 24.091342809139785, 5.03796712039142, 2.9232927953654726, 2.4497233986284455, 20.707945567376917, 2.206694291963498, 2.3200374476394483, 1.3095046986322298, 0.7904808051285434, 1.8405475371616855, 1.9894528505708624, 0.7577998505628868, 0.6579325838959397, 2.1348196428754393, 1.444237366967693, 7.3263949770715, 1.3392633043045157, 1.928714767773364, 2.858252303686043, 1.0998609338981689, 2.0002156690605895, 0.8929684962213976, 10.0, 3.218203121923906, 1.4555109899193137, 1.1464969316713505, 9.446157993634618, 2.280485287549952, 7.530527030539095, 4.6001355096761065, 1.3062555486095844, 2.9458367820821154, 1.6100710793060038, 1.8890715622442782, 2.383128611519291, 3.708929246938955]
APTIDAO: 
25.341681232731286
GEN: 6300
Individuo: 
[2.7766810355756526, 1.176663509930397, 3.8657408213675146, 0.420273943689523, 1.4441744532521608, 0.5677389349655259, 0.4236198707080887, 0.710560628829788, 0.9974273776123429, 0.1461812232085233, 0.7025301611984417, 0.1133655829595198, 24.091342809139785, 5.03796712039142, 2.9232927953654726, 2.4497233986284455, 20.707945567376917, 2.206694291963498, 2.3200374476394483, 1.3095046986322298, 0.7904808051285434, 1.8405475371616855, 1.9894528505708624, 0.7577998505628868, 0.6579325838959397, 2.1348196428754393, 1.444237366967693, 7.3263949770715, 1.3392633043045157, 1.928714767773364, 2.858252303686043, 1.0998609338981689, 2.0002156690605895, 0.8929684962213976, 10.0, 3.218203121923906, 1.4555109899193137, 1.1464969316713505, 9.446157993634618, 2.280485287549952, 7.530527030539095, 4.6001355096761065, 1.3062555486095844, 2.9458367820821154, 1.6100710793060038, 1.8890715622442782, 2.383128611519291, 3.708929246938955]
APTIDAO: 
25.341681232731286
GEN: 6400
Individuo: 
[2.7766810355756526, 1.176663509930397, 3.9478299308604985, 0.420273943689523, 1.4373421396113244, 0.5717108067308854, 0.44316651281879, 0.710560628829788, 0.9974273776123429, 0.11116430005966146, 0.7025301611984417, 0.1133655829595198, 19.505097198183766, 6.3171931710128995, 2.9232927953654726, 2.4497233986284455, 19.664340754861342, 2.206694291963498, 2.3200374476394483, 1.2783486310621626, 0.7904808051285434, 1.8405475371616855, 1.9894528505708624, 0.7577998505628868, 0.6579325838959397, 2.1348196428754393, 1.2374142562840922, 7.3263949770715, 0.9027962141734842, 2.440355146535562, 2.4068394848413073, 1.0998609338981689, 2.0002156690605895, 0.8410422740872443, 10.0, 3.218203121923906, 1.0178997780597314, 1.5325552609448774, 9.446157993634618, 2.280485287549952, 5.364429673511445, 4.6001355096761065, 1.3062555486095844, 2.5950376100643826, 1.6100710793060038, 1.8890715622442782, 2.383128611519291, 3.708929246938955]
APTIDAO: 
25.664235615967716
GEN: 6500
Individuo: 
[2.7766810355756526, 1.176663509930397, 3.9478299308604985, 0.420273943689523, 1.4373421396113244, 0.5677389349655259, 0.44316651281879, 0.710560628829788, 0.9974273776123429, 0.10327764538864899, 0.7025301611984417, 0.1133655829595198, 21.340494944485584, 6.539968157593184, 2.9232927953654726, 2.9529158598838796, 18.38044424253615, 2.206694291963498, 2.6941748155908516, 1.2783486310621626, 0.7904808051285434, 1.8405475371616855, 1.9894528505708624, 0.7577998505628868, 0.6579325838959397, 2.1348196428754393, 1.2374142562840922, 7.3263949770715, 0.9027962141734842, 1.928714767773364, 2.4068394848413073, 1.0998609338981689, 2.0002156690605895, 0.7530193005290795, 10.0, 3.218203121923906, 0.7620651194860681, 1.0067075928031133, 9.446157993634618, 2.6663021354295977, 1.6735859233505472, 4.6001355096761065, 0.9766146409128282, 2.5950376100643826, 1.6100710793060038, 1.8890715622442782, 2.383128611519291, 3.708929246938955]
APTIDAO: 
25.662993793269127
GEN: 6600
Individuo: 
[2.7766810355756526, 1.176663509930397, 3.9478299308604985, 0.420273943689523, 1.4373421396113244, 0.5677389349655259, 0.44316651281879, 0.710560628829788, 0.9974273776123429, 0.10170089302769747, 0.7025301611984417, 0.1133655829595198, 18.065738273766158, 6.539968157593184, 2.9232927953654726, 2.5161200066728444, 20.989327447100578, 2.206694291963498, 3.4360481127844404, 1.2783486310621626, 0.7904808051285434, 1.8405475371616855, 1.9453605186695202, 0.7577998505628868, 0.6579325838959397, 2.1348196428754393, 1.2374142562840922, 7.3263949770715, 0.9027962141734842, 1.928714767773364, 2.4068394848413073, 1.0998609338981689, 2.0002156690605895, 0.7047579134710331, 10.0, 3.218203121923906, 0.6407791921271556, 1.0067075928031133, 9.446157993634618, 1.906398570319795, 2.2820915039229748, 4.6001355096761065, 1.1543999749190286, 2.5950376100643826, 1.6100710793060038, 1.8890715622442782, 1.0711739468741945, 3.708929246938955]
APTIDAO: 
25.97393885778873
GEN: 6700
Individuo: 
[2.7766810355756526, 1.176663509930397, 3.9478299308604985, 0.420273943689523, 1.4373421396113244, 0.5677389349655259, 0.44083068915481466, 0.710560628829788, 0.9925807555141444, 0.11919357092934062, 0.7025301611984417, 0.1133655829595198, 18.065738273766158, 6.539968157593184, 2.1480019227089446, 2.5161200066728444, 24.394297394951916, 2.206694291963498, 2.03299503474429, 1.2783486310621626, 0.7904808051285434, 1.8405475371616855, 1.9453605186695202, 0.7577998505628868, 0.6579325838959397, 2.1348196428754393, 1.2374142562840922, 7.3263949770715, 0.9027962141734842, 1.928714767773364, 2.224910736814905, 1.0998609338981689, 2.0518074923306515, 0.45364915588358695, 10.0, 3.218203121923906, 0.6407791921271556, 1.0067075928031133, 5.202813495888665, 1.906398570319795, 2.196434191320529, 4.6001355096761065, 0.7253617716924374, 2.5950376100643826, 1.6100710793060038, 1.8890715622442782, 1.0711739468741945, 3.708929246938955]
APTIDAO: 
25.841980431626567
GEN: 6800
Individuo: 
[2.7766810355756526, 1.176663509930397, 3.9478299308604985, 0.420273943689523, 1.4373421396113244, 0.5677389349655259, 0.44083068915481466, 0.710560628829788, 0.9925807555141444, 0.11781009340240461, 0.7025301611984417, 0.1133655829595198, 21.65865075519692, 6.539968157593184, 2.1480019227089446, 2.5161200066728444, 24.394297394951916, 2.206694291963498, 2.03299503474429, 1.2783486310621626, 0.7904808051285434, 1.8422256553336052, 1.9453605186695202, 0.7577998505628868, 0.6579325838959397, 2.1348196428754393, 1.2374142562840922, 7.3263949770715, 0.9027962141734842, 1.928714767773364, 2.224910736814905, 1.0998609338981689, 2.0518074923306515, 0.5325930983246381, 10.0, 3.218203121923906, 0.8543207973914395, 1.0067075928031133, 5.202813495888665, 1.906398570319795, 2.196434191320529, 4.6001355096761065, 0.7253617716924374, 2.5950376100643826, 1.6100710793060038, 1.9377821282199317, 1.0711739468741945, 3.708929246938955]
APTIDAO: 
25.78540187958195
GEN: 6900
Individuo: 
[2.7766810355756526, 1.176663509930397, 3.9478299308604985, 0.365382131297976, 1.4373421396113244, 0.5677389349655259, 0.4392836893472259, 0.710560628829788, 0.9925807555141444, 0.14363388249534595, 0.7025301611984417, 0.1133655829595198, 10.018258607670727, 6.539968157593184, 2.1480019227089446, 2.5161200066728444, 17.5156498113634, 2.206694291963498, 2.03299503474429, 1.301765058459927, 0.7904808051285434, 1.8422256553336052, 1.9453605186695202, 0.7577998505628868, 0.6579325838959397, 2.1348196428754393, 1.2374142562840922, 6.654815934552189, 0.9027962141734842, 1.928714767773364, 1.8921854283363593, 1.0998609338981689, 2.0518074923306515, 0.5046473992734065, 10.0, 3.218203121923906, 1.2428982136465059, 1.0067075928031133, 5.202813495888665, 1.906398570319795, 2.106513499162629, 4.6001355096761065, 0.7253617716924374, 3.1678643450629034, 1.6100710793060038, 1.9377821282199317, 1.0711739468741945, 3.708929246938955]
APTIDAO: 
26.62406540719487
GEN: 7000
Individuo: 
[2.7766810355756526, 1.1786402115408636, 3.9478299308604985, 0.365382131297976, 1.4373421396113244, 0.5677389349655259, 0.4392836893472259, 0.7023812235659613, 0.9925807555141444, 0.10040127001977925, 0.7025301611984417, 0.1133655829595198, 15.070050996937912, 6.453592743934341, 2.3013399817603024, 2.5161200066728444, 22.26909330799817, 2.206694291963498, 2.03299503474429, 1.301765058459927, 0.7904808051285434, 1.8422256553336052, 1.9453605186695202, 0.7577998505628868, 0.6579325838959397, 1.388653257073957, 1.2374142562840922, 6.654815934552189, 0.9027962141734842, 1.928714767773364, 1.8921854283363593, 1.4497870256519385, 2.0518074923306515, 1.6509324733878363, 10.0, 3.218203121923906, 1.2514752053930995, 1.3356029837020398, 3.4149380661263664, 1.906398570319795, 2.9763281506357777, 4.6001355096761065, 0.7253617716924374, 3.1678643450629034, 1.6100710793060038, 1.9377821282199317, 1.0711739468741945, 3.708929246938955]
APTIDAO: 
25.54634500959767
GEN: 7100
Individuo: 
[2.7766810355756526, 1.1786402115408636, 3.9478299308604985, 0.365382131297976, 1.4373421396113244, 0.5677389349655259, 0.4392836893472259, 0.7023812235659613, 0.9925807555141444, 0.10040127001977925, 0.7025301611984417, 0.1133655829595198, 15.070050996937912, 6.453592743934341, 2.0621169786517255, 2.060207689957025, 23.623097168942074, 2.206694291963498, 2.03299503474429, 1.301765058459927, 0.7904808051285434, 1.8422256553336052, 1.9453605186695202, 0.7577998505628868, 0.6579325838959397, 1.388653257073957, 1.2374142562840922, 6.654815934552189, 0.9027962141734842, 1.928714767773364, 1.8921854283363593, 1.4497870256519385, 2.0518074923306515, 1.6509324733878363, 10.0, 3.218203121923906, 1.2514752053930995, 1.3356029837020398, 2.5833600240754886, 3.468228266741041, 3.3831597523487735, 4.6001355096761065, 0.7253617716924374, 3.1678643450629034, 1.6100710793060038, 1.9377821282199317, 1.0711739468741945, 3.708929246938955]
APTIDAO: 
25.54405416352977
GEN: 7200
Individuo: 
[2.7766810355756526, 1.1786402115408636, 3.9478299308604985, 0.365382131297976, 1.4373421396113244, 0.5677389349655259, 0.4392836893472259, 0.7023812235659613, 0.9925807555141444, 0.10040127001977925, 0.7025301611984417, 0.12589282896830253, 22.643795363250803, 6.453592743934341, 2.953076677778197, 2.060207689957025, 18.688708438582335, 2.3458456196783364, 2.03299503474429, 1.301765058459927, 0.7904808051285434, 1.8422256553336052, 1.9453605186695202, 0.7557368691137084, 0.6579325838959397, 1.388653257073957, 1.2374142562840922, 6.654815934552189, 0.9027962141734842, 1.928714767773364, 1.8921854283363593, 1.4497870256519385, 2.0518074923306515, 1.6509324733878363, 10.0, 3.059774943098873, 0.8910044623188034, 1.3356029837020398, 1.913816946328212, 3.468228266741041, 1.4728685620042272, 5.283399967540323, 0.7253617716924374, 3.1678643450629034, 1.6100710793060038, 1.9377821282199317, 1.0711739468741945, 4.294763843097702]
APTIDAO: 
25.472180351765896
GEN: 7300
Individuo: 
[2.7766810355756526, 1.1786402115408636, 3.9478299308604985, 0.365382131297976, 1.4373421396113244, 0.5677389349655259, 0.4392836893472259, 0.7023812235659613, 0.9925807555141444, 0.10040127001977925, 0.7025301611984417, 0.12379513585901668, 20.143334237761895, 6.08719785927485, 2.953076677778197, 2.060207689957025, 22.54286846228292, 2.3458456196783364, 2.03299503474429, 1.301765058459927, 0.7904808051285434, 1.8422256553336052, 1.9453605186695202, 0.7557368691137084, 0.6579325838959397, 1.388653257073957, 1.2374142562840922, 6.654815934552189, 0.9027962141734842, 1.928714767773364, 1.8921854283363593, 1.4497870256519385, 2.0518074923306515, 1.6509324733878363, 10.0, 1.8024825074201867, 0.4923376076606167, 2.2928822366982855, 1.913816946328212, 3.468228266741041, 1.6917086351474093, 5.283399967540323, 0.7253617716924374, 3.1678643450629034, 1.6100710793060038, 1.9377821282199317, 1.0711739468741945, 4.294763843097702]
APTIDAO: 
25.456129403814916
GEN: 7400
Individuo: 
[2.7766810355756526, 1.1786402115408636, 3.9478299308604985, 0.3670969226376561, 1.4373421396113244, 0.5677389349655259, 0.4392836893472259, 0.7023812235659613, 0.9925807555141444, 0.10040127001977925, 0.7025301611984417, 0.12025273959256619, 20.143334237761895, 6.08719785927485, 2.953076677778197, 2.060207689957025, 23.480978089651014, 2.3458456196783364, 2.0127407810622073, 1.301765058459927, 0.7904808051285434, 1.8422256553336052, 1.9453605186695202, 0.7557368691137084, 0.6579325838959397, 1.388653257073957, 1.2374142562840922, 4.869221857321328, 0.9027962141734842, 1.928714767773364, 1.8921854283363593, 1.4497870256519385, 2.0518074923306515, 1.6509324733878363, 10.0, 0.8577047842062652, 0.4923376076606167, 2.2928822366982855, 1.913816946328212, 3.468228266741041, 0.9071401201473366, 5.283399967540323, 0.6131260193973289, 3.1678643450629034, 1.6100710793060038, 1.9377821282199317, 1.0711739468741945, 4.294763843097702]
APTIDAO: 
25.44201674854274
GEN: 7500
Individuo: 
[2.7766810355756526, 1.1786402115408636, 3.9478299308604985, 0.3670969226376561, 1.4373421396113244, 0.5698884634608186, 0.4392836893472259, 0.7023812235659613, 0.9925807555141444, 0.10040127001977925, 0.7025301611984417, 0.12000351274714581, 20.143334237761895, 6.08719785927485, 2.953076677778197, 2.060207689957025, 23.480978089651014, 2.3458456196783364, 2.234098039648614, 1.301765058459927, 0.7904808051285434, 1.8422256553336052, 1.9453605186695202, 0.7557368691137084, 0.6579325838959397, 1.388653257073957, 1.2374142562840922, 4.869221857321328, 0.9027962141734842, 1.3376839081804734, 1.8921854283363593, 1.4497870256519385, 2.0518074923306515, 1.6509324733878363, 10.0, 1.6366234336233965, 0.4923376076606167, 2.2928822366982855, 1.913816946328212, 3.468228266741041, 0.9071401201473366, 5.283399967540323, 0.7825801410914964, 3.1678643450629034, 1.6100710793060038, 1.9377821282199317, 1.0711739468741945, 4.294763843097702]
APTIDAO: 
25.432787279506734
GEN: 7600
Individuo: 
[2.7766810355756526, 1.1786402115408636, 3.9478299308604985, 0.3670969226376561, 1.4373421396113244, 0.5698884634608186, 0.4392836893472259, 0.7023812235659613, 0.9925807555141444, 0.10040127001977925, 0.7025301611984417, 0.11951574803790739, 20.143334237761895, 6.08719785927485, 2.297993717418764, 2.060207689957025, 23.480978089651014, 2.251532886197786, 2.234098039648614, 1.301765058459927, 0.7904808051285434, 1.8422256553336052, 1.9453605186695202, 0.7557368691137084, 0.6579325838959397, 1.388653257073957, 1.2374142562840922, 4.869221857321328, 0.9027962141734842, 1.3376839081804734, 1.8921854283363593, 1.4497870256519385, 2.0518074923306515, 1.6509324733878363, 10.0, 1.7837027842226116, 0.4923376076606167, 2.2928822366982855, 0.8360164393590588, 3.468228266741041, 0.9071401201473366, 4.8189752893247695, 0.7825801410914964, 3.1678643450629034, 1.6100710793060038, 1.9377821282199317, 1.0711739468741945, 4.294763843097702]
APTIDAO: 
25.430563374564496
GEN: 7700
Individuo: 
[2.7766810355756526, 1.1786402115408636, 3.9478299308604985, 0.3670969226376561, 1.4373421396113244, 0.5698884634608186, 0.4392836893472259, 0.7023812235659613, 0.9925807555141444, 0.10040127001977925, 0.7025301611984417, 0.118465402616757, 19.0004999777038, 6.08719785927485, 2.766987932782589, 2.060207689957025, 22.02863735106127, 2.3458456196783364, 2.5372274345704047, 1.301765058459927, 0.7904808051285434, 1.8422256553336052, 1.9453605186695202, 0.7557368691137084, 0.6579325838959397, 1.388653257073957, 1.2374142562840922, 4.869221857321328, 0.9027962141734842, 1.3376839081804734, 1.8921854283363593, 1.4497870256519385, 2.0518074923306515, 1.6509324733878363, 10.0, 2.041853104289212, 0.3901376608618721, 2.2928822366982855, 1.2500680373657482, 3.468228266741041, 1.1555660172344828, 5.283399967540323, 0.8005814923720365, 3.1678643450629034, 1.6100710793060038, 1.9377821282199317, 1.0711739468741945, 4.294763843097702]
APTIDAO: 
25.426790472402867
GEN: 7800
Individuo: 
[2.7766810355756526, 1.1786402115408636, 3.9478299308604985, 0.3670969226376561, 1.4373421396113244, 0.5698884634608186, 0.4392836893472259, 0.7023812235659613, 0.9925807555141444, 0.10040127001977925, 0.7025301611984417, 0.118465402616757, 20.143334237761895, 6.08719785927485, 2.5554761403315656, 2.060207689957025, 24.776630318396116, 2.2582618385639663, 2.3209764314456764, 1.301765058459927, 0.7904808051285434, 1.8422256553336052, 1.9453605186695202, 0.7557368691137084, 0.6579325838959397, 1.388653257073957, 1.2374142562840922, 4.869221857321328, 0.9027962141734842, 1.3376839081804734, 1.8921854283363593, 1.4497870256519385, 2.0518074923306515, 1.6509324733878363, 10.0, 2.041853104289212, 0.4923376076606167, 2.2928822366982855, 1.0386615005930693, 3.468228266741041, 1.6736063817268958, 3.222389656070044, 1.3490032719431768, 3.1678643450629034, 1.6100710793060038, 1.9377821282199317, 1.0711739468741945, 4.294763843097702]
APTIDAO: 
25.42706626769309
GEN: 7900
Individuo: 
[2.7766810355756526, 1.1786402115408636, 3.9478299308604985, 0.3670969226376561, 1.4373421396113244, 0.5698884634608186, 0.4392836893472259, 0.7023812235659613, 0.9925807555141444, 0.10040127001977925, 0.7025301611984417, 0.118465402616757, 20.143334237761895, 6.08719785927485, 2.5554761403315656, 2.060207689957025, 24.776630318396116, 2.2582618385639663, 2.314420877432152, 1.301765058459927, 0.7904808051285434, 1.8422256553336052, 1.9453605186695202, 0.7557368691137084, 0.6579325838959397, 1.388653257073957, 1.2374142562840922, 4.869221857321328, 0.9027962141734842, 1.3376839081804734, 1.8921854283363593, 1.4497870256519385, 2.0518074923306515, 1.6509324733878363, 10.0, 2.041853104289212, 0.4923376076606167, 2.2928822366982855, 1.0386615005930693, 3.468228266741041, 1.6736063817268958, 3.222389656070044, 1.1828458758967562, 3.1678643450629034, 1.6100710793060038, 1.9377821282199317, 1.0711739468741945, 4.294763843097702]
APTIDAO: 
25.42706626769309
GEN: 8000
Individuo: 
[2.7766810355756526, 1.1786402115408636, 3.9478299308604985, 0.3670969226376561, 1.4373421396113244, 0.5698884634608186, 0.4392836893472259, 0.7023812235659613, 0.9925807555141444, 0.10040127001977925, 0.7025301611984417, 0.118465402616757, 19.721014568418497, 6.08719785927485, 2.5554761403315656, 2.060207689957025, 24.776630318396116, 2.951815441599167, 2.425633727394405, 1.301765058459927, 0.7904808051285434, 1.8422256553336052, 1.9453605186695202, 0.7557368691137084, 0.6579325838959397, 1.388653257073957, 1.2374142562840922, 4.869221857321328, 0.9027962141734842, 1.3376839081804734, 1.8921854283363593, 1.4497870256519385, 2.0518074923306515, 1.6509324733878363, 10.0, 2.041853104289212, 1.0521830135174999, 2.2928822366982855, 1.0386615005930693, 3.468228266741041, 1.6736063817268958, 4.928125648524657, 1.7065781446032187, 3.1678643450629034, 1.6100710793060038, 1.9377821282199317, 1.0711739468741945, 4.294763843097702]
APTIDAO: 
25.425221799301692
GEN: 8100
Individuo: 
[2.7766810355756526, 1.1786402115408636, 3.9478299308604985, 0.36862415257648956, 1.4373421396113244, 0.5698884634608186, 0.4392836893472259, 0.7023812235659613, 0.9925807555141444, 0.10040127001977925, 0.7025301611984417, 0.118465402616757, 19.721014568418497, 6.842847570781641, 2.5554761403315656, 2.060207689957025, 24.776630318396116, 2.951815441599167, 2.425633727394405, 1.301765058459927, 0.7904808051285434, 1.8422256553336052, 1.9453605186695202, 0.7557368691137084, 0.6579325838959397, 1.388653257073957, 1.2374142562840922, 5.214732669491125, 0.9027962141734842, 1.3376839081804734, 1.8921854283363593, 1.4497870256519385, 2.0518074923306515, 1.6509324733878363, 10.0, 2.041853104289212, 1.0521830135174999, 3.1318710084148, 1.0386615005930693, 3.468228266741041, 1.6736063817268958, 4.928125648524657, 1.7065781446032187, 3.1678643450629034, 1.6100710793060038, 1.9377821282199317, 1.0711739468741945, 4.294763843097702]
APTIDAO: 
25.424019659697084
GEN: 8200
Individuo: 
[2.7766810355756526, 1.1786402115408636, 3.9478299308604985, 0.3670969226376561, 1.4373421396113244, 0.5698884634608186, 0.4392836893472259, 0.7023812235659613, 0.9925807555141444, 0.10040127001977925, 0.7025301611984417, 0.118465402616757, 19.721014568418497, 6.842847570781641, 2.5587708636428097, 2.060207689957025, 24.776630318396116, 2.951815441599167, 2.8685193196751655, 1.301765058459927, 0.7904808051285434, 1.8422256553336052, 1.9453605186695202, 0.7557368691137084, 0.6579325838959397, 1.388653257073957, 1.2374142562840922, 4.869221857321328, 0.9027962141734842, 1.3376839081804734, 1.8921854283363593, 1.4497870256519385, 2.0518074923306515, 1.6509324733878363, 10.0, 2.041853104289212, 1.0521830135174999, 3.1318710084148, 1.298110165151908, 3.468228266741041, 1.6736063817268958, 4.928125648524657, 1.1970485892177938, 3.1678643450629034, 1.6100710793060038, 1.9377821282199317, 1.0711739468741945, 4.294763843097702]
APTIDAO: 
25.425221799301692
GEN: 8300
Individuo: 
[2.7766810355756526, 1.1786402115408636, 3.9478299308604985, 0.3670969226376561, 1.4373421396113244, 0.5698884634608186, 0.4392836893472259, 0.7023812235659613, 0.9925807555141444, 0.10040127001977925, 0.7023866126338159, 0.118465402616757, 19.721014568418497, 6.842847570781641, 2.856824168051785, 2.060207689957025, 24.776630318396116, 2.951815441599167, 2.8685193196751655, 1.301765058459927, 0.7904808051285434, 1.8422256553336052, 1.9453605186695202, 0.7557368691137084, 0.6579325838959397, 1.388653257073957, 1.2374142562840922, 4.869221857321328, 0.9027962141734842, 1.3376839081804734, 1.8921854283363593, 1.4497870256519385, 2.0518074923306515, 1.6509324733878363, 10.0, 2.041853104289212, 1.0521830135174999, 3.1318710084148, 1.4812143083806706, 3.468228266741041, 1.6736063817268958, 4.928125648524657, 1.1970485892177938, 3.1678643450629034, 1.6100710793060038, 1.9377821282199317, 1.0711739468741945, 4.294763843097702]
APTIDAO: 
25.424538905195675
GEN: 8400
Individuo: 
[2.7766810355756526, 1.157787548240328, 3.9478299308604985, 0.3689380105053133, 1.4373421396113244, 0.5698884634608186, 0.4392836893472259, 0.7023812235659613, 0.9925807555141444, 0.10030010638129488, 0.7025301611984417, 0.118465402616757, 13.791139484500077, 6.842847570781641, 2.856824168051785, 2.060207689957025, 21.191488932156886, 2.647406939698724, 2.8685193196751655, 1.301765058459927, 0.7904808051285434, 1.8422256553336052, 1.9453605186695202, 0.7557368691137084, 0.6579325838959397, 0.9731995471134396, 1.2374142562840922, 6.393707914537125, 0.9027962141734842, 1.3376839081804734, 1.8921854283363593, 1.4497870256519385, 2.0518074923306515, 0.7961901982307727, 10.0, 2.041853104289212, 1.2413760104662666, 3.1318710084148, 1.4812143083806706, 3.468228266741041, 1.2545322462962194, 3.542910766418478, 1.1970485892177938, 3.1678643450629034, 1.6100710793060038, 1.9377821282199317, 1.0711739468741945, 4.294763843097702]
APTIDAO: 
25.730827852349183
GEN: 8500
Individuo: 
[2.7766810355756526, 1.157787548240328, 3.9478299308604985, 0.3689380105053133, 1.4373421396113244, 0.5698884634608186, 0.4392836893472259, 0.7023812235659613, 0.9925807555141444, 0.10043637657244384, 0.7025301611984417, 0.118465402616757, 13.791139484500077, 6.842847570781641, 2.109799693391264, 2.235962822674609, 21.191488932156886, 2.647406939698724, 2.8685193196751655, 1.301765058459927, 0.7904808051285434, 1.8422256553336052, 1.9453605186695202, 0.7557368691137084, 0.6579325838959397, 0.9731995471134396, 1.2374142562840922, 6.393707914537125, 0.9027962141734842, 1.3376839081804734, 1.8921854283363593, 1.4497870256519385, 2.0518074923306515, 0.7267065881549858, 10.0, 2.041853104289212, 1.2413760104662666, 3.1318710084148, 1.0532063518284012, 2.518728134101837, 1.2545322462962194, 3.542910766418478, 1.1970485892177938, 3.1678643450629034, 1.6100710793060038, 1.9377821282199317, 1.0711739468741945, 4.294763843097702]
APTIDAO: 
25.730105969017096
GEN: 8600
Individuo: 
[2.7766810355756526, 1.157787548240328, 3.9478299308604985, 0.3689380105053133, 1.4373421396113244, 0.5698884634608186, 0.4392836893472259, 0.7023812235659613, 0.9925807555141444, 0.10407485238413676, 0.7025301611984417, 0.118465402616757, 13.791139484500077, 6.842847570781641, 2.109799693391264, 2.235962822674609, 23.161945511353466, 2.647406939698724, 2.6395350960430957, 1.3127107272673364, 0.7904808051285434, 1.8422256553336052, 1.9453605186695202, 0.7557368691137084, 0.6579325838959397, 0.9731995471134396, 1.2374142562840922, 6.393707914537125, 0.9027962141734842, 1.3376839081804734, 1.8921854283363593, 1.4497870256519385, 2.0518074923306515, 0.5993255582953396, 10.0, 2.041853104289212, 1.2413760104662666, 3.1318710084148, 1.0532063518284012, 2.518728134101837, 1.6908265464543335, 3.542910766418478, 0.9897284721287033, 2.069549114888772, 1.6100710793060038, 1.9377821282199317, 1.0711739468741945, 4.294763843097702]
APTIDAO: 
25.693441132408328
GEN: 8700
Individuo: 
[2.7766810355756526, 1.157787548240328, 3.9478299308604985, 0.3689380105053133, 1.4373421396113244, 0.5691742134065693, 0.4392836893472259, 0.7023812235659613, 0.9925807555141444, 0.10407485238413676, 0.7025301611984417, 0.118465402616757, 13.791139484500077, 6.842847570781641, 2.109799693391264, 2.235962822674609, 23.161945511353466, 2.647406939698724, 2.1113424146631425, 1.3127107272673364, 0.7904808051285434, 1.8422256553336052, 1.9453605186695202, 0.7557368691137084, 0.6579325838959397, 0.9731995471134396, 1.2374142562840922, 6.393707914537125, 0.9027962141734842, 1.3883834189093605, 1.8921854283363593, 1.4497870256519385, 2.0518074923306515, 0.5993255582953396, 10.0, 2.041853104289212, 1.2413760104662666, 3.1318710084148, 1.0532063518284012, 2.518728134101837, 1.6908265464543335, 3.542910766418478, 1.195817067082178, 2.069549114888772, 1.6100710793060038, 1.9377821282199317, 1.0711739468741945, 4.294763843097702]
APTIDAO: 
25.689365495834235
GEN: 8800
Individuo: 
[2.7766810355756526, 1.157787548240328, 3.9478299308604985, 0.3689380105053133, 1.4373421396113244, 0.5691742134065693, 0.4392836893472259, 0.7023812235659613, 0.9925807555141444, 0.10384177986627705, 0.7025301611984417, 0.118465402616757, 13.791139484500077, 6.98735630424553, 2.090064416200144, 2.235962822674609, 23.161945511353466, 2.3025899108398367, 2.905751676075392, 1.3127107272673364, 0.7904808051285434, 1.8422256553336052, 1.9453605186695202, 0.7557368691137084, 0.6579325838959397, 0.9731995471134396, 1.2374142562840922, 6.393707914537125, 0.9027962141734842, 1.3883834189093605, 1.8921854283363593, 1.4497870256519385, 2.0518074923306515, 0.3742107481625514, 10.0, 2.041853104289212, 1.2413760104662666, 3.586668987087221, 1.3374241563873082, 2.518728134101837, 1.6908265464543335, 3.5828697169279855, 1.2812638409400392, 2.069549114888772, 1.6100710793060038, 1.9377821282199317, 1.0711739468741945, 4.294763843097702]
APTIDAO: 
25.689051299103003
GEN: 8900
Individuo: 
[2.7766810355756526, 1.157787548240328, 3.9478299308604985, 0.3689380105053133, 1.4373421396113244, 0.5691742134065693, 0.4392836893472259, 0.7023812235659613, 0.9925807555141444, 0.10384177986627705, 0.7025301611984417, 0.118465402616757, 13.791139484500077, 6.98735630424553, 2.090064416200144, 2.0397657548051615, 24.729532561939127, 2.9794236912479746, 2.778260656905565, 1.3127107272673364, 0.7904808051285434, 1.8422256553336052, 1.9453605186695202, 0.7557368691137084, 0.6579325838959397, 0.9731995471134396, 1.2374142562840922, 6.393707914537125, 0.9027962141734842, 1.3883834189093605, 1.8921854283363593, 1.4497870256519385, 2.0518074923306515, 0.3742107481625514, 10.0, 2.041853104289212, 1.2413760104662666, 3.586668987087221, 1.3374241563873082, 2.494052835550002, 1.3261337251976313, 2.620536774138218, 1.4469744742824737, 2.069549114888772, 1.6100710793060038, 1.9377821282199317, 1.0711739468741945, 4.294763843097702]
APTIDAO: 
25.687819889001858
GEN: 9000
Individuo: 
[2.7766810355756526, 1.157787548240328, 3.9478299308604985, 0.3689380105053133, 1.4373421396113244, 0.5691742134065693, 0.44131331729059325, 0.7023812235659613, 0.9925807555141444, 0.10242856122535697, 0.7025301611984417, 0.118465402616757, 13.791139484500077, 6.98735630424553, 2.2177924623175125, 2.0397657548051615, 23.991112516866355, 2.752668498046813, 2.778260656905565, 1.3127107272673364, 0.7904808051285434, 1.8422256553336052, 1.9453605186695202, 0.7557368691137084, 0.6579325838959397, 0.9731995471134396, 1.2374142562840922, 6.393707914537125, 0.9027962141734842, 1.3883834189093605, 1.4779766799003464, 1.4497870256519385, 2.0518074923306515, 0.5000299531688777, 10.0, 2.041853104289212, 1.2413760104662666, 3.586668987087221, 0.9950060713135127, 2.494052835550002, 1.1816806646523874, 4.576202053940349, 1.4469744742824737, 2.069549114888772, 1.6100710793060038, 1.9377821282199317, 1.0711739468741945, 4.294763843097702]
APTIDAO: 
25.66384506767752
GEN: 9100
Individuo: 
[2.7766810355756526, 1.157787548240328, 3.9478299308604985, 0.3689380105053133, 1.4373421396113244, 0.5691742134065693, 0.44131331729059325, 0.7023812235659613, 0.9925807555141444, 0.10229025355903867, 0.7025301611984417, 0.11868383004109372, 13.791139484500077, 6.98735630424553, 2.0501153205002702, 2.3636222446030977, 24.04860387719412, 2.752668498046813, 2.660986087582017, 1.3127107272673364, 0.7904808051285434, 1.8422256553336052, 1.9453605186695202, 0.7557368691137084, 0.6579325838959397, 0.9731995471134396, 1.2374142562840922, 6.393707914537125, 0.9027962141734842, 1.3883834189093605, 1.4779766799003464, 1.4497870256519385, 2.0518074923306515, 0.6833430809755104, 10.0, 2.9937949948499054, 1.2413760104662666, 3.586668987087221, 0.7757201365041982, 2.3220378279357115, 3.2060759322692793, 4.576202053940349, 0.7719878058819964, 2.069549114888772, 1.6100710793060038, 1.9377821282199317, 1.0711739468741945, 4.294763843097702]
APTIDAO: 
25.658692868504758
GEN: 9200
Individuo: 
[2.7766810355756526, 1.157787548240328, 3.9478299308604985, 0.3689380105053133, 1.4373421396113244, 0.5691742134065693, 0.44131331729059325, 0.7023812235659613, 0.9925807555141444, 0.10229025355903867, 0.7025301611984417, 0.118465402616757, 13.881246395119568, 6.98735630424553, 2.8274212182681273, 2.0539187567853814, 24.04860387719412, 2.752668498046813, 2.928333516269262, 1.3127107272673364, 0.7904808051285434, 1.8422256553336052, 1.9453605186695202, 0.7557368691137084, 0.6579325838959397, 0.9731995471134396, 1.2374142562840922, 6.393707914537125, 0.9027962141734842, 1.3883834189093605, 1.4779766799003464, 1.4497870256519385, 2.0518074923306515, 0.6833430809755104, 10.0, 2.041853104289212, 1.7400694823184506, 3.586668987087221, 0.9614001390739435, 1.5059242002379287, 3.2060759322692793, 4.576202053940349, 1.110542864785333, 2.069549114888772, 1.6100710793060038, 1.9377821282199317, 1.0711739468741945, 4.294763843097702]
APTIDAO: 
25.658910401098538
GEN: 9300
Individuo: 
[2.7766810355756526, 1.157787548240328, 3.9478299308604985, 0.37056855286167206, 1.4373421396113244, 0.5691742134065693, 0.44131331729059325, 0.7023812235659613, 0.9925807555141444, 0.10250310514427267, 0.7025301611984417, 0.118465402616757, 13.881246395119568, 6.98735630424553, 2.3030845315694264, 2.325899044643008, 24.04860387719412, 2.752668498046813, 2.2166761705560996, 1.3127107272673364, 0.7904808051285434, 1.8422256553336052, 1.9453605186695202, 0.7557368691137084, 0.6579325838959397, 0.9731995471134396, 1.2374142562840922, 5.508744986465491, 0.9027962141734842, 1.3883834189093605, 1.4779766799003464, 1.4497870256519385, 2.0518074923306515, 1.1131629330382746, 10.0, 2.041853104289212, 1.7400694823184506, 3.586668987087221, 0.7828961126544758, 1.3501603611885384, 3.2060759322692793, 4.576202053940349, 0.3948058140156092, 2.069549114888772, 1.6100710793060038, 1.9377821282199317, 1.0711739468741945, 4.294763843097702]
APTIDAO: 
25.655903309696544
GEN: 9400
Individuo: 
[2.7766810355756526, 1.157787548240328, 3.9478299308604985, 0.37056855286167206, 1.4373421396113244, 0.5691742134065693, 0.44131331729059325, 0.7023812235659613, 0.9925807555141444, 0.10250310514427267, 0.7054521538920486, 0.118465402616757, 14.765396717241678, 6.98735630424553, 2.1228415530607725, 2.8700932506833214, 24.04860387719412, 2.752668498046813, 2.2166761705560996, 1.3127107272673364, 0.7904808051285434, 1.8422256553336052, 1.9453605186695202, 0.7557368691137084, 0.6579325838959397, 0.9731995471134396, 1.2374142562840922, 5.508744986465491, 0.9027962141734842, 1.3883834189093605, 1.4779766799003464, 1.4497870256519385, 2.0518074923306515, 1.1131629330382746, 8.073153433674324, 2.041853104289212, 2.3904948319942, 3.586668987087221, 0.8832696436909014, 1.1917474459645545, 3.2060759322692793, 4.576202053940349, 0.3948058140156092, 2.069549114888772, 1.6100710793060038, 1.9377821282199317, 1.0711739468741945, 4.294763843097702]
APTIDAO: 
25.62395046436409
GEN: 9500
Individuo: 
[2.7766810355756526, 1.157787548240328, 3.9478299308604985, 0.37056855286167206, 1.4373421396113244, 0.5691742134065693, 0.44131331729059325, 0.7023812235659613, 0.9925807555141444, 0.10250310514427267, 0.7054521538920486, 0.118465402616757, 14.765396717241678, 6.98735630424553, 2.1228415530607725, 2.483941749938927, 24.804695662080686, 2.752668498046813, 2.2166761705560996, 1.3127107272673364, 0.7904808051285434, 1.8422256553336052, 1.9453605186695202, 0.7557368691137084, 0.6579325838959397, 0.9731995471134396, 1.2374142562840922, 5.508744986465491, 0.9027962141734842, 1.3883834189093605, 1.4779766799003464, 1.4497870256519385, 2.0518074923306515, 1.1131629330382746, 8.073153433674324, 2.041853104289212, 2.3904948319942, 3.586668987087221, 0.8832696436909014, 1.5779821113128303, 4.643012358460192, 4.576202053940349, 0.3948058140156092, 2.069549114888772, 1.6100710793060038, 1.9377821282199317, 1.0711739468741945, 4.294763843097702]
APTIDAO: 
25.62395046436409
GEN: 9600
Individuo: 
[2.7766810355756526, 1.157787548240328, 3.9478299308604985, 0.37056855286167206, 1.4373421396113244, 0.5691742134065693, 0.44131331729059325, 0.7023812235659613, 0.9925807555141444, 0.10096939136073918, 0.7054521538920486, 0.118465402616757, 14.765396717241678, 6.98735630424553, 2.1228415530607725, 2.9667992383797017, 24.57180719645902, 2.752668498046813, 2.2166761705560996, 1.3127107272673364, 0.7904808051285434, 1.8422256553336052, 1.9453605186695202, 0.7557368691137084, 0.6579325838959397, 0.9731995471134396, 1.2374142562840922, 5.508744986465491, 0.9027962141734842, 1.3883834189093605, 1.4779766799003464, 1.4497870256519385, 2.0518074923306515, 0.7447106383352676, 8.073153433674324, 2.041853104289212, 2.3904948319942, 3.586668987087221, 0.8832696436909014, 1.7827540330307499, 1.5841854594153726, 4.576202053940349, 0.3948058140156092, 2.069549114888772, 1.6100710793060038, 1.9377821282199317, 1.0711739468741945, 4.294763843097702]
APTIDAO: 
25.603593345339625
GEN: 9700
Individuo: 
[2.7766810355756526, 1.157787548240328, 3.9478299308604985, 0.37056855286167206, 1.4373421396113244, 0.5691742134065693, 0.44131331729059325, 0.7023812235659613, 0.9925807555141444, 0.10087377555832644, 0.7054521538920486, 0.118465402616757, 14.765396717241678, 6.98735630424553, 2.3229005263004123, 2.4747919282572655, 24.57180719645902, 2.752668498046813, 2.315215200774362, 1.3127107272673364, 0.7904808051285434, 1.8422256553336052, 1.9453605186695202, 0.7557368691137084, 0.6579325838959397, 0.9731995471134396, 1.2374142562840922, 5.508744986465491, 0.9027962141734842, 1.3883834189093605, 1.4779766799003464, 1.4497870256519385, 2.0518074923306515, 0.4627689656981301, 8.073153433674324, 2.041853104289212, 2.3904948319942, 3.586668987087221, 1.0985184081150383, 2.601905551072991, 1.5841854594153726, 4.576202053940349, 0.7390408203231051, 2.069549114888772, 1.6100710793060038, 1.9377821282199317, 1.0711739468741945, 4.294763843097702]
APTIDAO: 
25.602394965161025
GEN: 9800
Individuo: 
[2.7766810355756526, 1.157787548240328, 3.9478299308604985, 0.5777034448098038, 1.4373421396113244, 0.5691742134065693, 0.44131331729059325, 0.7023812235659613, 0.9925807555141444, 0.10087377555832644, 0.7054521538920486, 0.11966624775397591, 17.163268243954235, 9.491094799661958, 2.7064681604283405, 2.411325630368772, 24.57180719645902, 2.752668498046813, 2.315215200774362, 1.3127107272673364, 0.7904808051285434, 1.8422256553336052, 1.9453605186695202, 0.7557368691137084, 0.6579325838959397, 0.9731995471134396, 1.2374142562840922, 10.0, 0.9027962141734842, 1.3883834189093605, 1.4779766799003464, 1.4497870256519385, 2.0518074923306515, 0.4627689656981301, 8.073153433674324, 1.77494061907537, 3.7644707964223807, 5.779761699922013, 0.7830307570640042, 1.2366172894398841, 1.5841854594153726, 4.576202053940349, 0.7390408203231051, 2.069549114888772, 1.6100710793060038, 1.9377821282199317, 1.0711739468741945, 4.294763843097702]
APTIDAO: 
26.838058308664856
GEN: 9900
Individuo: 
[2.7766810355756526, 1.157787548240328, 3.9478299308604985, 0.5777034448098038, 1.4373421396113244, 0.5691742134065693, 0.44131331729059325, 0.7023812235659613, 0.9925807555141444, 0.10055840562409987, 0.7054521538920486, 0.12316024627643601, 17.163268243954235, 9.491094799661958, 2.0419221602104503, 2.62802078704635, 12.213864479069736, 2.752668498046813, 2.315215200774362, 1.3127107272673364, 0.7904808051285434, 1.8422256553336052, 1.9453605186695202, 0.7557368691137084, 0.6579325838959397, 0.9731995471134396, 1.2374142562840922, 10.0, 0.9027962141734842, 1.3883834189093605, 1.4779766799003464, 1.4497870256519385, 2.0518074923306515, 0.8269006665825549, 8.073153433674324, 3.0155911480962154, 3.7644707964223807, 5.779761699922013, 0.69410676250967, 1.115073077018721, 1.2662544650687382, 4.576202053940349, 0.7390408203231051, 2.069549114888772, 1.6100710793060038, 1.9377821282199317, 1.0711739468741945, 4.294763843097702]
APTIDAO: 
26.81807454305247
GEN: 10000
Individuo: 
[2.7766810355756526, 1.157787548240328, 3.9478299308604985, 0.5777034448098038, 1.4373421396113244, 0.5691742134065693, 0.44131331729059325, 0.7023812235659613, 0.9925807555141444, 0.10055840562409987, 0.7054521538920486, 0.12316024627643601, 17.163268243954235, 8.028176092446639, 2.016601266578185, 2.62802078704635, 3.367146199985512, 2.752668498046813, 2.574610922063069, 1.3127107272673364, 0.7904808051285434, 1.8422256553336052, 1.9453605186695202, 0.7557368691137084, 0.6579325838959397, 0.9731995471134396, 1.2374142562840922, 10.0, 0.9027962141734842, 1.3883834189093605, 1.4779766799003464, 1.4497870256519385, 2.0518074923306515, 0.8269006665825549, 8.073153433674324, 3.0155911480962154, 3.7644707964223807, 6.057235748912921, 0.530849329924018, 1.115073077018721, 0.9777633178291435, 4.576202053940349, 0.6518406217145105, 2.069549114888772, 1.6100710793060038, 1.9377821282199317, 1.0711739468741945, 4.294763843097702]
APTIDAO: 
26.630639352708908

--- RESULTADO FINAL ---
Erro (norma-1): 26.630639352708908
Parâmetros: [2.7766810355756526, 1.157787548240328, 3.9478299308604985, 0.5777034448098038, 1.4373421396113244, 0.5691742134065693, 0.44131331729059325, 0.7023812235659613, 0.9925807555141444, 0.10055840562409987, 0.7054521538920486, 0.12316024627643601, 17.163268243954235, 8.028176092446639, 2.016601266578185, 2.62802078704635, 3.367146199985512, 2.752668498046813, 2.574610922063069, 1.3127107272673364, 0.7904808051285434, 1.8422256553336052, 1.9453605186695202, 0.7557368691137084]
Tempo total: 04h 10m 21s
