SEED: 1778461231
BOUNDS: tau=[0.1, 5.0]  K=[0.1, 1.0]  N=[1.0, 25.0]
GEN: 0
Individuo: 
[4.235267739037904, 1.1662155347039136, 1.1074536977991276, 1.1129593583506743, 4.856437072145586, 0.5864304430295986, 0.6297039276338998, 0.4354822528871013, 0.5543008558946572, 0.37535870477040933, 0.7396127574744119, 0.10235782838141602, 12.809578312788695, 23.79905519711443, 21.509780591215645, 4.23027179745221, 3.201704146467522, 1.4965078653572608, 4.634188715562835, 1.1556495857231959, 1.8224948563411087, 1.0814732545712655, 0.6149125452238391, 1.3452175470468675, 7.1666998794622785, 5.730349227877256, 9.156346669076694, 9.494964295112595, 1.3638409380544614, 1.6867972505306585, 7.932712400803967, 1.9451561157740613, 3.9163616627778897, 0.7064497515645605, 8.744499930423055, 7.377017772328032, 10.0, 9.099914253099712, 5.120105031680032, 3.3127033451507675, 2.8792004700820284, 4.966602963893287, 3.5767136205379284, 9.792268793003934, 6.76983001295646, 7.616342894302044, 2.8529112232289413, 7.48690236713964]
APTIDAO: 
107.23542413188702
GEN: 100
Individuo: 
[4.183441244833821, 1.1662155347039136, 1.0175659951780331, 1.1129593583506743, 4.856437072145586, 0.5864304430295986, 0.609301454135442, 0.38836841961668667, 0.37473627420127253, 0.5160977394175347, 0.7931366536147418, 0.10235782838141602, 15.800602949869909, 8.749307075737171, 2.468455209153466, 4.423696687627863, 11.914795269901123, 1.4965078653572608, 15.107722154385103, 1.4387111069302063, 1.0229084263004797, 1.0814732545712655, 0.6482945833332517, 1.2779289223307306, 6.5913474480958, 5.730349227877256, 10.0, 9.494964295112595, 1.3638409380544614, 1.6867972505306585, 5.037944839880837, 4.9038759888332315, 3.6409969349565534, 0.9471817063909724, 7.706589716843181, 7.377017772328032, 7.76571933537134, 3.1488934201464334, 5.734417642298232, 1.5399054825635523, 5.774774670851448, 4.966602963893287, 4.525847543441893, 4.684712196199291, 5.491475418365287, 7.616342894302044, 1.5225939796383692, 8.188041249894884]
APTIDAO: 
44.16633890883815
GEN: 200
Individuo: 
[4.183441244833821, 1.1662155347039136, 1.0175659951780331, 1.1129593583506743, 4.856437072145586, 0.5864304430295986, 0.609301454135442, 0.38836841961668667, 0.37473627420127253, 0.5655151377365982, 0.9961529384847518, 0.1340888257966685, 24.86221587160044, 8.749307075737171, 2.6715674952934036, 4.423696687627863, 13.475591625513625, 1.6456602407837386, 10.033435963124097, 1.5744984321360331, 1.0229084263004797, 1.0814732545712655, 0.7629659976620943, 1.2779289223307306, 6.5913474480958, 5.730349227877256, 10.0, 9.494964295112595, 1.3638409380544614, 1.6867972505306585, 5.037944839880837, 4.9038759888332315, 3.6409969349565534, 0.9683744290309767, 2.9807024398064503, 10.0, 9.189168086212284, 3.1488934201464334, 3.744664850555011, 1.5399054825635523, 3.7617720933510386, 3.411855540908183, 1.345892170526597, 4.524150221202467, 5.491475418365287, 7.616342894302044, 1.7688206963925015, 8.188041249894884]
APTIDAO: 
37.39935988431693
GEN: 300
Individuo: 
[4.183441244833821, 1.1662155347039136, 1.0175659951780331, 1.1129593583506743, 4.809294939208353, 0.5864304430295986, 0.6300885265575242, 0.38836841961668667, 0.37473627420127253, 0.5819753882259708, 0.9961529384847518, 0.1340888257966685, 24.86221587160044, 7.648517105734563, 2.6715674952934036, 4.423696687627863, 21.106390773737374, 1.6456602407837386, 20.63729743118974, 1.619640933570686, 1.0229084263004797, 1.0814732545712655, 0.7629659976620943, 1.2779289223307306, 6.5913474480958, 5.730349227877256, 10.0, 9.494964295112595, 1.152065500465047, 1.6867972505306585, 5.591746673910202, 4.9038759888332315, 3.6409969349565534, 0.4442791930469838, 2.9807024398064503, 10.0, 9.189168086212284, 2.0781567320329546, 3.744664850555011, 1.5399054825635523, 3.8383372413227157, 3.411855540908183, 1.2005018792087339, 3.951902003415779, 5.491475418365287, 7.616342894302044, 1.7688206963925015, 8.188041249894884]
APTIDAO: 
35.877893733451714
GEN: 400
Individuo: 
[4.183441244833821, 1.1662155347039136, 1.0175659951780331, 1.1129593583506743, 4.809294939208353, 0.5864304430295986, 0.6300885265575242, 0.38836841961668667, 0.37473627420127253, 0.5907931402347747, 0.9961529384847518, 0.12812530301336655, 24.86221587160044, 7.648517105734563, 2.99624291499982, 4.910989247943814, 22.930592033856524, 1.4312595368351355, 9.616698089996657, 1.619640933570686, 1.043582920909088, 1.0814732545712655, 0.7629659976620943, 1.2779289223307306, 6.5913474480958, 5.730349227877256, 10.0, 9.494964295112595, 1.152065500465047, 1.6867972505306585, 5.591746673910202, 4.9038759888332315, 3.6409969349565534, 0.6595364039044906, 2.9807024398064503, 8.898447187387395, 9.189168086212284, 2.0781567320329546, 4.89697474501183, 1.5940059869665968, 3.5862397424221832, 1.6580247606613985, 0.8921067723652041, 3.951902003415779, 1.995479522709633, 7.616342894302044, 1.7688206963925015, 8.188041249894884]
APTIDAO: 
35.718833912978404
GEN: 500
Individuo: 
[4.183441244833821, 1.1662155347039136, 1.0175659951780331, 1.1129593583506743, 4.809294939208353, 0.5864304430295986, 0.6300885265575242, 0.38836841961668667, 0.37473627420127253, 0.592384216174914, 0.9961529384847518, 0.10477916532503166, 24.78096333531992, 7.648517105734563, 2.99624291499982, 4.910989247943814, 22.930592033856524, 1.2527743087002243, 23.963432168657327, 1.619640933570686, 1.043582920909088, 1.0814732545712655, 0.7629659976620943, 1.2779289223307306, 6.5913474480958, 5.730349227877256, 10.0, 9.494964295112595, 1.152065500465047, 1.6867972505306585, 5.591746673910202, 4.9038759888332315, 3.6409969349565534, 0.6052420220987041, 2.9807024398064503, 10.0, 10.0, 2.0781567320329546, 4.89697474501183, 1.5940059869665968, 3.5862397424221832, 2.318037753596759, 2.0567582864659344, 3.951902003415779, 1.995479522709633, 7.616342894302044, 1.7688206963925015, 8.188041249894884]
APTIDAO: 
35.70703770209933
GEN: 600
Individuo: 
[4.183441244833821, 1.1662155347039136, 1.0175659951780331, 1.1129593583506743, 4.809294939208353, 0.5864304430295986, 0.6300885265575242, 0.38836841961668667, 0.37473627420127253, 0.592384216174914, 0.9961529384847518, 0.10477916532503166, 24.78096333531992, 7.648517105734563, 2.99624291499982, 4.910989247943814, 22.930592033856524, 1.4553486139973624, 23.963432168657327, 1.619640933570686, 1.043582920909088, 1.0814732545712655, 0.7638795136207637, 1.2779289223307306, 6.5913474480958, 5.730349227877256, 10.0, 9.494964295112595, 1.152065500465047, 1.6867972505306585, 5.591746673910202, 4.9038759888332315, 3.6409969349565534, 0.6052420220987041, 2.9807024398064503, 10.0, 10.0, 2.0781567320329546, 4.89697474501183, 1.5940059869665968, 3.5862397424221832, 2.718699283489774, 2.0567582864659344, 3.951902003415779, 1.995479522709633, 7.616342894302044, 2.0582345870097285, 8.188041249894884]
APTIDAO: 
35.69961888299685
GEN: 700
Individuo: 
[4.132797255274977, 1.1662155347039136, 1.0175659951780331, 1.1129593583506743, 4.809294939208353, 0.5619861389739983, 0.6300885265575242, 0.38836841961668667, 0.37473627420127253, 0.6610359979466823, 0.9961529384847518, 0.10477916532503166, 20.096086682413247, 7.648517105734563, 2.99624291499982, 4.910989247943814, 22.930592033856524, 1.7621321538226025, 7.109235879147026, 1.637682619806017, 1.043582920909088, 1.0814732545712655, 0.7638795136207637, 1.2779289223307306, 3.8616696181139027, 5.730349227877256, 10.0, 9.494964295112595, 1.152065500465047, 1.512284834824343, 5.591746673910202, 4.9038759888332315, 3.6409969349565534, 0.8558231889866368, 2.9807024398064503, 10.0, 4.647951427759345, 2.0781567320329546, 4.89697474501183, 1.5940059869665968, 3.5862397424221832, 2.2613148804113345, 1.73693085956524, 5.658287443576206, 1.995479522709633, 7.616342894302044, 2.0582345870097285, 8.188041249894884]
APTIDAO: 
35.30791013652081
GEN: 800
Individuo: 
[4.132797255274977, 1.1662155347039136, 1.0175659951780331, 1.1129593583506743, 4.809294939208353, 0.5619861389739983, 0.6300885265575242, 0.38836841961668667, 0.37674406025010077, 0.6610359979466823, 0.9961529384847518, 0.10477916532503166, 20.096086682413247, 7.648517105734563, 2.99624291499982, 4.829094374485179, 23.474111266056997, 1.0685871867739396, 6.486587002942916, 1.637682619806017, 1.043582920909088, 1.0814732545712655, 0.7638795136207637, 1.2779289223307306, 3.8616696181139027, 5.730349227877256, 10.0, 9.494964295112595, 1.152065500465047, 1.512284834824343, 5.591746673910202, 4.9038759888332315, 2.843717445656637, 0.8558231889866368, 2.9807024398064503, 10.0, 4.647951427759345, 2.0781567320329546, 4.89697474501183, 1.3840750415408192, 1.8752102567333742, 1.7810653079621235, 1.3314837780305828, 5.658287443576206, 1.995479522709633, 7.616342894302044, 2.0582345870097285, 8.188041249894884]
APTIDAO: 
35.299781456349706
GEN: 900
Individuo: 
[4.1325726388244926, 1.1662155347039136, 1.0175659951780331, 1.1129593583506743, 4.809294939208353, 0.5619861389739983, 0.6300885265575242, 0.38836841961668667, 0.37674406025010077, 0.6610359979466823, 0.9961529384847518, 0.10438322009667804, 20.096086682413247, 7.648517105734563, 2.99624291499982, 4.829094374485179, 23.474111266056997, 1.7702318715003937, 6.931452696557628, 1.637682619806017, 1.043582920909088, 1.0814732545712655, 0.7638795136207637, 1.2779289223307306, 3.8070974267889994, 5.730349227877256, 10.0, 9.494964295112595, 1.152065500465047, 1.512284834824343, 5.591746673910202, 4.9038759888332315, 2.843717445656637, 0.8558231889866368, 2.9807024398064503, 6.847964571737307, 4.647951427759345, 2.0781567320329546, 4.89697474501183, 1.3840750415408192, 1.8752102567333742, 1.9859026007181066, 1.7557851269524754, 5.658287443576206, 1.995479522709633, 7.616342894302044, 2.0582345870097285, 8.188041249894884]
APTIDAO: 
35.2991703069527
GEN: 1000
Individuo: 
[4.132797255274977, 1.1662155347039136, 1.0175659951780331, 1.1129593583506743, 4.809294939208353, 0.5619861389739983, 0.6300885265575242, 0.38836841961668667, 0.38315639807900304, 0.6610359979466823, 0.9961529384847518, 0.1314905285583598, 20.096086682413247, 7.648517105734563, 2.99624291499982, 4.829094374485179, 23.474111266056997, 1.4738490847444192, 6.931452696557628, 1.637682619806017, 1.043582920909088, 1.0814732545712655, 0.7792931034174131, 1.2779289223307306, 3.8616696181139027, 5.730349227877256, 10.0, 9.494964295112595, 1.152065500465047, 1.512284834824343, 5.591746673910202, 4.9038759888332315, 3.6273071566540978, 0.8558231889866368, 2.9807024398064503, 9.194778066611386, 4.647951427759345, 2.0781567320329546, 4.89697474501183, 1.3840750415408192, 1.8752102567333742, 1.9486599193385172, 1.7557851269524754, 5.658287443576206, 1.995479522709633, 7.616342894302044, 2.007936802319991, 8.188041249894884]
APTIDAO: 
35.19791038222238
GEN: 1100
Individuo: 
[4.132797255274977, 1.1662155347039136, 1.0799662603089555, 1.1129593583506743, 4.778462690007265, 0.5619861389739983, 0.6300885265575242, 0.38836841961668667, 0.39845503179085484, 0.6610359979466823, 0.9961529384847518, 0.11479727982637444, 20.096086682413247, 7.648517105734563, 2.99624291499982, 5.4219224038651985, 24.059133430626233, 1.4738490847444192, 11.906782554224005, 1.613660381650828, 1.043582920909088, 1.0814732545712655, 0.7792931034174131, 1.2779289223307306, 3.8616696181139027, 5.730349227877256, 10.0, 9.494964295112595, 1.1940192226332056, 1.512284834824343, 5.591746673910202, 4.9038759888332315, 3.208410262323786, 0.8558231889866368, 2.9807024398064503, 8.962291217624639, 4.647951427759345, 2.0781567320329546, 4.89697474501183, 1.183695277714167, 1.1927517619683103, 1.9486599193385172, 0.9504176446970876, 10.0, 1.995479522709633, 7.616342894302044, 2.007936802319991, 8.188041249894884]
APTIDAO: 
34.92681454437289
GEN: 1200
Individuo: 
[4.132797255274977, 1.1662155347039136, 1.0799662603089555, 1.1129593583506743, 4.778462690007265, 0.5619861389739983, 0.6311513837164956, 0.38836841961668667, 0.40792348148517243, 0.6610359979466823, 0.9961529384847518, 0.1314905285583598, 22.421029705583802, 7.648517105734563, 2.99624291499982, 5.912280562538487, 24.059133430626233, 1.4242536779688266, 17.052895240877472, 1.6217651092528913, 1.0488921147616082, 1.0814732545712655, 0.7792931034174131, 1.2779289223307306, 3.8616696181139027, 5.730349227877256, 10.0, 9.494964295112595, 1.1940192226332056, 1.512284834824343, 5.280671973827999, 4.9038759888332315, 3.801844492755318, 0.8558231889866368, 2.9807024398064503, 9.194778066611386, 3.194571932391977, 2.0781567320329546, 4.89697474501183, 1.1382533059306434, 1.1927517619683103, 1.7566265449705512, 0.7992978312224334, 4.747164616953529, 1.9400664648369481, 7.616342894302044, 2.007936802319991, 8.188041249894884]
APTIDAO: 
34.81139343230565
GEN: 1300
Individuo: 
[4.151404853342042, 1.1662155347039136, 1.0799662603089555, 1.1129593583506743, 4.778462690007265, 0.5619861389739983, 0.6311513837164956, 0.38836841961668667, 0.40792348148517243, 0.658035882650964, 0.9961529384847518, 0.16830372036331687, 23.416716975358653, 7.648517105734563, 2.99624291499982, 5.912280562538487, 24.059133430626233, 1.9832666760541495, 24.413282459865023, 1.6217651092528913, 1.0488921147616082, 1.0814732545712655, 0.7792931034174131, 1.2779289223307306, 4.676936816141608, 5.730349227877256, 10.0, 9.494964295112595, 1.1940192226332056, 1.512284834824343, 5.280671973827999, 4.9038759888332315, 3.801844492755318, 0.9093673577667052, 2.9807024398064503, 10.0, 2.3498212020588825, 2.0781567320329546, 4.89697474501183, 1.1382533059306434, 1.1927517619683103, 2.150642632056167, 0.9585668219705943, 4.747164616953529, 1.9400664648369481, 7.616342894302044, 2.007936802319991, 8.188041249894884]
APTIDAO: 
34.86312319394555
GEN: 1400
Individuo: 
[4.151404853342042, 1.1662155347039136, 1.0799662603089555, 1.1129593583506743, 4.778462690007265, 0.5619861389739983, 0.6311513837164956, 0.38836841961668667, 0.40792348148517243, 0.658035882650964, 0.9961529384847518, 0.11394119405282947, 24.706559444105796, 7.564860747376992, 2.99624291499982, 5.912280562538487, 24.059133430626233, 1.263218564183098, 24.413282459865023, 1.6217651092528913, 1.0488921147616082, 1.0814732545712655, 0.7792931034174131, 1.2779289223307306, 4.676936816141608, 5.730349227877256, 10.0, 9.494964295112595, 1.1940192226332056, 1.512284834824343, 5.280671973827999, 4.9038759888332315, 3.801844492755318, 0.9093673577667052, 2.9807024398064503, 10.0, 2.297468580578165, 0.8520540318441754, 4.89697474501183, 1.1382533059306434, 1.1927517619683103, 1.7544854388558444, 0.9585668219705943, 4.747164616953529, 1.9400664648369481, 7.616342894302044, 2.007936802319991, 8.188041249894884]
APTIDAO: 
34.84837821629934
GEN: 1500
Individuo: 
[3.6652739563082686, 1.1662155347039136, 1.0793331527974528, 1.1129593583506743, 4.778462690007265, 0.5619861389739983, 0.6311513837164956, 0.38836841961668667, 0.40792348148517243, 0.658035882650964, 0.998709100907584, 0.11394119405282947, 19.190587704154055, 4.283429895786964, 2.99624291499982, 5.912280562538487, 22.06885856474249, 1.4010831950746334, 7.225681156493828, 1.6217651092528913, 1.0488921147616082, 1.079783286665866, 0.7792931034174131, 1.2779289223307306, 6.481892534147658, 5.730349227877256, 8.71753040813237, 9.494964295112595, 1.1940192226332056, 1.512284834824343, 5.280671973827999, 4.9038759888332315, 3.801844492755318, 0.9093673577667052, 2.7891943358933666, 10.0, 2.616601924056066, 1.3649360988533092, 4.89697474501183, 1.1382533059306434, 0.7439410484893825, 0.8020990128363363, 3.22238459992074, 4.747164616953529, 1.9400664648369481, 4.42731574255799, 2.007936802319991, 8.188041249894884]
APTIDAO: 
34.347027646527344
GEN: 1600
Individuo: 
[3.2985864254507513, 1.2928071848452178, 1.0793331527974528, 2.4127237559355423, 3.491908228801887, 0.5619861389739983, 0.6311513837164956, 0.38836841961668667, 0.4626405029209586, 0.658035882650964, 0.998709100907584, 0.11394119405282947, 14.24554438126807, 4.283429895786964, 2.99624291499982, 6.551786705512904, 22.06885856474249, 1.4010831950746334, 5.515223752846686, 1.6217651092528913, 1.0758255292129368, 1.067377732281169, 0.7792931034174131, 1.2779289223307306, 3.9320843330985604, 4.675986565692813, 8.71753040813237, 10.0, 0.8324624450879957, 1.512284834824343, 5.280671973827999, 4.9038759888332315, 8.031845325175905, 0.9093673577667052, 2.7891943358933666, 10.0, 1.7492939966540713, 1.3649360988533092, 4.89697474501183, 0.8264715236679726, 0.7439410484893825, 0.8020990128363363, 3.4342262988132046, 4.747164616953529, 1.2662775009223801, 4.477812155475335, 2.007936802319991, 8.188041249894884]
APTIDAO: 
31.494039843647215
GEN: 1700
Individuo: 
[3.2985864254507513, 1.2928071848452178, 1.0793331527974528, 2.543853982498347, 3.491908228801887, 0.5619861389739983, 0.5956595444864103, 0.406083371934394, 0.4626405029209586, 0.658035882650964, 0.998709100907584, 0.17765213312051284, 16.45465427399643, 4.283429895786964, 2.99624291499982, 5.884104416919767, 22.642074958667386, 1.1626533619450874, 24.308132360114755, 1.4765443633147217, 1.0758255292129368, 1.067377732281169, 0.8305106799942755, 1.2779289223307306, 3.9320843330985604, 4.675986565692813, 8.71753040813237, 10.0, 0.8324624450879957, 1.512284834824343, 7.67730429823452, 2.6601307884307204, 8.031845325175905, 0.9093673577667052, 2.7891943358933666, 10.0, 1.7631554549181345, 1.3649360988533092, 4.89697474501183, 0.9125153957642068, 1.189693423208491, 0.5324999182826454, 2.9495060975747505, 5.7206548667265595, 1.2662775009223801, 4.477812155475335, 1.5127479839238431, 8.188041249894884]
APTIDAO: 
28.030778322794593
GEN: 1800
Individuo: 
[3.2985864254507513, 1.2928071848452178, 1.0239842736620146, 2.543853982498347, 3.491908228801887, 0.5619861389739983, 0.5978899116196611, 0.406083371934394, 0.520510362497759, 0.658035882650964, 0.998709100907584, 0.1819060879951319, 18.92473080924036, 4.283429895786964, 2.584597028715813, 5.884104416919767, 22.642074958667386, 1.1648611003543976, 24.308132360114755, 1.4473356329983218, 1.1116926154450606, 1.067377732281169, 0.8305106799942755, 1.2779289223307306, 3.9320843330985604, 4.675986565692813, 7.3086976092083376, 10.0, 0.8324624450879957, 1.512284834824343, 8.88345923018813, 2.6601307884307204, 8.538118127175386, 0.9093673577667052, 2.7891943358933666, 3.7115880079240497, 0.9422828161317025, 1.3649360988533092, 4.41725676453912, 0.9125153957642068, 1.189693423208491, 0.6044553150274892, 2.9495060975747505, 10.0, 1.0283205064913385, 4.477812155475335, 1.5127479839238431, 8.188041249894884]
APTIDAO: 
26.800388968293476
GEN: 1900
Individuo: 
[3.2985864254507513, 1.2928071848452178, 1.0239842736620146, 2.543853982498347, 3.491908228801887, 0.5668102165940473, 0.6022457793348216, 0.4164104627300224, 0.5236572113245412, 0.658035882650964, 0.998709100907584, 0.18393590821121064, 18.92473080924036, 4.664298717720656, 2.195891950765678, 5.884104416919767, 23.26436558361375, 1.1648611003543976, 23.011902371289935, 1.4473356329983218, 1.1116926154450606, 1.1480304375041108, 0.8368460086920148, 1.2779289223307306, 3.9320843330985604, 4.675986565692813, 7.3086976092083376, 10.0, 0.8324624450879957, 1.0842490542977308, 6.88776907728485, 3.040799719303731, 10.0, 0.9093673577667052, 2.7891943358933666, 2.889277413017552, 0.9422828161317025, 1.3651694717798841, 4.1251603872470675, 0.9125153957642068, 2.136616280686984, 0.6044553150274892, 2.9190470471903334, 10.0, 1.0283205064913385, 6.235217800860596, 1.2264944376359272, 8.188041249894884]
APTIDAO: 
26.665610109641833
GEN: 2000
Individuo: 
[3.2985864254507513, 1.2928071848452178, 1.0239842736620146, 2.543853982498347, 3.491908228801887, 0.5784517025430259, 0.6022457793348216, 0.4164104627300224, 0.5236572113245412, 0.658035882650964, 0.998709100907584, 0.18393590821121064, 17.067424740576783, 4.664298717720656, 2.584597028715813, 5.884104416919767, 21.358261129808135, 1.1648611003543976, 23.011902371289935, 1.4473356329983218, 1.1116926154450606, 1.1480304375041108, 0.8368460086920148, 1.2659402027424342, 3.9320843330985604, 4.675986565692813, 7.3086976092083376, 10.0, 0.8324624450879957, 0.7494081445273953, 6.88776907728485, 3.040799719303731, 10.0, 0.9093673577667052, 2.7891943358933666, 2.889277413017552, 1.803887001897919, 1.3651694717798841, 4.41725676453912, 0.9125153957642068, 1.610073085254892, 0.6044553150274892, 2.9190470471903334, 10.0, 1.0283205064913385, 6.235217800860596, 1.2264944376359272, 4.64405818812143]
APTIDAO: 
26.54215481792739
GEN: 2100
Individuo: 
[3.2985864254507513, 1.2928071848452178, 1.0239842736620146, 2.543853982498347, 3.491908228801887, 0.5784517025430259, 0.6022457793348216, 0.4164104627300224, 0.5236572113245412, 0.5951830884256127, 0.998709100907584, 0.1519095845187126, 19.920200971601417, 4.664298717720656, 2.584597028715813, 6.104250650652038, 18.54770996307492, 1.6444674811698663, 23.011902371289935, 1.4473356329983218, 1.1061900888827094, 1.1384722502203717, 0.8368460086920148, 1.2215803812835633, 3.9320843330985604, 4.675986565692813, 7.3086976092083376, 10.0, 0.8324624450879957, 0.7494081445273953, 6.88776907728485, 3.040799719303731, 10.0, 0.72192934701979, 2.7891943358933666, 1.1573744640390424, 1.2274300041120902, 1.3651694717798841, 4.41725676453912, 0.8473166109124703, 0.81833977819125, 1.187585299575906, 2.9190470471903334, 10.0, 1.6785377881807617, 4.0570758043146595, 1.2264944376359272, 2.1584268491914025]
APTIDAO: 
25.93765967318644
GEN: 2200
Individuo: 
[3.2985864254507513, 1.2928071848452178, 1.0239842736620146, 2.543853982498347, 3.491908228801887, 0.5784517025430259, 0.6022457793348216, 0.4264345881551845, 0.5226727505853621, 0.5951830884256127, 0.9996505008111086, 0.11074271124917393, 19.920200971601417, 4.664298717720656, 2.584597028715813, 6.570171007144964, 18.54770996307492, 1.490259118359799, 24.24295270160376, 1.4278571522158585, 1.1061900888827094, 1.1384722502203717, 0.8414758132954688, 1.2215803812835633, 3.9320843330985604, 4.675986565692813, 7.3086976092083376, 10.0, 0.8324624450879957, 0.7494081445273953, 6.88776907728485, 4.82737174831787, 6.79196574473087, 0.72192934701979, 3.9571153334614153, 0.8057383192457814, 1.2274300041120902, 1.3651694717798841, 4.41725676453912, 1.0471027402999633, 0.81833977819125, 2.18310418233426, 1.917477143241406, 3.383304465602894, 1.6785377881807617, 4.0570758043146595, 0.9248138868831863, 2.1584268491914025]
APTIDAO: 
25.728068226247125
GEN: 2300
Individuo: 
[3.2985864254507513, 1.2928071848452178, 1.0239842736620146, 2.543853982498347, 3.491908228801887, 0.5784517025430259, 0.6022457793348216, 0.4264345881551845, 0.5226727505853621, 0.5951830884256127, 0.9996505008111086, 0.10170766779170294, 20.01567368160995, 4.7319927574330904, 2.584597028715813, 6.7658715657133035, 17.30761285273485, 1.584148800612085, 24.24295270160376, 1.4278571522158585, 1.1061900888827094, 1.1384722502203717, 0.8414758132954688, 1.2215803812835633, 3.9320843330985604, 4.675986565692813, 7.3086976092083376, 10.0, 0.8324624450879957, 0.7494081445273953, 6.88776907728485, 4.82737174831787, 6.79196574473087, 0.72192934701979, 3.9571153334614153, 0.8662081445250929, 0.7449583509829677, 1.1804855820043172, 4.41725676453912, 0.6780574704654372, 0.6758351737058866, 2.1000851351171477, 1.917477143241406, 3.383304465602894, 1.6785377881807617, 4.0570758043146595, 0.9248138868831863, 2.1584268491914025]
APTIDAO: 
25.733165645744364
GEN: 2400
Individuo: 
[3.287004690708527, 1.2928071848452178, 1.0239842736620146, 2.543853982498347, 3.491908228801887, 0.5784517025430259, 0.6022457793348216, 0.43077428326395106, 0.5226727505853621, 0.5951830884256127, 0.9996505008111086, 0.10170766779170294, 20.01567368160995, 4.709332248726114, 2.2660040698288224, 6.7658715657133035, 18.291015607584402, 1.6166407101627114, 21.73328918561887, 1.4278571522158585, 1.122466366337529, 1.1384722502203717, 0.8414758132954688, 1.2215803812835633, 3.563289527355839, 4.675986565692813, 7.3086976092083376, 10.0, 0.8324624450879957, 0.7494081445273953, 6.88776907728485, 7.809597423214869, 6.79196574473087, 0.72192934701979, 3.9571153334614153, 0.8662081445250929, 0.7449583509829677, 1.0487954281942196, 2.3183488971966026, 0.6780574704654372, 0.8102356891783353, 5.020372444014444, 3.9783400613715045, 3.383304465602894, 1.045915015531986, 4.0570758043146595, 0.9248138868831863, 2.1584268491914025]
APTIDAO: 
25.62388065915268
GEN: 2500
Individuo: 
[3.287004690708527, 1.2928071848452178, 0.9876392830588063, 2.687860478384438, 3.491908228801887, 0.5784517025430259, 0.614734867874206, 0.43077428326395106, 0.5226727505853621, 0.5951830884256127, 0.9996505008111086, 0.1046200090724704, 24.956873427050144, 4.50629779331146, 2.2660040698288224, 7.545188663123714, 24.235436278638907, 1.6166407101627114, 24.818126412638367, 1.4278571522158585, 1.122466366337529, 1.1384722502203717, 0.8414758132954688, 1.2215803812835633, 3.563289527355839, 4.675986565692813, 7.532505873797859, 5.469239363508713, 0.8324624450879957, 0.7494081445273953, 7.3848465247625885, 7.809597423214869, 6.79196574473087, 0.72192934701979, 3.9571153334614153, 0.8168775827440952, 0.6482520421488001, 0.6628490246070184, 2.3183488971966026, 1.1546472432179644, 2.8646924330391927, 5.020372444014444, 5.137314733606756, 3.383304465602894, 1.045915015531986, 4.0570758043146595, 0.9248138868831863, 2.1584268491914025]
APTIDAO: 
25.771852945796585
GEN: 2600
Individuo: 
[3.287004690708527, 1.2862581213763937, 0.9876392830588063, 2.687860478384438, 3.491908228801887, 0.5880587534318681, 0.614734867874206, 0.43077428326395106, 0.5226727505853621, 0.5951830884256127, 0.9797722545278358, 0.10164390738934967, 17.09219791576987, 4.50629779331146, 2.2660040698288224, 7.545188663123714, 24.235436278638907, 1.6166407101627114, 23.859041441200855, 1.4278571522158585, 1.122466366337529, 1.1384722502203717, 0.8414758132954688, 1.2215803812835633, 3.563289527355839, 2.6628882652666928, 7.532505873797859, 5.469239363508713, 0.8324624450879957, 0.716311050721497, 7.3848465247625885, 7.809597423214869, 6.79196574473087, 0.72192934701979, 1.8020775093618466, 1.1130539891777376, 0.7356671899851794, 0.6628490246070184, 2.3183488971966026, 1.1546472432179644, 2.8646924330391927, 5.020372444014444, 1.2918859558596452, 3.383304465602894, 1.045915015531986, 4.0570758043146595, 0.9248138868831863, 2.1584268491914025]
APTIDAO: 
25.618782233959415
GEN: 2700
Individuo: 
[3.287004690708527, 1.2862581213763937, 0.9876392830588063, 2.687860478384438, 3.4706067309553883, 0.5880587534318681, 0.614734867874206, 0.43077428326395106, 0.5226727505853621, 0.5951830884256127, 0.9797722545278358, 0.11584337219375088, 18.129039613251113, 4.50629779331146, 2.2660040698288224, 7.364073653313278, 19.488945700617816, 1.6166407101627114, 20.676946556446275, 1.4278571522158585, 1.122466366337529, 1.1384722502203717, 0.8414758132954688, 1.2215803812835633, 3.563289527355839, 2.6628882652666928, 7.532505873797859, 5.469239363508713, 0.8046700674936785, 0.716311050721497, 7.3848465247625885, 7.809597423214869, 6.79196574473087, 0.72192934701979, 1.8020775093618466, 1.1832775088939018, 0.6348338118505776, 0.6628490246070184, 2.3183488971966026, 1.401693758545273, 3.3198533679289612, 5.020372444014444, 1.292482113552551, 3.383304465602894, 1.045915015531986, 4.0570758043146595, 0.9248138868831863, 2.1584268491914025]
APTIDAO: 
25.57391795249636
GEN: 2800
Individuo: 
[3.287004690708527, 1.2862581213763937, 0.9876392830588063, 2.687860478384438, 3.4706067309553883, 0.5880587534318681, 0.614734867874206, 0.43077428326395106, 0.5226727505853621, 0.5951830884256127, 0.984458524184887, 0.10100235167638753, 18.129039613251113, 4.50629779331146, 2.8977990682520187, 7.364073653313278, 19.488945700617816, 1.6166407101627114, 16.015075490190828, 1.4278571522158585, 1.1308620361822639, 1.1384722502203717, 0.8414758132954688, 1.2215803812835633, 3.563289527355839, 2.6628882652666928, 7.532505873797859, 5.469239363508713, 0.8046700674936785, 0.716311050721497, 7.3848465247625885, 7.809597423214869, 6.79196574473087, 0.72192934701979, 1.7025106653739266, 0.8160894631358595, 0.6348338118505776, 0.6628490246070184, 1.8731545478223717, 1.401693758545273, 3.3198533679289612, 5.020372444014444, 1.4047803838710995, 3.383304465602894, 1.2715663889371738, 4.0570758043146595, 0.9248138868831863, 2.1584268491914025]
APTIDAO: 
25.512762777647186
GEN: 2900
Individuo: 
[3.2674652208258577, 1.2862581213763937, 0.9876392830588063, 2.687860478384438, 3.4706067309553883, 0.5880587534318681, 0.614734867874206, 0.4347229443197871, 0.5226727505853621, 0.5951830884256127, 0.984458524184887, 0.10083867208458185, 19.76314581751022, 4.50629779331146, 2.611768948722958, 7.364073653313278, 17.68467430145626, 1.786204728964483, 21.699051510459533, 1.4258647260224084, 1.158742377404927, 1.1384722502203717, 0.8414758132954688, 1.2079582933977642, 2.642085038133935, 2.6628882652666928, 7.532505873797859, 5.469239363508713, 0.8046700674936785, 0.716311050721497, 7.3848465247625885, 9.000337887468573, 6.79196574473087, 0.72192934701979, 1.7025106653739266, 1.4519825097217347, 0.45535693330665616, 0.6628490246070184, 1.4911205549527025, 1.401693758545273, 5.501557911362771, 7.022050847171567, 1.5802842135826978, 2.294941042681777, 1.2605046115426901, 4.0570758043146595, 0.9248138868831863, 2.312734292814271]
APTIDAO: 
25.42770833176991
GEN: 3000
Individuo: 
[3.2674652208258577, 1.2862581213763937, 0.9876392830588063, 2.687860478384438, 3.4706067309553883, 0.5880587534318681, 0.614734867874206, 0.4347229443197871, 0.5226727505853621, 0.5951830884256127, 0.984458524184887, 0.10083867208458185, 19.76314581751022, 4.50629779331146, 2.2417773029958847, 7.364073653313278, 15.073535051000814, 1.6166407101627114, 15.269055438254364, 1.4258647260224084, 1.158742377404927, 1.1226736774609474, 0.8715687931434377, 1.2079582933977642, 2.642085038133935, 2.6628882652666928, 7.532505873797859, 5.469239363508713, 0.8046700674936785, 0.716311050721497, 7.3848465247625885, 9.000337887468573, 6.79196574473087, 0.72192934701979, 1.7025106653739266, 1.4519825097217347, 0.45535693330665616, 0.6628490246070184, 2.122077310997043, 1.401693758545273, 2.4807743385906957, 5.020372444014444, 2.038766595633625, 2.294941042681777, 1.2605046115426901, 4.162648099960853, 0.8346867896355095, 2.312734292814271]
APTIDAO: 
25.283027860040367
GEN: 3100
Individuo: 
[3.2674652208258577, 1.2862581213763937, 0.9876392830588063, 2.687860478384438, 3.4706067309553883, 0.5880587534318681, 0.614734867874206, 0.4347229443197871, 0.5226727505853621, 0.5951830884256127, 0.984458524184887, 0.10307358773327453, 19.76314581751022, 4.50629779331146, 2.2417773029958847, 6.978939890271852, 22.212561657975026, 1.6166407101627114, 23.978113722453845, 1.4258647260224084, 1.158742377404927, 1.1226736774609474, 0.8715687931434377, 1.2079582933977642, 2.642085038133935, 2.6628882652666928, 7.532505873797859, 5.469239363508713, 0.8046700674936785, 0.716311050721497, 7.3848465247625885, 9.000337887468573, 6.79196574473087, 0.72192934701979, 1.7025106653739266, 2.0010450893954816, 0.45535693330665616, 0.6628490246070184, 2.122077310997043, 1.1335570958573709, 1.0236006932942392, 5.020372444014444, 2.168767967068811, 2.294941042681777, 1.2605046115426901, 4.162648099960853, 0.8346867896355095, 2.312734292814271]
APTIDAO: 
25.180833542843498
GEN: 3200
Individuo: 
[3.2674652208258577, 1.2862581213763937, 0.9876392830588063, 2.687860478384438, 3.4706067309553883, 0.591165955183956, 0.614734867874206, 0.4347229443197871, 0.5226727505853621, 0.5951830884256127, 0.984458524184887, 0.10307358773327453, 19.76314581751022, 4.34471547028751, 2.2417773029958847, 6.573986475071068, 22.212561657975026, 1.6166407101627114, 23.978113722453845, 1.4258647260224084, 1.158742377404927, 1.1226736774609474, 0.8715687931434377, 1.2079582933977642, 2.642085038133935, 2.6628882652666928, 7.532505873797859, 5.469239363508713, 0.8046700674936785, 1.0195937033497946, 7.3848465247625885, 9.000337887468573, 6.79196574473087, 0.72192934701979, 1.7025106653739266, 2.0010450893954816, 0.45535693330665616, 0.8271485506699554, 2.122077310997043, 0.9669081709887436, 1.0236006932942392, 5.020372444014444, 2.168767967068811, 2.294941042681777, 1.2605046115426901, 4.162648099960853, 0.8346867896355095, 2.312734292814271]
APTIDAO: 
25.173493231868477
GEN: 3300
Individuo: 
[3.2674652208258577, 1.2862581213763937, 0.9876392830588063, 2.687860478384438, 3.4706067309553883, 0.591165955183956, 0.614734867874206, 0.4347229443197871, 0.5226727505853621, 0.5951830884256127, 0.9928723633220862, 0.10307358773327453, 17.535925490189793, 4.809112933624843, 2.2417773029958847, 6.867387983271255, 22.415617828202087, 1.6166407101627114, 23.25541063936853, 1.4258647260224084, 1.158742377404927, 1.1226736774609474, 0.8904397310443745, 1.2079582933977642, 2.642085038133935, 2.6628882652666928, 7.532505873797859, 5.469239363508713, 0.8046700674936785, 1.0195937033497946, 7.3848465247625885, 9.000337887468573, 6.79196574473087, 0.72192934701979, 2.0385827917367227, 2.0010450893954816, 0.7876207195729079, 0.9065285173977197, 2.122077310997043, 1.6333880356911978, 1.1942236550889878, 5.020372444014444, 3.748374364416088, 2.294941042681777, 1.2605046115426901, 4.162648099960853, 0.9885006444874723, 2.312734292814271]
APTIDAO: 
25.086253704569675
GEN: 3400
Individuo: 
[3.2674652208258577, 1.2862581213763937, 0.9876392830588063, 2.687860478384438, 3.4706067309553883, 0.591165955183956, 0.614734867874206, 0.4347229443197871, 0.5226727505853621, 0.5951830884256127, 0.9928723633220862, 0.10307358773327453, 17.535925490189793, 4.822385926199851, 2.2417773029958847, 6.867387983271255, 23.022867567535258, 1.6166407101627114, 24.25370389083397, 1.4258647260224084, 1.158742377404927, 1.1226736774609474, 0.8904397310443745, 1.202106974546716, 2.642085038133935, 2.6628882652666928, 7.532505873797859, 5.469239363508713, 0.8046700674936785, 1.0195937033497946, 7.3848465247625885, 9.000337887468573, 6.79196574473087, 0.72192934701979, 2.0385827917367227, 2.0010450893954816, 0.7876207195729079, 1.1628500803169726, 2.122077310997043, 1.6333880356911978, 1.3135587142667657, 5.020372444014444, 3.8294097459109726, 2.294941042681777, 1.2605046115426901, 4.162648099960853, 0.9885006444874723, 3.164509504281565]
APTIDAO: 
25.07213639725829
GEN: 3500
Individuo: 
[3.2674652208258577, 1.2862581213763937, 0.9876392830588063, 2.687860478384438, 3.4706067309553883, 0.591165955183956, 0.614734867874206, 0.4347229443197871, 0.5226727505853621, 0.5951830884256127, 0.9928723633220862, 0.11949900837468805, 17.535925490189793, 4.4399595123722175, 2.4025270817456845, 6.867387983271255, 23.022867567535258, 1.4724873427489353, 24.25370389083397, 1.4258647260224084, 1.158742377404927, 1.1226736774609474, 0.8904397310443745, 1.202106974546716, 2.642085038133935, 2.6628882652666928, 7.532505873797859, 5.469239363508713, 0.8046700674936785, 1.0195937033497946, 7.3848465247625885, 9.000337887468573, 6.79196574473087, 0.72192934701979, 2.0385827917367227, 1.5037326747609785, 0.7876207195729079, 1.1031518158342892, 2.3731080703567478, 1.6333880356911978, 1.3135587142667657, 4.85102001079109, 3.8294097459109726, 2.294941042681777, 1.2605046115426901, 4.162648099960853, 0.9885006444874723, 3.164509504281565]
APTIDAO: 
25.072145914458975
GEN: 3600
Individuo: 
[3.2674652208258577, 1.2862581213763937, 0.9876392830588063, 2.687860478384438, 3.4706067309553883, 0.591165955183956, 0.614734867874206, 0.4347229443197871, 0.5226727505853621, 0.5951830884256127, 0.9928723633220862, 0.10621006157772711, 17.535925490189793, 4.4399595123722175, 2.4025270817456845, 6.867387983271255, 22.929736741535415, 1.4724873427489353, 20.457114526500526, 1.4258647260224084, 1.158742377404927, 1.1226736774609474, 0.9059983060200288, 1.202106974546716, 2.642085038133935, 2.6628882652666928, 7.532505873797859, 5.469239363508713, 0.8046700674936785, 1.0195937033497946, 7.3848465247625885, 9.000337887468573, 6.79196574473087, 0.72192934701979, 2.0385827917367227, 1.2201830431444063, 0.7876207195729079, 1.1031518158342892, 2.3731080703567478, 1.6333880356911978, 1.0277834805386756, 4.85102001079109, 4.661618984462454, 2.294941042681777, 1.2605046115426901, 4.162648099960853, 1.4385288749377594, 3.164509504281565]
APTIDAO: 
25.056241581306775
GEN: 3700
Individuo: 
[3.2674652208258577, 1.2862581213763937, 0.9876392830588063, 2.687860478384438, 3.4706067309553883, 0.591165955183956, 0.614734867874206, 0.4347229443197871, 0.5226727505853621, 0.5951830884256127, 0.9928723633220862, 0.10621006157772711, 17.516781748556937, 4.4399595123722175, 2.4025270817456845, 6.867387983271255, 22.929736741535415, 1.78686152094142, 24.400699860210533, 1.4258647260224084, 1.149296110221517, 1.1226736774609474, 0.9059983060200288, 1.202106974546716, 2.642085038133935, 2.6628882652666928, 7.532505873797859, 5.469239363508713, 0.8046700674936785, 1.0195937033497946, 7.3848465247625885, 9.000337887468573, 6.79196574473087, 0.72192934701979, 2.0385827917367227, 1.2201830431444063, 0.8372049668577425, 1.1031518158342892, 2.3731080703567478, 1.6333880356911978, 1.0277834805386756, 3.0704383780088342, 3.1301349859998293, 2.294941042681777, 1.209751785214409, 4.162648099960853, 1.4385288749377594, 3.164509504281565]
APTIDAO: 
25.040532130924078
GEN: 3800
Individuo: 
[3.2674652208258577, 1.2862581213763937, 0.9876392830588063, 2.687860478384438, 3.4706067309553883, 0.591165955183956, 0.614734867874206, 0.4347229443197871, 0.5229429305745027, 0.5951830884256127, 0.9957836161304569, 0.11732876833648467, 17.516781748556937, 4.4399595123722175, 2.2239426951177688, 6.867387983271255, 24.447445106817494, 1.691700096136532, 24.08351282961227, 1.4258647260224084, 1.149296110221517, 1.120572812082938, 0.9059983060200288, 1.202106974546716, 2.642085038133935, 2.6628882652666928, 7.532505873797859, 5.469239363508713, 0.8046700674936785, 1.0195937033497946, 7.3848465247625885, 9.000337887468573, 4.0038122842857495, 0.72192934701979, 1.187965601190361, 1.6081900088706313, 0.8372049668577425, 1.1031518158342892, 1.7339520625280394, 1.6333880356911978, 0.5575025523696814, 4.306061522019352, 7.171459775979717, 2.294941042681777, 1.209751785214409, 2.485465786152121, 1.4385288749377594, 3.164509504281565]
APTIDAO: 
25.020019780258966
GEN: 3900
Individuo: 
[3.2674652208258577, 1.2862581213763937, 0.9876392830588063, 2.687860478384438, 3.4706067309553883, 0.591165955183956, 0.614734867874206, 0.4347229443197871, 0.5229429305745027, 0.5951830884256127, 0.9957836161304569, 0.10476417921319413, 17.516781748556937, 4.56648322102384, 2.2239426951177688, 6.867387983271255, 23.83973550799784, 1.251940627619691, 24.08351282961227, 1.4258647260224084, 1.149296110221517, 1.1148568720266778, 0.9059983060200288, 1.202106974546716, 2.642085038133935, 2.6628882652666928, 7.532505873797859, 5.469239363508713, 0.8046700674936785, 1.0195937033497946, 7.3848465247625885, 9.000337887468573, 4.0038122842857495, 0.72192934701979, 1.187965601190361, 0.9983454363464472, 0.8372049668577425, 0.9198705077481195, 1.7339520625280394, 1.6333880356911978, 1.035224655984112, 3.3080001994927604, 7.171459775979717, 2.294941042681777, 1.209751785214409, 3.568357058504685, 1.4385288749377594, 3.164509504281565]
APTIDAO: 
25.0203273205391
GEN: 4000
Individuo: 
[3.2674652208258577, 1.2862581213763937, 0.9876392830588063, 2.687860478384438, 3.4706067309553883, 0.591165955183956, 0.614734867874206, 0.4347229443197871, 0.5229429305745027, 0.5951830884256127, 0.9957702306083195, 0.10476417921319413, 17.516781748556937, 4.56648322102384, 2.2239426951177688, 6.867387983271255, 24.3804349966103, 1.2942353029115583, 24.08351282961227, 1.4258647260224084, 1.149296110221517, 1.1148568720266778, 0.9059983060200288, 1.202106974546716, 2.642085038133935, 2.6628882652666928, 7.532505873797859, 5.469239363508713, 0.8046700674936785, 1.0195937033497946, 7.3848465247625885, 9.000337887468573, 4.0038122842857495, 0.72192934701979, 1.1090733795995145, 0.9983454363464472, 0.8372049668577425, 0.9198705077481195, 1.7339520625280394, 1.6333880356911978, 0.5980591722137302, 4.763102602069627, 7.171459775979717, 2.294941042681777, 1.209751785214409, 3.568357058504685, 1.4385288749377594, 3.164509504281565]
APTIDAO: 
25.01441744787176
GEN: 4100
Individuo: 
[3.2674652208258577, 1.2862581213763937, 0.9876392830588063, 2.687860478384438, 3.4706067309553883, 0.5898971979888943, 0.614734867874206, 0.4347229443197871, 0.5229429305745027, 0.5951830884256127, 0.9957702306083195, 0.10476417921319413, 18.01035359838014, 4.56648322102384, 2.005639583162325, 6.770498158161312, 24.3804349966103, 1.0556413029820566, 24.08351282961227, 1.4258647260224084, 1.149296110221517, 1.1148568720266778, 0.9059983060200288, 1.202106974546716, 2.642085038133935, 2.6628882652666928, 7.532505873797859, 5.469239363508713, 0.8046700674936785, 0.8248609675066467, 7.3848465247625885, 9.000337887468573, 4.0038122842857495, 0.72192934701979, 1.1090733795995145, 0.9983454363464472, 0.9691957167331489, 0.9198705077481195, 1.3296527692483497, 1.6516589203542524, 0.5980591722137302, 2.8280394976408174, 7.171459775979717, 2.294941042681777, 1.209751785214409, 3.568357058504685, 1.4385288749377594, 3.164509504281565]
APTIDAO: 
25.003340434877924
GEN: 4200
Individuo: 
[3.2674652208258577, 1.2862581213763937, 0.9876392830588063, 2.687860478384438, 3.4706067309553883, 0.5898971979888943, 0.614734867874206, 0.4347229443197871, 0.5229429305745027, 0.5951830884256127, 0.9957702306083195, 0.10038137728545768, 18.01035359838014, 4.931997151224544, 2.2896217629784514, 6.770498158161312, 24.3804349966103, 1.0556413029820566, 24.08351282961227, 1.4258647260224084, 1.149296110221517, 1.1148568720266778, 0.9059983060200288, 1.202106974546716, 2.642085038133935, 2.6628882652666928, 7.532505873797859, 5.469239363508713, 0.8046700674936785, 0.8248609675066467, 7.3848465247625885, 9.000337887468573, 4.0038122842857495, 0.72192934701979, 1.1090733795995145, 1.3563838348387118, 0.9691957167331489, 1.352722600274946, 1.7067310402407376, 1.6516589203542524, 0.5980591722137302, 2.8280394976408174, 7.171459775979717, 2.294941042681777, 1.209751785214409, 3.568357058504685, 1.4385288749377594, 3.164509504281565]
APTIDAO: 
25.003340202110767
GEN: 4300
Individuo: 
[3.2674652208258577, 1.2862581213763937, 0.9876392830588063, 2.687860478384438, 3.4706067309553883, 0.5898971979888943, 0.614734867874206, 0.4347229443197871, 0.5261051944376521, 0.5951830884256127, 0.9957702306083195, 0.10183212700127348, 18.01035359838014, 4.931997151224544, 2.2896217629784514, 6.770498158161312, 24.3804349966103, 1.6196860783172056, 24.08351282961227, 1.4258647260224084, 1.149296110221517, 1.1148568720266778, 0.9059983060200288, 1.202106974546716, 2.642085038133935, 2.6628882652666928, 7.532505873797859, 5.469239363508713, 0.8046700674936785, 0.8248609675066467, 7.3848465247625885, 9.000337887468573, 3.6646768183207086, 0.72192934701979, 1.1090733795995145, 1.3457888917121712, 0.9691957167331489, 1.352722600274946, 1.7067310402407376, 1.6516589203542524, 0.5980591722137302, 2.489731162162052, 7.171459775979717, 2.294941042681777, 1.209751785214409, 3.568357058504685, 1.4385288749377594, 3.164509504281565]
APTIDAO: 
24.98110573751928
GEN: 4400
Individuo: 
[3.2674652208258577, 1.2862581213763937, 0.9876392830588063, 2.6721364043340667, 3.4706067309553883, 0.5898971979888943, 0.614734867874206, 0.4347229443197871, 0.5261051944376521, 0.5951830884256127, 0.9957702306083195, 0.10183212700127348, 18.593659610806057, 4.931997151224544, 2.2896217629784514, 6.770498158161312, 24.3804349966103, 1.0426296847627703, 24.08351282961227, 1.4258647260224084, 1.149296110221517, 1.1148568720266778, 0.9059983060200288, 1.202106974546716, 2.642085038133935, 2.6628882652666928, 7.532505873797859, 7.252883004025905, 0.8046700674936785, 0.8248609675066467, 7.3848465247625885, 9.000337887468573, 3.6646768183207086, 0.72192934701979, 1.1090733795995145, 1.3457888917121712, 1.7510156952206415, 1.352722600274946, 1.7067310402407376, 1.6516589203542524, 0.5980591722137302, 1.6559634172930129, 7.171459775979717, 2.294941042681777, 1.209751785214409, 3.568357058504685, 1.4385288749377594, 3.164509504281565]
APTIDAO: 
24.96001404886505
GEN: 4500
Individuo: 
[3.2674652208258577, 1.2862581213763937, 1.1085368457996698, 2.6721364043340667, 3.312365709868833, 0.5898971979888943, 0.6131661700060971, 0.4347229443197871, 0.5261051944376521, 0.5951830884256127, 0.9957702306083195, 0.10178382074692567, 18.95465888400415, 4.506717437124566, 2.2896217629784514, 6.770498158161312, 24.3804349966103, 1.3835590096591763, 24.08351282961227, 1.4258647260224084, 1.149296110221517, 1.1148568720266778, 0.9059983060200288, 1.202106974546716, 2.642085038133935, 2.6628882652666928, 5.820122893186054, 7.252883004025905, 1.1683140236857064, 0.8248609675066467, 5.997949296580615, 9.000337887468573, 3.6646768183207086, 0.72192934701979, 1.1090733795995145, 4.2826749861761595, 1.9094371883717318, 1.4332678303117576, 1.7067310402407376, 1.6516589203542524, 0.5980591722137302, 3.7735144536742666, 7.171459775979717, 2.294941042681777, 1.209751785214409, 3.568357058504685, 1.4385288749377594, 3.164509504281565]
APTIDAO: 
24.610054603212376
GEN: 4600
Individuo: 
[3.2674652208258577, 1.2862581213763937, 1.1085368457996698, 2.6608461527782685, 3.312365709868833, 0.5898971979888943, 0.6131661700060971, 0.4347229443197871, 0.5261051944376521, 0.5951830884256127, 0.9957702306083195, 0.10178382074692567, 16.507287995526386, 4.506717437124566, 2.2844590163038587, 6.770498158161312, 18.733818211457496, 1.6707522195293167, 24.08351282961227, 1.4258647260224084, 1.149296110221517, 1.1148568720266778, 0.9059983060200288, 1.2076659703788934, 2.642085038133935, 2.6628882652666928, 5.820122893186054, 2.7022613165365086, 1.1683140236857064, 0.8248609675066467, 5.997949296580615, 9.000337887468573, 3.6646768183207086, 0.72192934701979, 1.1090733795995145, 4.2826749861761595, 1.729221427116905, 1.4332678303117576, 1.1516496633750175, 1.6516589203542524, 0.695027088367176, 2.3074041750032133, 7.171459775979717, 2.294941042681777, 1.209751785214409, 3.568357058504685, 1.4385288749377594, 2.062894047692199]
APTIDAO: 
24.5382587724358
GEN: 4700
Individuo: 
[3.2674652208258577, 1.2862581213763937, 1.1085368457996698, 2.6608461527782685, 3.312365709868833, 0.5898971979888943, 0.6131661700060971, 0.4347229443197871, 0.5261051944376521, 0.5951830884256127, 0.9957702306083195, 0.10178382074692567, 16.507287995526386, 4.506717437124566, 2.2844590163038587, 6.770498158161312, 19.71932209598004, 1.6707522195293167, 23.487537906944805, 1.4258647260224084, 1.149296110221517, 1.1148568720266778, 0.912591062182763, 1.2076659703788934, 2.642085038133935, 2.6628882652666928, 5.820122893186054, 2.7022613165365086, 1.1683140236857064, 0.8248609675066467, 5.997949296580615, 9.000337887468573, 3.6646768183207086, 0.72192934701979, 1.1090733795995145, 4.2826749861761595, 1.729221427116905, 1.4332678303117576, 1.1516496633750175, 1.6516589203542524, 0.5643257773658338, 2.3074041750032133, 5.874554714728056, 2.294941042681777, 1.209751785214409, 3.568357058504685, 1.7977831640619852, 2.062894047692199]
APTIDAO: 
24.53102618877268
GEN: 4800
Individuo: 
[3.2674652208258577, 1.2862581213763937, 1.1085368457996698, 2.6608461527782685, 3.312365709868833, 0.5898971979888943, 0.6131661700060971, 0.4347229443197871, 0.5261051944376521, 0.5951830884256127, 0.9957702306083195, 0.11149777222960035, 16.507287995526386, 4.506717437124566, 2.022759111450253, 6.770498158161312, 19.71932209598004, 1.6707522195293167, 23.487537906944805, 1.4258647260224084, 1.149296110221517, 1.1148568720266778, 0.912591062182763, 1.2076659703788934, 2.642085038133935, 2.6628882652666928, 5.820122893186054, 2.7022613165365086, 1.1683140236857064, 0.8248609675066467, 5.997949296580615, 9.000337887468573, 3.6646768183207086, 0.72192934701979, 1.1090733795995145, 2.642528442472533, 1.729221427116905, 1.4332678303117576, 1.0109721153652038, 1.6516589203542524, 0.5643257773658338, 2.3074041750032133, 5.874554714728056, 2.294941042681777, 1.209751785214409, 3.568357058504685, 1.7977831640619852, 2.062894047692199]
APTIDAO: 
24.531031278986575
GEN: 4900
Individuo: 
[3.2674652208258577, 1.2862581213763937, 1.110672629733962, 2.6608461527782685, 3.312365709868833, 0.5898971979888943, 0.612975199821831, 0.4347229443197871, 0.5275917474770816, 0.5951830884256127, 0.9957702306083195, 0.10540713194795495, 16.507287995526386, 4.506717437124566, 2.022759111450253, 6.770498158161312, 19.71932209598004, 1.034409296265535, 24.824839114064005, 1.4258647260224084, 1.149296110221517, 1.1148568720266778, 0.912591062182763, 1.2076659703788934, 2.642085038133935, 2.6628882652666928, 4.450025421388713, 2.7022613165365086, 1.1683140236857064, 0.8248609675066467, 6.546423301174281, 9.000337887468573, 2.3723664093440053, 0.72192934701979, 1.1090733795995145, 1.7006010430180412, 1.729221427116905, 1.4332678303117576, 1.0109721153652038, 1.6516589203542524, 0.5643257773658338, 1.8443321223340583, 4.019637041071808, 2.294941042681777, 1.209751785214409, 3.568357058504685, 1.7977831640619852, 2.062894047692199]
APTIDAO: 
24.508175331706905
GEN: 5000
Individuo: 
[3.21850879548144, 1.2862581213763937, 1.110672629733962, 2.6608461527782685, 3.312365709868833, 0.5898971979888943, 0.612975199821831, 0.4347229443197871, 0.5275917474770816, 0.5951830884256127, 0.9957702306083195, 0.1683990883570313, 16.507287995526386, 4.642800494156065, 2.022759111450253, 6.770498158161312, 17.690978369788674, 1.8587243704985768, 18.676441187506196, 1.4258647260224084, 1.149296110221517, 1.1148568720266778, 0.912591062182763, 1.2042616343777504, 3.329993421811367, 2.6628882652666928, 4.450025421388713, 2.7022613165365086, 1.1683140236857064, 0.8248609675066467, 6.546423301174281, 9.000337887468573, 2.3723664093440053, 0.72192934701979, 1.1090733795995145, 1.9146152868281794, 1.729221427116905, 1.6286618492208351, 1.0109721153652038, 1.6516589203542524, 0.5341205500293931, 1.724588919241418, 1.6045908595754372, 2.294941042681777, 1.209751785214409, 3.568357058504685, 1.7977831640619852, 1.037653067141319]
APTIDAO: 
24.645519319906004
GEN: 5100
Individuo: 
[3.21850879548144, 1.2862581213763937, 1.110672629733962, 2.6608461527782685, 3.312365709868833, 0.5898971979888943, 0.612975199821831, 0.43917479518255803, 0.5275917474770816, 0.5951830884256127, 0.9957702306083195, 0.1683990883570313, 16.507287995526386, 4.1639951391784304, 2.4895855097551, 6.770498158161312, 17.690978369788674, 1.74903576935005, 18.567813754906233, 1.4258647260224084, 1.149296110221517, 1.1148568720266778, 0.9152756071435615, 1.2042616343777504, 3.329993421811367, 2.6628882652666928, 4.450025421388713, 2.7022613165365086, 1.1683140236857064, 0.8248609675066467, 6.546423301174281, 5.2540932392446, 2.3723664093440053, 0.72192934701979, 1.1090733795995145, 1.9146152868281794, 1.729221427116905, 1.2094469192356148, 0.9550007637317055, 1.6516589203542524, 0.5341205500293931, 1.694664534418179, 2.2334924334916657, 2.294941042681777, 1.209751785214409, 3.568357058504685, 1.6733630038620835, 1.037653067141319]
APTIDAO: 
24.556774935071093
GEN: 5200
Individuo: 
[3.21850879548144, 1.2862581213763937, 1.110672629733962, 2.6608461527782685, 3.312365709868833, 0.5898971979888943, 0.612975199821831, 0.43917479518255803, 0.5275917474770816, 0.5886139931879532, 0.9957702306083195, 0.1318402950790823, 16.23195969663699, 4.1639951391784304, 2.4895855097551, 6.770498158161312, 16.010168304174243, 1.2747186697944306, 14.165051548319846, 1.4258647260224084, 1.149296110221517, 1.1148568720266778, 0.9152756071435615, 1.2042616343777504, 3.329993421811367, 2.6628882652666928, 4.450025421388713, 2.7022613165365086, 1.1683140236857064, 0.8248609675066467, 6.546423301174281, 5.2540932392446, 2.3723664093440053, 0.500013168898353, 1.1090733795995145, 1.9805039121185748, 2.4216130217186675, 1.2094469192356148, 0.9550007637317055, 1.6516589203542524, 0.7987771527742044, 2.571965785778328, 3.0921808694506283, 2.294941042681777, 1.209751785214409, 3.568357058504685, 1.6733630038620835, 1.037653067141319]
APTIDAO: 
24.377957339194065
GEN: 5300
Individuo: 
[3.21850879548144, 1.2862581213763937, 1.110672629733962, 2.6608461527782685, 3.312365709868833, 0.5898971979888943, 0.612975199821831, 0.43917479518255803, 0.5275917474770816, 0.5886139931879532, 0.9957702306083195, 0.10727600547320411, 16.23195969663699, 4.1639951391784304, 2.902308503051355, 6.770498158161312, 16.010168304174243, 1.2747186697944306, 14.477783518836068, 1.4258647260224084, 1.149296110221517, 1.1148568720266778, 0.9152756071435615, 1.2042616343777504, 3.329993421811367, 2.6628882652666928, 4.450025421388713, 2.7022613165365086, 1.1683140236857064, 0.8248609675066467, 6.546423301174281, 5.2540932392446, 2.3723664093440053, 0.500013168898353, 1.1090733795995145, 2.4756991743698875, 2.4216130217186675, 1.2094469192356148, 1.0659043263183738, 1.6516589203542524, 0.7987771527742044, 2.571965785778328, 2.6786719993616543, 2.294941042681777, 1.209751785214409, 3.568357058504685, 1.6733630038620835, 1.037653067141319]
APTIDAO: 
24.376964148238482
GEN: 5400
Individuo: 
[3.21850879548144, 1.2862581213763937, 1.110672629733962, 2.6776447719677217, 3.312365709868833, 0.5898971979888943, 0.612975199821831, 0.43917479518255803, 0.5275917474770816, 0.5886139931879532, 0.9957702306083195, 0.10727600547320411, 16.23195969663699, 4.1639951391784304, 2.5656956274382825, 6.770498158161312, 16.010168304174243, 1.2747186697944306, 20.946332908390964, 1.4258647260224084, 1.149296110221517, 1.1148568720266778, 0.9152756071435615, 1.2042616343777504, 3.329993421811367, 2.6628882652666928, 4.450025421388713, 1.7691149494439506, 1.1683140236857064, 0.8248609675066467, 6.546423301174281, 5.2540932392446, 2.3723664093440053, 0.500013168898353, 1.1090733795995145, 2.4756991743698875, 2.4216130217186675, 1.2094469192356148, 1.0347411914560063, 1.6516589203542524, 0.7987771527742044, 2.571965785778328, 3.351451396092606, 2.294941042681777, 1.209751785214409, 3.568357058504685, 1.6733630038620835, 1.037653067141319]
APTIDAO: 
24.36293927870261
GEN: 5500
Individuo: 
[3.21850879548144, 1.2862581213763937, 1.110672629733962, 2.6776447719677217, 3.312365709868833, 0.5898971979888943, 0.612975199821831, 0.43917479518255803, 0.5275917474770816, 0.5886139931879532, 0.9957702306083195, 0.10727600547320411, 16.23195969663699, 4.114466589174102, 2.5048560688685018, 6.770498158161312, 16.010168304174243, 1.2747186697944306, 23.464609989243144, 1.4055318064507187, 1.149296110221517, 1.1148568720266778, 0.9152756071435615, 1.2042616343777504, 3.329993421811367, 2.6628882652666928, 4.450025421388713, 1.7691149494439506, 1.1683140236857064, 0.8248609675066467, 6.546423301174281, 5.2540932392446, 2.3723664093440053, 0.500013168898353, 1.1090733795995145, 2.4756991743698875, 2.4216130217186675, 0.6346407525787501, 0.9207434760365438, 1.6516589203542524, 0.7987771527742044, 2.571965785778328, 3.5464292024150668, 1.2509324643328428, 1.209751785214409, 3.568357058504685, 1.6733630038620835, 1.037653067141319]
APTIDAO: 
24.312101826819966
GEN: 5600
Individuo: 
[3.21850879548144, 1.2862581213763937, 1.110672629733962, 2.7182093163001877, 3.312365709868833, 0.5898971979888943, 0.612975199821831, 0.43917479518255803, 0.5275917474770816, 0.5886139931879532, 0.9957702306083195, 0.10448152374549866, 17.380930764870758, 4.383168284006759, 2.492756534121533, 6.770498158161312, 22.559150150913847, 1.8190855543397197, 23.464609989243144, 1.4055318064507187, 1.149296110221517, 1.1111045263188735, 0.9152756071435615, 1.2042616343777504, 3.329993421811367, 2.6628882652666928, 4.450025421388713, 1.4377259820912065, 1.1683140236857064, 0.8248609675066467, 6.546423301174281, 5.2540932392446, 2.3723664093440053, 0.500013168898353, 1.1090733795995145, 2.4083397331926886, 1.959838924000981, 0.8282818753364476, 0.5828096757618226, 1.6516589203542524, 0.6726157355712068, 3.4336004201468038, 3.5464292024150668, 1.2509324643328428, 1.209751785214409, 6.056786746053601, 1.6733630038620835, 1.037653067141319]
APTIDAO: 
24.270703593644154
GEN: 5700
Individuo: 
[3.21850879548144, 1.2862581213763937, 1.4471108791360408, 2.1694680184281014, 3.3115327854026613, 0.5898971979888943, 0.612975199821831, 0.43917479518255803, 0.5275917474770816, 0.5886139931879532, 0.9957702306083195, 0.10448152374549866, 17.380930764870758, 4.383168284006759, 2.045430245570423, 6.770498158161312, 22.559150150913847, 1.8190855543397197, 23.464609989243144, 1.4055318064507187, 1.149296110221517, 1.1111045263188735, 0.9152756071435615, 1.2042616343777504, 3.329993421811367, 2.6628882652666928, 5.674347274124337, 0.7622248798327524, 1.064200969601878, 0.8248609675066467, 6.546423301174281, 5.2540932392446, 2.3723664093440053, 0.500013168898353, 1.1090733795995145, 2.4083397331926886, 1.959838924000981, 0.8282818753364476, 0.6334150892001508, 1.6516589203542524, 0.6726157355712068, 3.4336004201468038, 3.5464292024150668, 1.2509324643328428, 1.209751785214409, 6.056786746053601, 1.6733630038620835, 1.037653067141319]
APTIDAO: 
24.02994062527858
GEN: 5800
Individuo: 
[3.21850879548144, 1.2862581213763937, 1.4471108791360408, 2.1694680184281014, 3.3115327854026613, 0.5898971979888943, 0.612975199821831, 0.43917479518255803, 0.5275917474770816, 0.5886139931879532, 0.9957702306083195, 0.10448152374549866, 19.50477277259678, 4.383168284006759, 2.045430245570423, 6.770498158161312, 24.210337924009963, 1.3725778671276803, 24.05931006249061, 1.4055318064507187, 1.149296110221517, 1.1111045263188735, 0.9152756071435615, 1.2042616343777504, 3.329993421811367, 2.6628882652666928, 5.674347274124337, 0.7622248798327524, 1.064200969601878, 0.8248609675066467, 6.546423301174281, 5.2540932392446, 2.3723664093440053, 0.500013168898353, 1.1090733795995145, 2.4083397331926886, 2.6081483266442356, 0.8282818753364476, 0.6334150892001508, 1.6516589203542524, 0.7841126752389591, 3.7005910770187773, 1.8463802648479186, 1.2509324643328428, 1.209751785214409, 6.056786746053601, 1.6733630038620835, 1.037653067141319]
APTIDAO: 
23.930714572390652
GEN: 5900
Individuo: 
[3.21850879548144, 1.2862581213763937, 1.4471108791360408, 2.1694680184281014, 3.3115327854026613, 0.5898971979888943, 0.612975199821831, 0.43917479518255803, 0.5275917474770816, 0.5942677142468008, 0.9957702306083195, 0.12484492520257251, 19.50477277259678, 4.582153721954461, 2.045430245570423, 6.770498158161312, 24.210337924009963, 1.3725778671276803, 11.964177523821059, 1.4055318064507187, 1.149296110221517, 1.1111045263188735, 0.9152756071435615, 1.2042616343777504, 3.329993421811367, 2.6628882652666928, 5.674347274124337, 0.7622248798327524, 1.064200969601878, 0.8248609675066467, 6.546423301174281, 5.2540932392446, 2.3723664093440053, 0.7191417324674535, 1.1090733795995145, 3.359605920779876, 2.6081483266442356, 0.872269705442234, 0.6334150892001508, 1.6516589203542524, 0.7841126752389591, 3.7005910770187773, 2.496917027685591, 1.2509324643328428, 1.209751785214409, 6.056786746053601, 1.6733630038620835, 1.037653067141319]
APTIDAO: 
23.87514438324183
GEN: 6000
Individuo: 
[3.21850879548144, 1.2862581213763937, 1.4471108791360408, 2.1694680184281014, 3.3115327854026613, 0.5898971979888943, 0.612975199821831, 0.43917479518255803, 0.5275917474770816, 0.5942677142468008, 0.9957702306083195, 0.12484492520257251, 19.50477277259678, 4.582153721954461, 2.045430245570423, 6.770498158161312, 24.210337924009963, 1.1875754693252145, 11.964177523821059, 1.4055318064507187, 1.149296110221517, 1.1111045263188735, 0.9152756071435615, 1.2042616343777504, 3.329993421811367, 2.6628882652666928, 5.674347274124337, 0.7622248798327524, 1.064200969601878, 0.8248609675066467, 6.546423301174281, 5.2540932392446, 2.3723664093440053, 0.7191417324674535, 1.1090733795995145, 3.359605920779876, 2.6081483266442356, 0.872269705442234, 0.6334150892001508, 1.6516589203542524, 0.7841126752389591, 2.183702226466562, 2.496917027685591, 1.2509324643328428, 1.209751785214409, 6.056786746053601, 1.6733630038620835, 1.037653067141319]
APTIDAO: 
23.87514438324183
GEN: 6100
Individuo: 
[3.21850879548144, 1.2862581213763937, 1.4471108791360408, 2.1694680184281014, 3.3115327854026613, 0.5898971979888943, 0.612975199821831, 0.43917479518255803, 0.5275917474770816, 0.5942677142468008, 0.9957702306083195, 0.12484492520257251, 24.87013040866665, 4.430878812455731, 2.045430245570423, 6.770498158161312, 23.979698401016098, 1.349351949906055, 13.222074216795841, 1.4055318064507187, 1.149296110221517, 1.1111045263188735, 0.9152756071435615, 1.2042616343777504, 3.329993421811367, 2.6628882652666928, 5.674347274124337, 0.7622248798327524, 1.064200969601878, 0.8248609675066467, 6.546423301174281, 5.2540932392446, 2.3723664093440053, 0.7191417324674535, 1.1090733795995145, 3.359605920779876, 2.5018116634651304, 0.8937151545856238, 0.6334150892001508, 1.6516589203542524, 1.112432235104218, 2.759889439382017, 1.8162847236628348, 1.2509324643328428, 1.209751785214409, 6.056786746053601, 1.6733630038620835, 1.037653067141319]
APTIDAO: 
24.01589961289297
GEN: 6200
Individuo: 
[3.21850879548144, 1.2862581213763937, 1.4471108791360408, 2.1694680184281014, 3.3115327854026613, 0.5898971979888943, 0.612975199821831, 0.4254798008347285, 0.5275917474770816, 0.5983030111334129, 0.9957702306083195, 0.16238311965073454, 21.95724548744592, 4.430878812455731, 2.2420132750511104, 6.770498158161312, 20.42167011589627, 1.0832978137069078, 17.74204518178055, 1.4055318064507187, 1.149296110221517, 1.1111045263188735, 0.9152756071435615, 1.2042616343777504, 3.329993421811367, 2.6628882652666928, 5.674347274124337, 0.7622248798327524, 1.064200969601878, 0.8248609675066467, 6.546423301174281, 3.6364601665395906, 2.3723664093440053, 1.648035662172133, 1.1090733795995145, 2.0658802739019895, 2.8843361617239456, 0.8937151545856238, 0.5718055642734095, 1.6516589203542524, 0.9017198965906907, 0.8548457430022853, 1.722142878752038, 1.2509324643328428, 1.209751785214409, 6.056786746053601, 1.6733630038620835, 1.037653067141319]
APTIDAO: 
24.287951469477942
GEN: 6300
Individuo: 
[3.21850879548144, 1.2862581213763937, 1.4471108791360408, 2.1694680184281014, 3.3115327854026613, 0.5898971979888943, 0.6110302648270456, 0.4279187870536838, 0.5275917474770816, 0.5932568968992747, 0.9957702306083195, 0.16536723829893815, 21.939043175355508, 4.430878812455731, 2.0347981810447107, 5.095669880432936, 20.759111623427533, 1.3667717430212991, 21.155128566751138, 1.4055318064507187, 1.149296110221517, 1.1111045263188735, 0.9152756071435615, 1.2042616343777504, 3.329993421811367, 2.6628882652666928, 5.674347274124337, 0.7622248798327524, 1.064200969601878, 0.8248609675066467, 7.2748570396027405, 3.6318720817983925, 2.3723664093440053, 1.1894035439004125, 1.1090733795995145, 1.499192092729207, 1.0251172317730477, 0.8937151545856238, 0.9928867722884419, 2.315485336153624, 0.6713572244875506, 0.5008234466902973, 0.7314661156455782, 1.2509324643328428, 1.209751785214409, 6.056786746053601, 1.6733630038620835, 1.037653067141319]
APTIDAO: 
24.188069222717466
GEN: 6400
Individuo: 
[3.21850879548144, 1.2862581213763937, 1.4471108791360408, 2.1694680184281014, 3.3115327854026613, 0.5898971979888943, 0.6110302648270456, 0.4279187870536838, 0.5275917474770816, 0.5932568968992747, 0.9957702306083195, 0.16536723829893815, 17.987532298469137, 4.134767056630288, 2.0290348190816045, 5.095669880432936, 19.32263936389846, 1.0487605619002447, 23.18046586556495, 1.4055318064507187, 1.149296110221517, 1.1111045263188735, 0.9152756071435615, 1.2085989385101932, 3.329993421811367, 2.6628882652666928, 5.674347274124337, 0.7622248798327524, 1.064200969601878, 0.8248609675066467, 7.2748570396027405, 3.6318720817983925, 2.3723664093440053, 1.1894035439004125, 1.1090733795995145, 1.499192092729207, 0.8002081818858009, 0.9234339616920614, 1.4028468999654915, 2.315485336153624, 0.6452834988126838, 0.7467729421395572, 0.6643992948004808, 1.2509324643328428, 1.209751785214409, 6.056786746053601, 1.6733630038620835, 0.8258200134616601]
APTIDAO: 
24.118677059683215
GEN: 6500
Individuo: 
[3.21850879548144, 1.2862581213763937, 1.4471108791360408, 2.1694680184281014, 3.3115327854026613, 0.5876587929343507, 0.6110302648270456, 0.4279187870536838, 0.5304968530376499, 0.5932568968992747, 0.9957702306083195, 0.14755470609414276, 19.622808084922568, 4.6755905698393585, 2.2295377727901196, 5.102470641489029, 16.180514560446927, 1.8000861204654997, 14.337923639038506, 1.4055318064507187, 1.149296110221517, 1.1111045263188735, 0.9152756071435615, 1.2085989385101932, 3.329993421811367, 2.6628882652666928, 5.674347274124337, 0.7622248798327524, 1.064200969601878, 0.694743741050196, 7.2748570396027405, 3.6318720817983925, 2.5590220953404503, 1.1894035439004125, 1.1090733795995145, 0.7473402242182626, 0.6984747329396807, 0.5290803278674671, 1.7664509175335754, 3.4225764644115912, 0.5849730213669333, 1.3684548348801664, 0.8699349498432578, 1.2509324643328428, 1.209751785214409, 6.056786746053601, 1.6733630038620835, 0.8258200134616601]
APTIDAO: 
24.01045894036317
GEN: 6600
Individuo: 
[3.21850879548144, 1.2862581213763937, 1.4471108791360408, 2.1694680184281014, 3.3115327854026613, 0.5876587929343507, 0.6110302648270456, 0.4279187870536838, 0.5304968530376499, 0.5932568968992747, 0.9957702306083195, 0.14787413461897433, 18.49314630278417, 4.6755905698393585, 2.2295377727901196, 5.102470641489029, 16.180514560446927, 1.9598784920327867, 14.337923639038506, 1.4055318064507187, 1.149296110221517, 1.1111045263188735, 0.9152756071435615, 1.2085989385101932, 3.329993421811367, 2.6628882652666928, 5.674347274124337, 0.7622248798327524, 1.064200969601878, 0.694743741050196, 7.2748570396027405, 3.6318720817983925, 2.5590220953404503, 1.1894035439004125, 1.1090733795995145, 0.9625188641774204, 1.0476455006885954, 0.5290803278674671, 1.7664509175335754, 3.4225764644115912, 0.5849730213669333, 1.570794335876894, 0.8699349498432578, 1.2509324643328428, 1.209751785214409, 6.056786746053601, 1.6733630038620835, 0.8258200134616601]
APTIDAO: 
24.007297184676467
GEN: 6700
Individuo: 
[3.21850879548144, 1.2862581213763937, 1.4471108791360408, 2.1694680184281014, 3.3115327854026613, 0.5876587929343507, 0.6110302648270456, 0.4279187870536838, 0.5304968530376499, 0.5932568968992747, 0.9957702306083195, 0.10525150876814503, 18.49314630278417, 4.6755905698393585, 2.2295377727901196, 5.102470641489029, 16.180514560446927, 1.9598784920327867, 6.020502689059616, 1.4055318064507187, 1.1390845147523434, 1.1111045263188735, 0.9152756071435615, 1.2085989385101932, 3.329993421811367, 2.6628882652666928, 5.674347274124337, 0.7622248798327524, 1.064200969601878, 0.694743741050196, 7.2748570396027405, 3.6318720817983925, 2.5590220953404503, 1.1894035439004125, 1.1090733795995145, 1.080654898777658, 1.0476455006885954, 0.5290803278674671, 1.7664509175335754, 3.4225764644115912, 0.5849730213669333, 1.570794335876894, 0.7855534689215138, 1.2509324643328428, 2.2400177279530307, 6.056786746053601, 1.6733630038620835, 0.8258200134616601]
APTIDAO: 
23.985034195411426
GEN: 6800
Individuo: 
[3.21850879548144, 1.2862581213763937, 1.4471108791360408, 2.1694680184281014, 3.3115327854026613, 0.5876587929343507, 0.6110302648270456, 0.4279187870536838, 0.5304968530376499, 0.5932568968992747, 0.9957702306083195, 0.10405473947236185, 18.49314630278417, 4.6755905698393585, 2.457948596914041, 5.102470641489029, 16.180514560446927, 1.1144612256111808, 6.020502689059616, 1.4055318064507187, 1.1390845147523434, 1.1111045263188735, 0.9152756071435615, 1.2085989385101932, 3.329993421811367, 2.6628882652666928, 5.674347274124337, 0.7622248798327524, 1.064200969601878, 0.694743741050196, 7.2748570396027405, 3.6318720817983925, 2.5590220953404503, 1.1894035439004125, 1.1090733795995145, 0.8875110907157152, 1.0476455006885954, 0.5290803278674671, 1.4219381440271353, 3.4225764644115912, 0.5849730213669333, 1.354121683887127, 0.7855534689215138, 1.2509324643328428, 2.2400177279530307, 6.056786746053601, 1.6733630038620835, 0.8258200134616601]
APTIDAO: 
23.98446395785178
GEN: 6900
Individuo: 
[3.21850879548144, 1.2862581213763937, 1.4471108791360408, 2.1694680184281014, 3.3115327854026613, 0.5876587929343507, 0.6110302648270456, 0.4279187870536838, 0.5304968530376499, 0.5932568968992747, 0.9957702306083195, 0.10405473947236185, 18.49314630278417, 4.6755905698393585, 2.351127210969934, 5.102470641489029, 16.180514560446927, 1.1144612256111808, 6.020502689059616, 1.4055318064507187, 1.1390845147523434, 1.1111045263188735, 0.9152756071435615, 1.2085989385101932, 3.329993421811367, 2.6628882652666928, 5.674347274124337, 0.7622248798327524, 1.064200969601878, 0.694743741050196, 7.2748570396027405, 3.6318720817983925, 2.5590220953404503, 1.1894035439004125, 1.1090733795995145, 0.8875110907157152, 1.0476455006885954, 0.5290803278674671, 0.7191659742114505, 3.4225764644115912, 0.5849730213669333, 1.354121683887127, 0.7855534689215138, 1.2509324643328428, 2.2400177279530307, 6.056786746053601, 1.6733630038620835, 0.8258200134616601]
APTIDAO: 
23.98446395785178
GEN: 7000
Individuo: 
[3.21850879548144, 1.2862581213763937, 1.4471108791360408, 2.1694680184281014, 3.3115327854026613, 0.5876587929343507, 0.6110302648270456, 0.4307693881394118, 0.5304968530376499, 0.5932568968992747, 0.9957702306083195, 0.10040609312809118, 19.075960280812282, 4.6755905698393585, 2.351127210969934, 5.102470641489029, 16.180514560446927, 1.7114218215478536, 11.033525200347805, 1.4055318064507187, 1.1397752904226164, 1.1111045263188735, 0.9152756071435615, 1.2085989385101932, 3.329993421811367, 2.6628882652666928, 5.674347274124337, 0.7622248798327524, 1.064200969601878, 0.694743741050196, 7.2748570396027405, 2.9939192278352817, 2.5590220953404503, 1.1894035439004125, 1.1090733795995145, 1.0135795297428658, 0.8521529723500725, 0.5290803278674671, 0.7191659742114505, 3.4225764644115912, 0.5849730213669333, 1.6962741976234377, 0.7043183796372796, 1.2509324643328428, 1.9695937196423559, 6.056786746053601, 1.6733630038620835, 0.8258200134616601]
APTIDAO: 
23.940860547289503
GEN: 7100
Individuo: 
[3.21850879548144, 1.2862581213763937, 1.4471108791360408, 2.1694680184281014, 3.3115327854026613, 0.5876587929343507, 0.6110302648270456, 0.4307693881394118, 0.5304968530376499, 0.5932568968992747, 0.9957702306083195, 0.10040609312809118, 19.075960280812282, 4.6755905698393585, 2.4365237875242034, 5.609919850968777, 16.180514560446927, 1.7114218215478536, 24.320453011617538, 1.4055318064507187, 1.1397752904226164, 1.1111045263188735, 0.9304349896204477, 1.2085989385101932, 3.329993421811367, 2.6628882652666928, 5.674347274124337, 0.7622248798327524, 1.064200969601878, 0.694743741050196, 7.2748570396027405, 2.9939192278352817, 2.5590220953404503, 1.1894035439004125, 1.1090733795995145, 1.0135795297428658, 0.8521529723500725, 0.5290803278674671, 0.6310866915031074, 2.9369914925613516, 0.5849730213669333, 1.6962741976234377, 1.1306944205543747, 1.2509324643328428, 1.9695937196423559, 6.056786746053601, 2.1905546885368823, 0.8258200134616601]
APTIDAO: 
23.915346001996753
GEN: 7200
Individuo: 
[3.21850879548144, 1.2862581213763937, 1.4471108791360408, 2.1694680184281014, 3.3115327854026613, 0.5876587929343507, 0.6110302648270456, 0.4307693881394118, 0.5313240995017335, 0.5932568968992747, 0.9957702306083195, 0.10040609312809118, 19.075960280812282, 4.315767715914366, 2.7869930341549445, 5.609919850968777, 16.180514560446927, 1.8130761566667633, 24.320453011617538, 1.4055318064507187, 1.1397752904226164, 1.1111045263188735, 0.9304349896204477, 1.2085989385101932, 3.329993421811367, 2.6628882652666928, 5.674347274124337, 0.7622248798327524, 1.064200969601878, 0.694743741050196, 7.2748570396027405, 2.9939192278352817, 2.146469747993659, 1.1894035439004125, 1.1090733795995145, 1.0135795297428658, 0.8521529723500725, 0.5770364365499276, 0.9146458617997566, 2.9369914925613516, 0.5849730213669333, 1.3886743156169978, 1.1306944205543747, 1.2509324643328428, 1.9695937196423559, 6.056786746053601, 2.1905546885368823, 0.8258200134616601]
APTIDAO: 
23.902692561774003
GEN: 7300
Individuo: 
[3.21850879548144, 1.2862581213763937, 1.4471108791360408, 2.145627364690592, 3.3115327854026613, 0.5923734015216066, 0.6110302648270456, 0.4307693881394118, 0.5313240995017335, 0.5932568968992747, 0.9957702306083195, 0.10141608344043507, 19.075960280812282, 4.315767715914366, 2.7869930341549445, 5.609919850968777, 16.231770134168734, 1.04917782707884, 10.977943501368326, 1.4055318064507187, 1.1397752904226164, 1.0907751276984237, 0.9420038516739327, 1.2085989385101932, 3.329993421811367, 2.6628882652666928, 5.674347274124337, 0.6398954095389138, 1.064200969601878, 0.8086219314833443, 7.2748570396027405, 2.9939192278352817, 2.146469747993659, 1.1894035439004125, 1.1090733795995145, 1.387068220054932, 0.8521529723500725, 0.5770364365499276, 0.9146458617997566, 2.9369914925613516, 0.44540486257717926, 0.6703092066253094, 1.06951988172834, 1.2509324643328428, 1.9695937196423559, 6.573719902917272, 2.0562874437525895, 0.8258200134616601]
APTIDAO: 
23.824483998967935
GEN: 7400
Individuo: 
[3.21850879548144, 1.2862581213763937, 1.4471108791360408, 2.145627364690592, 3.3115327854026613, 0.5923734015216066, 0.6110302648270456, 0.4307693881394118, 0.5313240995017335, 0.5932568968992747, 0.9957702306083195, 0.10141608344043507, 19.075960280812282, 4.315767715914366, 2.314657948274765, 5.609919850968777, 16.087179056205766, 1.5718862005364564, 24.075125056697676, 1.4055318064507187, 1.1397752904226164, 1.0907751276984237, 0.9420038516739327, 1.2085989385101932, 3.329993421811367, 2.6628882652666928, 5.674347274124337, 0.6398954095389138, 1.064200969601878, 0.8086219314833443, 7.2748570396027405, 2.9939192278352817, 2.146469747993659, 1.1894035439004125, 1.1090733795995145, 1.387068220054932, 0.8521529723500725, 0.5770364365499276, 0.902701526341746, 2.9369914925613516, 0.43478353462106567, 0.8326394077282938, 1.4164383681428987, 1.2509324643328428, 1.9695937196423559, 6.573719902917272, 2.0562874437525895, 0.8258200134616601]
APTIDAO: 
23.822693963897144
GEN: 7500
Individuo: 
[3.21850879548144, 1.2862581213763937, 1.4471108791360408, 2.145627364690592, 3.3115327854026613, 0.5923734015216066, 0.6110302648270456, 0.4307693881394118, 0.5313240995017335, 0.5932568968992747, 0.9957702306083195, 0.10141608344043507, 19.075960280812282, 4.315767715914366, 2.917192068685481, 5.326188197845495, 16.087179056205766, 1.4502044165814965, 23.739142132897666, 1.3954602813407082, 1.1397752904226164, 1.0907751276984237, 0.9420038516739327, 1.2085989385101932, 3.329993421811367, 2.6628882652666928, 5.674347274124337, 0.6398954095389138, 1.064200969601878, 0.8086219314833443, 7.2748570396027405, 2.9939192278352817, 2.146469747993659, 1.1894035439004125, 1.1090733795995145, 1.387068220054932, 0.8521529723500725, 0.5770364365499276, 0.9115145001666265, 2.0572454666848268, 0.43478353462106567, 0.9285592844203578, 0.806519498810332, 1.6732131551639648, 1.9695937196423559, 6.573719902917272, 2.0562874437525895, 0.8258200134616601]
APTIDAO: 
23.82166471421298
GEN: 7600
Individuo: 
[3.21850879548144, 1.2862581213763937, 1.4488304420159108, 2.145627364690592, 3.3115327854026613, 0.5923734015216066, 0.6110302648270456, 0.4307693881394118, 0.5313240995017335, 0.5932568968992747, 0.9957702306083195, 0.10141608344043507, 19.075960280812282, 4.168278269761437, 2.917192068685481, 5.043350550630136, 16.087179056205766, 1.3397761185876598, 23.739142132897666, 1.3954602813407082, 1.1397752904226164, 1.0907751276984237, 0.9420038516739327, 1.2085989385101932, 3.329993421811367, 2.6628882652666928, 2.9912053897234703, 0.6398954095389138, 1.064200969601878, 0.8086219314833443, 7.2748570396027405, 2.9939192278352817, 2.146469747993659, 1.1894035439004125, 1.1090733795995145, 1.387068220054932, 0.8521529723500725, 0.7576749909607504, 0.9115145001666265, 1.823478140643786, 0.43478353462106567, 0.45057732267357736, 0.806519498810332, 1.6732131551639648, 1.9695937196423559, 6.573719902917272, 2.0562874437525895, 0.8258200134616601]
APTIDAO: 
23.81986136359342
GEN: 7700
Individuo: 
[3.21850879548144, 1.2862581213763937, 1.4488304420159108, 2.145627364690592, 3.3115327854026613, 0.5923734015216066, 0.6110302648270456, 0.4307693881394118, 0.5313240995017335, 0.5932568968992747, 0.9957702306083195, 0.10141608344043507, 19.075960280812282, 4.168278269761437, 2.9586054118520404, 5.043350550630136, 16.087179056205766, 1.3943933383903095, 23.739142132897666, 1.3954602813407082, 1.1397752904226164, 1.0907751276984237, 0.9420038516739327, 1.2085989385101932, 3.329993421811367, 2.6628882652666928, 2.9912053897234703, 0.6398954095389138, 1.064200969601878, 0.8086219314833443, 7.2748570396027405, 2.9939192278352817, 2.146469747993659, 1.1894035439004125, 1.1090733795995145, 1.387068220054932, 0.8521529723500725, 0.7576749909607504, 1.2110530813128577, 1.823478140643786, 0.43478353462106567, 0.7772205254693207, 0.806519498810332, 1.6732131551639648, 1.9695937196423559, 6.573719902917272, 2.0562874437525895, 0.8258200134616601]
APTIDAO: 
23.81986136359342
GEN: 7800
Individuo: 
[3.21850879548144, 1.2862581213763937, 1.4488304420159108, 2.145627364690592, 3.3115327854026613, 0.5923734015216066, 0.6110302648270456, 0.4307693881394118, 0.5313240995017335, 0.5932568968992747, 0.9991460115476717, 0.10141608344043507, 19.075960280812282, 4.168278269761437, 2.9586054118520404, 5.746122411350425, 16.087179056205766, 1.5481501217073788, 23.739142132897666, 1.3994534625004618, 1.1397752904226164, 1.0907751276984237, 0.9420038516739327, 1.2085989385101932, 3.329993421811367, 2.6628882652666928, 2.9912053897234703, 0.6398954095389138, 1.064200969601878, 0.8086219314833443, 7.2748570396027405, 2.9939192278352817, 2.146469747993659, 1.1894035439004125, 0.9417431240002673, 1.387068220054932, 0.8521529723500725, 0.7576749909607504, 1.2110530813128577, 2.3751927335015433, 0.43478353462106567, 0.9639207640403898, 0.806519498810332, 2.741746021572697, 1.9695937196423559, 6.573719902917272, 2.0562874437525895, 0.8258200134616601]
APTIDAO: 
23.80997791021611
GEN: 7900
Individuo: 
[3.21850879548144, 1.2862581213763937, 1.4488304420159108, 2.145627364690592, 3.3115327854026613, 0.5923734015216066, 0.6110302648270456, 0.4307693881394118, 0.5313240995017335, 0.5932568968992747, 0.9991460115476717, 0.10141608344043507, 19.075960280812282, 4.639654824887972, 2.9586054118520404, 5.746122411350425, 16.087179056205766, 1.5481501217073788, 24.57589729535577, 1.3994534625004618, 1.1397752904226164, 1.0907751276984237, 0.9420038516739327, 1.2085989385101932, 3.329993421811367, 2.6628882652666928, 2.9912053897234703, 0.6398954095389138, 1.064200969601878, 0.8086219314833443, 7.2748570396027405, 2.9939192278352817, 2.146469747993659, 1.1894035439004125, 0.9417431240002673, 1.387068220054932, 0.8521529723500725, 1.0135864368055565, 1.2110530813128577, 2.3751927335015433, 0.43478353462106567, 0.9639207640403898, 0.7470047368601281, 2.741746021572697, 1.9695937196423559, 6.573719902917272, 2.0562874437525895, 0.8258200134616601]
APTIDAO: 
23.809976142539032
GEN: 8000
Individuo: 
[3.21850879548144, 1.2862581213763937, 1.4488304420159108, 2.145627364690592, 3.3115327854026613, 0.5923734015216066, 0.6110302648270456, 0.4307693881394118, 0.5313240995017335, 0.5932568968992747, 0.9991460115476717, 0.10141608344043507, 19.075960280812282, 4.639654824887972, 2.9586054118520404, 5.746122411350425, 16.087179056205766, 1.0774509013413052, 24.051938392881706, 1.3994534625004618, 1.1397752904226164, 1.0907751276984237, 0.9548417139193937, 1.2085989385101932, 3.329993421811367, 2.6628882652666928, 2.9912053897234703, 0.6398954095389138, 1.064200969601878, 0.8086219314833443, 7.2748570396027405, 2.9939192278352817, 2.146469747993659, 1.1894035439004125, 0.9417431240002673, 1.387068220054932, 0.8521529723500725, 1.0135864368055565, 1.2110530813128577, 2.3751927335015433, 0.43478353462106567, 0.9764514381451979, 0.6798526266924848, 2.741746021572697, 1.9695937196423559, 6.573719902917272, 3.080395579157396, 0.8258200134616601]
APTIDAO: 
23.803456441083764
GEN: 8100
Individuo: 
[3.21850879548144, 1.2862581213763937, 1.4488304420159108, 2.145627364690592, 3.3115327854026613, 0.5923734015216066, 0.6110302648270456, 0.4307693881394118, 0.5313240995017335, 0.5932568968992747, 0.9991460115476717, 0.10042657212420296, 19.075960280812282, 4.662219735983737, 2.196369395034397, 5.319315509455572, 18.19372297760553, 1.4263621307677246, 24.051938392881706, 1.3994534625004618, 1.1397752904226164, 1.0892041636175334, 0.9548417139193937, 1.2085989385101932, 3.329993421811367, 2.6628882652666928, 2.9912053897234703, 0.6398954095389138, 1.064200969601878, 0.8086219314833443, 7.2748570396027405, 2.9939192278352817, 2.146469747993659, 1.1894035439004125, 0.9417431240002673, 1.217059224548843, 0.8521529723500725, 0.919373560172079, 1.1223850465556056, 1.8575153880513042, 0.5084940099923293, 0.7796547111638391, 0.6798526266924848, 2.741746021572697, 1.9695937196423559, 8.00830000887968, 3.080395579157396, 0.8258200134616601]
APTIDAO: 
23.785364150518422
GEN: 8200
Individuo: 
[3.21850879548144, 1.2862581213763937, 1.4488304420159108, 2.145627364690592, 3.3115327854026613, 0.5923734015216066, 0.6110302648270456, 0.4307693881394118, 0.534478786684273, 0.5932568968992747, 0.9991460115476717, 0.10042657212420296, 21.75044971390617, 4.376467420286801, 2.196369395034397, 5.319315509455572, 18.19372297760553, 1.4217183605936523, 24.051938392881706, 1.3994534625004618, 1.1397752904226164, 1.0892041636175334, 0.9548417139193937, 1.2085989385101932, 3.329993421811367, 2.6628882652666928, 2.9912053897234703, 0.6398954095389138, 1.064200969601878, 0.8086219314833443, 7.2748570396027405, 2.9939192278352817, 2.8206355982994626, 1.1894035439004125, 0.9417431240002673, 1.217059224548843, 1.6248412340559437, 0.7975883853799077, 1.1223850465556056, 1.8575153880513042, 0.5084940099923293, 0.8963740564373668, 0.6798526266924848, 2.741746021572697, 1.9695937196423559, 8.00830000887968, 3.080395579157396, 0.8258200134616601]
APTIDAO: 
23.740168632947707
GEN: 8300
Individuo: 
[3.21850879548144, 1.2862581213763937, 1.4488304420159108, 2.145627364690592, 3.3115327854026613, 0.5923734015216066, 0.6110302648270456, 0.4307693881394118, 0.5361363182714172, 0.5932568968992747, 0.9991460115476717, 0.10042657212420296, 21.75044971390617, 4.376467420286801, 2.33600343348739, 5.319315509455572, 18.19372297760553, 1.705479935890136, 20.8302397831157, 1.3994534625004618, 1.1397752904226164, 1.0892041636175334, 0.9548417139193937, 1.2085989385101932, 3.329993421811367, 2.6628882652666928, 2.9912053897234703, 0.6398954095389138, 1.064200969601878, 0.8086219314833443, 7.2748570396027405, 2.9939192278352817, 3.2600079501489767, 1.1894035439004125, 0.9417431240002673, 1.217059224548843, 1.6248412340559437, 0.7975883853799077, 1.3960138813760272, 1.8575153880513042, 0.5084940099923293, 1.4780117044042071, 1.3924415829859547, 2.741746021572697, 1.9695937196423559, 8.00830000887968, 3.080395579157396, 0.8258200134616601]
APTIDAO: 
23.72231187592454
GEN: 8400
Individuo: 
[3.21850879548144, 1.2862581213763937, 1.4488304420159108, 2.145627364690592, 3.3115327854026613, 0.5923734015216066, 0.6110302648270456, 0.4307693881394118, 0.5368716507777438, 0.5932568968992747, 0.9991460115476717, 0.10042657212420296, 21.75044971390617, 4.9431088476678315, 2.33600343348739, 5.319315509455572, 18.19372297760553, 1.5461434581539295, 22.833496791991504, 1.3994534625004618, 1.1397752904226164, 1.0892041636175334, 0.9548417139193937, 1.2085989385101932, 3.329993421811367, 2.6628882652666928, 2.9912053897234703, 0.6398954095389138, 1.064200969601878, 0.8086219314833443, 7.2748570396027405, 2.9939192278352817, 2.887267322373436, 1.1894035439004125, 0.9417431240002673, 1.217059224548843, 1.6248412340559437, 1.260662251593797, 1.3960138813760272, 1.8575153880513042, 0.5084940099923293, 1.693628674608408, 4.2045758152424915, 2.741746021572697, 1.9695937196423559, 8.00830000887968, 3.080395579157396, 0.8258200134616601]
APTIDAO: 
23.720552358544964
GEN: 8500
Individuo: 
[3.21850879548144, 1.2862581213763937, 1.4488304420159108, 2.145627364690592, 3.3115327854026613, 0.5923734015216066, 0.6110302648270456, 0.4307693881394118, 0.5368716507777438, 0.5932568968992747, 0.9991460115476717, 0.10042657212420296, 21.75044971390617, 4.431599101662055, 2.33600343348739, 5.319315509455572, 19.29339277739, 1.5221628966308343, 23.276658127873016, 1.3994534625004618, 1.1397752904226164, 1.0892041636175334, 0.9548417139193937, 1.2085989385101932, 3.329993421811367, 2.6628882652666928, 2.9912053897234703, 0.6398954095389138, 1.064200969601878, 0.8086219314833443, 7.2748570396027405, 2.9939192278352817, 2.887267322373436, 1.1894035439004125, 0.9417431240002673, 1.217059224548843, 1.6248412340559437, 0.6403549261556951, 1.3960138813760272, 1.8575153880513042, 0.5140783965342539, 1.1664285775147798, 3.0737411341139684, 2.741746021572697, 1.9695937196423559, 8.00830000887968, 3.080395579157396, 0.8258200134616601]
APTIDAO: 
23.711136757641825
GEN: 8600
Individuo: 
[3.21850879548144, 1.2862581213763937, 1.4488304420159108, 2.145627364690592, 3.3115327854026613, 0.5923734015216066, 0.6110302648270456, 0.4307693881394118, 0.5372303877402239, 0.5932568968992747, 0.9991460115476717, 0.10042657212420296, 21.75044971390617, 4.460250974028015, 2.33600343348739, 5.319315509455572, 19.29339277739, 1.1176361462403823, 20.635753619440187, 1.3994534625004618, 1.1397752904226164, 1.0892041636175334, 0.9548417139193937, 1.2085989385101932, 3.329993421811367, 2.6628882652666928, 2.9912053897234703, 0.6398954095389138, 1.064200969601878, 0.8086219314833443, 7.2748570396027405, 2.9939192278352817, 2.878903848936388, 1.1894035439004125, 0.9417431240002673, 1.217059224548843, 1.6248412340559437, 0.7759074204278982, 1.3960138813760272, 1.8575153880513042, 0.5140783965342539, 1.386416528029789, 4.412078511487831, 2.741746021572697, 1.9695937196423559, 8.00830000887968, 3.080395579157396, 0.8258200134616601]
APTIDAO: 
23.707840112334683
GEN: 8700
Individuo: 
[3.21850879548144, 1.2862581213763937, 1.4488304420159108, 2.145627364690592, 3.3115327854026613, 0.5923734015216066, 0.6110302648270456, 0.4307693881394118, 0.5372303877402239, 0.5932568968992747, 0.9991460115476717, 0.10042657212420296, 21.75044971390617, 4.460250974028015, 2.9397238462522175, 5.319315509455572, 19.29339277739, 1.4108595288891417, 23.99014368310818, 1.3994534625004618, 1.1397752904226164, 1.0892041636175334, 0.9548417139193937, 1.2085989385101932, 3.329993421811367, 2.6628882652666928, 2.9912053897234703, 0.6398954095389138, 1.064200969601878, 0.8086219314833443, 7.2748570396027405, 2.9939192278352817, 2.878903848936388, 1.1894035439004125, 0.9417431240002673, 1.217059224548843, 1.6248412340559437, 0.7759074204278982, 1.608703902548291, 1.8575153880513042, 0.5140783965342539, 1.5225642532374801, 4.334537685945946, 2.741746021572697, 1.9695937196423559, 8.00830000887968, 3.080395579157396, 0.8258200134616601]
APTIDAO: 
23.70783260248137
GEN: 8800
Individuo: 
[3.21850879548144, 1.2862581213763937, 1.4488304420159108, 2.145627364690592, 3.3115327854026613, 0.5923734015216066, 0.6110302648270456, 0.4307693881394118, 0.5372303877402239, 0.5932568968992747, 0.9991460115476717, 0.10042657212420296, 21.75044971390617, 4.460250974028015, 2.9397238462522175, 5.319315509455572, 19.29339277739, 1.4719514664599036, 24.76635042850965, 1.3994534625004618, 1.1397752904226164, 1.0892041636175334, 0.9548417139193937, 1.2085989385101932, 3.329993421811367, 2.6628882652666928, 2.9912053897234703, 0.6398954095389138, 1.064200969601878, 0.8086219314833443, 7.2748570396027405, 2.9939192278352817, 2.878903848936388, 1.1894035439004125, 0.9417431240002673, 1.217059224548843, 1.6248412340559437, 0.7759074204278982, 1.608703902548291, 1.8575153880513042, 0.5140783965342539, 2.229940821536806, 3.167542226454175, 2.741746021572697, 1.9695937196423559, 8.00830000887968, 3.080395579157396, 0.8258200134616601]
APTIDAO: 
23.707831865540115
GEN: 8900
Individuo: 
[3.21850879548144, 1.2862581213763937, 1.4488304420159108, 2.145627364690592, 3.3115327854026613, 0.5923734015216066, 0.6110302648270456, 0.4307693881394118, 0.5372303877402239, 0.5932568968992747, 0.9991460115476717, 0.10008904337817175, 21.75044971390617, 4.460250974028015, 2.9397238462522175, 5.35113557314125, 19.29339277739, 1.8495155956182086, 24.76635042850965, 1.3994534625004618, 1.1397752904226164, 1.0892041636175334, 0.9548417139193937, 1.2085989385101932, 3.329993421811367, 2.6628882652666928, 2.9912053897234703, 0.6398954095389138, 1.064200969601878, 0.8086219314833443, 7.2748570396027405, 2.9939192278352817, 2.878903848936388, 1.1894035439004125, 0.9417431240002673, 1.2845831004863377, 1.6248412340559437, 0.7759074204278982, 1.608703902548291, 2.2502339162390474, 0.5140783965342539, 2.392324237263328, 3.167542226454175, 2.741746021572697, 1.9695937196423559, 8.00830000887968, 3.080395579157396, 0.8258200134616601]
APTIDAO: 
23.707831786463995
GEN: 9000
Individuo: 
[3.21850879548144, 1.2862581213763937, 1.4488304420159108, 2.145627364690592, 3.3115327854026613, 0.5923734015216066, 0.6110302648270456, 0.4307693881394118, 0.5372303877402239, 0.5932568968992747, 0.9991460115476717, 0.10008904337817175, 21.75044971390617, 4.460250974028015, 2.6776555410809917, 5.35113557314125, 19.29339277739, 1.693688227128771, 24.76635042850965, 1.3994534625004618, 1.1397752904226164, 1.0892041636175334, 0.9548417139193937, 1.2085989385101932, 3.329993421811367, 2.6628882652666928, 2.9912053897234703, 0.6398954095389138, 1.064200969601878, 0.8086219314833443, 7.2748570396027405, 2.9939192278352817, 2.878903848936388, 1.1894035439004125, 0.9417431240002673, 1.2845831004863377, 1.6248412340559437, 0.7759074204278982, 2.378542382542174, 2.2502339162390474, 0.5140783965342539, 2.5848289110139437, 3.167542226454175, 2.741746021572697, 1.9695937196423559, 8.00830000887968, 3.080395579157396, 0.8258200134616601]
APTIDAO: 
23.707831786463995
GEN: 9100
Individuo: 
[3.21850879548144, 1.2862581213763937, 1.4488304420159108, 2.145627364690592, 3.3115327854026613, 0.5923734015216066, 0.6110302648270456, 0.4307693881394118, 0.5372303877402239, 0.5932568968992747, 0.9991460115476717, 0.11406780467672412, 20.290394518508453, 4.67138312957915, 2.885401390288189, 5.35113557314125, 19.29339277739, 1.1628573946689358, 24.76635042850965, 1.3994534625004618, 1.144454153301598, 1.0892041636175334, 0.9548417139193937, 1.2085989385101932, 3.329993421811367, 2.6628882652666928, 2.9912053897234703, 0.6398954095389138, 1.064200969601878, 0.8086219314833443, 7.2748570396027405, 2.9939192278352817, 2.878903848936388, 1.1894035439004125, 0.9417431240002673, 0.7687988234544014, 1.2662020599892696, 0.88861212937875, 1.7791671288608104, 2.2502339162390474, 0.5140783965342539, 1.9942022161447939, 3.167542226454175, 2.741746021572697, 1.576200368541522, 8.00830000887968, 3.080395579157396, 0.8258200134616601]
APTIDAO: 
23.703897424556736
GEN: 9200
Individuo: 
[3.21850879548144, 1.2862581213763937, 1.4488304420159108, 2.145627364690592, 3.3115327854026613, 0.5923734015216066, 0.6110302648270456, 0.4307693881394118, 0.5372303877402239, 0.5933831409886449, 0.9991460115476717, 0.10460394950815069, 20.290394518508453, 4.67138312957915, 2.885401390288189, 5.35113557314125, 19.29339277739, 1.1628573946689358, 24.76635042850965, 1.3994534625004618, 1.144454153301598, 1.0892041636175334, 0.9548417139193937, 1.2085989385101932, 3.329993421811367, 2.6628882652666928, 2.9912053897234703, 0.6398954095389138, 1.064200969601878, 0.8086219314833443, 7.2748570396027405, 2.9939192278352817, 2.878903848936388, 1.1217131618171494, 0.9417431240002673, 1.225525531144187, 1.2662020599892696, 0.88861212937875, 1.7791671288608104, 2.2502339162390474, 0.5140783965342539, 1.9942022161447939, 3.167542226454175, 2.741746021572697, 1.576200368541522, 8.00830000887968, 3.080395579157396, 0.8258200134616601]
APTIDAO: 
23.702933305793533
GEN: 9300
Individuo: 
[3.21850879548144, 1.2862581213763937, 1.4488304420159108, 2.145627364690592, 3.3115327854026613, 0.5923734015216066, 0.6110302648270456, 0.4307693881394118, 0.5372303877402239, 0.5933831409886449, 0.9991460115476717, 0.10460394950815069, 20.290394518508453, 4.67138312957915, 2.643173368158393, 5.233450015206468, 19.29339277739, 1.1628573946689358, 24.76635042850965, 1.3994534625004618, 1.144454153301598, 1.0892041636175334, 0.9548417139193937, 1.2085989385101932, 3.329993421811367, 2.6628882652666928, 2.9912053897234703, 0.6398954095389138, 1.064200969601878, 0.8086219314833443, 7.2748570396027405, 2.9939192278352817, 2.878903848936388, 1.1217131618171494, 0.9417431240002673, 1.225525531144187, 1.2662020599892696, 0.88861212937875, 3.072470797774922, 1.9601654424511228, 0.5140783965342539, 1.9942022161447939, 3.167542226454175, 2.741746021572697, 1.576200368541522, 8.00830000887968, 3.080395579157396, 0.8258200134616601]
APTIDAO: 
23.702933305793533
GEN: 9400
Individuo: 
[3.21850879548144, 1.2862581213763937, 1.4488304420159108, 2.145627364690592, 3.3115327854026613, 0.5923734015216066, 0.6110302648270456, 0.4307693881394118, 0.5372303877402239, 0.5933831409886449, 0.9991460115476717, 0.10460394950815069, 20.290394518508453, 4.67138312957915, 2.3851098617368223, 5.35113557314125, 19.29339277739, 1.1628573946689358, 24.76635042850965, 1.3994534625004618, 1.144454153301598, 1.0892041636175334, 0.9548417139193937, 1.2085989385101932, 3.329993421811367, 2.6628882652666928, 2.9912053897234703, 0.6398954095389138, 1.064200969601878, 0.8086219314833443, 7.2748570396027405, 2.9939192278352817, 2.878903848936388, 1.1217131618171494, 0.9417431240002673, 1.225525531144187, 1.2662020599892696, 0.88861212937875, 3.145887179062557, 2.2502339162390474, 0.5140783965342539, 1.9942022161447939, 3.167542226454175, 2.741746021572697, 1.576200368541522, 8.00830000887968, 3.080395579157396, 0.8258200134616601]
APTIDAO: 
23.702933305793533
GEN: 9500
Individuo: 
[3.21850879548144, 1.2862581213763937, 1.4488304420159108, 2.145627364690592, 3.3115327854026613, 0.5923734015216066, 0.6131521526751654, 0.4307693881394118, 0.5372303877402239, 0.5933831409886449, 0.9991460115476717, 0.1012801550155659, 20.290394518508453, 4.870078926765232, 2.876329611811719, 5.35113557314125, 20.00153176748613, 1.15563664982311, 24.76635042850965, 1.3994534625004618, 1.144454153301598, 1.0892041636175334, 0.9548417139193937, 1.2085989385101932, 3.329993421811367, 2.6628882652666928, 2.9912053897234703, 0.6398954095389138, 1.064200969601878, 0.8086219314833443, 5.62706200197301, 2.9939192278352817, 2.878903848936388, 1.1217131618171494, 0.9417431240002673, 1.1040449257931906, 1.2662020599892696, 1.0371053741417517, 1.7482254861810196, 2.2502339162390474, 0.5982637451001861, 1.9171745728619616, 3.167542226454175, 2.741746021572697, 1.576200368541522, 8.00830000887968, 3.080395579157396, 0.8258200134616601]
APTIDAO: 
23.695467083122
GEN: 9600
Individuo: 
[3.21850879548144, 1.2862581213763937, 1.4488304420159108, 2.145627364690592, 3.3115327854026613, 0.5923734015216066, 0.6131521526751654, 0.4307693881394118, 0.5372303877402239, 0.5933831409886449, 0.9991460115476717, 0.10014110244864824, 19.49887021372674, 4.206399771242075, 2.1106683886865056, 5.059716836564313, 20.00153176748613, 1.0808346850777457, 24.76635042850965, 1.3994534625004618, 1.144454153301598, 1.0892041636175334, 0.9548417139193937, 1.2085989385101932, 3.329993421811367, 2.6628882652666928, 2.9912053897234703, 0.6398954095389138, 1.064200969601878, 0.8086219314833443, 5.62706200197301, 2.9939192278352817, 2.878903848936388, 1.1217131618171494, 0.9417431240002673, 0.8160020024567883, 0.8191438277977714, 1.477126152167605, 2.4709358639370906, 8.081953958119989, 0.5982637451001861, 0.8446744542484081, 3.167542226454175, 2.741746021572697, 1.576200368541522, 8.00830000887968, 3.080395579157396, 0.8258200134616601]
APTIDAO: 
23.69514104797784
GEN: 9700
Individuo: 
[3.21850879548144, 1.2862581213763937, 1.4488304420159108, 2.145627364690592, 3.3115327854026613, 0.5923734015216066, 0.6131521526751654, 0.43270671122606064, 0.5372303877402239, 0.5933831409886449, 0.9991460115476717, 0.10014110244864824, 19.49887021372674, 4.90161973570058, 2.123406444909376, 5.35113557314125, 23.701319398851616, 1.5670747796539972, 24.76635042850965, 1.3994534625004618, 1.144454153301598, 1.0892041636175334, 0.9548417139193937, 1.2085989385101932, 3.329993421811367, 2.6628882652666928, 2.9912053897234703, 0.6398954095389138, 1.064200969601878, 0.8086219314833443, 5.62706200197301, 2.9016879165752147, 2.878903848936388, 1.1217131618171494, 0.9417431240002673, 0.8160020024567883, 0.8191438277977714, 1.5614694992331977, 3.9954012034118964, 2.2502339162390474, 0.4881537964357677, 1.1212677105300817, 3.167542226454175, 2.741746021572697, 1.576200368541522, 8.00830000887968, 3.080395579157396, 0.8258200134616601]
APTIDAO: 
23.681971874701162
GEN: 9800
Individuo: 
[3.21850879548144, 1.2862581213763937, 1.4488304420159108, 2.145627364690592, 3.3115327854026613, 0.5923734015216066, 0.6131521526751654, 0.4307693881394118, 0.5372303877402239, 0.5933831409886449, 0.9991460115476717, 0.10014110244864824, 19.49887021372674, 4.90161973570058, 2.2947831287727256, 5.35113557314125, 22.00661199398272, 1.168320419751251, 24.76635042850965, 1.3994534625004618, 1.144454153301598, 1.0892041636175334, 0.9548417139193937, 1.2085989385101932, 3.329993421811367, 2.6628882652666928, 2.9912053897234703, 0.6398954095389138, 1.064200969601878, 0.8086219314833443, 5.62706200197301, 2.9939192278352817, 2.878903848936388, 1.1217131618171494, 0.9417431240002673, 0.8160020024567883, 0.8191438277977714, 1.5614694992331977, 3.3622477308882472, 2.2502339162390474, 0.8024755221868828, 0.7445718593920514, 3.167542226454175, 2.741746021572697, 1.576200368541522, 8.00830000887968, 3.080395579157396, 0.8258200134616601]
APTIDAO: 
23.68692622772077
GEN: 9900
Individuo: 
[3.21850879548144, 1.2862581213763937, 1.4488304420159108, 2.145627364690592, 3.3115327854026613, 0.5923734015216066, 0.6131521526751654, 0.4307693881394118, 0.5372303877402239, 0.5933831409886449, 0.9991460115476717, 0.10014110244864824, 19.49887021372674, 4.90161973570058, 2.2947831287727256, 5.35113557314125, 22.00661199398272, 1.783782244791324, 24.76635042850965, 1.3994534625004618, 1.144454153301598, 1.0892041636175334, 0.9548417139193937, 1.2085989385101932, 3.329993421811367, 2.6628882652666928, 2.9912053897234703, 0.6398954095389138, 1.064200969601878, 0.8086219314833443, 5.62706200197301, 2.9939192278352817, 2.878903848936388, 1.1217131618171494, 0.9417431240002673, 0.8160020024567883, 0.8191438277977714, 1.5614694992331977, 3.3622477308882472, 2.2502339162390474, 0.8024755221868828, 0.9089176515893118, 3.167542226454175, 2.741746021572697, 1.576200368541522, 8.00830000887968, 3.080395579157396, 0.8258200134616601]
APTIDAO: 
23.68692622772077
GEN: 10000
Individuo: 
[3.21850879548144, 1.2862581213763937, 1.4488304420159108, 2.145627364690592, 3.3115327854026613, 0.5923734015216066, 0.6131521526751654, 0.4307693881394118, 0.5372303877402239, 0.5933831409886449, 0.9991460115476717, 0.10014110244864824, 19.49887021372674, 4.90161973570058, 2.2947831287727256, 5.35113557314125, 22.00661199398272, 1.4951510257521223, 24.76635042850965, 1.3994534625004618, 1.1451918993574128, 1.0892041636175334, 0.9548417139193937, 1.2085989385101932, 3.329993421811367, 2.6628882652666928, 2.9912053897234703, 0.6398954095389138, 1.064200969601878, 0.8086219314833443, 5.62706200197301, 2.9939192278352817, 2.878903848936388, 1.1217131618171494, 0.9417431240002673, 0.8160020024567883, 0.8191438277977714, 1.5614694992331977, 3.3622477308882472, 2.2502339162390474, 0.8024755221868828, 0.7471010215658279, 3.167542226454175, 2.741746021572697, 1.3970211981679639, 8.00830000887968, 3.080395579157396, 0.8258200134616601]
APTIDAO: 
23.683703625061927

--- RESULTADO FINAL ---
Erro (norma-1): 23.683703625061927
Parâmetros: [3.21850879548144, 1.2862581213763937, 1.4488304420159108, 2.145627364690592, 3.3115327854026613, 0.5923734015216066, 0.6131521526751654, 0.4307693881394118, 0.5372303877402239, 0.5933831409886449, 0.9991460115476717, 0.10014110244864824, 19.49887021372674, 4.90161973570058, 2.2947831287727256, 5.35113557314125, 22.00661199398272, 1.4951510257521223, 24.76635042850965, 1.3994534625004618, 1.1451918993574128, 1.0892041636175334, 0.9548417139193937, 1.2085989385101932]
Tempo total: 03h 19m 14s
