SEED: 1778490666
BOUNDS: tau=[0.1, 5.0]  K=[0.1, 1.0]  N=[1.0, 25.0]
GEN: 0
Individuo: 
[4.988060983804017, 0.7660026102648682, 1.046257154642218, 0.7700142799661224, 4.086772055975441, 0.9152186600193325, 0.4916119911515834, 0.7689289323120231, 0.3933925984938766, 0.3186003950449628, 0.2996971835812803, 0.382805196576981, 23.10253441677093, 11.479639715404556, 22.494478108601673, 2.1767057403587673, 3.0226816799404324, 10.299776823303727, 23.096008702001278, 1.2635326776473756, 1.1339779869476292, 0.6340001853261943, 1.7796287864840086, 0.7422821628175075, 2.839596535153412, 3.0789099702849074, 4.521898423953246, 4.997282289287405, 2.866879638596259, 4.08077562489164, 2.444183781699709, 1.2622699751098967, 9.177677020703477, 5.997753443839008, 6.470298147079103, 3.7787136914199273, 7.5367781025193255, 2.310313891363108, 9.809413585175438, 6.866992993914116, 4.4271127813869695, 4.113946667411344, 3.3336158135975142, 9.323754027556511, 1.2633330220069887, 5.3369745462107785, 9.724699842575285, 5.5443189187445]
APTIDAO: 
106.01129542564247
GEN: 100
Individuo: 
[2.9977967047790863, 0.7660026102648682, 2.283621795575161, 0.7700142799661224, 4.086772055975441, 0.6757969922654725, 0.5653991766126778, 0.20287119786106975, 0.7799082338196308, 0.3186003950449628, 0.4239726580182966, 0.382805196576981, 23.10253441677093, 8.427867672124364, 3.8872164710251655, 2.1767057403587673, 1.7743035526181536, 23.394937736469412, 2.915342739963621, 1.2635326776473756, 1.044512477741217, 0.8131733968677152, 1.697231937546251, 0.7422821628175075, 3.571686849120266, 3.0789099702849074, 3.560274179045287, 4.997282289287405, 2.866879638596259, 1.5453578226848634, 4.144662087057113, 1.1962638019493006, 3.4609530350162054, 5.997753443839008, 6.441640091223656, 3.7787136914199273, 7.5367781025193255, 0.5508591590577196, 1.1375946042523755, 6.866992993914116, 4.275842310462187, 6.598126696504385, 3.1310712816675963, 9.323754027556511, 0.6446156983024423, 2.4148932049102165, 7.50677294545289, 5.5443189187445]
APTIDAO: 
40.4792817592786
GEN: 200
Individuo: 
[3.0350886632005376, 0.8595027781799457, 1.9191806033263807, 0.7528872285294319, 2.8593113341455063, 0.6757969922654725, 0.5653991766126778, 0.38631570408730564, 0.7584586259658394, 0.34205449075182215, 0.4239726580182966, 0.40164837043870877, 24.667398133122944, 4.871743848749441, 3.9088268972928044, 2.1767057403587673, 1.5719144338189, 6.04013275140176, 2.915342739963621, 1.2959141269486094, 1.084773975918392, 0.8131733968677152, 1.697231937546251, 0.7422821628175075, 1.7148025107278675, 2.9812235025081533, 1.946481126864121, 5.01927496197779, 1.1614672799986265, 1.5453578226848634, 4.144662087057113, 1.3802120381650413, 2.75418308775166, 3.1784706678847514, 6.441640091223656, 2.604315784267665, 7.456964519124443, 0.5554414005564222, 1.0035808982311178, 6.866992993914116, 1.8913823627895312, 6.352755648982299, 3.1310712816675963, 10.0, 1.7763119134583727, 2.4148932049102165, 7.50677294545289, 5.5443189187445]
APTIDAO: 
32.91280679007785
GEN: 300
Individuo: 
[3.0350886632005376, 0.8595027781799457, 1.9191806033263807, 0.7528872285294319, 2.8593113341455063, 0.6729791493757903, 0.5653991766126778, 0.38631570408730564, 0.7584586259658394, 0.34205449075182215, 0.4239726580182966, 0.40164837043870877, 24.667398133122944, 4.894222233114505, 3.8526062916792023, 2.1767057403587673, 1.4862902158241205, 6.04013275140176, 2.0793074444328177, 1.2830740319980773, 1.084773975918392, 0.8131733968677152, 1.697231937546251, 0.7422821628175075, 1.7148025107278675, 2.9812235025081533, 1.946481126864121, 5.01927496197779, 1.1614672799986265, 1.1454639546863983, 4.144662087057113, 1.3802120381650413, 2.75418308775166, 3.1784706678847514, 6.441640091223656, 2.604315784267665, 7.456964519124443, 0.4490311874956773, 0.7914906664024255, 6.866992993914116, 1.5795727419693142, 6.352755648982299, 1.8232856920189922, 6.734142249974031, 1.7763119134583727, 2.4148932049102165, 7.50677294545289, 5.5443189187445]
APTIDAO: 
32.865566522146466
GEN: 400
Individuo: 
[3.0350886632005376, 0.8595027781799457, 1.9191806033263807, 0.7528872285294319, 2.8593113341455063, 0.6729791493757903, 0.5653991766126778, 0.37685307723776845, 0.7586323657856717, 0.34205449075182215, 0.4239726580182966, 0.40164837043870877, 21.733538956748312, 4.894222233114505, 3.6190360291390062, 2.1767057403587673, 1.0580153136222432, 6.04013275140176, 2.0793074444328177, 1.305682154212134, 1.053240086873957, 0.8131733968677152, 1.7172056307588, 0.7422821628175075, 1.7148025107278675, 2.9812235025081533, 1.946481126864121, 5.01927496197779, 1.1614672799986265, 1.1454639546863983, 4.144662087057113, 2.105460629442575, 1.4177773051664615, 3.1784706678847514, 6.441640091223656, 2.604315784267665, 5.402262083041119, 0.4490311874956773, 0.7713638609606472, 6.866992993914116, 1.4935629010583202, 6.352755648982299, 1.8232856920189922, 6.745412956135411, 1.5958923614673277, 2.4148932049102165, 6.030632272178522, 5.5443189187445]
APTIDAO: 
32.600849551588304
GEN: 500
Individuo: 
[3.0350886632005376, 0.8595027781799457, 1.9191806033263807, 0.7528872285294319, 2.8593113341455063, 0.6675519036966591, 0.5653991766126778, 0.37685307723776845, 0.7586323657856717, 0.34349067096017166, 0.4239726580182966, 0.40164837043870877, 19.999699191592885, 4.894222233114505, 3.7801003108433524, 2.1767057403587673, 1.814111912160892, 6.04013275140176, 2.236498971383533, 1.305682154212134, 1.053240086873957, 0.8131733968677152, 1.7125954289042746, 0.7422821628175075, 1.7148025107278675, 2.9812235025081533, 1.946481126864121, 5.01927496197779, 1.1614672799986265, 1.980621088192988, 4.144662087057113, 2.105460629442575, 1.4177773051664615, 2.6151579164585472, 6.441640091223656, 2.604315784267665, 5.715080829978056, 0.4490311874956773, 1.2580829419693778, 6.866992993914116, 1.330104290741692, 6.352755648982299, 1.5720787472260649, 6.745412956135411, 1.5958923614673277, 2.4148932049102165, 3.972639668681355, 5.5443189187445]
APTIDAO: 
32.46462668914074
GEN: 600
Individuo: 
[3.0350886632005376, 0.8595027781799457, 1.9191806033263807, 0.8330441071925773, 2.823893989423334, 0.6675519036966591, 0.5653991766126778, 0.34451453221393635, 0.7586323657856717, 0.34349067096017166, 0.4239726580182966, 0.41147618559151367, 24.31450425142596, 4.894222233114505, 3.7801003108433524, 2.1767057403587673, 1.3624984780232527, 6.04013275140176, 2.6180605533731423, 1.305682154212134, 1.053240086873957, 0.8131733968677152, 1.7125954289042746, 0.7422821628175075, 1.7148025107278675, 2.9812235025081533, 1.946481126864121, 2.957149216812792, 0.9712016636369892, 1.980621088192988, 4.144662087057113, 1.8077437538079937, 1.4177773051664615, 2.6151579164585472, 6.441640091223656, 2.0789391270143085, 1.0214493862191416, 0.4490311874956773, 1.2580829419693778, 6.866992993914116, 0.9817726699755042, 6.352755648982299, 0.6580829730068669, 6.745412956135411, 1.5958923614673277, 2.4148932049102165, 3.972639668681355, 5.5443189187445]
APTIDAO: 
32.10062418895984
GEN: 700
Individuo: 
[2.9699398992443737, 0.8595027781799457, 1.9191806033263807, 0.8330441071925773, 2.823893989423334, 0.6675519036966591, 0.5885291447309794, 0.29725499704022335, 0.7864076296983233, 0.38156666580417864, 0.4239726580182966, 0.41147618559151367, 24.31450425142596, 3.998727574916275, 3.507835184288016, 2.1767057403587673, 1.950744145868568, 6.04013275140176, 1.0440981046944429, 1.305682154212134, 1.053240086873957, 0.8131733968677152, 1.7125954289042746, 0.7318898951543609, 1.34840059604269, 2.9812235025081533, 1.946481126864121, 2.957149216812792, 0.9712016636369892, 1.980621088192988, 4.8932726265157775, 1.1185422479539553, 1.4785341764806759, 3.758662734936729, 6.441640091223656, 2.0789391270143085, 1.0214493862191416, 0.8283531513575937, 0.8100077440052375, 6.866992993914116, 0.5712708119526092, 6.352755648982299, 0.8985582106270074, 6.745412956135411, 1.5958923614673277, 2.4148932049102165, 3.972639668681355, 4.3212920366667875]
APTIDAO: 
29.671257160215
GEN: 800
Individuo: 
[2.9699398992443737, 0.8595027781799457, 1.9191806033263807, 0.8330441071925773, 2.823893989423334, 0.6675519036966591, 0.5885291447309794, 0.29725499704022335, 0.7864076296983233, 0.38156666580417864, 0.4239726580182966, 0.41147618559151367, 24.31450425142596, 3.998727574916275, 3.507835184288016, 2.1767057403587673, 1.1816453808206717, 6.04013275140176, 1.4700432137197073, 1.305682154212134, 1.053240086873957, 0.8131733968677152, 1.7216900766274963, 0.7318898951543609, 1.34840059604269, 2.9812235025081533, 1.946481126864121, 2.957149216812792, 0.9712016636369892, 1.980621088192988, 4.8932726265157775, 1.1185422479539553, 1.4785341764806759, 3.758662734936729, 6.441640091223656, 2.0789391270143085, 1.0214493862191416, 0.8283531513575937, 0.8100077440052375, 6.866992993914116, 0.8762155378638721, 6.352755648982299, 1.1828898045852458, 6.745412956135411, 1.5958923614673277, 2.4148932049102165, 2.1726511699569855, 4.3212920366667875]
APTIDAO: 
29.6317337684431
GEN: 900
Individuo: 
[2.9699398992443737, 0.8595027781799457, 1.9191806033263807, 0.8330441071925773, 2.823893989423334, 0.6675519036966591, 0.5885291447309794, 0.29725499704022335, 0.7864076296983233, 0.38156666580417864, 0.4239726580182966, 0.4108679588680964, 24.31450425142596, 3.1026397663463468, 3.3080061931651117, 2.1767057403587673, 1.4189050754160077, 6.04013275140176, 1.7037774162898562, 1.3322930713466337, 1.057634542945174, 0.8131733968677152, 1.7216900766274963, 0.7318898951543609, 1.34840059604269, 2.9812235025081533, 1.946481126864121, 2.957149216812792, 0.9712016636369892, 1.980621088192988, 4.8932726265157775, 1.1185422479539553, 1.4785341764806759, 3.758662734936729, 6.441640091223656, 1.120526777485494, 1.0214493862191416, 0.7153038841780561, 1.071926754400134, 6.866992993914116, 2.7664630526278318, 6.352755648982299, 1.5857542054667921, 4.742079702445103, 1.8070245375847438, 2.4148932049102165, 2.1726511699569855, 4.3212920366667875]
APTIDAO: 
29.517361892295344
GEN: 1000
Individuo: 
[2.9699398992443737, 0.8595027781799457, 1.9191806033263807, 0.8330441071925773, 2.823893989423334, 0.6675519036966591, 0.5885291447309794, 0.30100877387370484, 0.7864076296983233, 0.38156666580417864, 0.4239726580182966, 0.4108679588680964, 24.31450425142596, 3.3111560715071606, 3.1005369584971945, 2.1767057403587673, 1.5856418827981205, 6.04013275140176, 1.3227637438244944, 1.3322930713466337, 1.0745838800859215, 0.8131733968677152, 1.7216900766274963, 0.7318898951543609, 1.34840059604269, 2.9812235025081533, 1.946481126864121, 2.957149216812792, 0.9712016636369892, 1.980621088192988, 4.8932726265157775, 1.0021660613641576, 1.4785341764806759, 3.758662734936729, 6.441640091223656, 1.120526777485494, 1.0214493862191416, 0.5948006809282739, 0.7937218564955199, 6.866992993914116, 2.245894463947635, 6.352755648982299, 1.7583023037469014, 4.742079702445103, 1.7934707085369102, 2.4148932049102165, 2.1726511699569855, 4.3212920366667875]
APTIDAO: 
29.341292167666303
GEN: 1100
Individuo: 
[3.070156567882858, 0.8595027781799457, 1.9028004727376329, 0.8330441071925773, 2.823893989423334, 0.6675519036966591, 0.5989475956980301, 0.29725499704022335, 0.7675978207309567, 0.3167841508115553, 0.44812976751341393, 0.3559276364024045, 24.31450425142596, 3.2313148342153464, 3.1005369584971945, 2.1767057403587673, 1.5856418827981205, 5.4981576739135996, 1.3227637438244944, 1.3322930713466337, 1.0745838800859215, 0.8131733968677152, 1.7216900766274963, 0.7318898951543609, 0.6809595558626936, 2.9812235025081533, 1.5432777977007117, 2.957149216812792, 0.9712016636369892, 1.980621088192988, 6.123562967585449, 1.1185422479539553, 1.1917715494887886, 2.1693014783770113, 6.2295171796797675, 0.6916306675694908, 1.0214493862191416, 0.8046707721923745, 0.7937218564955199, 6.866992993914116, 2.245894463947635, 10.0, 1.7583023037469014, 4.742079702445103, 1.7934707085369102, 2.4148932049102165, 2.1726511699569855, 4.3212920366667875]
APTIDAO: 
29.949270374777804
GEN: 1200
Individuo: 
[3.070156567882858, 0.8600570395953844, 1.9028004727376329, 0.8330441071925773, 2.823893989423334, 0.6675519036966591, 0.5989475956980301, 0.3193339401297126, 0.7675978207309567, 0.2966073992303892, 0.44812976751341393, 0.3559276364024045, 24.31450425142596, 3.2313148342153464, 3.421368426350336, 2.3533034218252653, 1.5856418827981205, 5.375086462773853, 1.3471088421481756, 1.3322930713466337, 1.0745838800859215, 0.8131733968677152, 1.7216900766274963, 0.7318898951543609, 0.6809595558626936, 3.5937612214772754, 1.5432777977007117, 2.957149216812792, 0.9712016636369892, 1.980621088192988, 6.123562967585449, 0.6806841620056113, 1.1917715494887886, 2.5124313039899557, 6.2295171796797675, 0.6916306675694908, 1.0214493862191416, 0.8046707721923745, 1.233275046963538, 5.675038801898279, 2.245894463947635, 6.539201431150676, 2.199609656005087, 4.742079702445103, 1.7934707085369102, 2.4148932049102165, 2.1726511699569855, 4.3212920366667875]
APTIDAO: 
29.401317562462946
GEN: 1300
Individuo: 
[3.070156567882858, 0.8600570395953844, 1.9028004727376329, 0.8330441071925773, 2.823893989423334, 0.6675519036966591, 0.5989475956980301, 0.3193339401297126, 0.7675978207309567, 0.2966073992303892, 0.44812976751341393, 0.3559276364024045, 24.31450425142596, 3.2313148342153464, 3.421368426350336, 2.3533034218252653, 1.5856418827981205, 5.375086462773853, 1.7166994271962956, 1.356699108836763, 1.0745838800859215, 0.8131733968677152, 1.7216900766274963, 0.7318898951543609, 0.6809595558626936, 3.5937612214772754, 1.5432777977007117, 2.957149216812792, 0.9712016636369892, 1.980621088192988, 6.123562967585449, 0.6806841620056113, 1.1917715494887886, 2.5124313039899557, 6.2295171796797675, 0.6916306675694908, 1.0214493862191416, 0.8046707721923745, 1.233275046963538, 5.675038801898279, 2.245894463947635, 6.539201431150676, 2.2937548182374683, 2.575765710143077, 1.7934707085369102, 2.4148932049102165, 2.1726511699569855, 4.3212920366667875]
APTIDAO: 
29.394759399692635
GEN: 1400
Individuo: 
[3.070156567882858, 0.8600570395953844, 1.9028004727376329, 0.8330441071925773, 2.823893989423334, 0.6675519036966591, 0.5989475956980301, 0.3193339401297126, 0.7675978207309567, 0.29071183728824, 0.44804273561955416, 0.3559276364024045, 24.31450425142596, 3.2313148342153464, 3.421368426350336, 2.3533034218252653, 1.5856418827981205, 5.375086462773853, 1.1538663209200846, 1.3472887791648884, 1.0825581799961135, 0.8131733968677152, 1.7216900766274963, 0.7318898951543609, 0.6809595558626936, 3.5937612214772754, 1.5432777977007117, 2.957149216812792, 0.9712016636369892, 1.980621088192988, 6.123562967585449, 0.6806841620056113, 1.1917715494887886, 2.3239814317322005, 3.7768886517921345, 0.6916306675694908, 1.0214493862191416, 0.8046707721923745, 1.233275046963538, 5.675038801898279, 2.245894463947635, 6.539201431150676, 1.766085312776233, 2.136908250607785, 2.2697975542574196, 2.4148932049102165, 2.1726511699569855, 4.3212920366667875]
APTIDAO: 
29.357391650056993
GEN: 1500
Individuo: 
[3.070156567882858, 0.8600570395953844, 1.9028004727376329, 0.8330441071925773, 2.823893989423334, 0.6675519036966591, 0.5989475956980301, 0.3193339401297126, 0.7675978207309567, 0.29059097003147083, 0.44804273561955416, 0.3559276364024045, 21.390106610369365, 3.2313148342153464, 3.421368426350336, 2.107351261457474, 1.1205698067288299, 5.593626136810044, 1.62297611311176, 1.3472887791648884, 1.0825581799961135, 0.8131733968677152, 1.7216900766274963, 0.7318898951543609, 0.6809595558626936, 3.5937612214772754, 1.5432777977007117, 2.957149216812792, 0.9712016636369892, 1.980621088192988, 6.123562967585449, 0.6806841620056113, 1.1917715494887886, 1.953690854176452, 3.7768886517921345, 0.6916306675694908, 0.8953051915995436, 0.8046707721923745, 1.233275046963538, 5.375086109280111, 0.7168454234578803, 4.04020009362524, 1.6069741801493092, 2.136908250607785, 2.2697975542574196, 2.4148932049102165, 2.1726511699569855, 4.3212920366667875]
APTIDAO: 
29.344432702798528
GEN: 1600
Individuo: 
[3.070156567882858, 0.8600570395953844, 1.9028004727376329, 0.8330441071925773, 2.823893989423334, 0.6675519036966591, 0.5989475956980301, 0.3193339401297126, 0.7675978207309567, 0.29059097003147083, 0.44804273561955416, 0.3636123721435111, 24.896756118839026, 3.2139581057864826, 3.421368426350336, 2.7047505378350594, 1.872835051046585, 5.593626136810044, 1.613393914435673, 1.3472887791648884, 1.0825581799961135, 0.8131733968677152, 1.7216900766274963, 0.7318898951543609, 0.6809595558626936, 3.5937612214772754, 1.5432777977007117, 2.957149216812792, 0.9712016636369892, 1.980621088192988, 6.123562967585449, 0.6806841620056113, 1.1917715494887886, 1.953690854176452, 3.7768886517921345, 0.6657449874668373, 1.4554685500468387, 0.5793177165791987, 1.233275046963538, 6.027795591104557, 1.0725511482557826, 4.04020009362524, 2.0923977378312633, 2.136908250607785, 2.2697975542574196, 2.4148932049102165, 2.1726511699569855, 4.3212920366667875]
APTIDAO: 
29.285448407486694
GEN: 1700
Individuo: 
[3.070156567882858, 0.8600570395953844, 1.9028004727376329, 0.8330441071925773, 2.823893989423334, 0.6675519036966591, 0.5989475956980301, 0.3193339401297126, 0.7669896506244649, 0.29059097003147083, 0.44804273561955416, 0.3636123721435111, 24.896756118839026, 3.5833972619506205, 3.421368426350336, 2.107351261457474, 1.9185961699626577, 5.593626136810044, 1.613393914435673, 1.3472887791648884, 1.0825581799961135, 0.8131733968677152, 1.7216900766274963, 0.7318898951543609, 0.6809595558626936, 3.5937612214772754, 1.5432777977007117, 2.957149216812792, 0.9712016636369892, 1.980621088192988, 6.123562967585449, 0.6806841620056113, 0.7005293470294817, 1.953690854176452, 3.7768886517921345, 0.6657449874668373, 1.4554685500468387, 0.8445317182811211, 1.233275046963538, 5.375086109280111, 1.761433426144229, 4.04020009362524, 2.0923977378312633, 2.136908250607785, 2.2697975542574196, 2.4148932049102165, 2.1726511699569855, 4.3212920366667875]
APTIDAO: 
29.2834738490031
GEN: 1800
Individuo: 
[3.070156567882858, 0.8600570395953844, 1.9028004727376329, 0.8330441071925773, 2.823893989423334, 0.6675519036966591, 0.5989475956980301, 0.3193339401297126, 0.7669896506244649, 0.29059097003147083, 0.44804273561955416, 0.3636123721435111, 24.896756118839026, 3.5323284381072284, 3.421368426350336, 2.107351261457474, 1.9185961699626577, 5.593626136810044, 1.613393914435673, 1.3472887791648884, 1.0825581799961135, 0.8131733968677152, 1.7216900766274963, 0.7318898951543609, 0.6809595558626936, 3.5937612214772754, 1.5432777977007117, 2.957149216812792, 0.9712016636369892, 1.980621088192988, 6.123562967585449, 0.6806841620056113, 0.7005293470294817, 1.953690854176452, 3.7768886517921345, 0.6657449874668373, 1.4554685500468387, 1.457822465195543, 1.233275046963538, 5.375086109280111, 1.761433426144229, 4.04020009362524, 2.0923977378312633, 2.136908250607785, 2.2697975542574196, 2.4148932049102165, 2.1726511699569855, 4.3212920366667875]
APTIDAO: 
29.2834738490031
GEN: 1900
Individuo: 
[3.070156567882858, 0.8600570395953844, 1.9028004727376329, 0.8330441071925773, 2.823893989423334, 0.6675519036966591, 0.5989475956980301, 0.3193339401297126, 0.7669896506244649, 0.29059097003147083, 0.44804273561955416, 0.3636123721435111, 24.896756118839026, 3.5323284381072284, 3.421368426350336, 2.107351261457474, 1.9185961699626577, 5.856802381579693, 1.7169268844779926, 1.3472887791648884, 1.0825581799961135, 0.8131733968677152, 1.7216900766274963, 0.7318898951543609, 0.6809595558626936, 3.5937612214772754, 1.5432777977007117, 2.957149216812792, 0.9712016636369892, 1.980621088192988, 6.123562967585449, 0.6806841620056113, 0.7005293470294817, 1.953690854176452, 3.7768886517921345, 0.6657449874668373, 1.4554685500468387, 1.457822465195543, 1.233275046963538, 5.375086109280111, 1.761433426144229, 3.825494245373293, 1.8433687317612073, 2.136908250607785, 2.2697975542574196, 2.4148932049102165, 2.1726511699569855, 4.3212920366667875]
APTIDAO: 
29.2834738490031
GEN: 2000
Individuo: 
[3.070156567882858, 0.8600570395953844, 1.9028004727376329, 0.8330441071925773, 2.823893989423334, 0.6675519036966591, 0.5989475956980301, 0.3193339401297126, 0.7669896506244649, 0.29059097003147083, 0.44804273561955416, 0.3636123721435111, 24.896756118839026, 3.5323284381072284, 3.421368426350336, 2.107351261457474, 1.2746807262589288, 5.856802381579693, 1.3225672940025623, 1.3472887791648884, 1.0825581799961135, 0.8131733968677152, 1.7216900766274963, 0.7318898951543609, 0.6809595558626936, 3.5937612214772754, 1.5432777977007117, 2.957149216812792, 0.9712016636369892, 1.980621088192988, 6.123562967585449, 0.6806841620056113, 0.7005293470294817, 1.953690854176452, 3.7768886517921345, 0.6657449874668373, 1.4554685500468387, 1.457822465195543, 1.233275046963538, 5.375086109280111, 1.2593157513491293, 3.825494245373293, 1.0519551906368, 2.136908250607785, 2.2697975542574196, 2.4148932049102165, 2.1726511699569855, 4.3212920366667875]
APTIDAO: 
29.2834738490031
GEN: 2100
Individuo: 
[3.070156567882858, 0.8600570395953844, 1.9028004727376329, 0.8330441071925773, 2.823893989423334, 0.6675519036966591, 0.5989475956980301, 0.3193339401297126, 0.7669896506244649, 0.29059097003147083, 0.44804273561955416, 0.3636123721435111, 24.896756118839026, 3.2722424476706924, 3.421368426350336, 2.107351261457474, 1.3126608019118646, 5.856802381579693, 1.7734635002047716, 1.3472887791648884, 1.0825581799961135, 0.8131733968677152, 1.7216900766274963, 0.7318898951543609, 0.6809595558626936, 3.5937612214772754, 1.5432777977007117, 2.957149216812792, 0.9712016636369892, 1.980621088192988, 6.123562967585449, 0.6806841620056113, 0.7005293470294817, 1.953690854176452, 3.7768886517921345, 0.6657449874668373, 1.4554685500468387, 2.51870682082041, 1.233275046963538, 5.375086109280111, 0.7040687625785421, 3.825494245373293, 1.415062393319067, 2.136908250607785, 2.2697975542574196, 2.4148932049102165, 2.1726511699569855, 4.3212920366667875]
APTIDAO: 
29.2834738490031
GEN: 2200
Individuo: 
[3.070156567882858, 0.8600570395953844, 1.9028004727376329, 0.8330441071925773, 2.749326770845113, 0.6675519036966591, 0.5942652904095933, 0.31944215350408817, 0.7669896506244649, 0.29059097003147083, 0.44804273561955416, 0.3636123721435111, 24.896756118839026, 3.0040575147769113, 2.737095039097382, 2.801935010098954, 1.2600776057534377, 5.856802381579693, 1.019669725763313, 1.3472887791648884, 1.0825581799961135, 0.8131733968677152, 1.8450330768819618, 0.7318898951543609, 0.6809595558626936, 3.5937612214772754, 1.5432777977007117, 2.957149216812792, 1.122602546234679, 1.980621088192988, 2.7383541723386955, 0.7780242714080128, 0.7005293470294817, 1.953690854176452, 3.7768886517921345, 0.6657449874668373, 1.4554685500468387, 3.073406653849889, 0.6084147161805344, 5.615133581855533, 0.8609032385288216, 3.825494245373293, 0.9829977004557342, 2.136908250607785, 2.2697975542574196, 2.4148932049102165, 1.2559176956126459, 4.3212920366667875]
APTIDAO: 
29.875290274673443
GEN: 2300
Individuo: 
[3.070156567882858, 0.8600570395953844, 1.9028004727376329, 0.8330441071925773, 2.749326770845113, 0.6433510012150928, 0.5942652904095933, 0.31944215350408817, 0.7669896506244649, 0.34069655582677133, 0.4503560413166145, 0.3636123721435111, 24.896756118839026, 3.5323284381072284, 2.1050325873017446, 2.801935010098954, 1.7232224405335022, 5.856802381579693, 1.3526574057984746, 1.3472887791648884, 1.101647083376779, 0.8131733968677152, 1.8132460394999264, 0.7318898951543609, 0.6809595558626936, 3.5937612214772754, 1.5432777977007117, 2.957149216812792, 1.122602546234679, 2.786424378149589, 2.7383541723386955, 0.7780242714080128, 0.7005293470294817, 4.680472700595248, 3.769275059096272, 0.6657449874668373, 1.4554685500468387, 1.457822465195543, 0.6197580090077978, 5.615133581855533, 1.1110456122990506, 3.825494245373293, 1.7187292578375262, 2.136908250607785, 1.510332470612226, 2.4148932049102165, 2.350900740159526, 4.3212920366667875]
APTIDAO: 
29.355646876021257
GEN: 2400
Individuo: 
[3.070156567882858, 0.8600570395953844, 1.9216585171304341, 1.1215070741633641, 2.453892127374193, 0.6407368863369465, 0.5942652904095933, 0.31944215350408817, 0.7669896506244649, 0.3449410737301284, 0.4503560413166145, 0.3636123721435111, 24.896756118839026, 3.268519902504173, 2.1185317007925195, 2.801935010098954, 1.7455692286794022, 5.558577965961033, 1.1160504458637066, 1.365121838143912, 1.101647083376779, 0.8131733968677152, 1.8132460394999264, 0.7318898951543609, 0.6809595558626936, 3.5937612214772754, 1.8991627784684715, 1.7483432419731009, 0.6064916021831458, 3.019951920378673, 2.7383541723386955, 0.7780242714080128, 0.7005293470294817, 4.753347907967736, 3.769275059096272, 0.6657449874668373, 1.4554685500468387, 2.1989586598200694, 0.976883139751504, 5.615133581855533, 1.6939438394027195, 4.7389729162515115, 3.468210041693248, 2.243112073037606, 1.510332470612226, 2.4148932049102165, 2.350900740159526, 4.3212920366667875]
APTIDAO: 
28.892831488150286
GEN: 2500
Individuo: 
[3.070156567882858, 0.8600570395953844, 1.9216585171304341, 1.1215070741633641, 2.453892127374193, 0.6407368863369465, 0.5942652904095933, 0.31944215350408817, 0.7669896506244649, 0.3449410737301284, 0.4503560413166145, 0.3723925091970896, 24.896756118839026, 3.268519902504173, 2.238655561256369, 2.801935010098954, 1.7290774724767093, 5.558577965961033, 1.1160504458637066, 1.365121838143912, 1.132261260085156, 0.8131733968677152, 1.8132460394999264, 0.7318898951543609, 0.6809595558626936, 3.5937612214772754, 1.8991627784684715, 1.7483432419731009, 0.6064916021831458, 3.019951920378673, 2.7383541723386955, 0.7780242714080128, 0.7005293470294817, 4.753347907967736, 3.769275059096272, 0.9596978698754127, 1.4554685500468387, 2.1989586598200694, 1.6450666883798597, 5.615133581855533, 1.1542902991398056, 4.7389729162515115, 3.468210041693248, 2.243112073037606, 1.1273520969263224, 2.4148932049102165, 2.350900740159526, 4.3212920366667875]
APTIDAO: 
28.825258022526366
GEN: 2600
Individuo: 
[3.070156567882858, 0.8600570395953844, 1.9216585171304341, 1.1215070741633641, 2.453892127374193, 0.6407368863369465, 0.5942652904095933, 0.31970523213673424, 0.7669896506244649, 0.3449410737301284, 0.4503560413166145, 0.3723925091970896, 24.896756118839026, 3.268519902504173, 2.238655561256369, 2.801935010098954, 1.1323620832154495, 5.558577965961033, 1.1803935334736575, 1.365121838143912, 1.132261260085156, 0.8131733968677152, 1.8132460394999264, 0.7318898951543609, 0.6809595558626936, 3.5937612214772754, 1.8991627784684715, 1.7483432419731009, 0.6064916021831458, 3.019951920378673, 2.7383541723386955, 0.40662523501789444, 0.7005293470294817, 4.753347907967736, 3.769275059096272, 0.9596978698754127, 1.4554685500468387, 2.1989586598200694, 1.6450666883798597, 5.615133581855533, 0.917480844095347, 4.7389729162515115, 5.5972133662882895, 2.243112073037606, 1.1273520969263224, 2.4148932049102165, 2.350900740159526, 4.3212920366667875]
APTIDAO: 
28.82298450711942
GEN: 2700
Individuo: 
[3.070156567882858, 0.8600570395953844, 1.9216585171304341, 1.1215070741633641, 2.453892127374193, 0.6676672470920129, 0.6047150678576799, 0.31762659655189673, 0.7669896506244649, 0.3449410737301284, 0.4369839561963415, 0.3723925091970896, 24.896756118839026, 3.268519902504173, 2.78966514671777, 2.801935010098954, 1.6941209021886547, 5.863227975336364, 1.7605069260974051, 1.365121838143912, 1.132261260085156, 0.8131733968677152, 1.8132460394999264, 0.7318898951543609, 0.6809595558626936, 3.5937612214772754, 1.8991627784684715, 1.7483432419731009, 0.6064916021831458, 4.121686213551985, 2.81587761730925, 1.5025024878433617, 0.7005293470294817, 4.753347907967736, 1.8348957155716283, 0.9596978698754127, 1.4554685500468387, 2.1989586598200694, 2.897016925237647, 5.615133581855533, 0.7394971160431069, 5.31709562619181, 3.565111735740032, 2.243112073037606, 1.1273520969263224, 2.4148932049102165, 2.350900740159526, 4.3212920366667875]
APTIDAO: 
29.310527813212005
GEN: 2800
Individuo: 
[3.070156567882858, 0.8600570395953844, 1.9216585171304341, 1.1215070741633641, 2.453892127374193, 0.6610364359171641, 0.6047150678576799, 0.31762659655189673, 0.7669896506244649, 0.3449410737301284, 0.4369839561963415, 0.3723925091970896, 24.37826190468725, 3.3142633505722094, 2.78966514671777, 2.1622912174038067, 1.5668874710165197, 5.863227975336364, 1.7605069260974051, 1.365121838143912, 1.1498901502526988, 0.8131733968677152, 1.8132460394999264, 0.7318898951543609, 0.6809595558626936, 3.5937612214772754, 1.8991627784684715, 1.7483432419731009, 0.6064916021831458, 4.83821898092599, 2.81587761730925, 1.5025024878433617, 0.7005293470294817, 4.753347907967736, 1.8348957155716283, 0.9596978698754127, 1.1561498991677472, 1.8189381829512081, 2.897016925237647, 2.993968061142376, 0.83923367423833, 5.31709562619181, 3.565111735740032, 2.243112073037606, 0.6638685496798279, 2.4148932049102165, 2.350900740159526, 4.3212920366667875]
APTIDAO: 
28.98116675741002
GEN: 2900
Individuo: 
[3.070156567882858, 0.8600570395953844, 1.9216585171304341, 1.1215070741633641, 2.453892127374193, 0.6535912572269647, 0.6220461210700138, 0.31762659655189673, 0.7669896506244649, 0.3449410737301284, 0.4369839561963415, 0.3723925091970896, 24.37826190468725, 3.9694189367983475, 2.1010046951461474, 2.049977525600839, 1.9497082826085987, 5.863227975336364, 1.7605069260974051, 1.365121838143912, 1.1498901502526988, 0.8131733968677152, 1.7759154993108208, 0.7318898951543609, 0.6809595558626936, 3.5937612214772754, 1.8991627784684715, 1.7483432419731009, 0.6064916021831458, 6.01700599425451, 2.9516909093632573, 1.5025024878433617, 0.7005293470294817, 4.753347907967736, 1.8348957155716283, 0.9596978698754127, 1.1561498991677472, 1.7159510287146855, 1.5179197844398198, 4.148507068166288, 0.519248524463935, 5.31709562619181, 3.565111735740032, 2.243112073037606, 0.6638685496798279, 2.4148932049102165, 3.126604912873062, 4.3212920366667875]
APTIDAO: 
28.749097624246343
GEN: 3000
Individuo: 
[3.070156567882858, 0.8600570395953844, 1.9216585171304341, 1.1215070741633641, 2.453892127374193, 0.6527875876047927, 0.6220461210700138, 0.31762659655189673, 0.7669896506244649, 0.3449410737301284, 0.43167920451223146, 0.3723925091970896, 20.339878315791495, 3.9694189367983475, 2.1010046951461474, 2.049977525600839, 1.4320948901061137, 5.863227975336364, 1.7605069260974051, 1.365121838143912, 1.1498901502526988, 0.8131733968677152, 1.775736518596051, 0.7318898951543609, 0.6809595558626936, 3.5937612214772754, 1.8991627784684715, 1.7483432419731009, 0.6064916021831458, 5.996242460962853, 2.9516909093632573, 1.5025024878433617, 0.7005293470294817, 4.753347907967736, 1.9208481663133763, 0.9596978698754127, 0.9203372451671883, 1.7159510287146855, 1.5179197844398198, 4.148507068166288, 1.3206890949601446, 5.31709562619181, 3.565111735740032, 2.243112073037606, 0.6638685496798279, 2.4148932049102165, 2.2956891456264588, 4.3212920366667875]
APTIDAO: 
28.719754997322
GEN: 3100
Individuo: 
[3.070156567882858, 0.8600570395953844, 1.9216585171304341, 1.1360645084683327, 2.4489658853320884, 0.6524764386158681, 0.6220461210700138, 0.31762659655189673, 0.7669896506244649, 0.3449410737301284, 0.43167920451223146, 0.3723925091970896, 23.160431410881984, 3.9694189367983475, 2.1010046951461474, 2.049977525600839, 1.0518163952446595, 5.863227975336364, 1.7605069260974051, 1.353175360646602, 1.1498901502526988, 0.8131733968677152, 1.775736518596051, 0.7318898951543609, 0.6809595558626936, 3.5937612214772754, 1.8991627784684715, 4.0758848485828185, 0.7860851829027871, 4.410215595351062, 2.9516909093632573, 1.5025024878433617, 0.7005293470294817, 4.753347907967736, 1.9208481663133763, 0.9596978698754127, 1.5902559028092715, 1.7159510287146855, 1.5179197844398198, 4.148507068166288, 1.0701772195516048, 5.31709562619181, 3.565111735740032, 2.1768840634292026, 0.6638685496798279, 2.4148932049102165, 2.2956891456264588, 4.3212920366667875]
APTIDAO: 
28.599154388053986
GEN: 3200
Individuo: 
[3.070156567882858, 0.8600570395953844, 1.9216585171304341, 1.1360645084683327, 2.4489658853320884, 0.6524764386158681, 0.6220461210700138, 0.31762659655189673, 0.7669896506244649, 0.3449410737301284, 0.43167920451223146, 0.36985017726296904, 21.338622995489228, 3.9694189367983475, 2.1010046951461474, 2.049977525600839, 1.0518163952446595, 5.863227975336364, 1.7605069260974051, 1.353175360646602, 1.1570121427655669, 0.8131733968677152, 1.7690308677667683, 0.7318898951543609, 0.6809595558626936, 3.5937612214772754, 1.8991627784684715, 4.0758848485828185, 0.7860851829027871, 4.410215595351062, 2.9516909093632573, 1.5025024878433617, 0.7005293470294817, 4.753347907967736, 1.9208481663133763, 0.9173305451202858, 1.4114141273631855, 1.7159510287146855, 1.5179197844398198, 4.148507068166288, 1.0701772195516048, 5.31709562619181, 3.565111735740032, 2.1768840634292026, 0.8657087633295352, 2.4148932049102165, 1.1739736770203515, 4.3212920366667875]
APTIDAO: 
28.579598410752133
GEN: 3300
Individuo: 
[3.070156567882858, 0.8600570395953844, 1.9216585171304341, 1.1360645084683327, 2.4489658853320884, 0.6524764386158681, 0.6220461210700138, 0.31762659655189673, 0.7669896506244649, 0.3449410737301284, 0.43167920451223146, 0.36985017726296904, 21.832541949555296, 3.9694189367983475, 2.499829337763503, 2.049977525600839, 1.2719108031422253, 5.863227975336364, 1.7388515029152785, 1.353175360646602, 1.1570121427655669, 0.8131733968677152, 1.7690308677667683, 0.7318898951543609, 0.6809595558626936, 3.5937612214772754, 1.8991627784684715, 4.0758848485828185, 0.7860851829027871, 4.410215595351062, 2.9516909093632573, 1.5025024878433617, 0.7005293470294817, 4.753347907967736, 1.9208481663133763, 0.9173305451202858, 1.6339576005962084, 1.7159510287146855, 1.5530036738746371, 4.148507068166288, 1.740819028670403, 5.31709562619181, 4.907397491248558, 2.1768840634292026, 0.8657087633295352, 2.4148932049102165, 1.1739736770203515, 4.3212920366667875]
APTIDAO: 
28.579598410752133
GEN: 3400
Individuo: 
[3.070156567882858, 0.8600570395953844, 1.9216585171304341, 1.1360645084683327, 2.4489658853320884, 0.6524764386158681, 0.6220461210700138, 0.31762659655189673, 0.7669896506244649, 0.3449410737301284, 0.43167920451223146, 0.36985017726296904, 21.1419847431117, 3.672439714225613, 2.499829337763503, 2.049977525600839, 1.7689103206100398, 5.863227975336364, 1.7388515029152785, 1.353175360646602, 1.1570121427655669, 0.8131733968677152, 1.7690308677667683, 0.7318898951543609, 0.6809595558626936, 3.5937612214772754, 1.8991627784684715, 4.0758848485828185, 0.7860851829027871, 4.410215595351062, 2.9516909093632573, 1.5025024878433617, 0.7005293470294817, 4.753347907967736, 1.9208481663133763, 0.9173305451202858, 1.6482374114016656, 2.2134226997194753, 1.5530036738746371, 4.148507068166288, 1.5165392288304163, 5.31709562619181, 4.907397491248558, 2.1768840634292026, 0.8657087633295352, 2.4148932049102165, 1.1739736770203515, 4.3212920366667875]
APTIDAO: 
28.579598410752133
GEN: 3500
Individuo: 
[3.070156567882858, 0.8600570395953844, 1.9216585171304341, 1.1360645084683327, 2.4489658853320884, 0.6524764386158681, 0.6220461210700138, 0.31762659655189673, 0.7669896506244649, 0.3449410737301284, 0.43167920451223146, 0.36985017726296904, 23.08256921935128, 3.672439714225613, 2.499829337763503, 2.662738403226064, 1.9244857102101829, 5.863227975336364, 1.7388515029152785, 1.353175360646602, 1.1570121427655669, 0.8131733968677152, 1.7683578109814462, 0.7318898951543609, 0.6809595558626936, 3.5937612214772754, 1.8991627784684715, 4.0758848485828185, 0.7860851829027871, 4.410215595351062, 2.9516909093632573, 1.5025024878433617, 0.7005293470294817, 4.753347907967736, 1.9208481663133763, 0.9173305451202858, 1.7347862283532234, 2.2134226997194753, 1.5530036738746371, 5.209570471905107, 2.7241340890139494, 5.31709562619181, 4.907397491248558, 2.1768840634292026, 0.8657087633295352, 2.4148932049102165, 1.320055276884802, 4.3212920366667875]
APTIDAO: 
28.561809195167527
GEN: 3600
Individuo: 
[3.070156567882858, 0.8600570395953844, 1.9216585171304341, 1.1360645084683327, 2.4489658853320884, 0.646603123482373, 0.6220461210700138, 0.3277049194532677, 0.7669896506244649, 0.3449410737301284, 0.43189552318162744, 0.37336198962463674, 18.062213057437827, 3.647250146047436, 3.9461150268501464, 2.662738403226064, 1.7404632110269396, 4.931811124041837, 1.7388515029152785, 1.353175360646602, 1.1570121427655669, 0.8131733968677152, 1.7683578109814462, 0.7318898951543609, 0.6809595558626936, 3.5937612214772754, 1.8991627784684715, 4.0758848485828185, 0.7860851829027871, 3.4795828799851307, 2.9516909093632573, 1.0470820683350628, 0.7005293470294817, 4.753347907967736, 3.195243625032071, 1.1703868607664214, 1.2551144925656934, 1.3209731015649775, 2.2188635147740707, 5.209570471905107, 2.049611582492698, 5.3037025902738515, 4.907397491248558, 2.1768840634292026, 0.8657087633295352, 2.4148932049102165, 1.320055276884802, 4.3212920366667875]
APTIDAO: 
28.064864568951975
GEN: 3700
Individuo: 
[3.070156567882858, 0.8600570395953844, 1.9379518236290976, 1.1360645084683327, 2.4489658853320884, 0.646603123482373, 0.6220461210700138, 0.326145337907907, 0.7669896506244649, 0.3449410737301284, 0.43189552318162744, 0.37336198962463674, 18.11889505809825, 3.647250146047436, 3.9461150268501464, 2.621874871075207, 1.2873902445939258, 4.931811124041837, 1.458318047222011, 1.353175360646602, 1.1570121427655669, 0.8131733968677152, 1.7683578109814462, 0.7318898951543609, 0.6809595558626936, 3.5937612214772754, 1.8316408949319931, 4.0758848485828185, 0.7860851829027871, 3.4795828799851307, 2.9516909093632573, 0.8151001782776203, 0.7005293470294817, 4.753347907967736, 3.195243625032071, 1.1703868607664214, 1.622555992524741, 1.3209731015649775, 2.2188635147740707, 5.3755068454384105, 3.8263831621743476, 5.3037025902738515, 2.961054874993456, 2.1768840634292026, 0.8657087633295352, 2.4148932049102165, 1.320055276884802, 4.3212920366667875]
APTIDAO: 
27.986340210088386
GEN: 3800
Individuo: 
[3.070156567882858, 0.8600570395953844, 1.9379518236290976, 1.1360645084683327, 2.4489658853320884, 0.646603123482373, 0.6220461210700138, 0.326145337907907, 0.7669896506244649, 0.3429688256272217, 0.43189552318162744, 0.37336198962463674, 18.11889505809825, 3.1253145002495817, 3.9461150268501464, 2.621874871075207, 1.2804550392357084, 4.931811124041837, 1.458318047222011, 1.353175360646602, 1.1598407125515366, 0.8131733968677152, 1.7683578109814462, 0.7318898951543609, 0.6809595558626936, 3.5937612214772754, 1.8316408949319931, 4.0758848485828185, 0.7860851829027871, 3.4795828799851307, 2.9516909093632573, 0.8151001782776203, 0.7005293470294817, 3.8494372797291807, 3.195243625032071, 1.1703868607664214, 1.622555992524741, 1.6110443757015915, 2.2188635147740707, 5.3755068454384105, 3.008717352076922, 5.3037025902738515, 2.961054874993456, 2.1768840634292026, 0.662068620476663, 2.4148932049102165, 1.320055276884802, 4.3212920366667875]
APTIDAO: 
27.983759822927794
GEN: 3900
Individuo: 
[3.070156567882858, 0.8600570395953844, 1.9379518236290976, 1.1360645084683327, 2.4489658853320884, 0.646603123482373, 0.6220461210700138, 0.326145337907907, 0.7684241263416993, 0.3429688256272217, 0.43189552318162744, 0.37336198962463674, 18.11889505809825, 3.1253145002495817, 3.9461150268501464, 2.749683339006923, 1.2804550392357084, 4.931811124041837, 1.458318047222011, 1.353175360646602, 1.1598407125515366, 0.8131733968677152, 1.7683578109814462, 0.7317205619102679, 0.6809595558626936, 3.5937612214772754, 1.8316408949319931, 4.0758848485828185, 0.7860851829027871, 3.4795828799851307, 2.9516909093632573, 0.8151001782776203, 0.5953396051378577, 3.8494372797291807, 3.195243625032071, 1.1703868607664214, 1.622555992524741, 1.6110443757015915, 2.2188635147740707, 4.878087310142925, 3.008717352076922, 5.3037025902738515, 2.961054874993456, 2.1768840634292026, 0.662068620476663, 2.4148932049102165, 1.320055276884802, 3.418588155890286]
APTIDAO: 
27.96261514933655
GEN: 4000
Individuo: 
[3.070156567882858, 0.8600570395953844, 1.9379518236290976, 1.1360645084683327, 2.4489658853320884, 0.6438538912570048, 0.6220461210700138, 0.3273005716241214, 0.7684241263416993, 0.3429688256272217, 0.43189552318162744, 0.37584692420598914, 18.11889505809825, 3.242463434092431, 3.2416838678286957, 2.749683339006923, 1.0531834312840123, 4.931811124041837, 1.458318047222011, 1.353175360646602, 1.1598407125515366, 0.8145088708497779, 1.7683578109814462, 0.7317205619102679, 0.6809595558626936, 3.5937612214772754, 1.8316408949319931, 4.0758848485828185, 0.7860851829027871, 4.258976056425997, 2.9516909093632573, 0.8210432826720243, 0.5953396051378577, 3.8494372797291807, 3.195243625032071, 0.7861431148064308, 1.622555992524741, 2.410447115609848, 1.3229703233580121, 4.878087310142925, 0.9122115053701935, 5.3037025902738515, 2.961054874993456, 2.1768840634292026, 0.662068620476663, 1.2310249784465541, 1.320055276884802, 3.418588155890286]
APTIDAO: 
27.929580320164447
GEN: 4100
Individuo: 
[3.070156567882858, 0.8600570395953844, 1.9379518236290976, 1.1360645084683327, 2.4489658853320884, 0.6438538912570048, 0.6220461210700138, 0.33366451639543776, 0.7684241263416993, 0.3429688256272217, 0.43189552318162744, 0.3816646189224611, 21.914787203939124, 3.242463434092431, 3.0726120754145154, 2.749683339006923, 1.7952709534275966, 4.931811124041837, 1.5879020219870494, 1.353175360646602, 1.1598407125515366, 0.8145088708497779, 1.7683578109814462, 0.7317205619102679, 0.6809595558626936, 3.5937612214772754, 1.8316408949319931, 4.0758848485828185, 0.7860851829027871, 4.258976056425997, 2.9516909093632573, 1.2224810552921797, 0.5953396051378577, 3.8494372797291807, 3.195243625032071, 0.9354687448195346, 1.381902172402899, 2.410447115609848, 1.7836564363561587, 4.878087310142925, 1.1987738448418175, 5.3037025902738515, 3.984237132426899, 2.1768840634292026, 0.662068620476663, 1.2310249784465541, 1.320055276884802, 3.418588155890286]
APTIDAO: 
27.84514626901049
GEN: 4200
Individuo: 
[3.070156567882858, 0.8600570395953844, 1.9379518236290976, 1.1360645084683327, 2.4489658853320884, 0.6438538912570048, 0.6173621570428788, 0.33366451639543776, 0.7684241263416993, 0.3429688256272217, 0.43189552318162744, 0.3816646189224611, 21.914787203939124, 3.242463434092431, 3.0726120754145154, 2.749683339006923, 1.2607367629612776, 4.931811124041837, 1.5879020219870494, 1.353175360646602, 1.1598407125515366, 0.8145088708497779, 1.7683578109814462, 0.7317205619102679, 0.6809595558626936, 3.5937612214772754, 1.8316408949319931, 4.0758848485828185, 0.7860851829027871, 4.258976056425997, 2.488838720886661, 1.2224810552921797, 0.5953396051378577, 3.8494372797291807, 3.195243625032071, 0.9354687448195346, 1.381902172402899, 2.410447115609848, 1.7836564363561587, 4.878087310142925, 2.152229114015034, 5.3037025902738515, 3.984237132426899, 2.1768840634292026, 0.662068620476663, 1.2310249784465541, 1.320055276884802, 3.418588155890286]
APTIDAO: 
27.834035667898714
GEN: 4300
Individuo: 
[3.070156567882858, 0.8600570395953844, 1.9379518236290976, 1.1360645084683327, 2.4489658853320884, 0.6438538912570048, 0.6173621570428788, 0.33366451639543776, 0.7684241263416993, 0.3429688256272217, 0.43189552318162744, 0.3816646189224611, 21.914787203939124, 3.460211467439546, 3.0726120754145154, 2.889397409775448, 1.9260726120077374, 4.931811124041837, 1.5879020219870494, 1.353175360646602, 1.1598407125515366, 0.8145088708497779, 1.7683578109814462, 0.7317205619102679, 0.6809595558626936, 3.5937612214772754, 1.8316408949319931, 4.0758848485828185, 0.7860851829027871, 4.258976056425997, 2.488838720886661, 1.2224810552921797, 0.5953396051378577, 3.8494372797291807, 3.195243625032071, 0.9354687448195346, 1.381902172402899, 2.4394879755958345, 1.7836564363561587, 4.1659768010927385, 4.5741143268864475, 5.3037025902738515, 3.984237132426899, 2.1768840634292026, 0.662068620476663, 1.2310249784465541, 1.320055276884802, 3.418588155890286]
APTIDAO: 
27.834035667898714
GEN: 4400
Individuo: 
[3.070156567882858, 0.8600570395953844, 1.9379518236290976, 1.1360645084683327, 2.4489658853320884, 0.6438538912570048, 0.6173621570428788, 0.33366451639543776, 0.7684241263416993, 0.3115257256867643, 0.43189552318162744, 0.38373950748257923, 15.39392667878313, 3.4487307665098124, 3.0726120754145154, 2.337326065020039, 1.9626460349181336, 4.931811124041837, 1.6078692822400866, 1.353175360646602, 1.1598407125515366, 0.8145088708497779, 1.7683578109814462, 0.7317205619102679, 0.6809595558626936, 3.5937612214772754, 1.8316408949319931, 4.0758848485828185, 0.7860851829027871, 4.258976056425997, 2.488838720886661, 1.2224810552921797, 0.5953396051378577, 2.1535091672557147, 3.195243625032071, 0.5994650066907122, 1.473729221906103, 2.285110177598435, 1.7836564363561587, 4.363096748218146, 6.034964007301433, 5.3037025902738515, 2.2394636269951183, 2.1768840634292026, 0.662068620476663, 1.2310249784465541, 1.320055276884802, 3.418588155890286]
APTIDAO: 
28.108772238134257
GEN: 4500
Individuo: 
[3.070156567882858, 0.8600570395953844, 1.9379518236290976, 1.1360645084683327, 2.4489658853320884, 0.6438538912570048, 0.6173621570428788, 0.33366451639543776, 0.7684241263416993, 0.3115257256867643, 0.43189552318162744, 0.38373950748257923, 23.887857630305515, 3.4487307665098124, 3.2104474695905196, 2.7072574963010525, 1.1724035251279992, 4.931811124041837, 1.1800731400348619, 1.353175360646602, 1.1598407125515366, 0.8106197096349425, 1.7683578109814462, 0.723258932916876, 0.6809595558626936, 3.5937612214772754, 1.8316408949319931, 4.0758848485828185, 0.7860851829027871, 4.258976056425997, 2.488838720886661, 1.2224810552921797, 0.5953396051378577, 2.1535091672557147, 3.195243625032071, 0.5994650066907122, 2.597093263155402, 2.285110177598435, 1.135874536511, 4.800343901521554, 8.127446156854493, 5.3037025902738515, 4.558974718091843, 2.1768840634292026, 0.662068620476663, 0.9017621393897484, 1.320055276884802, 4.827101557659498]
APTIDAO: 
27.80736311931992
GEN: 4600
Individuo: 
[3.070156567882858, 0.8600570395953844, 1.9379518236290976, 1.1360645084683327, 2.4489658853320884, 0.6438538912570048, 0.6173621570428788, 0.33366451639543776, 0.7684241263416993, 0.3102130481843027, 0.43189552318162744, 0.38373950748257923, 23.887857630305515, 3.4487307665098124, 3.2104474695905196, 2.8037001590415604, 1.0452522183125443, 4.931811124041837, 1.1800731400348619, 1.3475548748353177, 1.1598407125515366, 0.8106197096349425, 1.7683578109814462, 0.7213785290305668, 0.6809595558626936, 3.5937612214772754, 1.8316408949319931, 4.0758848485828185, 0.7860851829027871, 4.258976056425997, 2.488838720886661, 1.2224810552921797, 0.5953396051378577, 2.510103876730957, 3.195243625032071, 0.5994650066907122, 2.597093263155402, 2.285110177598435, 1.135874536511, 3.4194876684648245, 6.728564246444708, 5.3037025902738515, 4.558974718091843, 2.465141133843719, 0.662068620476663, 0.9017621393897484, 1.320055276884802, 4.632956327162099]
APTIDAO: 
27.7962835481635
GEN: 4700
Individuo: 
[3.070156567882858, 0.8600570395953844, 2.055164313500008, 1.1360645084683327, 2.4489658853320884, 0.6053189739271713, 0.6173621570428788, 0.33366451639543776, 0.7684241263416993, 0.3102130481843027, 0.43189552318162744, 0.41546670700593225, 23.561354184096242, 3.2475638516651304, 3.2460842533743293, 2.0992613744909807, 1.5141854973087376, 4.931811124041837, 1.1800731400348619, 1.3625258383981715, 1.1598407125515366, 0.8106197096349425, 1.775624742996128, 0.7213785290305668, 0.6809595558626936, 3.5937612214772754, 2.6576304711264775, 4.0758848485828185, 0.7860851829027871, 3.325392029815148, 2.488838720886661, 1.2224810552921797, 0.5953396051378577, 2.510103876730957, 3.195243625032071, 0.9794529308141852, 3.263643056274895, 2.4397285474887376, 3.03513939746539, 2.2695553215264637, 7.8109490354936, 5.3037025902738515, 4.558974718091843, 1.5605563727623013, 0.662068620476663, 0.9017621393897484, 0.9776181635223262, 4.632956327162099]
APTIDAO: 
27.827302282033216
GEN: 4800
Individuo: 
[3.070156567882858, 0.8600570395953844, 2.055164313500008, 1.1360645084683327, 2.4489658853320884, 0.6053189739271713, 0.6173621570428788, 0.3321289984954494, 0.7684241263416993, 0.3102130481843027, 0.43189552318162744, 0.41546670700593225, 24.137024807424886, 3.2475638516651304, 3.2460842533743293, 2.010112309594987, 1.5141854973087376, 4.931811124041837, 1.1800731400348619, 1.3625258383981715, 1.1598407125515366, 0.8106197096349425, 1.775624742996128, 0.7213785290305668, 0.6809595558626936, 3.5937612214772754, 2.6576304711264775, 4.0758848485828185, 0.7860851829027871, 3.325392029815148, 2.488838720886661, 0.6765722193172158, 0.5953396051378577, 2.510103876730957, 3.195243625032071, 0.9794529308141852, 2.8414248849504435, 2.4397285474887376, 3.03513939746539, 1.62614880465759, 7.8109490354936, 5.3037025902738515, 4.558974718091843, 1.5605563727623013, 0.662068620476663, 0.9017621393897484, 0.9776181635223262, 4.632956327162099]
APTIDAO: 
27.783983124889065
GEN: 4900
Individuo: 
[3.070156567882858, 0.8600570395953844, 2.055164313500008, 1.1360645084683327, 2.4489658853320884, 0.6053189739271713, 0.62182472467843, 0.3321289984954494, 0.7684241263416993, 0.3102130481843027, 0.42967841934909984, 0.41546670700593225, 23.90542392896686, 3.2475638516651304, 3.2460842533743293, 2.4139486494216564, 1.5141854973087376, 4.931811124041837, 1.4175472635101976, 1.3625258383981715, 1.1598407125515366, 0.8106197096349425, 1.775624742996128, 0.7213785290305668, 0.6809595558626936, 3.5937612214772754, 2.6576304711264775, 4.0758848485828185, 0.7860851829027871, 3.325392029815148, 2.5575431025436304, 0.6765722193172158, 0.5953396051378577, 2.510103876730957, 2.9879266917591685, 0.9794529308141852, 2.11323685565555, 2.4397285474887376, 3.03513939746539, 1.5190168532118002, 7.8109490354936, 5.3037025902738515, 7.70059660841839, 1.5605563727623013, 0.662068620476663, 0.9017621393897484, 0.9776181635223262, 4.632956327162099]
APTIDAO: 
27.7540444277114
GEN: 5000
Individuo: 
[3.070156567882858, 0.8600570395953844, 2.055164313500008, 1.1360645084683327, 2.4489658853320884, 0.6053189739271713, 0.62182472467843, 0.3321289984954494, 0.7684241263416993, 0.3102130481843027, 0.42967841934909984, 0.41546670700593225, 23.90542392896686, 3.2475638516651304, 3.2460842533743293, 2.4139486494216564, 1.5141854973087376, 4.931811124041837, 1.4175472635101976, 1.3625258383981715, 1.1598407125515366, 0.8106197096349425, 1.775624742996128, 0.7216018190326684, 0.6809595558626936, 3.5937612214772754, 2.6576304711264775, 4.0758848485828185, 0.7860851829027871, 3.325392029815148, 2.5575431025436304, 0.6765722193172158, 0.5953396051378577, 2.510103876730957, 2.9879266917591685, 0.9794529308141852, 2.11323685565555, 2.4397285474887376, 3.03513939746539, 1.5190168532118002, 7.8109490354936, 5.3037025902738515, 7.70059660841839, 1.5605563727623013, 0.662068620476663, 0.9017621393897484, 0.9776181635223262, 4.74632907528558]
APTIDAO: 
27.752498193279873
GEN: 5100
Individuo: 
[3.070156567882858, 0.8600570395953844, 2.055164313500008, 1.1360645084683327, 2.4489658853320884, 0.6053189739271713, 0.62182472467843, 0.3321289984954494, 0.7684241263416993, 0.3102130481843027, 0.42967841934909984, 0.41546670700593225, 23.90542392896686, 3.2475638516651304, 3.4987889000786727, 2.389915404234781, 1.5628951791283965, 4.634311014779232, 1.4175472635101976, 1.3625258383981715, 1.1598407125515366, 0.8106197096349425, 1.775624742996128, 0.7216018190326684, 0.6809595558626936, 3.5937612214772754, 2.6576304711264775, 4.0758848485828185, 0.7860851829027871, 3.325392029815148, 2.5575431025436304, 0.6765722193172158, 0.5953396051378577, 2.510103876730957, 2.9879266917591685, 0.9794529308141852, 2.11323685565555, 2.4397285474887376, 2.288196829274123, 2.3136052686181396, 5.857038565908573, 4.7804254550655765, 7.70059660841839, 1.5605563727623013, 0.662068620476663, 0.9017621393897484, 0.9776181635223262, 4.74632907528558]
APTIDAO: 
27.752498193279873
GEN: 5200
Individuo: 
[3.070156567882858, 0.8600570395953844, 2.055164313500008, 1.1360645084683327, 2.4489658853320884, 0.6053189739271713, 0.62182472467843, 0.3321289984954494, 0.7684241263416993, 0.4022580636777358, 0.42967841934909984, 0.41546670700593225, 22.2575127628906, 3.4401254056345243, 4.761594806578968, 2.389915404234781, 1.5628951791283965, 4.931811124041837, 1.6125519244683424, 1.3625258383981715, 1.1723047069269814, 0.8106197096349425, 1.775624742996128, 0.7216018190326684, 0.6809595558626936, 3.5937612214772754, 2.6576304711264775, 4.0758848485828185, 0.7860851829027871, 3.325392029815148, 2.5575431025436304, 0.6765722193172158, 0.5953396051378577, 3.6192072126735377, 2.9879266917591685, 0.9794529308141852, 1.1657661955492586, 2.123361808962766, 3.1357392632707883, 2.3136052686181396, 5.857038565908573, 5.3037025902738515, 5.276373457371356, 1.5605563727623013, 0.7238374266025828, 0.9017621393897484, 0.9776181635223262, 4.74632907528558]
APTIDAO: 
28.404990360388975
GEN: 5300
Individuo: 
[3.070156567882858, 0.8600570395953844, 2.055164313500008, 1.1360645084683327, 2.4489658853320884, 0.6053189739271713, 0.62182472467843, 0.3321289984954494, 0.7684241263416993, 0.4022580636777358, 0.42967841934909984, 0.41546670700593225, 22.2575127628906, 3.556947897554076, 4.516148686113975, 2.389915404234781, 1.5628951791283965, 4.931811124041837, 1.9918515743659306, 1.3625258383981715, 1.1723047069269814, 0.8106197096349425, 1.775624742996128, 0.7216018190326684, 0.6809595558626936, 3.5937612214772754, 2.6576304711264775, 4.0758848485828185, 0.7860851829027871, 3.325392029815148, 2.5575431025436304, 0.6765722193172158, 0.5953396051378577, 3.6192072126735377, 2.9879266917591685, 0.9794529308141852, 1.1657661955492586, 1.8305770388488067, 3.4121190706182936, 2.3136052686181396, 5.857038565908573, 5.3037025902738515, 4.485516058769359, 1.5605563727623013, 0.7238374266025828, 0.9017621393897484, 0.9776181635223262, 4.74632907528558]
APTIDAO: 
28.404990360388975
GEN: 5400
Individuo: 
[3.070156567882858, 0.8600570395953844, 2.055164313500008, 1.1360645084683327, 2.4489658853320884, 0.6053189739271713, 0.62182472467843, 0.3321289984954494, 0.7684241263416993, 0.4022580636777358, 0.42967841934909984, 0.41546670700593225, 24.899858239473843, 3.4401254056345243, 4.516148686113975, 2.389915404234781, 1.5628951791283965, 4.931811124041837, 1.6125519244683424, 1.3625258383981715, 1.1723047069269814, 0.8106197096349425, 1.775624742996128, 0.7216018190326684, 0.6809595558626936, 3.5937612214772754, 2.6576304711264775, 4.0758848485828185, 0.7860851829027871, 3.325392029815148, 2.5575431025436304, 0.6765722193172158, 0.5953396051378577, 3.6192072126735377, 2.9879266917591685, 0.9794529308141852, 0.7445118085476735, 2.123361808962766, 3.4121190706182936, 2.3136052686181396, 5.857038565908573, 5.3037025902738515, 5.276373457371356, 1.5605563727623013, 0.7238374266025828, 0.9017621393897484, 0.9776181635223262, 4.74632907528558]
APTIDAO: 
28.39806909056307
GEN: 5500
Individuo: 
[3.070156567882858, 0.8600570395953844, 2.055164313500008, 1.1360645084683327, 2.4489658853320884, 0.6053189739271713, 0.62182472467843, 0.3321289984954494, 0.7708463491749309, 0.4022580636777358, 0.42967841934909984, 0.41546670700593225, 24.899858239473843, 3.338208335303052, 4.516148686113975, 2.2938642016940958, 1.5628951791283965, 4.931811124041837, 1.6125519244683424, 1.3625258383981715, 1.1723047069269814, 0.8106197096349425, 1.775624742996128, 0.7216018190326684, 0.6809595558626936, 3.5937612214772754, 2.6576304711264775, 4.0758848485828185, 0.7860851829027871, 3.325392029815148, 2.5575431025436304, 0.6765722193172158, 0.3082071494696487, 3.6192072126735377, 2.9879266917591685, 0.9794529308141852, 0.7445118085476735, 1.1123931335638384, 3.4121190706182936, 2.1097894518626483, 5.857038565908573, 5.3037025902738515, 5.276373457371356, 1.5605563727623013, 0.7238374266025828, 0.9017621393897484, 0.9776181635223262, 4.74632907528558]
APTIDAO: 
28.39230646885448
GEN: 5600
Individuo: 
[3.070156567882858, 0.8600570395953844, 2.055164313500008, 1.1360645084683327, 2.4489658853320884, 0.6053189739271713, 0.62182472467843, 0.3321289984954494, 0.7708463491749309, 0.39299702873652886, 0.42967841934909984, 0.41546670700593225, 24.899858239473843, 3.220569816714096, 4.755345720279001, 2.2938642016940958, 1.0740822941812098, 4.683397228340334, 1.5005129836177806, 1.3625258383981715, 1.1723047069269814, 0.8106197096349425, 1.7732795153706098, 0.7216018190326684, 0.6809595558626936, 3.5937612214772754, 2.6576304711264775, 4.0758848485828185, 0.7860851829027871, 3.325392029815148, 2.5575431025436304, 0.6765722193172158, 0.3082071494696487, 3.7841284203634347, 2.9879266917591685, 0.9794529308141852, 0.7445118085476735, 1.3966971538967194, 2.5590965958042893, 2.1097894518626483, 5.776501436408169, 4.615226895751007, 5.315045285876413, 1.5605563727623013, 0.7238374266025828, 0.9017621393897484, 1.090944709135314, 4.74632907528558]
APTIDAO: 
28.338204281826357
GEN: 5700
Individuo: 
[3.070156567882858, 1.2056297571627683, 2.055164313500008, 1.0388697447002664, 2.4489658853320884, 0.6053189739271713, 0.62182472467843, 0.3373103917002991, 0.7708463491749309, 0.485353979586397, 0.42967841934909984, 0.33505958323625046, 22.933127912148215, 3.220569816714096, 4.755345720279001, 2.2938642016940958, 2.947155633171068, 5.252408791015738, 1.6933242197873282, 1.3625258383981715, 1.1723047069269814, 0.8106197096349425, 1.7732795153706098, 0.7103235567984031, 0.6809595558626936, 4.235549653126198, 2.6576304711264775, 3.6252249554741556, 0.7860851829027871, 3.325392029815148, 2.5575431025436304, 0.4301539406958995, 0.3082071494696487, 4.76772617328687, 2.9879266917591685, 0.4525849452531146, 1.0560284357737375, 1.3966971538967194, 2.5590965958042893, 2.1097894518626483, 7.723354833647868, 5.240960253433748, 5.40892256752489, 1.5605563727623013, 0.7238374266025828, 0.9017621393897484, 1.090944709135314, 5.452690314653999]
APTIDAO: 
26.38107822340976
GEN: 5800
Individuo: 
[3.0659876050165353, 1.2056297571627683, 2.055164313500008, 1.0388697447002664, 2.4489658853320884, 0.6053189739271713, 0.62182472467843, 0.3373103917002991, 0.7708463491749309, 0.485353979586397, 0.42967841934909984, 0.3309669697676962, 24.19212809077465, 3.40402093065884, 4.755345720279001, 2.2938642016940958, 2.947155633171068, 5.252408791015738, 1.1930781300346547, 1.3434974514356492, 1.1723047069269814, 0.8106197096349425, 1.7732795153706098, 0.7103235567984031, 0.5219985031483482, 4.235549653126198, 2.6576304711264775, 3.6252249554741556, 0.7860851829027871, 3.325392029815148, 2.5575431025436304, 0.4301539406958995, 0.3082071494696487, 4.76772617328687, 2.9879266917591685, 0.3867315318784636, 0.7145231954940079, 1.5326584911664565, 2.5590965958042893, 2.1097894518626483, 7.723354833647868, 5.240960253433748, 6.551852843351195, 1.2602132112972748, 0.7238374266025828, 0.9017621393897484, 1.090944709135314, 5.452690314653999]
APTIDAO: 
26.355402383058887
GEN: 5900
Individuo: 
[3.0659876050165353, 1.2056297571627683, 2.055164313500008, 1.0388697447002664, 2.4489658853320884, 0.6053189739271713, 0.62182472467843, 0.3373103917002991, 0.7708463491749309, 0.485353979586397, 0.42967841934909984, 0.3309669697676962, 24.52349907492521, 3.40402093065884, 4.755345720279001, 2.2938642016940958, 2.947155633171068, 5.252408791015738, 1.1930781300346547, 1.3434974514356492, 1.1723047069269814, 0.8106197096349425, 1.7644254332745102, 0.7103235567984031, 0.5219985031483482, 4.235549653126198, 2.6576304711264775, 3.6252249554741556, 0.7860851829027871, 3.325392029815148, 2.5575431025436304, 0.4301539406958995, 0.3082071494696487, 4.76772617328687, 2.9879266917591685, 0.3867315318784636, 0.8668593752451955, 1.5326584911664565, 2.5590965958042893, 2.1097894518626483, 7.723354833647868, 5.240960253433748, 6.551852843351195, 1.2602132112972748, 0.7238374266025828, 0.9017621393897484, 0.9120674525491015, 5.452690314653999]
APTIDAO: 
26.324340147489522
GEN: 6000
Individuo: 
[3.0659876050165353, 1.2056297571627683, 1.982348842196135, 1.0388697447002664, 2.4489658853320884, 0.6053189739271713, 0.62182472467843, 0.3373103917002991, 0.7708463491749309, 0.485353979586397, 0.42323577639029786, 0.3200496055874627, 24.52349907492521, 3.40402093065884, 3.928614154013324, 2.2938642016940958, 2.947155633171068, 5.252408791015738, 1.1930781300346547, 1.3434974514356492, 1.1723047069269814, 0.8106197096349425, 1.7644254332745102, 0.7103235567984031, 0.5219985031483482, 4.235549653126198, 4.6146899089112985, 3.6252249554741556, 0.7860851829027871, 3.325392029815148, 2.5575431025436304, 0.4301539406958995, 0.3082071494696487, 4.76772617328687, 2.1947871517928723, 0.5129046765716441, 0.8668593752451955, 1.5326584911664565, 1.1053709089015697, 2.1097894518626483, 7.723354833647868, 5.240960253433748, 6.551852843351195, 1.2602132112972748, 0.7238374266025828, 0.9017621393897484, 0.9120674525491015, 5.452690314653999]
APTIDAO: 
26.050431156220924
GEN: 6100
Individuo: 
[3.0659876050165353, 1.2056297571627683, 1.982348842196135, 1.0377457740346472, 2.4489658853320884, 0.6060401090292429, 0.62182472467843, 0.3373103917002991, 0.7708463491749309, 0.485353979586397, 0.42323577639029786, 0.3200496055874627, 24.52349907492521, 3.40402093065884, 3.928614154013324, 2.2938642016940958, 2.947155633171068, 5.252408791015738, 1.1930781300346547, 1.3434974514356492, 1.1723047069269814, 0.8106197096349425, 1.7644254332745102, 0.7103235567984031, 0.5219985031483482, 4.235549653126198, 4.6146899089112985, 1.5575304401903498, 0.7860851829027871, 1.8148684209591288, 2.5575431025436304, 0.4301539406958995, 0.3082071494696487, 4.76772617328687, 2.1947871517928723, 0.5129046765716441, 0.8668593752451955, 1.5326584911664565, 1.1053709089015697, 2.1097894518626483, 7.723354833647868, 5.240960253433748, 6.551852843351195, 1.2602132112972748, 0.7238374266025828, 0.9017621393897484, 0.9120674525491015, 5.452690314653999]
APTIDAO: 
26.046422333311348
GEN: 6200
Individuo: 
[3.0659876050165353, 1.2056297571627683, 1.982348842196135, 1.0377457740346472, 2.4489658853320884, 0.6060401090292429, 0.620151022270887, 0.3373103917002991, 0.7708463491749309, 0.485353979586397, 0.42323577639029786, 0.3200496055874627, 24.52349907492521, 3.40402093065884, 3.928614154013324, 2.2938642016940958, 2.947155633171068, 5.252408791015738, 1.1930781300346547, 1.3434974514356492, 1.1723047069269814, 0.8106197096349425, 1.7644254332745102, 0.7103235567984031, 0.5219985031483482, 4.235549653126198, 4.6146899089112985, 1.5575304401903498, 0.7860851829027871, 1.8148684209591288, 2.1751003124934196, 0.4301539406958995, 0.3082071494696487, 4.76772617328687, 2.1947871517928723, 0.5129046765716441, 0.8668593752451955, 1.5326584911664565, 1.1053709089015697, 2.1097894518626483, 7.723354833647868, 5.240960253433748, 6.551852843351195, 1.2602132112972748, 0.7238374266025828, 0.9017621393897484, 0.9120674525491015, 5.452690314653999]
APTIDAO: 
26.042897733494893
GEN: 6300
Individuo: 
[3.0659876050165353, 1.2056297571627683, 1.9783344583190337, 1.0377457740346472, 2.4489658853320884, 0.6060401090292429, 0.620151022270887, 0.3373103917002991, 0.7708463491749309, 0.485353979586397, 0.42323577639029786, 0.3200496055874627, 24.52349907492521, 3.40402093065884, 3.928614154013324, 2.2938642016940958, 2.430100730042913, 5.252408791015738, 1.5312785039985388, 1.3434974514356492, 1.1723047069269814, 0.8106197096349425, 1.7644254332745102, 0.7103235567984031, 0.5219985031483482, 4.235549653126198, 5.804260774515761, 1.5575304401903498, 0.7860851829027871, 1.8148684209591288, 2.1751003124934196, 0.4301539406958995, 0.3082071494696487, 4.76772617328687, 2.1947871517928723, 0.5129046765716441, 0.8668593752451955, 1.5326584911664565, 1.1053709089015697, 2.1097894518626483, 10.0, 5.240960253433748, 4.734575550954041, 1.2602132112972748, 0.7238374266025828, 0.9017621393897484, 0.9120674525491015, 5.452690314653999]
APTIDAO: 
26.04059035522103
GEN: 6400
Individuo: 
[3.0659876050165353, 1.2056297571627683, 1.9783344583190337, 1.0377457740346472, 2.4489658853320884, 0.6060401090292429, 0.620151022270887, 0.3373103917002991, 0.7708463491749309, 0.485353979586397, 0.42323577639029786, 0.3358504566062898, 24.52349907492521, 3.40402093065884, 3.928614154013324, 2.780848831710008, 2.430100730042913, 5.409514697828692, 1.5312785039985388, 1.3577512550973965, 1.1723047069269814, 0.8106197096349425, 1.776160334391796, 0.7084948711801304, 0.5219985031483482, 4.235549653126198, 5.804260774515761, 1.5575304401903498, 0.7860851829027871, 1.8148684209591288, 2.1751003124934196, 0.4301539406958995, 0.3082071494696487, 4.76772617328687, 2.1947871517928723, 0.91168169698571, 0.8668593752451955, 1.5326584911664565, 1.1053709089015697, 2.20045215836818, 10.0, 6.709872281994222, 4.734575550954041, 0.9485710963675776, 0.7238374266025828, 0.9017621393897484, 1.2160691807955044, 6.960613744796998]
APTIDAO: 
25.978645506230244
GEN: 6500
Individuo: 
[3.0659876050165353, 1.2056297571627683, 1.9783344583190337, 1.0377457740346472, 2.4489658853320884, 0.6060401090292429, 0.620151022270887, 0.3373103917002991, 0.7708463491749309, 0.485353979586397, 0.42323577639029786, 0.3358504566062898, 24.52349907492521, 3.40402093065884, 3.928614154013324, 2.9168402049779907, 2.430100730042913, 5.409514697828692, 1.5312785039985388, 1.3577512550973965, 1.1723047069269814, 0.8106197096349425, 1.776160334391796, 0.7084948711801304, 0.5219985031483482, 4.235549653126198, 5.804260774515761, 1.5575304401903498, 0.7860851829027871, 1.8148684209591288, 2.1751003124934196, 0.4301539406958995, 0.3082071494696487, 4.76772617328687, 2.1947871517928723, 0.91168169698571, 0.8668593752451955, 1.5326584911664565, 1.1053709089015697, 2.1259305237899633, 10.0, 6.709872281994222, 4.734575550954041, 0.9485710963675776, 0.7238374266025828, 0.9017621393897484, 1.2160691807955044, 6.960613744796998]
APTIDAO: 
25.978645506230244
GEN: 6600
Individuo: 
[3.0659876050165353, 1.2056297571627683, 1.9783344583190337, 1.0377457740346472, 2.4489658853320884, 0.6060401090292429, 0.620151022270887, 0.40230683527011246, 0.7708463491749309, 0.45345627367273844, 0.42323577639029786, 0.3358504566062898, 20.143101769362495, 3.936789543375875, 3.853923693100629, 2.5801203488293445, 2.430100730042913, 4.445708383511744, 1.5312785039985388, 1.3577512550973965, 1.2229464350022914, 0.9203853253456716, 1.776160334391796, 0.7084948711801304, 0.5219985031483482, 4.235549653126198, 5.804260774515761, 1.5575304401903498, 0.7860851829027871, 1.8148684209591288, 2.1751003124934196, 0.4346068620406524, 0.3082071494696487, 4.694486016948854, 2.1947871517928723, 0.91168169698571, 0.7544809649259369, 1.3580668029238967, 1.2016547463233207, 3.875543509184606, 10.0, 3.4939515363872418, 4.734575550954041, 0.9485710963675776, 1.2279691635859242, 0.8677065747073403, 1.2160691807955044, 6.960613744796998]
APTIDAO: 
25.077541121487283
GEN: 6700
Individuo: 
[3.0659876050165353, 1.2056297571627683, 1.9783344583190337, 1.0377457740346472, 2.4489658853320884, 0.6038346420541896, 0.620151022270887, 0.40230683527011246, 0.7708463491749309, 0.45345627367273844, 0.42323577639029786, 0.33876218940117914, 20.143101769362495, 3.936789543375875, 3.889157796557419, 2.5801203488293445, 2.0383634370357537, 4.445708383511744, 1.5312785039985388, 1.3577512550973965, 1.2229464350022914, 0.9203853253456716, 1.7386874675660275, 0.7084948711801304, 0.5219985031483482, 4.235549653126198, 5.804260774515761, 1.5575304401903498, 0.7860851829027871, 2.2502783177904964, 2.1751003124934196, 0.4346068620406524, 0.3082071494696487, 4.694486016948854, 2.1947871517928723, 1.9586050430846693, 0.7544809649259369, 1.3580668029238967, 1.5657147583977586, 3.875543509184606, 9.746327772100752, 3.4939515363872418, 4.734575550954041, 0.9485710963675776, 1.2279691635859242, 0.8677065747073403, 1.7320521492677645, 6.960613744796998]
APTIDAO: 
24.794827470945258
GEN: 6800
Individuo: 
[3.0659876050165353, 1.2056297571627683, 1.9783344583190337, 1.0377457740346472, 2.4489658853320884, 0.6038346420541896, 0.6371350782886583, 0.40230683527011246, 0.7708463491749309, 0.4393128420695984, 0.42323577639029786, 0.33876218940117914, 20.143101769362495, 3.936789543375875, 3.7030215623030767, 2.6357078400770666, 2.0383634370357537, 4.909158632504441, 1.5312785039985388, 1.3577512550973965, 1.2229464350022914, 0.9203853253456716, 1.7386874675660275, 0.7084948711801304, 0.5219985031483482, 4.235549653126198, 5.804260774515761, 1.5575304401903498, 0.7860851829027871, 2.2502783177904964, 1.9349118373328988, 0.4346068620406524, 0.3082071494696487, 5.534054931181587, 2.1947871517928723, 1.9586050430846693, 0.7544809649259369, 1.3580668029238967, 1.1078911594023917, 1.8830981090404235, 9.746327772100752, 3.752957410933251, 4.734575550954041, 0.9485710963675776, 1.2279691635859242, 0.8677065747073403, 1.7320521492677645, 6.960613744796998]
APTIDAO: 
24.77475314215107
GEN: 6900
Individuo: 
[3.0659876050165353, 1.2056297571627683, 1.9783344583190337, 1.0377457740346472, 2.4489658853320884, 0.6038346420541896, 0.6371350782886583, 0.40230683527011246, 0.7708463491749309, 0.4393128420695984, 0.42323577639029786, 0.33876218940117914, 18.397673761260553, 3.936789543375875, 3.7030215623030767, 2.4822984094614062, 2.0383634370357537, 4.445708383511744, 1.5312785039985388, 1.3577512550973965, 1.2341623317125743, 0.9203853253456716, 1.7386874675660275, 0.7084948711801304, 0.5219985031483482, 4.235549653126198, 5.804260774515761, 1.5575304401903498, 0.7860851829027871, 2.2502783177904964, 1.9349118373328988, 0.4346068620406524, 0.3082071494696487, 5.534054931181587, 2.1947871517928723, 1.9586050430846693, 0.5721550477599261, 1.3580668029238967, 1.1078911594023917, 1.3831098060699085, 9.746327772100752, 3.4939515363872418, 4.734575550954041, 0.9485710963675776, 1.734402878578138, 0.8677065747073403, 1.7320521492677645, 6.960613744796998]
APTIDAO: 
24.73615654129818
GEN: 7000
Individuo: 
[3.0659876050165353, 1.2056297571627683, 1.9783344583190337, 1.0377457740346472, 2.4489658853320884, 0.6038346420541896, 0.6346120240606802, 0.40230683527011246, 0.7708463491749309, 0.4393128420695984, 0.42323577639029786, 0.33876218940117914, 18.397673761260553, 3.936789543375875, 3.7030215623030767, 2.689967041946852, 2.1650417354867226, 4.445708383511744, 1.3510764829013242, 1.3577512550973965, 1.2341623317125743, 0.9203853253456716, 1.7386874675660275, 0.7084948711801304, 0.5219985031483482, 4.235549653126198, 5.804260774515761, 1.5575304401903498, 0.7860851829027871, 2.2502783177904964, 3.561141515916754, 0.4346068620406524, 0.3082071494696487, 5.534054931181587, 2.1947871517928723, 1.9586050430846693, 0.5721550477599261, 1.3580668029238967, 1.1078911594023917, 2.298907804659895, 3.722986017147501, 3.4939515363872418, 8.54082218936264, 0.9485710963675776, 1.734402878578138, 0.8677065747073403, 1.7320521492677645, 6.960613744796998]
APTIDAO: 
24.73160374766015
GEN: 7100
Individuo: 
[3.0659876050165353, 1.2056297571627683, 1.9783344583190337, 1.0377457740346472, 2.4489658853320884, 0.6038346420541896, 0.6346120240606802, 0.40230683527011246, 0.7708463491749309, 0.4393128420695984, 0.42323577639029786, 0.323096266290014, 18.397673761260553, 3.622132416386304, 3.7030215623030767, 2.689967041946852, 2.442359246642752, 4.445708383511744, 1.3610241758176502, 1.3577512550973965, 1.2341623317125743, 0.9203853253456716, 1.7146669708603601, 0.7084948711801304, 0.5219985031483482, 4.235549653126198, 5.804260774515761, 1.5575304401903498, 0.7860851829027871, 2.2502783177904964, 3.561141515916754, 0.4346068620406524, 0.3082071494696487, 5.534054931181587, 2.1947871517928723, 1.6222098338681277, 0.5721550477599261, 1.7992310081880925, 1.1078911594023917, 2.298907804659895, 3.302620091523744, 3.4939515363872418, 8.145996600698039, 0.9485710963675776, 1.734402878578138, 0.8677065747073403, 1.0431300988332384, 6.960613744796998]
APTIDAO: 
24.703890480662103
GEN: 7200
Individuo: 
[3.0659876050165353, 1.2056297571627683, 1.9783344583190337, 1.0377457740346472, 2.4489658853320884, 0.6038346420541896, 0.6346120240606802, 0.40230683527011246, 0.7708463491749309, 0.4393128420695984, 0.42323577639029786, 0.323096266290014, 18.397673761260553, 3.942297372703768, 3.7030215623030767, 2.689967041946852, 2.442359246642752, 4.445708383511744, 1.3610241758176502, 1.3577512550973965, 1.2341623317125743, 0.9203853253456716, 1.7146669708603601, 0.7084948711801304, 0.5219985031483482, 4.235549653126198, 5.804260774515761, 1.5575304401903498, 0.7860851829027871, 2.2502783177904964, 3.561141515916754, 0.4346068620406524, 0.3082071494696487, 5.534054931181587, 2.1947871517928723, 1.6222098338681277, 0.5721550477599261, 1.9552774392326873, 1.1078911594023917, 2.298907804659895, 3.302620091523744, 3.4939515363872418, 8.145996600698039, 0.9485710963675776, 1.734402878578138, 0.8677065747073403, 1.0431300988332384, 6.960613744796998]
APTIDAO: 
24.703890480662103
GEN: 7300
Individuo: 
[3.0659876050165353, 1.2056297571627683, 1.9783344583190337, 1.0377457740346472, 2.4489658853320884, 0.6038346420541896, 0.6346120240606802, 0.40230683527011246, 0.7708463491749309, 0.4393128420695984, 0.42323577639029786, 0.323096266290014, 18.397673761260553, 3.4007365977565933, 3.6261282501348564, 2.689967041946852, 2.442359246642752, 4.445708383511744, 1.3610241758176502, 1.3577512550973965, 1.2341623317125743, 0.9203853253456716, 1.6968425418250876, 0.7084948711801304, 0.5219985031483482, 4.235549653126198, 5.804260774515761, 1.5575304401903498, 0.7860851829027871, 2.2502783177904964, 3.561141515916754, 0.4346068620406524, 0.3082071494696487, 5.534054931181587, 2.1947871517928723, 1.6222098338681277, 0.5721550477599261, 1.7750235693991852, 1.0522502734991486, 2.298907804659895, 3.302620091523744, 3.4939515363872418, 8.145996600698039, 0.9485710963675776, 1.734402878578138, 0.8677065747073403, 1.1565359164635627, 6.960613744796998]
APTIDAO: 
24.68906753122503
GEN: 7400
Individuo: 
[3.0659876050165353, 1.202464380067947, 1.9783344583190337, 1.0377457740346472, 2.4489658853320884, 0.6038346420541896, 0.6346120240606802, 0.40230683527011246, 0.7708463491749309, 0.4393128420695984, 0.42323577639029786, 0.323096266290014, 18.397673761260553, 3.4007365977565933, 3.129796489022284, 2.689967041946852, 2.078451165940575, 4.201638609102679, 1.3610241758176502, 1.3577512550973965, 1.2341623317125743, 0.9203853253456716, 1.6968425418250876, 0.7084948711801304, 0.5219985031483482, 2.4142537794229955, 5.804260774515761, 1.5575304401903498, 0.7860851829027871, 2.2502783177904964, 3.561141515916754, 0.4346068620406524, 0.3082071494696487, 5.534054931181587, 2.1947871517928723, 1.6222098338681277, 0.5721550477599261, 1.7750235693991852, 0.5967923817504424, 2.298907804659895, 2.5100923466460174, 2.5593249688553965, 8.145996600698039, 0.9485710963675776, 1.734402878578138, 0.8677065747073403, 1.1565359164635627, 6.960613744796998]
APTIDAO: 
24.682237440347574
GEN: 7500
Individuo: 
[3.0659876050165353, 1.202464380067947, 1.9783344583190337, 1.0377457740346472, 2.4489658853320884, 0.6038346420541896, 0.6346120240606802, 0.40230683527011246, 0.7708463491749309, 0.4172206418449606, 0.42323577639029786, 0.3942595865432425, 20.66271337117911, 3.4007365977565933, 3.5796839587606306, 2.689967041946852, 2.078451165940575, 4.445708383511744, 1.3610241758176502, 1.3577512550973965, 1.2341623317125743, 0.9599996626585996, 1.6968425418250876, 0.7084948711801304, 0.5219985031483482, 2.4142537794229955, 5.804260774515761, 1.5575304401903498, 0.7860851829027871, 2.2502783177904964, 3.561141515916754, 0.4346068620406524, 0.3082071494696487, 8.351444177569219, 2.1947871517928723, 1.9918468472512816, 0.7135634561348719, 1.7750235693991852, 0.7197708684575435, 2.298907804659895, 2.5100923466460174, 3.4939515363872418, 8.145996600698039, 0.9485710963675776, 1.734402878578138, 0.49971646815028287, 1.1565359164635627, 6.960613744796998]
APTIDAO: 
24.484029282802048
GEN: 7600
Individuo: 
[3.0659876050165353, 1.202464380067947, 1.9783344583190337, 1.0377457740346472, 2.4489658853320884, 0.6038346420541896, 0.6346120240606802, 0.40230683527011246, 0.7708463491749309, 0.4172206418449606, 0.4226729022908866, 0.39105325900525933, 21.39356455519482, 3.4007365977565933, 3.5796839587606306, 2.689967041946852, 2.078451165940575, 4.749184363769182, 1.3610241758176502, 1.3577512550973965, 1.2341623317125743, 0.9599996626585996, 1.6968425418250876, 0.7084948711801304, 0.5219985031483482, 2.4142537794229955, 5.804260774515761, 1.5575304401903498, 0.7860851829027871, 2.2502783177904964, 3.561141515916754, 0.4346068620406524, 0.3082071494696487, 8.351444177569219, 1.403321874526139, 1.7592470073158675, 0.5845892501893769, 1.7750235693991852, 0.7197708684575435, 2.298907804659895, 2.5100923466460174, 3.277300180208113, 8.145996600698039, 0.9485710963675776, 1.734402878578138, 0.49971646815028287, 1.1565359164635627, 6.960613744796998]
APTIDAO: 
24.47598863765415
GEN: 7700
Individuo: 
[3.0659876050165353, 1.202464380067947, 1.9783344583190337, 1.0377457740346472, 2.4489658853320884, 0.6038346420541896, 0.6346120240606802, 0.4023613160172638, 0.7708463491749309, 0.4172206418449606, 0.4226729022908866, 0.39105325900525933, 21.39356455519482, 3.629772821373098, 3.076343554600081, 2.689967041946852, 2.078451165940575, 4.870352188134868, 1.3610241758176502, 1.3577512550973965, 1.2341623317125743, 0.9599996626585996, 1.6968425418250876, 0.7084948711801304, 0.5219985031483482, 2.4142537794229955, 5.804260774515761, 1.5575304401903498, 0.7860851829027871, 2.2502783177904964, 3.561141515916754, 0.7963980837139033, 0.3082071494696487, 8.351444177569219, 1.403321874526139, 1.7592470073158675, 0.5845892501893769, 2.3125883925477178, 0.5923650689149074, 2.298907804659895, 2.5100923466460174, 3.95220886860405, 8.145996600698039, 0.9485710963675776, 1.734402878578138, 0.49971646815028287, 1.1565359164635627, 6.960613744796998]
APTIDAO: 
24.475662834065787
GEN: 7800
Individuo: 
[3.0659876050165353, 1.202464380067947, 1.9783344583190337, 1.0377457740346472, 2.4489658853320884, 0.6038346420541896, 0.6346120240606802, 0.4023613160172638, 0.7708463491749309, 0.4172206418449606, 0.4226729022908866, 0.39105325900525933, 21.39356455519482, 3.0105593638989383, 3.1277838113014114, 2.689967041946852, 2.078451165940575, 4.870352188134868, 1.1469746306076491, 1.3577512550973965, 1.2341623317125743, 0.9599996626585996, 1.6968425418250876, 0.7084948711801304, 0.5219985031483482, 2.4142537794229955, 5.804260774515761, 1.5575304401903498, 0.7860851829027871, 2.2502783177904964, 3.561141515916754, 0.7963980837139033, 0.3082071494696487, 8.351444177569219, 1.403321874526139, 1.7592470073158675, 0.5845892501893769, 3.1995196172120823, 0.6167697563775831, 2.298907804659895, 2.5100923466460174, 3.95220886860405, 10.0, 0.9485710963675776, 1.734402878578138, 0.49971646815028287, 1.1565359164635627, 6.960613744796998]
APTIDAO: 
24.475662834065787
GEN: 7900
Individuo: 
[3.0659876050165353, 1.202464380067947, 1.9783344583190337, 1.0377457740346472, 2.4428629177708845, 0.6038346420541896, 0.6346120240606802, 0.39857634180157764, 0.7708463491749309, 0.4172206418449606, 0.4226729022908866, 0.39105325900525933, 21.39356455519482, 3.629772821373098, 3.31457183307929, 2.602758778219724, 2.6639022839715065, 4.870352188134868, 1.1469746306076491, 1.3577512550973965, 1.2341623317125743, 0.9599996626585996, 1.6680947157048307, 0.7084948711801304, 0.5219985031483482, 2.4142537794229955, 5.804260774515761, 1.5575304401903498, 1.1455234844187898, 2.2502783177904964, 3.561141515916754, 0.7328810633551405, 0.3082071494696487, 8.351444177569219, 1.403321874526139, 1.7592470073158675, 0.5845892501893769, 2.3125883925477178, 0.9183200862824251, 6.412978434371845, 1.6340249167100314, 3.95220886860405, 10.0, 0.9485710963675776, 1.734402878578138, 0.49971646815028287, 1.0560891060476592, 6.960613744796998]
APTIDAO: 
24.388811711388577
GEN: 8000
Individuo: 
[3.0659876050165353, 1.202464380067947, 1.9783344583190337, 1.0377457740346472, 2.4428629177708845, 0.6035676978711776, 0.6346120240606802, 0.39857634180157764, 0.7708463491749309, 0.4172206418449606, 0.4226729022908866, 0.39105325900525933, 21.39356455519482, 3.629772821373098, 3.31457183307929, 2.602758778219724, 2.326057501850138, 4.123799265642286, 1.1469746306076491, 1.3577512550973965, 1.2341623317125743, 0.9599996626585996, 1.6680947157048307, 0.7084948711801304, 0.5219985031483482, 2.4142537794229955, 5.804260774515761, 1.5575304401903498, 1.1455234844187898, 2.8711079210632975, 3.561141515916754, 0.7328810633551405, 0.3082071494696487, 8.351444177569219, 1.403321874526139, 1.7592470073158675, 0.5845892501893769, 2.3125883925477178, 0.9183200862824251, 6.412978434371845, 1.731875466465135, 4.109431698042752, 10.0, 0.9485710963675776, 1.734402878578138, 0.49971646815028287, 1.0560891060476592, 6.960613744796998]
APTIDAO: 
24.38524483719084
GEN: 8100
Individuo: 
[3.0659876050165353, 1.202464380067947, 1.9783344583190337, 1.0377457740346472, 2.4428629177708845, 0.6035676978711776, 0.6346120240606802, 0.39857634180157764, 0.7708463491749309, 0.4172206418449606, 0.4226729022908866, 0.39105325900525933, 21.39356455519482, 3.629772821373098, 3.330958273651486, 2.602758778219724, 2.326057501850138, 4.123799265642286, 1.2585868763801278, 1.3577512550973965, 1.2341623317125743, 0.9599996626585996, 1.6680947157048307, 0.7084948711801304, 0.5219985031483482, 2.4142537794229955, 5.804260774515761, 1.5575304401903498, 1.1455234844187898, 2.8711079210632975, 3.561141515916754, 0.7328810633551405, 0.3082071494696487, 8.351444177569219, 1.403321874526139, 1.7592470073158675, 0.5845892501893769, 2.3125883925477178, 1.4375268127563303, 6.412978434371845, 1.731875466465135, 4.109431698042752, 7.55147253656193, 0.9485710963675776, 1.734402878578138, 0.49971646815028287, 1.0560891060476592, 6.960613744796998]
APTIDAO: 
24.38524483719084
GEN: 8200
Individuo: 
[3.0659876050165353, 1.202464380067947, 1.9783344583190337, 1.0377457740346472, 2.4428629177708845, 0.6035676978711776, 0.6346120240606802, 0.39857634180157764, 0.7708463491749309, 0.4172206418449606, 0.4226729022908866, 0.39105325900525933, 21.39356455519482, 3.629772821373098, 3.330958273651486, 2.602758778219724, 2.326057501850138, 4.123799265642286, 1.021055898537325, 1.3409190830912256, 1.2341623317125743, 0.9599996626585996, 1.6680947157048307, 0.7084948711801304, 0.5219985031483482, 2.4142537794229955, 5.804260774515761, 1.5575304401903498, 1.1455234844187898, 2.8711079210632975, 3.561141515916754, 0.7328810633551405, 0.3082071494696487, 8.351444177569219, 1.403321874526139, 1.7592470073158675, 0.5845892501893769, 2.3125883925477178, 1.4375268127563303, 6.412978434371845, 1.731875466465135, 4.109431698042752, 3.568724523823387, 1.3642821072253828, 1.734402878578138, 0.49971646815028287, 1.0560891060476592, 6.960613744796998]
APTIDAO: 
24.348902619144084
GEN: 8300
Individuo: 
[3.0659876050165353, 1.202464380067947, 1.9783344583190337, 1.0390110442383467, 2.4428629177708845, 0.6035676978711776, 0.6360067102470363, 0.39857634180157764, 0.7708463491749309, 0.4172206418449606, 0.4226729022908866, 0.39105325900525933, 21.39356455519482, 3.629772821373098, 3.330958273651486, 2.602758778219724, 2.326057501850138, 4.123799265642286, 1.9427778584391717, 1.3409190830912256, 1.2341623317125743, 0.9599996626585996, 1.6680947157048307, 0.7084948711801304, 0.5219985031483482, 2.4142537794229955, 5.804260774515761, 1.648428075199339, 1.1455234844187898, 2.8711079210632975, 2.90812855306477, 0.7328810633551405, 0.3082071494696487, 8.351444177569219, 1.403321874526139, 1.7592470073158675, 0.5845892501893769, 2.3125883925477178, 1.4375268127563303, 6.412978434371845, 1.731875466465135, 4.109431698042752, 3.1379142633316204, 1.3642821072253828, 1.734402878578138, 0.49971646815028287, 1.0560891060476592, 6.960613744796998]
APTIDAO: 
24.338493988370665
GEN: 8400
Individuo: 
[3.0659876050165353, 1.202464380067947, 1.9783344583190337, 1.0390110442383467, 2.4428629177708845, 0.6035676978711776, 0.6360067102470363, 0.39857634180157764, 0.7708463491749309, 0.4172206418449606, 0.4226729022908866, 0.39105325900525933, 21.39356455519482, 3.629772821373098, 3.330958273651486, 2.39179064400911, 2.326057501850138, 4.123799265642286, 1.9427778584391717, 1.3409190830912256, 1.2341623317125743, 0.9599996626585996, 1.6680947157048307, 0.7084948711801304, 0.5219985031483482, 2.4142537794229955, 5.804260774515761, 1.648428075199339, 1.1455234844187898, 2.8711079210632975, 2.90812855306477, 0.7328810633551405, 0.3082071494696487, 8.351444177569219, 1.403321874526139, 1.7592470073158675, 0.5845892501893769, 2.3125883925477178, 1.4375268127563303, 6.838809065105411, 1.731875466465135, 4.109431698042752, 3.1379142633316204, 1.3642821072253828, 1.734402878578138, 0.49971646815028287, 1.0560891060476592, 6.960613744796998]
APTIDAO: 
24.338493988370665
GEN: 8500
Individuo: 
[3.0659876050165353, 1.202464380067947, 1.9783344583190337, 1.0390110442383467, 2.4428629177708845, 0.6035676978711776, 0.6360067102470363, 0.39857634180157764, 0.7708463491749309, 0.4172206418449606, 0.4226729022908866, 0.39105325900525933, 21.39356455519482, 3.629772821373098, 3.330958273651486, 2.39179064400911, 2.2688693325897074, 4.870996772164, 1.8629947876791755, 1.3409190830912256, 1.2341623317125743, 0.9599996626585996, 1.6676169128937945, 0.7084948711801304, 0.5219985031483482, 2.4142537794229955, 5.804260774515761, 1.648428075199339, 1.1455234844187898, 2.8711079210632975, 2.90812855306477, 0.7328810633551405, 0.3082071494696487, 8.351444177569219, 1.403321874526139, 1.7592470073158675, 0.5845892501893769, 2.3125883925477178, 1.4375268127563303, 6.838809065105411, 1.3111595379780152, 3.269537750096273, 2.9153703703094616, 1.3642821072253828, 1.734402878578138, 0.49971646815028287, 1.07705901935319, 6.960613744796998]
APTIDAO: 
24.336872362537697
GEN: 8600
Individuo: 
[3.0659876050165353, 1.202464380067947, 1.9783344583190337, 1.0390110442383467, 2.4428629177708845, 0.6035676978711776, 0.6360067102470363, 0.39857634180157764, 0.7708463491749309, 0.4172206418449606, 0.4226729022908866, 0.39105325900525933, 21.39356455519482, 3.629772821373098, 3.330958273651486, 2.39179064400911, 2.0422489302396403, 4.123799265642286, 1.6390319607903494, 1.3409190830912256, 1.2341623317125743, 0.9599996626585996, 1.6676169128937945, 0.7084948711801304, 0.5219985031483482, 2.4142537794229955, 5.804260774515761, 1.648428075199339, 1.1455234844187898, 2.8711079210632975, 2.90812855306477, 0.7328810633551405, 0.3082071494696487, 8.351444177569219, 1.403321874526139, 1.7592470073158675, 0.5845892501893769, 2.3125883925477178, 1.4375268127563303, 6.838809065105411, 2.9005870424191573, 4.109431698042752, 8.175004197437325, 1.3642821072253828, 1.734402878578138, 0.49971646815028287, 1.07705901935319, 6.960613744796998]
APTIDAO: 
24.336872362537697
GEN: 8700
Individuo: 
[3.0659876050165353, 1.202464380067947, 1.9783344583190337, 1.0390110442383467, 2.4428629177708845, 0.6035676978711776, 0.6360067102470363, 0.39857634180157764, 0.7708463491749309, 0.4172206418449606, 0.4226729022908866, 0.3909989352319767, 21.39356455519482, 3.629772821373098, 3.038885075085945, 2.39179064400911, 2.0238517593006393, 4.123799265642286, 1.3595184587088045, 1.3409190830912256, 1.2341623317125743, 0.9599996626585996, 1.6676169128937945, 0.7084948711801304, 0.5219985031483482, 2.4142537794229955, 5.804260774515761, 1.648428075199339, 1.1455234844187898, 2.8711079210632975, 2.90812855306477, 0.7328810633551405, 0.3082071494696487, 8.351444177569219, 1.403321874526139, 2.7721283937938086, 0.5845892501893769, 2.3125883925477178, 1.3425502710856152, 6.838809065105411, 1.6731947660589956, 4.109431698042752, 8.01175053079195, 1.3642821072253828, 1.734402878578138, 0.49971646815028287, 1.07705901935319, 6.960613744796998]
APTIDAO: 
24.336864250567107
GEN: 8800
Individuo: 
[3.0659876050165353, 1.202464380067947, 1.9783344583190337, 1.0390110442383467, 2.4428629177708845, 0.6035676978711776, 0.6360067102470363, 0.39857634180157764, 0.7708463491749309, 0.4172206418449606, 0.4226729022908866, 0.3909989352319767, 21.049782388620816, 3.629772821373098, 3.158613217219636, 2.39179064400911, 2.3617810688701377, 4.123799265642286, 1.3595184587088045, 1.3409190830912256, 1.2356653278927712, 0.9599996626585996, 1.6676169128937945, 0.7084948711801304, 0.5219985031483482, 2.4142537794229955, 5.804260774515761, 1.648428075199339, 1.1455234844187898, 2.8711079210632975, 2.90812855306477, 0.7328810633551405, 0.3082071494696487, 8.351444177569219, 1.403321874526139, 2.7721283937938086, 1.0974935649174005, 2.3125883925477178, 2.524078860647089, 6.838809065105411, 1.7661766307720428, 4.109431698042752, 8.01175053079195, 1.3642821072253828, 1.8169521537573792, 0.49971646815028287, 1.07705901935319, 6.960613744796998]
APTIDAO: 
24.336682960285852
GEN: 8900
Individuo: 
[3.0659876050165353, 1.202464380067947, 1.9783344583190337, 1.0390110442383467, 2.4428629177708845, 0.6035676978711776, 0.6360067102470363, 0.39857634180157764, 0.7708463491749309, 0.4172206418449606, 0.4226729022908866, 0.3909989352319767, 21.049782388620816, 3.8817567626272744, 3.158613217219636, 2.39179064400911, 2.340023194010985, 4.123799265642286, 1.3595184587088045, 1.3409190830912256, 1.2356653278927712, 0.9599996626585996, 1.6676169128937945, 0.7084948711801304, 0.5219985031483482, 2.4142537794229955, 5.804260774515761, 1.648428075199339, 1.1455234844187898, 2.8711079210632975, 2.90812855306477, 0.7328810633551405, 0.3082071494696487, 8.351444177569219, 1.403321874526139, 2.7721283937938086, 1.0974935649174005, 2.497327383358228, 2.524078860647089, 6.838809065105411, 1.5942661104416835, 4.109431698042752, 8.01175053079195, 1.3642821072253828, 1.8169521537573792, 0.49971646815028287, 1.07705901935319, 6.960613744796998]
APTIDAO: 
24.336682960285852
GEN: 9000
Individuo: 
[3.0659876050165353, 1.202464380067947, 1.9783344583190337, 1.0390110442383467, 2.4428629177708845, 0.6035676978711776, 0.6389359286763343, 0.39857634180157764, 0.7708463491749309, 0.4172206418449606, 0.4226729022908866, 0.3909989352319767, 24.990613705895395, 3.1893827405659048, 3.158613217219636, 2.39179064400911, 2.4392944633285785, 4.123799265642286, 1.401763090497028, 1.3409190830912256, 1.2356653278927712, 0.9599996626585996, 1.6480585507217258, 0.7084948711801304, 0.5219985031483482, 2.4142537794229955, 5.804260774515761, 1.648428075199339, 1.1455234844187898, 2.8711079210632975, 2.1406841457094483, 0.7328810633551405, 0.3082071494696487, 8.351444177569219, 1.403321874526139, 2.7721283937938086, 1.1794121230126593, 1.567878151684669, 2.524078860647089, 6.838809065105411, 1.178235028340355, 4.109431698042752, 8.863546166915727, 1.3642821072253828, 1.8169521537573792, 0.49971646815028287, 1.4181038387726104, 6.960613744796998]
APTIDAO: 
24.31982300923233
GEN: 9100
Individuo: 
[3.0659876050165353, 1.202464380067947, 1.9783344583190337, 1.0390110442383467, 2.4428629177708845, 0.6035676978711776, 0.6389359286763343, 0.39857634180157764, 0.7708463491749309, 0.4172206418449606, 0.4226729022908866, 0.3909989352319767, 19.268499413162694, 3.1893827405659048, 3.158613217219636, 2.39179064400911, 2.0446614616622263, 4.123799265642286, 1.6413227877499315, 1.3409190830912256, 1.2546675249834072, 0.9599996626585996, 1.6480585507217258, 0.7084948711801304, 0.5219985031483482, 2.4142537794229955, 5.804260774515761, 1.648428075199339, 1.1455234844187898, 2.8711079210632975, 2.1406841457094483, 0.7328810633551405, 0.3082071494696487, 8.351444177569219, 1.403321874526139, 2.7721283937938086, 2.8841631417369586, 1.567878151684669, 2.524078860647089, 6.838809065105411, 1.1511306140592519, 4.109431698042752, 9.414213688279178, 1.3642821072253828, 2.1257835680183756, 0.49971646815028287, 1.4181038387726104, 6.960613744796998]
APTIDAO: 
24.28858765185492
GEN: 9200
Individuo: 
[3.0659876050165353, 1.202464380067947, 1.9783344583190337, 1.0390110442383467, 2.4428629177708845, 0.6035676978711776, 0.6418631602618381, 0.39857634180157764, 0.7708463491749309, 0.4172206418449606, 0.4226729022908866, 0.3909989352319767, 21.482235596448444, 3.1893827405659048, 3.1059329175550454, 2.1513539651170905, 2.30831147096823, 4.123799265642286, 1.6413227877499315, 1.3409190830912256, 1.2546675249834072, 0.9599996626585996, 1.6480585507217258, 0.7084948711801304, 0.5219985031483482, 2.4142537794229955, 5.804260774515761, 1.648428075199339, 1.1455234844187898, 2.8711079210632975, 2.8153418663689163, 0.7328810633551405, 0.3082071494696487, 8.351444177569219, 1.403321874526139, 2.7721283937938086, 1.2277532395822521, 1.567878151684669, 3.206316300047236, 3.840184754035213, 1.138130118111551, 4.109431698042752, 9.414213688279178, 1.3642821072253828, 2.1257835680183756, 0.49971646815028287, 1.4181038387726104, 6.960613744796998]
APTIDAO: 
24.257263102243872
GEN: 9300
Individuo: 
[3.0659876050165353, 1.202464380067947, 1.9783344583190337, 1.0390110442383467, 2.4428629177708845, 0.6031218224032378, 0.6418631602618381, 0.39894797822904426, 0.7708463491749309, 0.4172206418449606, 0.4226729022908866, 0.3909989352319767, 21.482235596448444, 3.1893827405659048, 3.1059329175550454, 2.1513539651170905, 2.682712140362301, 4.616329847529735, 1.5942492195811855, 1.3409190830912256, 1.2546675249834072, 0.9599996626585996, 1.6480585507217258, 0.7084948711801304, 0.5219985031483482, 2.4142537794229955, 5.804260774515761, 1.648428075199339, 1.1455234844187898, 1.5130809331667565, 2.8153418663689163, 1.1920811149538661, 0.3082071494696487, 8.351444177569219, 1.403321874526139, 2.7721283937938086, 1.2277532395822521, 1.567878151684669, 3.206316300047236, 3.840184754035213, 1.8993489813143452, 3.758580389987797, 10.0, 1.3642821072253828, 2.1257835680183756, 0.49971646815028287, 1.4181038387726104, 6.960613744796998]
APTIDAO: 
24.253936348859895
GEN: 9400
Individuo: 
[3.0659876050165353, 1.202464380067947, 1.9783344583190337, 1.0390110442383467, 2.4428629177708845, 0.6031218224032378, 0.6418631602618381, 0.39894797822904426, 0.7708463491749309, 0.4172206418449606, 0.4226729022908866, 0.3909989352319767, 21.482235596448444, 3.4463636085926304, 3.1059329175550454, 2.3231740111511416, 2.740928818033034, 4.616329847529735, 1.5942492195811855, 1.3409190830912256, 1.2546675249834072, 0.9599996626585996, 1.6480585507217258, 0.7084948711801304, 0.5219985031483482, 2.4142537794229955, 5.804260774515761, 1.648428075199339, 1.1455234844187898, 1.5130809331667565, 2.8153418663689163, 1.1920811149538661, 0.3082071494696487, 8.351444177569219, 1.403321874526139, 2.7721283937938086, 1.2277532395822521, 1.7801088882071505, 3.206316300047236, 3.497807574511552, 1.6558041501500065, 3.758580389987797, 10.0, 1.3642821072253828, 2.1257835680183756, 0.49971646815028287, 1.4181038387726104, 6.960613744796998]
APTIDAO: 
24.253936348859895
GEN: 9500
Individuo: 
[3.0659876050165353, 1.2027878622252075, 1.9783344583190337, 1.0330724487743725, 2.4458506409154377, 0.6031218224032378, 0.6418631602618381, 0.39894797822904426, 0.7708463491749309, 0.4172206418449606, 0.4226729022908866, 0.3909989352319767, 19.618321575285236, 3.7265214307156422, 3.1059329175550454, 2.3231740111511416, 2.740928818033034, 4.616329847529735, 1.5942492195811855, 1.3409190830912256, 1.2546675249834072, 0.9599996626585996, 1.6480585507217258, 0.7084948711801304, 0.5219985031483482, 1.5021259404788063, 5.804260774515761, 1.6998826980470148, 1.4245226803207147, 1.5130809331667565, 2.8153418663689163, 1.1920811149538661, 0.3082071494696487, 8.351444177569219, 1.403321874526139, 2.7721283937938086, 0.7269715790487067, 2.088006027257418, 3.206316300047236, 3.497807574511552, 1.6558041501500065, 3.758580389987797, 10.0, 1.3642821072253828, 2.1257835680183756, 0.49971646815028287, 1.4181038387726104, 6.960613744796998]
APTIDAO: 
24.26558077884742
GEN: 9600
Individuo: 
[3.0659876050165353, 1.2027878622252075, 1.9783344583190337, 1.0330724487743725, 2.4458506409154377, 0.6031218224032378, 0.6418631602618381, 0.39894797822904426, 0.7708463491749309, 0.4172206418449606, 0.4226729022908866, 0.3909989352319767, 19.618321575285236, 3.7265214307156422, 3.0404280648276485, 2.1771179682494077, 2.740928818033034, 4.616329847529735, 1.5942492195811855, 1.3409190830912256, 1.2574564299669821, 0.9599996626585996, 1.6480585507217258, 0.7084948711801304, 0.5219985031483482, 1.5021259404788063, 5.804260774515761, 1.6998826980470148, 1.4245226803207147, 1.5130809331667565, 2.8153418663689163, 1.1920811149538661, 0.3082071494696487, 8.351444177569219, 1.403321874526139, 2.7721283937938086, 0.7269715790487067, 2.088006027257418, 1.663585543246521, 2.4305145609474854, 1.6558041501500065, 3.758580389987797, 10.0, 1.3642821072253828, 1.775107098323157, 0.49971646815028287, 1.4181038387726104, 6.960613744796998]
APTIDAO: 
24.265558987987284
GEN: 9700
Individuo: 
[3.0659876050165353, 1.2027878622252075, 1.9783344583190337, 1.0330724487743725, 2.4458506409154377, 0.6031218224032378, 0.6418631602618381, 0.39894797822904426, 0.7708463491749309, 0.4172206418449606, 0.4226729022908866, 0.3909989352319767, 19.618321575285236, 3.587284410208734, 3.0404280648276485, 2.1357343910606588, 2.838516063996722, 4.616329847529735, 1.5942492195811855, 1.3409190830912256, 1.2574564299669821, 0.9104591437344227, 1.785062552112936, 0.7084948711801304, 0.5219985031483482, 1.5021259404788063, 5.804260774515761, 1.6998826980470148, 1.4245226803207147, 1.5130809331667565, 2.8153418663689163, 1.1920811149538661, 0.3082071494696487, 8.351444177569219, 1.403321874526139, 2.7721283937938086, 0.7269715790487067, 1.3981625280486125, 1.663585543246521, 2.6683754194499794, 1.4896335710221016, 3.758580389987797, 10.0, 1.3642821072253828, 1.775107098323157, 0.4488410149416616, 1.3665343747384917, 6.960613744796998]
APTIDAO: 
24.970623577134372
GEN: 9800
Individuo: 
[3.0659876050165353, 1.2027878622252075, 1.9783344583190337, 1.0665431259718152, 2.4458506409154377, 0.6031218224032378, 0.6418631602618381, 0.3954715696501641, 0.7708463491749309, 0.45945669609974793, 0.4226729022908866, 0.28385309718910323, 19.618321575285236, 3.587284410208734, 3.0404280648276485, 2.8188254194134057, 2.838516063996722, 4.616329847529735, 1.5942492195811855, 1.3409190830912256, 1.2574564299669821, 0.9104591437344227, 1.6480585507217258, 0.7084948711801304, 0.5219985031483482, 1.5021259404788063, 5.804260774515761, 2.0263310295717716, 1.4245226803207147, 1.5130809331667565, 2.8153418663689163, 0.9996758030867812, 0.3082071494696487, 10.0, 1.403321874526139, 5.551134783433931, 0.7269715790487067, 1.3981625280486125, 1.663585543246521, 3.615512950749192, 1.4896335710221016, 3.758580389987797, 10.0, 1.3642821072253828, 1.775107098323157, 0.4488410149416616, 1.4181038387726104, 6.960613744796998]
APTIDAO: 
24.62288891751689
GEN: 9900
Individuo: 
[3.0659876050165353, 1.2027878622252075, 1.9783344583190337, 1.0665431259718152, 2.4458506409154377, 0.6017199126001751, 0.6431374055448091, 0.3954715696501641, 0.7708463491749309, 0.45945669609974793, 0.4226729022908866, 0.28385309718910323, 19.618321575285236, 3.538194368416592, 3.5763804540376984, 2.7956834662764862, 2.838516063996722, 4.616329847529735, 1.5942492195811855, 1.3409190830912256, 1.2574564299669821, 0.9104591437344227, 1.6480585507217258, 0.7084948711801304, 0.5219985031483482, 1.5021259404788063, 5.804260774515761, 2.0263310295717716, 1.4245226803207147, 1.4746743928621735, 3.930013172137671, 0.9996758030867812, 0.3082071494696487, 10.0, 1.403321874526139, 5.551134783433931, 0.7269715790487067, 1.7528058763234249, 1.4882097409775807, 4.462659725954681, 1.4896335710221016, 3.758580389987797, 10.0, 1.3642821072253828, 1.775107098323157, 0.4488410149416616, 1.4181038387726104, 6.960613744796998]
APTIDAO: 
24.612631075379213
GEN: 10000
Individuo: 
[3.0659876050165353, 1.2027878622252075, 1.982185246719684, 1.0665431259718152, 2.4458506409154377, 0.6017199126001751, 0.6489710319470707, 0.3954715696501641, 0.7708463491749309, 0.4632115855509642, 0.4226729022908866, 0.28385309718910323, 19.618321575285236, 3.538194368416592, 3.5763804540376984, 2.7956834662764862, 2.838516063996722, 4.627499579908425, 1.5942492195811855, 1.3409190830912256, 1.2574564299669821, 0.9104591437344227, 1.6480585507217258, 0.7084948711801304, 0.5219985031483482, 1.5021259404788063, 3.0216659121772045, 2.0263310295717716, 1.4245226803207147, 1.4746743928621735, 6.602823395758823, 0.9996758030867812, 0.3082071494696487, 9.481159730640732, 1.403321874526139, 5.551134783433931, 0.7269715790487067, 1.7528058763234249, 1.4882097409775807, 4.462659725954681, 1.4896335710221016, 2.996873123681354, 10.0, 1.3642821072253828, 1.775107098323157, 0.4488410149416616, 1.4181038387726104, 6.960613744796998]
APTIDAO: 
24.587950909950973

--- RESULTADO FINAL ---
Erro (norma-1): 24.587950909950973
Parâmetros: [3.0659876050165353, 1.2027878622252075, 1.982185246719684, 1.0665431259718152, 2.4458506409154377, 0.6017199126001751, 0.6489710319470707, 0.3954715696501641, 0.7708463491749309, 0.4632115855509642, 0.4226729022908866, 0.28385309718910323, 19.618321575285236, 3.538194368416592, 3.5763804540376984, 2.7956834662764862, 2.838516063996722, 4.627499579908425, 1.5942492195811855, 1.3409190830912256, 1.2574564299669821, 0.9104591437344227, 1.6480585507217258, 0.7084948711801304]
Tempo total: 02h 58m 23s
