SEED: 1778663936
BOUNDS: tau=[0.1, 5.0]  v2=[0.01, 1.5]  J=[0.001, 0.99]
GEN: 0
Individuo: 
[0.4555324023134709, 0.8273815213332713, 1.469687374085266, 4.581143668404134, 4.368484478222595, 1.4765653022975938, 0.9890883016803381, 0.505894630444972, 0.42062050332794376, 0.4756387965549699, 0.3549642386171821, 0.24226106801432232, 0.3653728330674387, 0.44717484945805064, 0.5439538290162532, 0.8202055554883395, 0.8147030019968323, 0.7415192965592131, 0.6225714751376036, 0.6911345212788906, 0.746289281610319, 0.1051619282389811, 0.5643986466309678, 0.13721942494769396, 0.3154924427844606, 0.44327163720197327, 9.84847948897041, 9.188308506966948, 5.489599196128819, 6.298924920186538, 7.120887942207634, 9.593376096003446, 9.663389608536468, 0.967071641084307, 2.4574870015095027, 6.070417123197738, 3.7715664732837153, 5.3811360649912565, 7.459893168923236, 5.846489635843088, 7.3645602593606485, 9.03577154068562, 4.0929292421459476, 7.900457611565809, 8.878964496543125, 2.5741118383372967, 0.18299023347688603, 2.6271765238889566, 6.210438316280525, 9.944599666906976, 0.509891224251576, 0.36251250832745685]
APTIDAO: 
107.13995954629607
GEN: 100
Individuo: 
[1.2253839326307596, 0.8273815213332713, 2.0336981323420273, 1.3420621984797545, 0.8910525602015786, 0.7921082359527172, 1.0141566514867293, 0.38705011892226443, 0.44062377878976383, 0.4756387965549699, 0.3549642386171821, 0.24226106801432232, 0.17097664418690736, 0.9550851969121356, 0.4101476059698175, 0.8202055554883395, 0.596704107929754, 0.5985974663008713, 0.25119460442221336, 0.23085709293490647, 0.746289281610319, 0.062223284541285964, 0.7053875295549069, 0.5305678782425306, 0.3154924427844606, 0.1845116807274137, 6.5363420551113975, 9.188308506966948, 4.993534002116067, 5.711872580337615, 8.961303631089617, 3.0003940271714336, 3.2005779290147998, 0.7992055035701247, 1.368649441191866, 6.070417123197738, 3.7715664732837153, 5.3811360649912565, 10.0, 2.054580531484322, 5.861989223186317, 9.03577154068562, 6.82394957153012, 4.172377061905308, 10.0, 5.618468743655416, 0.18299023347688603, 0.8158987090036965, 4.385920634623793, 7.672792214238482, 0.509891224251576, 0.3294969003801319]
APTIDAO: 
54.56726409629846
GEN: 200
Individuo: 
[1.2253839326307596, 0.8273815213332713, 2.0336981323420273, 1.3308040473042457, 0.8910525602015786, 0.7921082359527172, 1.0141566514867293, 0.38705011892226443, 0.45846160510202755, 0.4756387965549699, 0.3549642386171821, 0.24226106801432232, 0.17097664418690736, 0.9011659117614522, 0.4101476059698175, 0.8202055554883395, 0.5463149294283626, 0.5985974663008713, 0.25119460442221336, 0.22714590018232075, 0.746289281610319, 0.062223284541285964, 0.7053875295549069, 0.5305678782425306, 0.307624957278287, 0.1845116807274137, 6.5363420551113975, 9.188308506966948, 4.993534002116067, 3.075329567168581, 8.961303631089617, 3.0003940271714336, 3.2005779290147998, 0.7992055035701247, 1.3764951914925208, 6.070417123197738, 3.7715664732837153, 5.3811360649912565, 10.0, 1.570987476139873, 5.861989223186317, 9.03577154068562, 5.951263258172725, 4.172377061905308, 10.0, 3.967945719823931, 0.18299023347688603, 0.8158987090036965, 4.385920634623793, 7.672792214238482, 1.1726554379615561, 0.3294969003801319]
APTIDAO: 
53.98660615644753
GEN: 300
Individuo: 
[1.21992109594494, 0.8529236823420782, 1.9506419931860743, 1.3308040473042457, 0.8910525602015786, 0.7921082359527172, 1.0141566514867293, 0.38705011892226443, 0.45846160510202755, 0.4756387965549699, 0.3549642386171821, 0.24226106801432232, 0.17097664418690736, 0.9011659117614522, 0.4101476059698175, 0.8202055554883395, 0.49605935282121744, 0.5985974663008713, 0.25119460442221336, 0.22714590018232075, 0.746289281610319, 0.062223284541285964, 0.703904989745251, 0.5305678782425306, 0.307624957278287, 0.1845116807274137, 7.889743852729964, 8.929766714016084, 3.300890105642742, 3.075329567168581, 8.961303631089617, 3.0003940271714336, 3.2005779290147998, 0.7992055035701247, 1.3764951914925208, 6.070417123197738, 3.7715664732837153, 5.3811360649912565, 10.0, 1.570987476139873, 5.861989223186317, 9.03577154068562, 8.683656156352916, 4.172377061905308, 10.0, 3.967945719823931, 0.18299023347688603, 0.8158987090036965, 2.901107410289111, 7.672792214238482, 1.1726554379615561, 0.3294969003801319]
APTIDAO: 
53.873271226075225
GEN: 400
Individuo: 
[1.21992109594494, 0.8529236823420782, 1.9506419931860743, 1.3308040473042457, 0.8910525602015786, 0.7921082359527172, 1.0141566514867293, 0.24220503566114795, 0.45846160510202755, 0.4756387965549699, 0.3549642386171821, 0.24226106801432232, 0.16366252921569543, 0.7239329663586591, 0.4101476059698175, 0.8202055554883395, 0.49605935282121744, 0.24601524939955594, 0.25119460442221336, 0.22714590018232075, 0.746289281610319, 0.062223284541285964, 0.703904989745251, 0.5305678782425306, 0.307624957278287, 0.1845116807274137, 7.889743852729964, 8.929766714016084, 3.300890105642742, 3.075329567168581, 8.961303631089617, 3.0003940271714336, 3.2005779290147998, 0.6950064934022825, 1.3764951914925208, 6.070417123197738, 3.7715664732837153, 5.3811360649912565, 4.321675927170535, 1.4434516924333014, 5.861989223186317, 9.03577154068562, 8.683656156352916, 3.73646022017071, 10.0, 3.967945719823931, 0.18299023347688603, 0.8158987090036965, 2.901107410289111, 7.672792214238482, 1.1726554379615561, 0.3294969003801319]
APTIDAO: 
53.32657851532288
GEN: 500
Individuo: 
[1.21992109594494, 0.8529236823420782, 1.9506419931860743, 1.3308040473042457, 0.8910525602015786, 0.8315853889965927, 1.0141566514867293, 0.24220503566114795, 0.45846160510202755, 0.4756387965549699, 0.3549642386171821, 0.24226106801432232, 0.1034642671978433, 0.7239329663586591, 0.4101476059698175, 0.8202055554883395, 0.49605935282121744, 0.21717318488073123, 0.25119460442221336, 0.22714590018232075, 0.746289281610319, 0.05778950105715749, 0.809503020515517, 0.6075383439200164, 0.307624957278287, 0.1845116807274137, 7.889743852729964, 8.929766714016084, 3.300890105642742, 3.075329567168581, 8.961303631089617, 2.4118327630449192, 3.2005779290147998, 0.6950064934022825, 1.3764951914925208, 6.070417123197738, 3.7715664732837153, 5.3811360649912565, 2.9635614698063284, 1.4434516924333014, 5.861989223186317, 9.03577154068562, 8.683656156352916, 3.8318101355606666, 10.0, 3.967945719823931, 0.18299023347688603, 0.8343331273635104, 2.243720454371987, 2.39483143751011, 1.1726554379615561, 0.3294969003801319]
APTIDAO: 
49.84411358807077
GEN: 600
Individuo: 
[1.21992109594494, 0.8529236823420782, 1.9506419931860743, 2.0200244234378046, 0.8910525602015786, 0.8315853889965927, 1.0141566514867293, 0.19739680710007898, 0.46677279711197817, 0.4756387965549699, 0.31054447005791447, 0.24226106801432232, 0.1034642671978433, 0.7652626616927106, 0.39816952213745843, 0.8202055554883395, 0.49605935282121744, 0.24403112164954627, 0.25119460442221336, 0.06748971941019301, 0.746289281610319, 0.05778950105715749, 0.809503020515517, 0.63457199085143, 0.307624957278287, 0.1845116807274137, 7.889743852729964, 8.929766714016084, 3.300890105642742, 7.824246301362532, 8.961303631089617, 2.4118327630449192, 3.2005779290147998, 0.41849939814220494, 1.7571753764790343, 6.070417123197738, 2.9055909143650402, 5.3811360649912565, 2.9635614698063284, 1.571647631126758, 3.614462160698901, 9.03577154068562, 8.683656156352916, 3.2684212917337963, 10.0, 5.944308098339151, 0.18299023347688603, 0.8343331273635104, 2.243720454371987, 2.2984368900625722, 1.1726554379615561, 0.3294969003801319]
APTIDAO: 
49.50429719465318
GEN: 700
Individuo: 
[1.0679201878756277, 0.8529236823420782, 2.9177449527027806, 1.6872884312220466, 0.8910525602015786, 0.8315853889965927, 1.0141566514867293, 0.19739680710007898, 0.46677279711197817, 0.4756387965549699, 0.31054447005791447, 0.24226106801432232, 0.10113122178761864, 0.7652626616927106, 0.39816952213745843, 0.8202055554883395, 0.49605935282121744, 0.20965685072790124, 0.25119460442221336, 0.06748971941019301, 0.746289281610319, 0.05778950105715749, 0.809503020515517, 0.6221881206527631, 0.307624957278287, 0.1806158832406208, 10.0, 8.929766714016084, 2.0879009804305975, 10.0, 8.961303631089617, 2.4118327630449192, 3.2005779290147998, 0.41849939814220494, 1.7571753764790343, 6.070417123197738, 2.9055909143650402, 5.3811360649912565, 1.5049731662289039, 1.571647631126758, 3.614462160698901, 9.03577154068562, 8.683656156352916, 2.5802281624486754, 10.0, 5.944308098339151, 0.18299023347688603, 0.8343331273635104, 2.243720454371987, 2.3861416253335954, 1.1726554379615561, 0.591263601627319]
APTIDAO: 
47.924188751905234
GEN: 800
Individuo: 
[1.0679201878756277, 0.8529236823420782, 2.9177449527027806, 1.6872884312220466, 0.8910525602015786, 0.7488849103832328, 1.0141566514867293, 0.19739680710007898, 0.39372546357789884, 0.4756387965549699, 0.31054447005791447, 0.24226106801432232, 0.11133712694946811, 0.48190763859282093, 0.39816952213745843, 0.8202055554883395, 0.32624432691036076, 0.03432282456398916, 0.29832332487393687, 0.06748971941019301, 0.746289281610319, 0.05179970455447511, 0.8486997133637838, 0.6221881206527631, 0.307624957278287, 0.18202555001281723, 10.0, 8.929766714016084, 2.0879009804305975, 10.0, 8.961303631089617, 2.289751691777314, 3.2005779290147998, 0.41849939814220494, 1.3052922070081479, 6.070417123197738, 2.9055909143650402, 5.3811360649912565, 1.681579575322189, 1.2465879117409446, 3.614462160698901, 9.03577154068562, 4.584132439592508, 2.539701442613738, 10.0, 5.944308098339151, 0.18299023347688603, 1.049664792903439, 1.9088898906937717, 2.3861416253335954, 1.1726554379615561, 0.5761894833887444]
APTIDAO: 
44.88555365742258
GEN: 900
Individuo: 
[1.0679201878756277, 0.8529236823420782, 2.9177449527027806, 1.6872884312220466, 0.8910525602015786, 0.7488849103832328, 1.0141566514867293, 0.19739680710007898, 0.39372546357789884, 0.4756387965549699, 0.31054447005791447, 0.24226106801432232, 0.11133712694946811, 0.48190763859282093, 0.39816952213745843, 0.8202055554883395, 0.32624432691036076, 0.03379382487828324, 0.29832332487393687, 0.12456159585747625, 0.746289281610319, 0.05179970455447511, 0.8486997133637838, 0.6221881206527631, 0.31005552483345017, 0.18202555001281723, 10.0, 8.929766714016084, 2.0879009804305975, 10.0, 8.961303631089617, 2.289751691777314, 3.2005779290147998, 0.41849939814220494, 1.3052922070081479, 6.070417123197738, 2.9055909143650402, 5.3811360649912565, 1.681579575322189, 1.2465879117409446, 3.614462160698901, 9.03577154068562, 4.584132439592508, 3.6794380975243026, 10.0, 5.501428587443272, 0.18299023347688603, 1.049664792903439, 1.9088898906937717, 2.3861416253335954, 1.2325225739674142, 0.5761894833887444]
APTIDAO: 
44.67203088720122
GEN: 1000
Individuo: 
[1.0679201878756277, 0.8529236823420782, 2.9177449527027806, 1.6872884312220466, 0.8910525602015786, 0.7488849103832328, 1.0141566514867293, 0.19739680710007898, 0.39372546357789884, 0.4756387965549699, 0.31054447005791447, 0.24226106801432232, 0.11133712694946811, 0.4809003567946863, 0.39816952213745843, 0.8202055554883395, 0.3473098934615905, 0.03379382487828324, 0.2998111639416042, 0.12456159585747625, 0.746289281610319, 0.05179970455447511, 0.8486997133637838, 0.6221881206527631, 0.30964951883979575, 0.18202555001281723, 10.0, 8.929766714016084, 2.0879009804305975, 10.0, 8.961303631089617, 2.289751691777314, 3.2005779290147998, 0.41849939814220494, 1.3052922070081479, 6.070417123197738, 2.9055909143650402, 5.3811360649912565, 1.681579575322189, 1.185117068544037, 3.614462160698901, 9.03577154068562, 4.049266924685061, 3.6794380975243026, 10.0, 5.501428587443272, 0.18299023347688603, 1.049664792903439, 1.9088898906937717, 2.3861416253335954, 2.2190987458915337, 0.5761894833887444]
APTIDAO: 
44.439810358771766
GEN: 1100
Individuo: 
[1.0679201878756277, 0.8529236823420782, 3.519027694432087, 1.6872884312220466, 0.8910525602015786, 0.5178860183369396, 1.0141566514867293, 0.19739680710007898, 0.39372546357789884, 0.4756387965549699, 0.31054447005791447, 0.24226106801432232, 0.11133712694946811, 0.13599093214785135, 0.39816952213745843, 0.8202055554883395, 0.3473098934615905, 0.03379382487828324, 0.2998111639416042, 0.12456159585747625, 0.746289281610319, 0.05179970455447511, 0.8490106020097307, 0.6221881206527631, 0.30964951883979575, 0.18202555001281723, 10.0, 8.929766714016084, 2.476836769146329, 10.0, 8.961303631089617, 4.70878153338382, 3.2005779290147998, 0.41849939814220494, 1.3052922070081479, 6.070417123197738, 2.9055909143650402, 5.3811360649912565, 1.681579575322189, 0.7651583894328173, 3.614462160698901, 9.03577154068562, 4.049266924685061, 3.6794380975243026, 10.0, 5.501428587443272, 0.18299023347688603, 1.049664792903439, 2.073280820450224, 2.3861416253335954, 2.2190987458915337, 0.5761894833887444]
APTIDAO: 
42.76453309200362
GEN: 1200
Individuo: 
[1.0679201878756277, 0.8033830974358884, 3.519027694432087, 2.2045570772890306, 0.9485906245509753, 0.5178860183369396, 1.0141566514867293, 0.19739680710007898, 0.39372546357789884, 0.4756387965549699, 0.31054447005791447, 0.24226106801432232, 0.11133712694946811, 0.08636666939830498, 0.39816952213745843, 0.8664863312180442, 0.3473098934615905, 0.03379382487828324, 0.20899242264737786, 0.0719287593527564, 0.746289281610319, 0.05115509879521761, 0.8490106020097307, 0.6221881206527631, 0.30964951883979575, 0.18202555001281723, 10.0, 3.2755186463771304, 2.476836769146329, 3.9417213877548827, 6.28875755672828, 4.70878153338382, 3.2005779290147998, 0.41849939814220494, 1.3052922070081479, 6.070417123197738, 2.9055909143650402, 5.3811360649912565, 1.681579575322189, 0.7469376823170348, 3.614462160698901, 9.319841444602327, 4.049266924685061, 3.6794380975243026, 8.639241145817554, 3.6575966166957024, 0.18299023347688603, 0.7697353476071752, 2.073280820450224, 2.3861416253335954, 2.2190987458915337, 0.5761894833887444]
APTIDAO: 
42.46941077074969
GEN: 1300
Individuo: 
[1.0679201878756277, 0.8403994533042942, 3.1571073331042863, 2.091559931903328, 0.9485906245509753, 0.5178860183369396, 1.0141566514867293, 0.19739680710007898, 0.4197624989409599, 0.4756387965549699, 0.31054447005791447, 0.2993858119439276, 0.11133712694946811, 0.10674901740879489, 0.17260149371298208, 0.8664863312180442, 0.4672840317792389, 0.032068466112000656, 0.22654060699447431, 0.0719287593527564, 0.746289281610319, 0.051182640152121046, 0.8464563335377726, 0.6221881206527631, 0.11311400067386465, 0.05250314655332835, 10.0, 5.6050304412793395, 1.6088416993507486, 3.442867435873865, 6.28875755672828, 4.70878153338382, 3.2005779290147998, 0.41849939814220494, 2.047706410609573, 6.070417123197738, 2.9055909143650402, 4.888208098095271, 1.681579575322189, 0.9689277827037609, 2.2650002476183695, 9.319841444602327, 4.497312034340667, 4.054537786211894, 7.371173259664909, 3.6575966166957024, 0.18299023347688603, 1.2513508345387532, 1.7412521421293898, 2.3861416253335954, 2.4634080723385328, 1.0736653743148088]
APTIDAO: 
37.140924189532065
GEN: 1400
Individuo: 
[1.0679201878756277, 0.8403994533042942, 3.1571073331042863, 2.091559931903328, 0.9479754816088587, 0.5178860183369396, 1.0141566514867293, 0.19739680710007898, 0.4197624989409599, 0.4756387965549699, 0.3099373129926884, 0.2993858119439276, 0.10881004739007745, 0.09806314570989054, 0.17260149371298208, 0.8664863312180442, 0.5317512219449811, 0.032068466112000656, 0.22654060699447431, 0.0719287593527564, 0.746289281610319, 0.051182640152121046, 0.8464563335377726, 0.6221881206527631, 0.11311400067386465, 0.05250314655332835, 10.0, 5.6050304412793395, 1.6088416993507486, 3.442867435873865, 3.015612789706043, 4.70878153338382, 3.2005779290147998, 0.41849939814220494, 2.047706410609573, 6.070417123197738, 2.3367402118209464, 4.888208098095271, 0.8823823742775102, 0.7418076829398293, 2.2650002476183695, 9.319841444602327, 7.082561418139502, 4.054537786211894, 7.371173259664909, 3.6575966166957024, 0.18299023347688603, 1.2513508345387532, 1.7412521421293898, 2.3861416253335954, 2.4634080723385328, 1.0736653743148088]
APTIDAO: 
36.8145394818408
GEN: 1500
Individuo: 
[1.0679201878756277, 0.862950634410409, 3.1571073331042863, 2.091559931903328, 0.9479754816088587, 0.5178860183369396, 1.0141566514867293, 0.19739680710007898, 0.4197624989409599, 0.4756387965549699, 0.3099373129926884, 0.2993858119439276, 0.1070113146541084, 0.09806314570989054, 0.17260149371298208, 0.8664863312180442, 0.5317512219449811, 0.023360934507749852, 0.22654060699447431, 0.09549733082425284, 0.746289281610319, 0.051182640152121046, 0.8464563335377726, 0.6221881206527631, 0.11311400067386465, 0.05250314655332835, 10.0, 4.857255900950892, 1.6088416993507486, 3.442867435873865, 3.015612789706043, 4.70878153338382, 3.2005779290147998, 0.41849939814220494, 2.047706410609573, 6.070417123197738, 2.3367402118209464, 4.888208098095271, 0.9415019094352821, 0.7418076829398293, 2.2650002476183695, 9.319841444602327, 7.082561418139502, 3.379908461813586, 7.371173259664909, 3.4448887255187746, 0.18299023347688603, 1.2513508345387532, 1.7412521421293898, 2.3861416253335954, 2.4634080723385328, 1.0736653743148088]
APTIDAO: 
36.739789401016814
GEN: 1600
Individuo: 
[1.0679201878756277, 0.862950634410409, 3.2059436778700485, 2.091559931903328, 0.9479754816088587, 0.5178860183369396, 1.0141566514867293, 0.19739680710007898, 0.6088706601520942, 0.4756387965549699, 0.3099373129926884, 0.2993858119439276, 0.1070113146541084, 0.09806314570989054, 0.17260149371298208, 0.8664863312180442, 0.5163254627503183, 0.039307619511463686, 0.08598547827193914, 0.1351800532467429, 0.746289281610319, 0.051182640152121046, 0.8464563335377726, 0.6228782854831808, 0.11311400067386465, 0.05250314655332835, 10.0, 4.857255900950892, 1.2449493940805298, 3.442867435873865, 3.015612789706043, 4.70878153338382, 3.2005779290147998, 0.41849939814220494, 1.9270860391079598, 6.070417123197738, 2.3367402118209464, 4.888208098095271, 0.9415019094352821, 0.7418076829398293, 2.2650002476183695, 9.319841444602327, 1.6759538129113194, 3.902079896463731, 8.510452227199545, 3.5685792632106597, 0.18299023347688603, 1.2513508345387532, 1.7412521421293898, 1.6031155527929306, 2.4634080723385328, 1.0736653743148088]
APTIDAO: 
35.611405719076515
GEN: 1700
Individuo: 
[1.0679201878756277, 0.862950634410409, 3.2059436778700485, 2.091559931903328, 0.9479754816088587, 0.5178860183369396, 1.0141566514867293, 0.19739680710007898, 0.6088706601520942, 0.4756387965549699, 0.3099373129926884, 0.2993858119439276, 0.1070113146541084, 0.09806314570989054, 0.17272718743269333, 0.8664863312180442, 0.5214788492763668, 0.039307619511463686, 0.08598547827193914, 0.1351800532467429, 0.746289281610319, 0.051182640152121046, 0.8464563335377726, 0.6228782854831808, 0.11311400067386465, 0.052146406874623616, 10.0, 4.857255900950892, 1.2449493940805298, 3.442867435873865, 3.015612789706043, 4.70878153338382, 3.2005779290147998, 0.41849939814220494, 1.9270860391079598, 6.070417123197738, 2.3367402118209464, 4.888208098095271, 0.9415019094352821, 0.7418076829398293, 2.0667194576943198, 9.319841444602327, 1.4231473882961219, 3.902079896463731, 8.510452227199545, 3.5685792632106597, 0.18299023347688603, 1.2513508345387532, 1.7412521421293898, 1.6031155527929306, 2.4634080723385328, 0.6780664723676142]
APTIDAO: 
35.54784109500081
GEN: 1800
Individuo: 
[1.0679201878756277, 0.862950634410409, 3.2059436778700485, 2.091559931903328, 0.9479754816088587, 0.5178860183369396, 1.0141566514867293, 0.19739680710007898, 0.6088706601520942, 0.4756387965549699, 0.3099373129926884, 0.2993858119439276, 0.1070113146541084, 0.09806314570989054, 0.17272718743269333, 0.8664863312180442, 0.5214788492763668, 0.039307619511463686, 0.08598547827193914, 0.1351800532467429, 0.746289281610319, 0.051182640152121046, 0.8464563335377726, 0.6228782854831808, 0.11311400067386465, 0.052146406874623616, 10.0, 4.857255900950892, 1.2449493940805298, 3.442867435873865, 3.015612789706043, 4.70878153338382, 3.2005779290147998, 0.41849939814220494, 1.9270860391079598, 6.070417123197738, 2.3367402118209464, 4.888208098095271, 0.9415019094352821, 0.7418076829398293, 2.0667194576943198, 9.319841444602327, 1.4231473882961219, 3.902079896463731, 8.510452227199545, 3.5685792632106597, 0.18299023347688603, 1.2513508345387532, 1.7412521421293898, 1.6031155527929306, 2.4634080723385328, 0.6780664723676142]
APTIDAO: 
35.54784109500081
GEN: 1900
Individuo: 
[1.0679201878756277, 0.862950634410409, 3.2059436778700485, 2.091559931903328, 0.9479754816088587, 0.5178860183369396, 1.0141566514867293, 0.19739680710007898, 0.6088706601520942, 0.4756387965549699, 0.3099373129926884, 0.2993858119439276, 0.1070113146541084, 0.09806314570989054, 0.17272718743269333, 0.8664863312180442, 0.5214788492763668, 0.039307619511463686, 0.08598547827193914, 0.1351800532467429, 0.746289281610319, 0.051182640152121046, 0.8464563335377726, 0.6228782854831808, 0.11311400067386465, 0.052146406874623616, 10.0, 4.857255900950892, 1.2449493940805298, 3.442867435873865, 3.015612789706043, 4.70878153338382, 3.2005779290147998, 0.41849939814220494, 1.9270860391079598, 6.070417123197738, 2.3367402118209464, 4.888208098095271, 0.9415019094352821, 0.7418076829398293, 2.0667194576943198, 9.319841444602327, 1.4231473882961219, 3.902079896463731, 8.510452227199545, 3.5685792632106597, 0.18299023347688603, 1.2513508345387532, 1.7412521421293898, 1.6031155527929306, 2.4634080723385328, 0.6780664723676142]
APTIDAO: 
35.54784109500081
GEN: 2000
Individuo: 
[1.0679201878756277, 0.862950634410409, 3.2059436778700485, 2.091559931903328, 0.9479754816088587, 0.5178860183369396, 1.0141566514867293, 0.19739680710007898, 0.6088706601520942, 0.4756387965549699, 0.3099373129926884, 0.2993858119439276, 0.1070113146541084, 0.09806314570989054, 0.17272718743269333, 0.8664863312180442, 0.5214788492763668, 0.039307619511463686, 0.08598547827193914, 0.1351800532467429, 0.746289281610319, 0.051182640152121046, 0.8464563335377726, 0.6228782854831808, 0.11311400067386465, 0.052146406874623616, 10.0, 4.857255900950892, 1.2449493940805298, 3.442867435873865, 3.015612789706043, 4.70878153338382, 3.2005779290147998, 0.41849939814220494, 1.9270860391079598, 6.070417123197738, 2.3367402118209464, 4.888208098095271, 0.9415019094352821, 0.7418076829398293, 2.0667194576943198, 9.319841444602327, 1.4231473882961219, 3.902079896463731, 8.510452227199545, 3.5685792632106597, 0.18299023347688603, 1.2513508345387532, 1.7412521421293898, 1.6031155527929306, 2.4634080723385328, 0.6780664723676142]
APTIDAO: 
35.54784109500081
GEN: 2100
Individuo: 
[1.0679201878756277, 0.862950634410409, 3.2059436778700485, 2.091559931903328, 0.9479754816088587, 0.5178860183369396, 1.0141566514867293, 0.19739680710007898, 0.6088706601520942, 0.4756387965549699, 0.3099373129926884, 0.2993858119439276, 0.1070113146541084, 0.09806314570989054, 0.17272718743269333, 0.8664863312180442, 0.5214788492763668, 0.039307619511463686, 0.09137537984168065, 0.1351800532467429, 0.746289281610319, 0.051182640152121046, 0.8464563335377726, 0.6228782854831808, 0.11311400067386465, 0.052146406874623616, 10.0, 4.857255900950892, 1.2449493940805298, 3.442867435873865, 3.015612789706043, 4.70878153338382, 3.2005779290147998, 0.41849939814220494, 1.9270860391079598, 6.070417123197738, 2.3367402118209464, 4.888208098095271, 0.9415019094352821, 0.7418076829398293, 2.0667194576943198, 9.319841444602327, 1.4231473882961219, 3.902079896463731, 5.49522059843825, 3.5685792632106597, 0.18299023347688603, 1.2513508345387532, 1.7412521421293898, 1.6031155527929306, 2.4634080723385328, 0.6780664723676142]
APTIDAO: 
35.73865153442697
GEN: 2200
Individuo: 
[1.0679201878756277, 0.862950634410409, 3.2059436778700485, 1.9934249885134967, 0.9479754816088587, 0.5178860183369396, 1.0141566514867293, 0.19739680710007898, 0.6088706601520942, 0.4756387965549699, 0.3099373129926884, 0.2993858119439276, 0.10996373518799518, 0.09806314570989054, 0.17272718743269333, 0.8664863312180442, 0.5214788492763668, 0.06705607219880001, 0.09137537984168065, 0.14418727187306724, 0.746289281610319, 0.051182640152121046, 0.8464563335377726, 0.6228782854831808, 0.11311400067386465, 0.052146406874623616, 10.0, 4.857255900950892, 1.2449493940805298, 3.248839551673027, 3.015612789706043, 4.70878153338382, 3.2005779290147998, 0.41849939814220494, 1.9270860391079598, 6.070417123197738, 2.3367402118209464, 4.888208098095271, 1.532600501367011, 0.7418076829398293, 2.0667194576943198, 9.319841444602327, 1.4231473882961219, 3.5242598052833793, 5.49522059843825, 2.4258696176237997, 0.18299023347688603, 1.2513508345387532, 1.7412521421293898, 1.6031155527929306, 2.4634080723385328, 0.6780664723676142]
APTIDAO: 
36.02738392398416
GEN: 2300
Individuo: 
[1.0679201878756277, 0.862950634410409, 3.2059436778700485, 1.9934249885134967, 0.9479754816088587, 0.5183358176847097, 1.0141566514867293, 0.19739680710007898, 0.6088706601520942, 0.4756387965549699, 0.3099373129926884, 0.2993858119439276, 0.10474065099053402, 0.09806314570989054, 0.17272718743269333, 0.8664863312180442, 0.609532609233506, 0.062346643689832316, 0.09137537984168065, 0.14418727187306724, 0.746289281610319, 0.051182640152121046, 0.8256638842147549, 0.6228782854831808, 0.12541619707770477, 0.052146406874623616, 10.0, 4.857255900950892, 1.2449493940805298, 3.248839551673027, 3.015612789706043, 2.8315141292288843, 3.2005779290147998, 0.41849939814220494, 1.9270860391079598, 6.070417123197738, 2.3367402118209464, 4.888208098095271, 0.9568664637167307, 0.7418076829398293, 2.0667194576943198, 9.319841444602327, 0.844373092265269, 4.161792704826209, 5.49522059843825, 2.4258696176237997, 0.18299023347688603, 1.2513508345387532, 1.1094569734093778, 1.6031155527929306, 2.2214795202749844, 0.6780664723676142]
APTIDAO: 
35.81319398658661
GEN: 2400
Individuo: 
[1.0679201878756277, 0.862950634410409, 3.2059436778700485, 1.9934249885134967, 0.9479754816088587, 0.5183358176847097, 1.0141566514867293, 0.19739680710007898, 0.6088706601520942, 0.4756387965549699, 0.3099373129926884, 0.2993858119439276, 0.10474065099053402, 0.08721116576406279, 0.17272718743269333, 0.8664863312180442, 0.609532609233506, 0.062346643689832316, 0.09137537984168065, 0.14897946934309958, 0.746289281610319, 0.051182640152121046, 0.8256638842147549, 0.6271624776397171, 0.12541619707770477, 0.052146406874623616, 10.0, 4.857255900950892, 1.2449493940805298, 3.248839551673027, 3.015612789706043, 2.8315141292288843, 3.2005779290147998, 0.41849939814220494, 1.9270860391079598, 6.070417123197738, 2.3367402118209464, 4.888208098095271, 0.9568664637167307, 1.0845913841417112, 2.0667194576943198, 9.319841444602327, 0.844373092265269, 4.161792704826209, 5.49522059843825, 2.824129511947044, 0.18299023347688603, 1.2513508345387532, 1.1094569734093778, 0.9987870522246274, 2.2214795202749844, 0.6780664723676142]
APTIDAO: 
35.61703020099837
GEN: 2500
Individuo: 
[1.0679201878756277, 1.1583656375557718, 3.2059436778700485, 1.9934249885134967, 0.714376336316303, 0.5183358176847097, 1.0141566514867293, 0.19739680710007898, 0.6088706601520942, 0.4756387965549699, 0.3099373129926884, 0.2993858119439276, 0.10474065099053402, 0.11753057653670967, 0.17272718743269333, 0.8664863312180442, 0.6496851391055325, 0.062346643689832316, 0.09137537984168065, 0.1532502173957093, 0.746289281610319, 0.051182640152121046, 0.8256638842147549, 0.6092143452887205, 0.12541619707770477, 0.052146406874623616, 10.0, 5.609487553074634, 1.2449493940805298, 3.248839551673027, 2.4259540294435054, 2.8315141292288843, 3.2005779290147998, 0.41849939814220494, 1.9270860391079598, 6.070417123197738, 2.3367402118209464, 4.888208098095271, 0.9568664637167307, 1.1440276877407762, 2.0667194576943198, 9.319841444602327, 1.0531448042602893, 4.161792704826209, 5.49522059843825, 1.9755172891672041, 0.18299023347688603, 1.2513508345387532, 1.1094569734093778, 1.041117184412444, 2.2214795202749844, 0.6780664723676142]
APTIDAO: 
35.2025369315706
GEN: 2600
Individuo: 
[1.0679201878756277, 1.1583656375557718, 3.2059436778700485, 1.9934249885134967, 0.714376336316303, 0.5183358176847097, 1.0141566514867293, 0.19739680710007898, 0.6088706601520942, 0.4756387965549699, 0.3099373129926884, 0.2993858119439276, 0.10219046115752772, 0.11004121928909301, 0.17272718743269333, 0.8664863312180442, 0.6496851391055325, 0.062346643689832316, 0.09137537984168065, 0.1525771959657782, 0.746289281610319, 0.051182640152121046, 0.828184675929036, 0.6092143452887205, 0.12784313360666763, 0.052146406874623616, 10.0, 5.609487553074634, 1.2449493940805298, 3.248839551673027, 2.4259540294435054, 2.8315141292288843, 3.2005779290147998, 0.41849939814220494, 1.9270860391079598, 6.070417123197738, 2.3367402118209464, 4.888208098095271, 0.8295817299124567, 1.3381181691093074, 2.0667194576943198, 9.319841444602327, 1.0531448042602893, 4.161792704826209, 5.49522059843825, 1.9415884309040599, 0.18299023347688603, 1.2513508345387532, 0.9199539747421074, 1.041117184412444, 1.528986556507065, 0.6780664723676142]
APTIDAO: 
35.22716751460774
GEN: 2700
Individuo: 
[1.0679201878756277, 1.1583656375557718, 3.253819235214922, 1.9934249885134967, 0.714376336316303, 0.554991223020163, 1.0141566514867293, 0.19739680710007898, 0.6088706601520942, 0.4756387965549699, 0.3099373129926884, 0.2993858119439276, 0.057859565768483806, 0.04148974705351574, 0.17272718743269333, 0.8216854837354342, 0.6496851391055325, 0.062346643689832316, 0.09137537984168065, 0.16329765141211072, 0.746289281610319, 0.051182640152121046, 0.828184675929036, 0.6092143452887205, 0.12784313360666763, 0.052146406874623616, 10.0, 5.609487553074634, 1.4994938896879286, 3.248839551673027, 2.4259540294435054, 2.252513428169633, 3.2005779290147998, 0.41849939814220494, 1.9270860391079598, 6.070417123197738, 2.3367402118209464, 4.888208098095271, 1.1433804931169453, 0.8190923175750476, 2.0667194576943198, 9.035502497252121, 1.0531448042602893, 4.161792704826209, 5.49522059843825, 2.4689428186368243, 0.18299023347688603, 1.2513508345387532, 0.9199539747421074, 1.041117184412444, 1.528986556507065, 0.6780664723676142]
APTIDAO: 
36.26480554007236
GEN: 2800
Individuo: 
[1.0679201878756277, 1.1583656375557718, 3.253819235214922, 1.9934249885134967, 0.714376336316303, 0.5531089315034392, 1.0141566514867293, 0.19739680710007898, 0.6088706601520942, 0.4756387965549699, 0.3099373129926884, 0.2993858119439276, 0.057859565768483806, 0.08010908996482995, 0.17272718743269333, 0.851536784160601, 0.6496851391055325, 0.092668695160931, 0.09137537984168065, 0.15726922443500355, 0.746289281610319, 0.051629437411873196, 0.828184675929036, 0.6092143452887205, 0.13142231632839507, 0.052146406874623616, 10.0, 5.609487553074634, 1.4994938896879286, 3.248839551673027, 2.4259540294435054, 1.6175062365504558, 3.2005779290147998, 0.41849939814220494, 1.9270860391079598, 6.070417123197738, 2.3367402118209464, 4.888208098095271, 1.1433804931169453, 0.6929267354148577, 2.0667194576943198, 5.114504312441286, 1.0531448042602893, 3.6956985589975013, 5.49522059843825, 2.8180588840981935, 0.18299023347688603, 1.7446434913854985, 0.9199539747421074, 1.041117184412444, 0.996862998689678, 0.6780664723676142]
APTIDAO: 
36.07355441093259
GEN: 2900
Individuo: 
[1.3304251589313458, 1.0044041423266503, 3.0243844170271452, 1.9934249885134967, 0.8451646503092886, 0.5531089315034392, 1.0141566514867293, 0.19739680710007898, 0.6088706601520942, 0.4756387965549699, 0.3099373129926884, 0.2993858119439276, 0.0820378176394262, 0.04761286025208413, 0.17272718743269333, 0.8143094947575197, 0.6496851391055325, 0.092668695160931, 0.09137537984168065, 0.11684156913333552, 0.746289281610319, 0.051629437411873196, 0.828184675929036, 0.7646989015476159, 0.03136551000188303, 0.052146406874623616, 9.108113119879405, 5.499734596128456, 1.5702392214066574, 3.248839551673027, 3.0032372287134796, 1.6175062365504558, 3.2005779290147998, 0.41849939814220494, 1.9270860391079598, 6.070417123197738, 2.3367402118209464, 4.888208098095271, 1.3634960516038896, 0.6227664822509065, 2.0667194576943198, 3.6830747240792436, 1.0531448042602893, 3.6956985589975013, 5.49522059843825, 2.050892938689697, 0.18299023347688603, 1.7446434913854985, 0.9199539747421074, 2.988539752510302, 1.3979008932711299, 0.6780664723676142]
APTIDAO: 
33.38613652319162
GEN: 3000
Individuo: 
[1.3304251589313458, 1.0044041423266503, 2.988931165558834, 1.9934249885134967, 0.8451646503092886, 0.5531089315034392, 1.0136965273577376, 0.19739680710007898, 0.6088706601520942, 0.4756387965549699, 0.3099373129926884, 0.2993858119439276, 0.0820378176394262, 0.04761286025208413, 0.17272718743269333, 0.8143094947575197, 0.6496851391055325, 0.092668695160931, 0.09137537984168065, 0.11684156913333552, 0.746289281610319, 0.051629437411873196, 0.828184675929036, 0.745943308171601, 0.03153125816416598, 0.052146406874623616, 9.108113119879405, 5.499734596128456, 1.9409112300538296, 3.248839551673027, 3.0032372287134796, 1.6175062365504558, 2.5673448498689426, 0.41849939814220494, 1.9270860391079598, 6.070417123197738, 2.3367402118209464, 4.888208098095271, 1.3634960516038896, 0.6227664822509065, 2.0667194576943198, 3.6830747240792436, 1.0531448042602893, 3.6956985589975013, 5.49522059843825, 2.050892938689697, 0.18299023347688603, 1.7446434913854985, 0.9199539747421074, 3.2481046737741277, 1.4082831203093433, 0.6780664723676142]
APTIDAO: 
33.31494339343601
GEN: 3100
Individuo: 
[1.4402646267599495, 1.0044041423266503, 2.5327999135542063, 1.9934249885134967, 0.8451646503092886, 0.5531089315034392, 1.0136965273577376, 0.19739680710007898, 0.6088706601520942, 0.4756387965549699, 0.3099373129926884, 0.2993858119439276, 0.0820378176394262, 0.04174446682256766, 0.17272718743269333, 0.8181083471003493, 0.6496851391055325, 0.092668695160931, 0.09137537984168065, 0.11684156913333552, 0.746289281610319, 0.051629437411873196, 0.828184675929036, 0.745943308171601, 0.0367197333009412, 0.052146406874623616, 5.6487811478271945, 5.499734596128456, 2.117698721808262, 3.248839551673027, 3.0032372287134796, 1.6175062365504558, 2.5673448498689426, 0.41849939814220494, 1.9270860391079598, 6.070417123197738, 2.3367402118209464, 4.888208098095271, 1.3634960516038896, 0.880314735228009, 2.0667194576943198, 3.7950720491699026, 1.0531448042602893, 3.6956985589975013, 5.49522059843825, 2.050892938689697, 0.18299023347688603, 1.7446434913854985, 0.9199539747421074, 3.2481046737741277, 1.2760510550311082, 0.6780664723676142]
APTIDAO: 
33.24864456151884
GEN: 3200
Individuo: 
[1.4402646267599495, 1.0044041423266503, 2.5327999135542063, 1.9934249885134967, 0.8451646503092886, 0.5531089315034392, 1.0136965273577376, 0.19739680710007898, 0.6088706601520942, 0.4756387965549699, 0.3099373129926884, 0.2993858119439276, 0.062163606984119726, 0.039795353041233154, 0.17272718743269333, 0.8175283493456105, 0.6496851391055325, 0.092668695160931, 0.09137537984168065, 0.12878917518800315, 0.746289281610319, 0.051629437411873196, 0.828184675929036, 0.6364542540951016, 0.029985517093532463, 0.052146406874623616, 5.6487811478271945, 5.499734596128456, 2.117698721808262, 3.248839551673027, 3.0032372287134796, 1.6175062365504558, 2.5673448498689426, 0.41849939814220494, 1.9270860391079598, 6.070417123197738, 2.3367402118209464, 4.888208098095271, 2.290299900229963, 1.0202196687437375, 2.0667194576943198, 2.7361117668008337, 1.0531448042602893, 3.6956985589975013, 5.49522059843825, 1.8745242125808095, 0.18299023347688603, 1.7446434913854985, 0.9199539747421074, 1.4980715065663328, 0.9518800435543083, 0.6780664723676142]
APTIDAO: 
32.81529293905584
GEN: 3300
Individuo: 
[1.4402646267599495, 1.0044041423266503, 2.5327999135542063, 1.9934249885134967, 0.8451646503092886, 0.5531089315034392, 1.0136965273577376, 0.19739680710007898, 0.6088706601520942, 0.4756387965549699, 0.3099373129926884, 0.2993858119439276, 0.062163606984119726, 0.04113674013623659, 0.17272718743269333, 0.8175283493456105, 0.6496851391055325, 0.09102297064456778, 0.08833759925594634, 0.13107319675908427, 0.746289281610319, 0.051629437411873196, 0.828184675929036, 0.6364542540951016, 0.029985517093532463, 0.052146406874623616, 5.6487811478271945, 5.499734596128456, 2.117698721808262, 3.248839551673027, 3.0032372287134796, 1.6175062365504558, 2.5673448498689426, 0.41849939814220494, 1.9270860391079598, 6.070417123197738, 2.3367402118209464, 4.888208098095271, 2.290299900229963, 0.6929057521301099, 2.0667194576943198, 2.7361117668008337, 1.0531448042602893, 4.046997542899665, 10.0, 2.7453060881618185, 0.18299023347688603, 1.7446434913854985, 0.9199539747421074, 1.4980715065663328, 0.9518800435543083, 0.6780664723676142]
APTIDAO: 
32.774748793009124
GEN: 3400
Individuo: 
[1.4402646267599495, 1.0044041423266503, 2.5327999135542063, 1.9934249885134967, 0.8451646503092886, 0.5531089315034392, 1.0136965273577376, 0.19739680710007898, 0.6088706601520942, 0.4756387965549699, 0.3099373129926884, 0.2993858119439276, 0.062163606984119726, 0.034645625185163266, 0.17272718743269333, 0.8175283493456105, 0.6496851391055325, 0.08185654929733585, 0.08833759925594634, 0.13107319675908427, 0.746289281610319, 0.051629437411873196, 0.7726660719908487, 0.6364542540951016, 0.049431134815637566, 0.05147144228228534, 5.6487811478271945, 5.499734596128456, 2.117698721808262, 3.248839551673027, 3.0032372287134796, 1.6175062365504558, 2.5673448498689426, 0.41849939814220494, 1.9270860391079598, 6.070417123197738, 2.3367402118209464, 4.888208098095271, 2.290299900229963, 0.7392544968750403, 2.0667194576943198, 2.7361117668008337, 1.0531448042602893, 3.3639555606923275, 10.0, 2.7453060881618185, 0.18299023347688603, 1.7446434913854985, 0.781815484664212, 1.4980715065663328, 2.4454759687467433, 0.6035915804416921]
APTIDAO: 
32.616976847831154
GEN: 3500
Individuo: 
[1.4402646267599495, 1.0044041423266503, 2.5327999135542063, 1.9934249885134967, 0.8451646503092886, 0.5531089315034392, 1.0136965273577376, 0.18691100143497744, 0.6088706601520942, 0.4756387965549699, 0.3099373129926884, 0.2993858119439276, 0.062163606984119726, 0.0065276569547044585, 0.17272718743269333, 0.8180951396718503, 0.7633780715561627, 0.13439247865560855, 0.08833759925594634, 0.13107319675908427, 0.746289281610319, 0.051629437411873196, 0.7726660719908487, 0.6364542540951016, 0.049431134815637566, 0.05147144228228534, 5.6487811478271945, 5.499734596128456, 2.117698721808262, 3.248839551673027, 3.0032372287134796, 1.6175062365504558, 2.5673448498689426, 0.4494394721879721, 1.9270860391079598, 6.070417123197738, 2.3367402118209464, 4.888208098095271, 2.290299900229963, 0.43331907826884997, 2.0667194576943198, 2.373031381241058, 2.048747532418921, 3.4027152872812128, 10.0, 2.7453060881618185, 0.18299023347688603, 1.7446434913854985, 0.781815484664212, 1.4980715065663328, 2.4454759687467433, 0.6035915804416921]
APTIDAO: 
33.046102318339535
GEN: 3600
Individuo: 
[1.4402646267599495, 1.0044041423266503, 2.5327999135542063, 1.9934249885134967, 0.8451646503092886, 0.5531089315034392, 1.0136965273577376, 0.18691100143497744, 0.6088706601520942, 0.4756387965549699, 0.3099373129926884, 0.2993858119439276, 0.05057373836587851, 0.0065276569547044585, 0.17272718743269333, 0.7991771370405136, 0.7680785273761115, 0.13439247865560855, 0.08833759925594634, 0.13713598443286013, 0.746289281610319, 0.051629437411873196, 0.7726660719908487, 0.6664498472686382, 0.049431134815637566, 0.05147144228228534, 5.6487811478271945, 5.499734596128456, 2.117698721808262, 3.248839551673027, 3.0032372287134796, 1.6175062365504558, 2.5673448498689426, 0.4494394721879721, 1.9270860391079598, 6.070417123197738, 2.3367402118209464, 4.888208098095271, 3.710324371529629, 0.43331907826884997, 2.0667194576943198, 1.9992642614444132, 1.6675603883018557, 3.4027152872812128, 10.0, 1.4927457695956095, 0.18299023347688603, 1.7446434913854985, 0.781815484664212, 2.1101751984382893, 2.4454759687467433, 0.6035915804416921]
APTIDAO: 
32.71747754063772
GEN: 3700
Individuo: 
[1.4402646267599495, 1.0044041423266503, 2.5327999135542063, 1.9934249885134967, 0.8451646503092886, 0.5531089315034392, 1.0136965273577376, 0.18691100143497744, 0.6088706601520942, 0.4756387965549699, 0.3099373129926884, 0.2993858119439276, 0.05502042354657863, 0.005866464723199388, 0.17272718743269333, 0.7991771370405136, 0.7680785273761115, 0.13439247865560855, 0.08833759925594634, 0.13713598443286013, 0.746289281610319, 0.05131889682387356, 0.7726660719908487, 0.6664498472686382, 0.049431134815637566, 0.05147144228228534, 5.6487811478271945, 5.499734596128456, 2.117698721808262, 3.248839551673027, 3.0032372287134796, 1.6175062365504558, 2.5673448498689426, 0.4494394721879721, 1.9270860391079598, 6.070417123197738, 2.3367402118209464, 4.888208098095271, 3.974269050986263, 1.3472412410277614, 2.0667194576943198, 1.9992642614444132, 1.6675603883018557, 3.4027152872812128, 10.0, 1.4927457695956095, 0.18299023347688603, 1.615133702674504, 0.781815484664212, 2.1101751984382893, 2.4454759687467433, 0.6035915804416921]
APTIDAO: 
32.6851373808391
GEN: 3800
Individuo: 
[1.4402646267599495, 1.0044041423266503, 2.5327999135542063, 1.9934249885134967, 0.8451646503092886, 0.5531089315034392, 1.0136965273577376, 0.18691100143497744, 0.6088706601520942, 0.4756387965549699, 0.3099373129926884, 0.2993858119439276, 0.05502042354657863, 0.005866464723199388, 0.17272718743269333, 0.7991771370405136, 0.7680785273761115, 0.13439247865560855, 0.08833759925594634, 0.13713598443286013, 0.746289281610319, 0.05131889682387356, 0.7726660719908487, 0.6664498472686382, 0.049431134815637566, 0.05147144228228534, 5.6487811478271945, 5.499734596128456, 2.117698721808262, 3.248839551673027, 3.0032372287134796, 1.6175062365504558, 2.5673448498689426, 0.4494394721879721, 1.9270860391079598, 6.070417123197738, 2.3367402118209464, 4.888208098095271, 3.974269050986263, 1.3472412410277614, 2.0667194576943198, 1.9992642614444132, 1.6675603883018557, 3.4027152872812128, 10.0, 1.4927457695956095, 0.18299023347688603, 1.615133702674504, 0.781815484664212, 2.1101751984382893, 2.4454759687467433, 0.6035915804416921]
APTIDAO: 
32.6851373808391
GEN: 3900
Individuo: 
[1.4402646267599495, 1.0044041423266503, 2.5327999135542063, 1.9934249885134967, 0.8451646503092886, 0.5531089315034392, 1.0136965273577376, 0.18691100143497744, 0.6088706601520942, 0.4756387965549699, 0.3099373129926884, 0.2993858119439276, 0.05502042354657863, 0.004438293224149433, 0.17272718743269333, 0.7991771370405136, 0.8612716373256696, 0.13439247865560855, 0.08833759925594634, 0.16401150239558418, 0.746289281610319, 0.07681651192762151, 0.7726660719908487, 0.6664498472686382, 0.049431134815637566, 0.022853172116140567, 5.6487811478271945, 5.499734596128456, 2.117698721808262, 3.248839551673027, 3.0032372287134796, 1.6175062365504558, 2.5673448498689426, 0.4494394721879721, 1.9270860391079598, 6.070417123197738, 2.3367402118209464, 4.888208098095271, 3.974269050986263, 1.3387318267301707, 2.0667194576943198, 1.9992642614444132, 1.0904459456402675, 3.4027152872812128, 10.0, 0.9946407522682352, 0.18299023347688603, 1.8075686984712933, 0.781815484664212, 2.1101751984382893, 2.4454759687467433, 0.4126725420022004]
APTIDAO: 
32.06032099263179
GEN: 4000
Individuo: 
[1.4402646267599495, 1.0044041423266503, 2.5327999135542063, 1.9934249885134967, 0.8451646503092886, 0.5531089315034392, 1.0136965273577376, 0.18691100143497744, 0.6088706601520942, 0.4756387965549699, 0.3099373129926884, 0.2993858119439276, 0.05502042354657863, 0.003934917140882693, 0.1722325529621856, 0.7991771370405136, 0.8612716373256696, 0.13439247865560855, 0.08833759925594634, 0.16401150239558418, 0.746289281610319, 0.07681651192762151, 0.7726660719908487, 0.6572309283009671, 0.049431134815637566, 0.022853172116140567, 5.6487811478271945, 5.499734596128456, 2.117698721808262, 3.248839551673027, 3.0032372287134796, 1.6175062365504558, 2.5673448498689426, 0.4494394721879721, 1.9270860391079598, 6.070417123197738, 2.3367402118209464, 4.888208098095271, 3.974269050986263, 1.23677034515575, 2.387405533826133, 1.9992642614444132, 1.0904459456402675, 3.4027152872812128, 10.0, 0.9946407522682352, 0.18299023347688603, 1.8075686984712933, 0.781815484664212, 1.9713256108989268, 2.4454759687467433, 0.4126725420022004]
APTIDAO: 
32.03880685984135
GEN: 4100
Individuo: 
[1.4402646267599495, 1.0044041423266503, 2.5327999135542063, 1.9934249885134967, 0.8451646503092886, 0.5531089315034392, 1.0136965273577376, 0.18691100143497744, 0.6088706601520942, 0.4756387965549699, 0.3099373129926884, 0.2993858119439276, 0.05502042354657863, 0.0031450287958520204, 0.1722325529621856, 0.7991771370405136, 0.8612716373256696, 0.13439247865560855, 0.08833759925594634, 0.16401150239558418, 0.746289281610319, 0.07681651192762151, 0.7726660719908487, 0.6572309283009671, 0.049431134815637566, 0.022853172116140567, 5.6487811478271945, 5.499734596128456, 2.117698721808262, 3.248839551673027, 3.0032372287134796, 1.6175062365504558, 2.5673448498689426, 0.4494394721879721, 1.9270860391079598, 6.070417123197738, 2.3367402118209464, 4.888208098095271, 3.974269050986263, 1.500595954756949, 2.387405533826133, 1.9992642614444132, 1.0904459456402675, 3.4027152872812128, 10.0, 0.9946407522682352, 0.18299023347688603, 1.8075686984712933, 0.781815484664212, 1.9713256108989268, 2.4454759687467433, 0.4126725420022004]
APTIDAO: 
32.054892337332156
GEN: 4200
Individuo: 
[1.4402646267599495, 1.0044041423266503, 2.5327999135542063, 1.9934249885134967, 0.8451646503092886, 0.5531089315034392, 1.0136965273577376, 0.18691100143497744, 0.6088706601520942, 0.4756387965549699, 0.3099373129926884, 0.2993858119439276, 0.0640912362078864, 0.0031450287958520204, 0.1722325529621856, 0.7991771370405136, 0.8612716373256696, 0.13439247865560855, 0.08800617469737913, 0.1532301133976013, 0.746289281610319, 0.12383352615559007, 0.7726660719908487, 0.6572309283009671, 0.05348469385062405, 0.004166061881196051, 5.6487811478271945, 5.499734596128456, 2.117698721808262, 3.248839551673027, 3.0032372287134796, 1.6175062365504558, 2.5673448498689426, 0.4494394721879721, 1.9270860391079598, 6.070417123197738, 2.3367402118209464, 4.888208098095271, 4.586073734606499, 1.500595954756949, 2.387405533826133, 1.9992642614444132, 1.0904459456402675, 3.4027152872812128, 10.0, 0.8753066541950925, 0.18299023347688603, 1.629854923967924, 0.781815484664212, 1.9713256108989268, 1.2733859571159578, 0.1506375189011542]
APTIDAO: 
31.434151058635504
GEN: 4300
Individuo: 
[1.4402646267599495, 1.0044041423266503, 2.5327999135542063, 1.9934249885134967, 0.8451646503092886, 0.5531089315034392, 1.0136965273577376, 0.18691100143497744, 0.6088706601520942, 0.4756387965549699, 0.3099373129926884, 0.2993858119439276, 0.0624949328643165, 0.00395417866469713, 0.1722325529621856, 0.7991771370405136, 0.8248376303237542, 0.13439247865560855, 0.08800617469737913, 0.1532301133976013, 0.746289281610319, 0.12383352615559007, 0.7726660719908487, 0.6572309283009671, 0.05348469385062405, 0.004166061881196051, 5.6487811478271945, 5.499734596128456, 2.117698721808262, 3.248839551673027, 3.0032372287134796, 1.6175062365504558, 2.5673448498689426, 0.4494394721879721, 1.9270860391079598, 6.070417123197738, 2.3367402118209464, 4.888208098095271, 4.099179903965042, 1.9544987473640336, 2.387405533826133, 1.9992642614444132, 0.6636631069025773, 3.4027152872812128, 10.0, 0.8753066541950925, 0.18299023347688603, 1.629854923967924, 0.781815484664212, 1.9713256108989268, 1.2733859571159578, 0.1506375189011542]
APTIDAO: 
31.38224690429838
GEN: 4400
Individuo: 
[1.4402646267599495, 1.0044041423266503, 2.5327999135542063, 1.9934249885134967, 0.8451646503092886, 0.5531089315034392, 1.0136965273577376, 0.18691100143497744, 0.6088706601520942, 0.4756387965549699, 0.3099373129926884, 0.2993858119439276, 0.0624949328643165, 0.00395417866469713, 0.1722325529621856, 0.7991771370405136, 0.8248376303237542, 0.13439247865560855, 0.08800617469737913, 0.1532301133976013, 0.746289281610319, 0.12383352615559007, 0.7726660719908487, 0.6572309283009671, 0.05348469385062405, 0.004166061881196051, 5.6487811478271945, 5.499734596128456, 2.117698721808262, 3.248839551673027, 3.0032372287134796, 1.6175062365504558, 2.5673448498689426, 0.4494394721879721, 1.9270860391079598, 6.070417123197738, 2.3367402118209464, 4.888208098095271, 4.099179903965042, 1.9544987473640336, 2.387405533826133, 1.9992642614444132, 0.6636631069025773, 3.4027152872812128, 10.0, 0.8753066541950925, 0.18299023347688603, 1.629854923967924, 0.781815484664212, 1.9713256108989268, 1.2733859571159578, 0.1506375189011542]
APTIDAO: 
31.38224690429838
GEN: 4500
Individuo: 
[1.4402646267599495, 1.0044041423266503, 2.5327999135542063, 1.9934249885134967, 0.8451646503092886, 0.5531089315034392, 1.0136965273577376, 0.18691100143497744, 0.6088706601520942, 0.4756387965549699, 0.3099373129926884, 0.2993858119439276, 0.0624949328643165, 0.00395417866469713, 0.1722325529621856, 0.7991771370405136, 0.8248376303237542, 0.13439247865560855, 0.08800617469737913, 0.1532301133976013, 0.746289281610319, 0.12383352615559007, 0.7726660719908487, 0.6572309283009671, 0.05348469385062405, 0.004166061881196051, 5.6487811478271945, 5.499734596128456, 2.117698721808262, 3.248839551673027, 3.0032372287134796, 1.6175062365504558, 2.5673448498689426, 0.4494394721879721, 1.9270860391079598, 6.070417123197738, 2.3367402118209464, 4.888208098095271, 4.099179903965042, 1.9544987473640336, 2.387405533826133, 1.9992642614444132, 0.6636631069025773, 3.4027152872812128, 10.0, 0.8753066541950925, 0.18299023347688603, 1.629854923967924, 0.781815484664212, 1.9713256108989268, 1.2733859571159578, 0.1506375189011542]
APTIDAO: 
31.38224690429838
GEN: 4600
Individuo: 
[1.4402646267599495, 1.0044041423266503, 2.5327999135542063, 1.9934249885134967, 0.8451646503092886, 0.5531089315034392, 1.0136965273577376, 0.18691100143497744, 0.6088706601520942, 0.4756387965549699, 0.3099373129926884, 0.2993858119439276, 0.0624949328643165, 0.004018675051500931, 0.1722325529621856, 0.7991771370405136, 0.8248376303237542, 0.13439247865560855, 0.08800617469737913, 0.1532301133976013, 0.746289281610319, 0.12383352615559007, 0.7726660719908487, 0.6572309283009671, 0.05348469385062405, 0.004166061881196051, 5.6487811478271945, 5.499734596128456, 2.117698721808262, 3.248839551673027, 3.0032372287134796, 1.6175062365504558, 2.5673448498689426, 0.4494394721879721, 1.9270860391079598, 6.070417123197738, 2.3367402118209464, 4.888208098095271, 4.099179903965042, 1.7873048802772362, 2.387405533826133, 1.9992642614444132, 0.6636631069025773, 3.4027152872812128, 10.0, 0.8753066541950925, 0.18299023347688603, 1.629854923967924, 0.781815484664212, 1.9713256108989268, 1.2733859571159578, 0.1506375189011542]
APTIDAO: 
31.38205279547755
GEN: 4700
Individuo: 
[1.4402646267599495, 1.0044041423266503, 2.5327999135542063, 1.9934249885134967, 0.8451646503092886, 0.5531089315034392, 1.0136965273577376, 0.18691100143497744, 0.6088706601520942, 0.4756387965549699, 0.3099373129926884, 0.2993858119439276, 0.0624949328643165, 0.004012899830475994, 0.1722325529621856, 0.7991771370405136, 0.8248376303237542, 0.13439247865560855, 0.08800617469737913, 0.1532301133976013, 0.746289281610319, 0.12383352615559007, 0.7726660719908487, 0.6572309283009671, 0.05348469385062405, 0.004166061881196051, 5.6487811478271945, 5.499734596128456, 2.117698721808262, 3.248839551673027, 3.0032372287134796, 1.6175062365504558, 2.5673448498689426, 0.4494394721879721, 1.9270860391079598, 6.070417123197738, 2.3367402118209464, 4.888208098095271, 4.099179903965042, 1.8695667022840026, 2.387405533826133, 1.9992642614444132, 0.6636631069025773, 3.4027152872812128, 10.0, 0.8753066541950925, 0.18299023347688603, 1.629854923967924, 0.781815484664212, 1.9713256108989268, 1.2733859571159578, 0.1506375189011542]
APTIDAO: 
31.381990963851866
GEN: 4800
Individuo: 
[1.4402646267599495, 1.0044041423266503, 2.5327999135542063, 1.9934249885134967, 0.8451646503092886, 0.5531089315034392, 1.0136965273577376, 0.18691100143497744, 0.6088706601520942, 0.4756387965549699, 0.3099373129926884, 0.2993858119439276, 0.0624949328643165, 0.004012899830475994, 0.1722325529621856, 0.7991771370405136, 0.8248376303237542, 0.13439247865560855, 0.08800617469737913, 0.1532301133976013, 0.746289281610319, 0.12383352615559007, 0.7726660719908487, 0.6572309283009671, 0.05348469385062405, 0.004166061881196051, 5.6487811478271945, 5.499734596128456, 2.117698721808262, 3.248839551673027, 3.0032372287134796, 1.6175062365504558, 2.5673448498689426, 0.4494394721879721, 1.9270860391079598, 6.070417123197738, 2.3367402118209464, 4.888208098095271, 4.099179903965042, 1.8695667022840026, 2.387405533826133, 1.9992642614444132, 0.6636631069025773, 3.4027152872812128, 10.0, 0.8753066541950925, 0.18299023347688603, 1.629854923967924, 0.781815484664212, 1.9713256108989268, 1.2733859571159578, 0.1506375189011542]
APTIDAO: 
31.381990963851866
GEN: 4900
Individuo: 
[1.4402646267599495, 1.0044041423266503, 2.5327999135542063, 1.9934249885134967, 0.835402833358586, 0.5437841717816133, 1.0136965273577376, 0.18691100143497744, 0.6088706601520942, 0.4756387965549699, 0.3099373129926884, 0.2993858119439276, 0.0624949328643165, 0.004012899830475994, 0.1722325529621856, 0.7991771370405136, 0.8248376303237542, 0.13439247865560855, 0.08800617469737913, 0.1532301133976013, 0.746289281610319, 0.12383352615559007, 0.7726660719908487, 0.6572309283009671, 0.05348469385062405, 0.004166061881196051, 5.6487811478271945, 5.499734596128456, 2.117698721808262, 3.248839551673027, 3.7107713069726884, 0.8552119996608197, 2.5673448498689426, 0.4494394721879721, 1.9270860391079598, 6.070417123197738, 2.3367402118209464, 4.888208098095271, 4.099179903965042, 1.8695667022840026, 2.387405533826133, 1.9992642614444132, 0.6636631069025773, 3.4027152872812128, 10.0, 0.8753066541950925, 0.18299023347688603, 1.629854923967924, 0.781815484664212, 1.9713256108989268, 1.2733859571159578, 0.1506375189011542]
APTIDAO: 
31.46524883943538
GEN: 5000
Individuo: 
[1.4402646267599495, 1.0044041423266503, 2.5443347340059144, 1.9934249885134967, 0.835402833358586, 0.5420764324957852, 1.0136965273577376, 0.18691100143497744, 0.6088706601520942, 0.4756387965549699, 0.3099373129926884, 0.2993858119439276, 0.0624949328643165, 0.004683014662979141, 0.1722325529621856, 0.7991771370405136, 0.8248376303237542, 0.1333052333944764, 0.08800617469737913, 0.1532301133976013, 0.746289281610319, 0.12383352615559007, 0.7726660719908487, 0.6572309283009671, 0.05348469385062405, 0.004166061881196051, 5.6487811478271945, 5.499734596128456, 2.4020039989346618, 3.248839551673027, 3.7107713069726884, 2.0770420932114906, 2.5673448498689426, 0.4494394721879721, 1.9270860391079598, 6.070417123197738, 2.3367402118209464, 4.888208098095271, 4.099179903965042, 3.605773971534475, 2.387405533826133, 1.9992642614444132, 0.6636631069025773, 2.0970753236132, 10.0, 0.8753066541950925, 0.18299023347688603, 1.629854923967924, 0.781815484664212, 1.9713256108989268, 1.2733859571159578, 0.1506375189011542]
APTIDAO: 
31.480452617883056
GEN: 5100
Individuo: 
[1.4402646267599495, 1.0044041423266503, 2.5443347340059144, 1.9934249885134967, 0.835402833358586, 0.5420764324957852, 1.0136965273577376, 0.18691100143497744, 0.6088706601520942, 0.4756387965549699, 0.3099373129926884, 0.2993858119439276, 0.0624949328643165, 0.0034608194717410386, 0.1722325529621856, 0.7991771370405136, 0.8248376303237542, 0.13312391136267349, 0.08800617469737913, 0.13176774680052827, 0.746289281610319, 0.12383352615559007, 0.7726660719908487, 0.6572309283009671, 0.05348469385062405, 0.004166061881196051, 5.6487811478271945, 5.499734596128456, 2.4020039989346618, 3.248839551673027, 3.7107713069726884, 2.0770420932114906, 2.5673448498689426, 0.4494394721879721, 1.9270860391079598, 6.070417123197738, 2.3367402118209464, 4.888208098095271, 4.099179903965042, 6.877153973901178, 2.387405533826133, 1.9992642614444132, 0.6636631069025773, 1.076864784429612, 10.0, 0.7437397473129486, 0.18299023347688603, 1.629854923967924, 0.781815484664212, 1.9713256108989268, 1.2733859571159578, 0.1506375189011542]
APTIDAO: 
31.41916975238142
GEN: 5200
Individuo: 
[1.4402646267599495, 1.0044041423266503, 2.5443347340059144, 1.9934249885134967, 0.835402833358586, 0.5420764324957852, 1.0136965273577376, 0.18691100143497744, 0.6088706601520942, 0.4756387965549699, 0.3099373129926884, 0.2993858119439276, 0.0624949328643165, 0.002268230524157136, 0.1722325529621856, 0.7991771370405136, 0.8248376303237542, 0.13312391136267349, 0.08800617469737913, 0.13176774680052827, 0.746289281610319, 0.12383352615559007, 0.7726660719908487, 0.6538632088335558, 0.05348469385062405, 0.004166061881196051, 5.6487811478271945, 5.499734596128456, 2.4020039989346618, 3.248839551673027, 3.7107713069726884, 2.0770420932114906, 2.5673448498689426, 0.4494394721879721, 1.9270860391079598, 6.070417123197738, 2.3367402118209464, 4.888208098095271, 4.099179903965042, 4.924874800762199, 2.387405533826133, 1.9992642614444132, 0.6636631069025773, 1.076864784429612, 10.0, 0.7437397473129486, 0.18299023347688603, 1.629854923967924, 0.781815484664212, 1.090148366130076, 1.2733859571159578, 0.1506375189011542]
APTIDAO: 
31.416320173280543
GEN: 5300
Individuo: 
[1.4402646267599495, 1.0044041423266503, 2.5443347340059144, 2.005566966619838, 0.835402833358586, 0.5420764324957852, 1.0136965273577376, 0.18691100143497744, 0.6088706601520942, 0.4756387965549699, 0.3099373129926884, 0.2993858119439276, 0.0624949328643165, 0.002268230524157136, 0.1722325529621856, 0.7991771370405136, 0.7881123959836208, 0.11010223864620103, 0.08800617469737913, 0.13176774680052827, 0.746289281610319, 0.12383352615559007, 0.7726660719908487, 0.6452346285747567, 0.05348469385062405, 0.004166061881196051, 5.6487811478271945, 5.499734596128456, 2.4020039989346618, 2.04339933052007, 3.7107713069726884, 2.0770420932114906, 2.5673448498689426, 0.4494394721879721, 1.9270860391079598, 6.070417123197738, 2.3367402118209464, 4.888208098095271, 4.099179903965042, 4.924874800762199, 2.387405533826133, 1.9992642614444132, 0.5426071843755433, 0.7362976015284074, 10.0, 0.7437397473129486, 0.18299023347688603, 1.629854923967924, 0.781815484664212, 1.517588060637693, 1.2733859571159578, 0.1506375189011542]
APTIDAO: 
31.321693909600878
GEN: 5400
Individuo: 
[1.4402646267599495, 1.0044041423266503, 2.5443347340059144, 2.0112152403974597, 0.835402833358586, 0.5459928145856007, 1.0136965273577376, 0.18691100143497744, 0.6088706601520942, 0.4756387965549699, 0.3099373129926884, 0.2993858119439276, 0.05845277990520545, 0.002563222008266485, 0.1722325529621856, 0.7991771370405136, 0.7881123959836208, 0.11010223864620103, 0.08800617469737913, 0.13176774680052827, 0.746289281610319, 0.12383352615559007, 0.7722235060721981, 0.6452346285747567, 0.05348469385062405, 0.004166061881196051, 5.6487811478271945, 5.499734596128456, 2.4020039989346618, 2.6429661723070574, 3.7107713069726884, 1.546318207109632, 2.5673448498689426, 0.4494394721879721, 1.9270860391079598, 6.070417123197738, 2.3367402118209464, 4.888208098095271, 3.4487500709190777, 3.778297051302752, 2.387405533826133, 1.9992642614444132, 0.5426071843755433, 0.7362976015284074, 10.0, 0.7437397473129486, 0.18299023347688603, 1.629854923967924, 1.4620151954336067, 1.517588060637693, 1.2733859571159578, 0.1506375189011542]
APTIDAO: 
31.286552925191348
GEN: 5500
Individuo: 
[1.4402646267599495, 1.0044041423266503, 2.5443347340059144, 2.0112152403974597, 0.835402833358586, 0.5459928145856007, 1.0136965273577376, 0.18691100143497744, 0.6088706601520942, 0.4756387965549699, 0.3099373129926884, 0.2993858119439276, 0.05845277990520545, 0.012568182055745777, 0.1722325529621856, 0.7991771370405136, 0.7881123959836208, 0.11010223864620103, 0.08800617469737913, 0.13176774680052827, 0.746289281610319, 0.12383352615559007, 0.7722235060721981, 0.672729287858151, 0.052744342531385616, 0.004166061881196051, 5.6487811478271945, 5.499734596128456, 2.4020039989346618, 2.6429661723070574, 3.7107713069726884, 1.546318207109632, 2.5673448498689426, 0.4494394721879721, 1.9270860391079598, 6.070417123197738, 2.3367402118209464, 4.888208098095271, 3.4487500709190777, 2.5030104198703635, 2.387405533826133, 1.9992642614444132, 0.5426071843755433, 0.7362976015284074, 10.0, 0.7437397473129486, 0.18299023347688603, 1.629854923967924, 1.4620151954336067, 1.511201756844714, 2.0866110839602765, 0.1506375189011542]
APTIDAO: 
31.448628919136215
GEN: 5600
Individuo: 
[1.4402646267599495, 1.0044041423266503, 2.5443347340059144, 2.0112152403974597, 0.835402833358586, 0.5459928145856007, 1.0136965273577376, 0.18691100143497744, 0.6088706601520942, 0.4756387965549699, 0.3099373129926884, 0.2993858119439276, 0.06096038462311244, 0.00951220741315499, 0.1722325529621856, 0.7991771370405136, 0.7881123959836208, 0.11010223864620103, 0.08800617469737913, 0.13176774680052827, 0.746289281610319, 0.12383352615559007, 0.7722235060721981, 0.672729287858151, 0.053020269988509984, 0.004166061881196051, 5.6487811478271945, 5.499734596128456, 2.4020039989346618, 2.6429661723070574, 3.7107713069726884, 1.546318207109632, 2.5673448498689426, 0.4494394721879721, 1.9270860391079598, 6.070417123197738, 2.3367402118209464, 4.888208098095271, 4.812963856071115, 1.485562797188432, 2.387405533826133, 1.9992642614444132, 0.5426071843755433, 0.7362976015284074, 10.0, 0.7437397473129486, 0.18299023347688603, 1.629854923967924, 1.4620151954336067, 1.511201756844714, 1.4216048429668786, 0.1506375189011542]
APTIDAO: 
31.370184856398176
GEN: 5700
Individuo: 
[1.4402646267599495, 1.0044041423266503, 2.5443347340059144, 2.0112152403974597, 0.835402833358586, 0.5459928145856007, 1.0136965273577376, 0.18691100143497744, 0.6088706601520942, 0.4756387965549699, 0.3099373129926884, 0.2993858119439276, 0.06096038462311244, 0.0066591132040025695, 0.1722325529621856, 0.7991771370405136, 0.7881123959836208, 0.10454060615125173, 0.08800617469737913, 0.13176774680052827, 0.746289281610319, 0.12383352615559007, 0.7722235060721981, 0.672729287858151, 0.05537399645781198, 0.004166061881196051, 5.6487811478271945, 5.499734596128456, 2.4020039989346618, 2.6429661723070574, 3.7107713069726884, 1.546318207109632, 2.5673448498689426, 0.4494394721879721, 1.9270860391079598, 6.070417123197738, 2.3367402118209464, 4.888208098095271, 4.812963856071115, 1.251469271522343, 2.387405533826133, 1.9992642614444132, 0.5426071843755433, 0.7670179692848282, 10.0, 0.7437397473129486, 0.18299023347688603, 1.629854923967924, 1.4620151954336067, 1.511201756844714, 0.9237445281775228, 0.1506375189011542]
APTIDAO: 
31.360380695338456
GEN: 5800
Individuo: 
[1.4402646267599495, 1.0044041423266503, 2.5443347340059144, 2.0112152403974597, 0.835402833358586, 0.5459928145856007, 1.0136965273577376, 0.18195545352661469, 0.6088706601520942, 0.4756387965549699, 0.3099373129926884, 0.2993858119439276, 0.06096038462311244, 0.006761819827729446, 0.1722325529621856, 0.7991771370405136, 0.7881123959836208, 0.10454060615125173, 0.08800617469737913, 0.13176774680052827, 0.746289281610319, 0.12383352615559007, 0.7722235060721981, 0.672729287858151, 0.05537399645781198, 0.004166061881196051, 5.6487811478271945, 5.499734596128456, 2.4020039989346618, 2.6429661723070574, 3.7107713069726884, 1.546318207109632, 2.5673448498689426, 0.5581394368714678, 1.9270860391079598, 6.070417123197738, 2.3367402118209464, 4.888208098095271, 4.812963856071115, 1.4719374430810757, 2.387405533826133, 1.9992642614444132, 0.5426071843755433, 0.7670179692848282, 10.0, 0.7437397473129486, 0.18299023347688603, 1.629854923967924, 1.4620151954336067, 1.511201756844714, 0.9237445281775228, 0.1506375189011542]
APTIDAO: 
31.35077224649416
GEN: 5900
Individuo: 
[1.4402646267599495, 1.0044041423266503, 2.5443347340059144, 2.0112152403974597, 0.835402833358586, 0.5459928145856007, 1.0136965273577376, 0.18195545352661469, 0.6088706601520942, 0.4756387965549699, 0.3099373129926884, 0.2993858119439276, 0.06096038462311244, 0.006761819827729446, 0.1722325529621856, 0.7991771370405136, 0.7881123959836208, 0.09816904447857026, 0.08800617469737913, 0.12486269210266313, 0.746289281610319, 0.12383352615559007, 0.7722235060721981, 0.672729287858151, 0.05545676782666334, 0.004166061881196051, 5.6487811478271945, 5.499734596128456, 2.4020039989346618, 2.6429661723070574, 3.7107713069726884, 1.546318207109632, 2.5673448498689426, 0.5581394368714678, 1.9270860391079598, 6.070417123197738, 2.3367402118209464, 4.888208098095271, 4.812963856071115, 1.4719374430810757, 2.387405533826133, 1.9992642614444132, 0.5426071843755433, 0.5545833866877946, 10.0, 0.6815347319109475, 0.18299023347688603, 1.629854923967924, 1.4620151954336067, 1.511201756844714, 0.9761889598555519, 0.1506375189011542]
APTIDAO: 
31.325648072070603
GEN: 6000
Individuo: 
[1.4402646267599495, 1.0044041423266503, 2.5443347340059144, 2.0112152403974597, 0.835402833358586, 0.5459928145856007, 1.0136965273577376, 0.18195545352661469, 0.6088706601520942, 0.4756387965549699, 0.3099373129926884, 0.2993858119439276, 0.06096038462311244, 0.006761819827729446, 0.1722325529621856, 0.7991771370405136, 0.7881123959836208, 0.09816904447857026, 0.08800617469737913, 0.16319017476151862, 0.746289281610319, 0.12383352615559007, 0.7722235060721981, 0.672729287858151, 0.05858287731446238, 0.004166061881196051, 5.6487811478271945, 5.499734596128456, 2.4020039989346618, 2.6429661723070574, 3.7107713069726884, 1.546318207109632, 2.5673448498689426, 0.5581394368714678, 1.9270860391079598, 6.070417123197738, 2.3367402118209464, 4.888208098095271, 4.812963856071115, 1.4719374430810757, 2.387405533826133, 1.9992642614444132, 0.5426071843755433, 0.5545833866877946, 10.0, 0.5370799538578914, 0.18299023347688603, 1.629854923967924, 1.4620151954336067, 1.511201756844714, 0.9886954528193003, 0.1506375189011542]
APTIDAO: 
31.520970558624818
GEN: 6100
Individuo: 
[1.4402646267599495, 1.0044041423266503, 2.5443347340059144, 2.0112152403974597, 0.835402833358586, 0.5459928145856007, 1.0136965273577376, 0.18195545352661469, 0.6088706601520942, 0.4756387965549699, 0.3099373129926884, 0.2993858119439276, 0.06096038462311244, 0.00195029160771367, 0.1722325529621856, 0.7991771370405136, 0.7881123959836208, 0.09935739507268918, 0.08800617469737913, 0.1219523935817693, 0.746289281610319, 0.12383352615559007, 0.7722235060721981, 0.672729287858151, 0.05858287731446238, 0.004166061881196051, 5.6487811478271945, 5.499734596128456, 2.4020039989346618, 2.6429661723070574, 3.7107713069726884, 1.546318207109632, 2.5673448498689426, 0.5581394368714678, 1.9270860391079598, 6.070417123197738, 2.3367402118209464, 4.888208098095271, 4.812963856071115, 1.4656056179637802, 2.387405533826133, 1.9992642614444132, 0.5426071843755433, 0.6829823651462906, 10.0, 0.7549473217423622, 0.18299023347688603, 1.629854923967924, 1.4620151954336067, 1.511201756844714, 0.9886954528193003, 0.1506375189011542]
APTIDAO: 
31.355443166305065
GEN: 6200
Individuo: 
[1.4402646267599495, 1.0044041423266503, 2.5443347340059144, 2.0112152403974597, 0.835402833358586, 0.5459928145856007, 1.0136965273577376, 0.18195545352661469, 0.6088706601520942, 0.4756387965549699, 0.3099373129926884, 0.2993858119439276, 0.06096038462311244, 0.002131796977763503, 0.1722325529621856, 0.7991771370405136, 0.7881123959836208, 0.10755241914200135, 0.08800617469737913, 0.1219523935817693, 0.746289281610319, 0.12383352615559007, 0.7722235060721981, 0.672729287858151, 0.05858287731446238, 0.004166061881196051, 5.6487811478271945, 5.499734596128456, 2.4020039989346618, 2.6429661723070574, 3.7107713069726884, 1.546318207109632, 2.5673448498689426, 0.5581394368714678, 1.9270860391079598, 6.070417123197738, 2.3367402118209464, 4.888208098095271, 4.812963856071115, 1.06149313647339, 2.387405533826133, 1.9992642614444132, 0.5426071843755433, 0.7416445401724652, 10.0, 0.7549473217423622, 0.18299023347688603, 1.629854923967924, 1.4620151954336067, 1.511201756844714, 0.9886954528193003, 0.1506375189011542]
APTIDAO: 
31.345967430394403
GEN: 6300
Individuo: 
[1.4402646267599495, 1.0044041423266503, 2.5443347340059144, 2.0112152403974597, 0.835402833358586, 0.5459928145856007, 1.0136965273577376, 0.18195545352661469, 0.6088706601520942, 0.4756387965549699, 0.3099373129926884, 0.2993858119439276, 0.060122281879225754, 0.002131796977763503, 0.1722325529621856, 0.7991771370405136, 0.7881123959836208, 0.10755241914200135, 0.08800617469737913, 0.1219523935817693, 0.746289281610319, 0.12383352615559007, 0.7722235060721981, 0.672729287858151, 0.05858287731446238, 0.004166061881196051, 5.6487811478271945, 5.499734596128456, 2.4020039989346618, 2.6429661723070574, 3.7107713069726884, 1.546318207109632, 2.5673448498689426, 0.5581394368714678, 1.9270860391079598, 6.070417123197738, 2.3367402118209464, 4.888208098095271, 9.517291163219573, 1.06149313647339, 2.387405533826133, 1.9992642614444132, 0.5426071843755433, 0.7416445401724652, 10.0, 0.7549473217423622, 0.18299023347688603, 1.629854923967924, 1.4620151954336067, 1.511201756844714, 0.9886954528193003, 0.1506375189011542]
APTIDAO: 
31.33960189578955
GEN: 6400
Individuo: 
[1.4402646267599495, 1.0044041423266503, 2.5443347340059144, 2.0112152403974597, 0.835402833358586, 0.5459928145856007, 1.0136965273577376, 0.18195545352661469, 0.6088706601520942, 0.4756387965549699, 0.3099373129926884, 0.2993858119439276, 0.060122281879225754, 0.0013265146586327618, 0.1722325529621856, 0.7991771370405136, 0.7881123959836208, 0.10755241914200135, 0.08800617469737913, 0.1219523935817693, 0.746289281610319, 0.12383352615559007, 0.7722235060721981, 0.6696572012158055, 0.05858287731446238, 0.004166061881196051, 5.6487811478271945, 5.499734596128456, 2.4020039989346618, 2.6429661723070574, 3.7107713069726884, 1.546318207109632, 2.5673448498689426, 0.5581394368714678, 1.9270860391079598, 6.070417123197738, 2.3367402118209464, 4.888208098095271, 9.517291163219573, 0.6167962598740933, 2.387405533826133, 1.9992642614444132, 0.5426071843755433, 0.7416445401724652, 10.0, 0.7549473217423622, 0.18299023347688603, 1.629854923967924, 1.4620151954336067, 1.8598984907931138, 0.9886954528193003, 0.1506375189011542]
APTIDAO: 
31.335560959888298
GEN: 6500
Individuo: 
[1.4402646267599495, 1.0044041423266503, 2.5443347340059144, 2.0112152403974597, 0.835402833358586, 0.5459928145856007, 1.0136965273577376, 0.18195545352661469, 0.6088706601520942, 0.4756387965549699, 0.3099373129926884, 0.2993858119439276, 0.060122281879225754, 0.0013743488122534627, 0.1722325529621856, 0.7991771370405136, 0.7881123959836208, 0.10755241914200135, 0.08800617469737913, 0.1219523935817693, 0.746289281610319, 0.12383352615559007, 0.7722235060721981, 0.6696572012158055, 0.05858287731446238, 0.004166061881196051, 5.6487811478271945, 5.499734596128456, 2.4020039989346618, 2.6429661723070574, 3.7107713069726884, 1.546318207109632, 2.5673448498689426, 0.5581394368714678, 1.9270860391079598, 6.070417123197738, 2.3367402118209464, 4.888208098095271, 9.517291163219573, 1.1399430114417413, 2.387405533826133, 1.9992642614444132, 0.5426071843755433, 0.7416445401724652, 10.0, 0.7549473217423622, 0.18299023347688603, 1.629854923967924, 1.4620151954336067, 1.8598984907931138, 0.9886954528193003, 0.1506375189011542]
APTIDAO: 
31.33551638908041
GEN: 6600
Individuo: 
[1.4402646267599495, 1.0044041423266503, 2.5443347340059144, 2.0112152403974597, 0.835402833358586, 0.5459928145856007, 1.0136965273577376, 0.18195545352661469, 0.6088706601520942, 0.4756387965549699, 0.3099373129926884, 0.2993858119439276, 0.060122281879225754, 0.0032403792039030067, 0.17131218646930416, 0.7991771370405136, 0.7881123959836208, 0.10509685098325587, 0.08800617469737913, 0.12641030042756107, 0.746289281610319, 0.12383352615559007, 0.7722235060721981, 0.6696572012158055, 0.05858287731446238, 0.004166061881196051, 5.6487811478271945, 5.499734596128456, 2.4020039989346618, 2.6429661723070574, 3.7107713069726884, 1.546318207109632, 2.5673448498689426, 0.5581394368714678, 1.9270860391079598, 6.070417123197738, 2.3367402118209464, 4.888208098095271, 9.517291163219573, 1.03874805609447, 4.264224323175546, 1.9992642614444132, 0.5426071843755433, 0.8890511839027768, 10.0, 1.0856880574372618, 0.18299023347688603, 1.629854923967924, 1.4620151954336067, 1.8598984907931138, 0.9886954528193003, 0.1506375189011542]
APTIDAO: 
31.302177163041872
GEN: 6700
Individuo: 
[1.4402646267599495, 1.0044041423266503, 2.5443347340059144, 2.0112152403974597, 0.835402833358586, 0.5459928145856007, 1.0136965273577376, 0.18195545352661469, 0.6088706601520942, 0.4756387965549699, 0.3099373129926884, 0.2993858119439276, 0.060122281879225754, 0.002669344712762589, 0.17131218646930416, 0.7958380813845172, 0.7881123959836208, 0.09540635470167862, 0.08800617469737913, 0.1296615426326409, 0.746289281610319, 0.12383352615559007, 0.7722235060721981, 0.6696572012158055, 0.05858287731446238, 0.004166061881196051, 5.6487811478271945, 5.499734596128456, 2.4020039989346618, 2.6429661723070574, 3.7107713069726884, 1.546318207109632, 2.5673448498689426, 0.5581394368714678, 1.9270860391079598, 6.070417123197738, 2.3367402118209464, 4.888208098095271, 9.517291163219573, 2.716346786490071, 4.264224323175546, 2.238375826658606, 0.5426071843755433, 0.9361949175950169, 10.0, 0.6363674126516182, 0.18299023347688603, 1.629854923967924, 1.4620151954336067, 1.8598984907931138, 0.9886954528193003, 0.1506375189011542]
APTIDAO: 
31.295057027804795
GEN: 6800
Individuo: 
[1.4402646267599495, 1.0044041423266503, 2.5443347340059144, 2.0112152403974597, 0.835402833358586, 0.5459928145856007, 1.0136965273577376, 0.18195545352661469, 0.6088706601520942, 0.4756387965549699, 0.3099373129926884, 0.2993858119439276, 0.060122281879225754, 0.002669344712762589, 0.17131218646930416, 0.7958380813845172, 0.7881123959836208, 0.09540635470167862, 0.08800617469737913, 0.1296615426326409, 0.746289281610319, 0.12383352615559007, 0.7722235060721981, 0.6696572012158055, 0.05878670354418602, 0.004166061881196051, 5.6487811478271945, 5.499734596128456, 2.4020039989346618, 2.6429661723070574, 3.7107713069726884, 1.546318207109632, 2.5673448498689426, 0.5581394368714678, 1.9270860391079598, 6.070417123197738, 2.3367402118209464, 4.888208098095271, 9.517291163219573, 2.716346786490071, 4.264224323175546, 2.238375826658606, 0.5426071843755433, 0.9361949175950169, 10.0, 0.6363674126516182, 0.18299023347688603, 1.629854923967924, 1.4620151954336067, 1.8598984907931138, 0.8058238071530853, 0.1506375189011542]
APTIDAO: 
31.293073883452966
GEN: 6900
Individuo: 
[1.4402646267599495, 1.0044041423266503, 2.5443347340059144, 2.0112152403974597, 0.835402833358586, 0.5459928145856007, 1.0136965273577376, 0.18195545352661469, 0.6088706601520942, 0.4756387965549699, 0.3128022639448778, 0.2993858119439276, 0.060122281879225754, 0.0031950717701753027, 0.17131218646930416, 0.7958380813845172, 0.7881123959836208, 0.11171071228478581, 0.08800617469737913, 0.1296615426326409, 0.746289281610319, 0.12383352615559007, 0.7722235060721981, 0.6832207166011546, 0.05878670354418602, 0.004166061881196051, 5.6487811478271945, 5.499734596128456, 2.4020039989346618, 2.6429661723070574, 3.7107713069726884, 1.546318207109632, 2.5673448498689426, 0.5581394368714678, 1.9270860391079598, 6.070417123197738, 2.588259293234219, 4.888208098095271, 9.517291163219573, 0.9952310357981282, 4.264224323175546, 2.238375826658606, 0.5426071843755433, 0.5272191253529622, 10.0, 0.6363674126516182, 0.18299023347688603, 1.629854923967924, 1.4620151954336067, 1.2028065400746542, 0.8058238071530853, 0.1506375189011542]
APTIDAO: 
31.366750868676846
GEN: 7000
Individuo: 
[1.4402646267599495, 1.0044041423266503, 2.5443347340059144, 2.0112152403974597, 0.835402833358586, 0.5729840127256219, 1.0136965273577376, 0.18195545352661469, 0.6088706601520942, 0.4756387965549699, 0.3099373129926884, 0.2993858119439276, 0.060122281879225754, 0.01339795285278268, 0.17131218646930416, 0.7958380813845172, 0.7881123959836208, 0.09326972716298099, 0.08800617469737913, 0.1296615426326409, 0.746289281610319, 0.12383352615559007, 0.7722235060721981, 0.6832207166011546, 0.05878670354418602, 0.004166061881196051, 5.6487811478271945, 5.499734596128456, 2.4020039989346618, 2.6429661723070574, 3.7107713069726884, 1.8099645419528276, 2.5673448498689426, 0.5581394368714678, 1.9270860391079598, 6.070417123197738, 2.3367402118209464, 4.888208098095271, 9.517291163219573, 1.6676099129820385, 4.264224323175546, 2.238375826658606, 0.5426071843755433, 0.6120722399107134, 10.0, 0.6363674126516182, 0.18299023347688603, 1.629854923967924, 1.4620151954336067, 1.2028065400746542, 0.8058238071530853, 0.1506375189011542]
APTIDAO: 
31.258757889982363
GEN: 7100
Individuo: 
[1.4402646267599495, 1.0044041423266503, 2.5443347340059144, 2.0112152403974597, 0.835402833358586, 0.5729840127256219, 1.0136965273577376, 0.18195545352661469, 0.6088706601520942, 0.4756387965549699, 0.3099373129926884, 0.2993858119439276, 0.05693470789700667, 0.013074457833550199, 0.17131218646930416, 0.7958380813845172, 0.7881123959836208, 0.09326972716298099, 0.08800617469737913, 0.1296615426326409, 0.746289281610319, 0.12383352615559007, 0.7722235060721981, 0.6832207166011546, 0.05878670354418602, 0.004166061881196051, 5.6487811478271945, 5.499734596128456, 2.4020039989346618, 2.6429661723070574, 3.7107713069726884, 1.8099645419528276, 2.5673448498689426, 0.5581394368714678, 1.9270860391079598, 6.070417123197738, 2.3367402118209464, 4.888208098095271, 4.887975703110948, 1.149694378924148, 4.264224323175546, 2.238375826658606, 0.5426071843755433, 0.6120722399107134, 10.0, 0.6363674126516182, 0.18299023347688603, 1.629854923967924, 1.4620151954336067, 1.2028065400746542, 0.8058238071530853, 0.1506375189011542]
APTIDAO: 
31.215938385261232
GEN: 7200
Individuo: 
[1.4402646267599495, 1.0044041423266503, 2.5443347340059144, 2.0112152403974597, 0.835402833358586, 0.5729840127256219, 1.0136965273577376, 0.18195545352661469, 0.6088706601520942, 0.4756387965549699, 0.3099373129926884, 0.2993858119439276, 0.05693470789700667, 0.013074457833550199, 0.17131218646930416, 0.7958380813845172, 0.7881123959836208, 0.09326972716298099, 0.08800617469737913, 0.1296615426326409, 0.746289281610319, 0.12383352615559007, 0.7722235060721981, 0.6832207166011546, 0.05878670354418602, 0.004166061881196051, 5.6487811478271945, 5.499734596128456, 2.4020039989346618, 2.6429661723070574, 3.7107713069726884, 1.8099645419528276, 2.5673448498689426, 0.5581394368714678, 1.9270860391079598, 6.070417123197738, 2.3367402118209464, 4.888208098095271, 4.887975703110948, 1.149694378924148, 4.264224323175546, 2.238375826658606, 0.5426071843755433, 0.6120722399107134, 10.0, 0.6363674126516182, 0.18299023347688603, 1.629854923967924, 1.4620151954336067, 1.2028065400746542, 0.8058238071530853, 0.1506375189011542]
APTIDAO: 
31.215938385261232
GEN: 7300
Individuo: 
[1.4402646267599495, 1.0044041423266503, 2.5443347340059144, 2.0112152403974597, 0.8375417102212022, 0.5729840127256219, 1.0136965273577376, 0.18195545352661469, 0.6088706601520942, 0.4756387965549699, 0.3099373129926884, 0.2993858119439276, 0.05693470789700667, 0.01149130831898264, 0.17131218646930416, 0.7958380813845172, 0.7881123959836208, 0.09326972716298099, 0.08800617469737913, 0.1296615426326409, 0.746289281610319, 0.12383352615559007, 0.7722235060721981, 0.6832207166011546, 0.05878670354418602, 0.004166061881196051, 5.6487811478271945, 5.499734596128456, 2.4020039989346618, 2.6429661723070574, 7.152729761944953, 1.8099645419528276, 2.5673448498689426, 0.5581394368714678, 1.9270860391079598, 6.070417123197738, 2.3367402118209464, 4.888208098095271, 4.887975703110948, 1.1951701162010653, 4.264224323175546, 2.238375826658606, 0.5426071843755433, 0.6120722399107134, 10.0, 0.6363674126516182, 0.18299023347688603, 1.629854923967924, 1.4620151954336067, 1.2028065400746542, 0.8058238071530853, 0.1506375189011542]
APTIDAO: 
31.217499697610332
GEN: 7400
Individuo: 
[1.4402646267599495, 1.0044041423266503, 2.5443347340059144, 2.0112152403974597, 0.8375417102212022, 0.5729840127256219, 1.0136965273577376, 0.18195545352661469, 0.6088706601520942, 0.4756387965549699, 0.3099373129926884, 0.2993858119439276, 0.05424240566013942, 0.010041127368206048, 0.17131218646930416, 0.7958380813845172, 0.7881123959836208, 0.09326972716298099, 0.08800617469737913, 0.1296615426326409, 0.746289281610319, 0.12383352615559007, 0.7722235060721981, 0.6768840851950749, 0.05878670354418602, 0.004166061881196051, 5.6487811478271945, 5.499734596128456, 2.4020039989346618, 2.6429661723070574, 7.152729761944953, 1.8099645419528276, 2.5673448498689426, 0.5581394368714678, 1.9270860391079598, 6.070417123197738, 2.3367402118209464, 4.888208098095271, 6.138632527987508, 0.7315510439582601, 4.264224323175546, 2.238375826658606, 0.5426071843755433, 0.6120722399107134, 10.0, 0.6363674126516182, 0.18299023347688603, 1.629854923967924, 1.4620151954336067, 2.1645535545766337, 0.8058238071530853, 0.1506375189011542]
APTIDAO: 
31.20307315378405
GEN: 7500
Individuo: 
[1.4402646267599495, 1.0044041423266503, 2.5443347340059144, 2.0112152403974597, 0.8375417102212022, 0.5729840127256219, 1.0136965273577376, 0.18195545352661469, 0.6088706601520942, 0.4756387965549699, 0.3099373129926884, 0.2993858119439276, 0.05424240566013942, 0.010041127368206048, 0.17131218646930416, 0.7958380813845172, 0.7881123959836208, 0.09326972716298099, 0.08800617469737913, 0.1296615426326409, 0.746289281610319, 0.12383352615559007, 0.7722235060721981, 0.6768840851950749, 0.05878670354418602, 0.004166061881196051, 5.6487811478271945, 5.499734596128456, 2.4020039989346618, 2.6429661723070574, 7.152729761944953, 1.8099645419528276, 2.5673448498689426, 0.5581394368714678, 1.9270860391079598, 6.070417123197738, 2.3367402118209464, 4.888208098095271, 6.138632527987508, 0.7315510439582601, 4.264224323175546, 2.238375826658606, 0.5426071843755433, 0.6120722399107134, 10.0, 0.6363674126516182, 0.18299023347688603, 1.629854923967924, 1.4620151954336067, 2.1645535545766337, 0.8058238071530853, 0.1506375189011542]
APTIDAO: 
31.20307315378405
GEN: 7600
Individuo: 
[1.4402646267599495, 1.0044041423266503, 2.5443347340059144, 2.0112152403974597, 0.8375417102212022, 0.5729840127256219, 1.0136965273577376, 0.18195545352661469, 0.6088706601520942, 0.4756387965549699, 0.3099373129926884, 0.2993858119439276, 0.05424240566013942, 0.010780019687696294, 0.17131218646930416, 0.7958380813845172, 0.7881123959836208, 0.09326972716298099, 0.08800617469737913, 0.1296615426326409, 0.746289281610319, 0.12383352615559007, 0.7759776046544842, 0.6919808527248527, 0.059804564126844414, 0.004166061881196051, 5.6487811478271945, 5.499734596128456, 2.4020039989346618, 2.6429661723070574, 7.152729761944953, 1.8099645419528276, 2.5673448498689426, 0.5581394368714678, 1.9270860391079598, 6.070417123197738, 2.3367402118209464, 4.888208098095271, 6.138632527987508, 0.9233721305333676, 4.264224323175546, 2.238375826658606, 0.5426071843755433, 0.6120722399107134, 10.0, 0.6363674126516182, 0.18299023347688603, 1.629854923967924, 1.1963995145632587, 3.5908892576671003, 0.7264434152832743, 0.1506375189011542]
APTIDAO: 
31.217206023689577
GEN: 7700
Individuo: 
[1.4402646267599495, 1.0044041423266503, 2.5443347340059144, 2.0112152403974597, 0.8375417102212022, 0.5729840127256219, 1.0136965273577376, 0.18195545352661469, 0.6088706601520942, 0.4756387965549699, 0.3099373129926884, 0.2993858119439276, 0.05424240566013942, 0.011284682875449708, 0.17131218646930416, 0.7958380813845172, 0.7881123959836208, 0.09326972716298099, 0.08800617469737913, 0.1296615426326409, 0.746289281610319, 0.12383352615559007, 0.7759776046544842, 0.6919808527248527, 0.059804564126844414, 0.004166061881196051, 5.6487811478271945, 5.499734596128456, 2.4020039989346618, 2.6429661723070574, 7.152729761944953, 1.8099645419528276, 2.5673448498689426, 0.5581394368714678, 1.9270860391079598, 6.070417123197738, 2.3367402118209464, 4.888208098095271, 6.138632527987508, 0.6773912576594079, 4.264224323175546, 2.238375826658606, 0.5426071843755433, 0.6120722399107134, 10.0, 0.6363674126516182, 0.18299023347688603, 1.629854923967924, 1.1963995145632587, 3.5908892576671003, 0.7264434152832743, 0.1506375189011542]
APTIDAO: 
31.207632911652187
GEN: 7800
Individuo: 
[1.4402646267599495, 1.0044041423266503, 2.5443347340059144, 2.0112152403974597, 0.8375417102212022, 0.5729840127256219, 1.0136965273577376, 0.18195545352661469, 0.6088706601520942, 0.4756387965549699, 0.3099373129926884, 0.2993858119439276, 0.05424240566013942, 0.011284682875449708, 0.17131218646930416, 0.7958380813845172, 0.7881123959836208, 0.09326972716298099, 0.08800617469737913, 0.1296615426326409, 0.746289281610319, 0.12383352615559007, 0.7759776046544842, 0.6919808527248527, 0.0518099129203688, 0.004166061881196051, 5.6487811478271945, 5.499734596128456, 2.4020039989346618, 2.6429661723070574, 7.152729761944953, 1.8099645419528276, 2.5673448498689426, 0.5581394368714678, 1.9270860391079598, 6.070417123197738, 2.3367402118209464, 4.888208098095271, 6.138632527987508, 0.6773912576594079, 4.264224323175546, 2.238375826658606, 0.5426071843755433, 0.6120722399107134, 10.0, 0.6363674126516182, 0.18299023347688603, 1.629854923967924, 1.1963995145632587, 3.5908892576671003, 1.0770724164926027, 0.1506375189011542]
APTIDAO: 
32.00901511348973
GEN: 7900
Individuo: 
[1.4402646267599495, 1.0044041423266503, 2.5443347340059144, 2.0112152403974597, 0.8375417102212022, 0.5719593432585892, 1.0136965273577376, 0.18195545352661469, 0.6088706601520942, 0.4756387965549699, 0.3099373129926884, 0.2993858119439276, 0.05424240566013942, 0.011284682875449708, 0.17131218646930416, 0.7828602977663612, 0.7514050334795697, 0.09326972716298099, 0.08800617469737913, 0.1296615426326409, 0.746289281610319, 0.12383352615559007, 0.7759776046544842, 0.6907910523364832, 0.0520961213745346, 0.004166061881196051, 5.6487811478271945, 5.499734596128456, 2.4020039989346618, 2.6429661723070574, 7.152729761944953, 1.3974624292297342, 2.5673448498689426, 0.5581394368714678, 1.9270860391079598, 6.070417123197738, 2.3367402118209464, 4.888208098095271, 6.138632527987508, 0.6773912576594079, 4.264224323175546, 2.0231040604136856, 0.7223857836463706, 0.6120722399107134, 10.0, 0.6363674126516182, 0.18299023347688603, 1.629854923967924, 1.1963995145632587, 4.053586505702567, 0.7323883964876585, 0.1506375189011542]
APTIDAO: 
31.37097103512959
GEN: 8000
Individuo: 
[1.4402646267599495, 1.0044041423266503, 2.5941427351882105, 2.0112152403974597, 0.8375417102212022, 0.5719593432585892, 1.0136965273577376, 0.18195545352661469, 0.6088706601520942, 0.4756387965549699, 0.3099373129926884, 0.2993858119439276, 0.05424240566013942, 0.009626221853579128, 0.17131218646930416, 0.7828602977663612, 0.7514050334795697, 0.09326972716298099, 0.08800617469737913, 0.1296615426326409, 0.746289281610319, 0.12383352615559007, 0.7759776046544842, 0.6907910523364832, 0.0520961213745346, 0.004166061881196051, 5.6487811478271945, 5.499734596128456, 4.031726949710276, 2.6429661723070574, 7.152729761944953, 1.3974624292297342, 2.5673448498689426, 0.5581394368714678, 1.9270860391079598, 6.070417123197738, 2.3367402118209464, 4.888208098095271, 6.138632527987508, 0.7379501856459524, 4.264224323175546, 2.0231040604136856, 0.7223857836463706, 0.6120722399107134, 10.0, 0.6363674126516182, 0.18299023347688603, 1.629854923967924, 1.1963995145632587, 4.053586505702567, 0.7323883964876585, 0.1506375189011542]
APTIDAO: 
31.27287510035
GEN: 8100
Individuo: 
[1.4402646267599495, 1.0044041423266503, 2.5941427351882105, 2.0112152403974597, 0.8375417102212022, 0.5719593432585892, 1.0136965273577376, 0.18195545352661469, 0.6088706601520942, 0.4756387965549699, 0.3099373129926884, 0.2993858119439276, 0.05424240566013942, 0.00511327183535741, 0.17131218646930416, 0.7828602977663612, 0.7514050334795697, 0.09326972716298099, 0.08800617469737913, 0.1296615426326409, 0.746289281610319, 0.12383352615559007, 0.7888615722436056, 0.6907910523364832, 0.05150440890422982, 0.004166061881196051, 5.6487811478271945, 5.499734596128456, 4.031726949710276, 2.6429661723070574, 7.152729761944953, 1.3974624292297342, 2.5673448498689426, 0.5581394368714678, 1.9270860391079598, 6.070417123197738, 2.3367402118209464, 4.888208098095271, 6.138632527987508, 1.436279269368543, 4.264224323175546, 2.0231040604136856, 0.7223857836463706, 0.6120722399107134, 10.0, 0.6363674126516182, 0.18299023347688603, 1.629854923967924, 2.0348359776978224, 4.053586505702567, 0.9068822155393403, 0.1506375189011542]
APTIDAO: 
31.241603386860845
GEN: 8200
Individuo: 
[1.4402646267599495, 1.0044041423266503, 2.5941427351882105, 2.0112152403974597, 0.8375417102212022, 0.5719593432585892, 1.0136965273577376, 0.1844521945095457, 0.6088706601520942, 0.4756387965549699, 0.3099373129926884, 0.2993858119439276, 0.05424240566013942, 0.005409369538395952, 0.17131218646930416, 0.7828602977663612, 0.7514050334795697, 0.09326972716298099, 0.08800617469737913, 0.12821822988761797, 0.746289281610319, 0.12383352615559007, 0.7888615722436056, 0.6907910523364832, 0.05150440890422982, 0.004166061881196051, 5.6487811478271945, 5.499734596128456, 4.031726949710276, 2.6429661723070574, 7.152729761944953, 1.3974624292297342, 2.5673448498689426, 0.6451541594926362, 1.9270860391079598, 6.070417123197738, 2.3367402118209464, 4.888208098095271, 6.138632527987508, 1.0393704239349602, 4.264224323175546, 2.0231040604136856, 0.7223857836463706, 0.6120722399107134, 10.0, 1.713190293508437, 0.18299023347688603, 1.629854923967924, 2.0348359776978224, 4.053586505702567, 0.9068822155393403, 0.1506375189011542]
APTIDAO: 
31.251431920329765
GEN: 8300
Individuo: 
[1.4402646267599495, 1.0044041423266503, 2.5941427351882105, 2.0112152403974597, 0.8375417102212022, 0.5719593432585892, 1.0136965273577376, 0.1844521945095457, 0.6088706601520942, 0.4756387965549699, 0.3099373129926884, 0.2993858119439276, 0.05424240566013942, 0.006180653950594919, 0.17131218646930416, 0.7828602977663612, 0.7514050334795697, 0.09326972716298099, 0.08800617469737913, 0.1305732998739515, 0.746289281610319, 0.12383352615559007, 0.7888615722436056, 0.7417616234320153, 0.05757683536261043, 0.004166061881196051, 5.6487811478271945, 5.499734596128456, 4.031726949710276, 2.6429661723070574, 7.152729761944953, 1.3974624292297342, 2.5673448498689426, 0.6451541594926362, 1.9270860391079598, 6.070417123197738, 2.3367402118209464, 4.888208098095271, 6.138632527987508, 0.8641613312795038, 4.264224323175546, 2.0231040604136856, 0.7223857836463706, 0.6120722399107134, 10.0, 0.7318940290208945, 0.18299023347688603, 1.629854923967924, 2.0348359776978224, 2.377813922635099, 0.8230756267008034, 0.1506375189011542]
APTIDAO: 
31.37682753626821
GEN: 8400
Individuo: 
[1.4402646267599495, 1.0044041423266503, 2.4397303077103962, 2.0112152403974597, 0.85866242759937, 0.5719593432585892, 1.0136965273577376, 0.1844521945095457, 0.6088706601520942, 0.4756387965549699, 0.3099373129926884, 0.2993858119439276, 0.06112561932246027, 0.013183528679867322, 0.17131218646930416, 0.7828602977663612, 0.7257758477190243, 0.10063345663828394, 0.08800617469737913, 0.1305732998739515, 0.746289281610319, 0.12383352615559007, 0.7888615722436056, 0.698711056490312, 0.049374665625373994, 0.004166061881196051, 5.6487811478271945, 5.499734596128456, 1.8595286569121208, 2.6429661723070574, 6.3146801694534105, 1.3974624292297342, 2.5673448498689426, 0.6451541594926362, 1.9270860391079598, 6.070417123197738, 2.3367402118209464, 4.888208098095271, 6.73619844573865, 2.1709492500963417, 4.264224323175546, 2.0231040604136856, 0.4300257150201235, 0.9550454764477927, 10.0, 0.7318940290208945, 0.18299023347688603, 1.629854923967924, 2.0348359776978224, 1.6843750741300132, 0.7041045107405689, 0.1506375189011542]
APTIDAO: 
31.412240803422836
GEN: 8500
Individuo: 
[1.4402646267599495, 1.0044041423266503, 2.4912548404940273, 2.0112152403974597, 0.85866242759937, 0.5719593432585892, 1.0136965273577376, 0.1844521945095457, 0.6088706601520942, 0.4756387965549699, 0.3099373129926884, 0.2993858119439276, 0.06112561932246027, 0.02417180766893597, 0.17131218646930416, 0.8048228731575651, 0.7257758477190243, 0.09502644771946679, 0.08800617469737913, 0.11017913667102332, 0.746289281610319, 0.13301527478630373, 0.7888615722436056, 0.698711056490312, 0.08109517750467742, 0.004166061881196051, 5.6487811478271945, 5.499734596128456, 3.2765876489235084, 2.6429661723070574, 6.3146801694534105, 1.3974624292297342, 2.5673448498689426, 0.6451541594926362, 1.9270860391079598, 6.070417123197738, 2.3367402118209464, 4.888208098095271, 6.73619844573865, 1.7570703371899001, 4.264224323175546, 2.1963687926192845, 0.4300257150201235, 0.860782084471344, 10.0, 1.025498336737312, 0.18299023347688603, 0.913626698007494, 2.0348359776978224, 1.6843750741300132, 0.6814295168646419, 0.1506375189011542]
APTIDAO: 
30.963742660620245
GEN: 8600
Individuo: 
[1.4402646267599495, 1.0044041423266503, 2.4912548404940273, 2.0112152403974597, 0.85866242759937, 0.5719593432585892, 1.0091474469779205, 0.1844521945095457, 0.6088706601520942, 0.4756387965549699, 0.31784638708483975, 0.2993858119439276, 0.06112561932246027, 0.017937643696202606, 0.17131218646930416, 0.8048228731575651, 0.7257758477190243, 0.09502644771946679, 0.08800617469737913, 0.11017913667102332, 0.746289281610319, 0.13301527478630373, 0.7888615722436056, 0.698711056490312, 0.08109517750467742, 0.004166061881196051, 5.6487811478271945, 5.499734596128456, 3.2765876489235084, 2.6429661723070574, 6.3146801694534105, 1.3974624292297342, 2.0484523433992736, 0.6451541594926362, 1.9270860391079598, 6.070417123197738, 2.3028238327607053, 4.888208098095271, 6.73619844573865, 1.0420664674262425, 4.264224323175546, 2.1963687926192845, 0.4300257150201235, 0.860782084471344, 10.0, 1.025498336737312, 0.18299023347688603, 0.913626698007494, 2.0348359776978224, 1.6843750741300132, 0.6814295168646419, 0.1506375189011542]
APTIDAO: 
31.03151812001823
GEN: 8700
Individuo: 
[1.4561858297005625, 1.0044041423266503, 2.518274995129053, 2.0112152403974597, 0.85866242759937, 0.5719593432585892, 1.0169128749402983, 0.1844521945095457, 0.6088706601520942, 0.4756387965549699, 0.31784638708483975, 0.2993858119439276, 0.04520438803863076, 0.0019584635496366753, 0.17131218646930416, 0.8048228731575651, 0.7257758477190243, 0.09502644771946679, 0.08800617469737913, 0.10272838731225134, 0.746289281610319, 0.13301527478630373, 0.7888615722436056, 0.698711056490312, 0.08109517750467742, 0.004166061881196051, 4.42860839881907, 5.499734596128456, 2.5331545469707257, 2.6429661723070574, 6.3146801694534105, 1.3974624292297342, 2.6271872718645684, 0.6451541594926362, 1.9270860391079598, 6.070417123197738, 2.3028238327607053, 4.888208098095271, 5.052875762663587, 0.4895389295563295, 4.264224323175546, 2.1963687926192845, 0.4300257150201235, 0.860782084471344, 10.0, 1.3498140114206274, 0.18299023347688603, 0.913626698007494, 2.0348359776978224, 1.6843750741300132, 0.6814295168646419, 0.1506375189011542]
APTIDAO: 
31.296175331142067
GEN: 8800
Individuo: 
[1.4561858297005625, 1.0044041423266503, 2.518274995129053, 2.0112152403974597, 0.85866242759937, 0.5719593432585892, 1.0169128749402983, 0.17647284784717682, 0.6088706601520942, 0.4756387965549699, 0.31784638708483975, 0.2993858119439276, 0.04520438803863076, 0.00432574802582586, 0.17131218646930416, 0.8048228731575651, 0.7257758477190243, 0.09502644771946679, 0.08800617469737913, 0.11909872215232244, 0.746289281610319, 0.13301527478630373, 0.7888615722436056, 0.698711056490312, 0.08109517750467742, 0.004166061881196051, 4.42860839881907, 5.499734596128456, 2.5331545469707257, 2.6429661723070574, 6.3146801694534105, 1.3974624292297342, 2.6271872718645684, 1.1521146828763942, 1.9270860391079598, 6.070417123197738, 2.3028238327607053, 4.888208098095271, 5.052875762663587, 1.928303869938655, 4.264224323175546, 2.1963687926192845, 0.4300257150201235, 0.860782084471344, 10.0, 1.3541855704378236, 0.18299023347688603, 0.913626698007494, 2.0348359776978224, 1.6843750741300132, 0.6814295168646419, 0.1506375189011542]
APTIDAO: 
30.994213278534627
GEN: 8900
Individuo: 
[1.4561858297005625, 1.0044041423266503, 2.518274995129053, 2.852961811415361, 0.85866242759937, 0.5719593432585892, 1.0169128749402983, 0.17647284784717682, 0.6088706601520942, 0.4756387965549699, 0.31784638708483975, 0.2993858119439276, 0.045787707890427784, 0.004865421827025803, 0.1391933285787116, 0.8048228731575651, 0.7257758477190243, 0.06278433933852265, 0.08800617469737913, 0.11909872215232244, 0.746289281610319, 0.13301527478630373, 0.7908687842192066, 0.698711056490312, 0.08109517750467742, 0.004166061881196051, 4.42860839881907, 5.499734596128456, 2.5331545469707257, 1.290258488963781, 6.3146801694534105, 1.3974624292297342, 2.6271872718645684, 1.1521146828763942, 1.9270860391079598, 6.070417123197738, 2.3028238327607053, 4.888208098095271, 3.5674709645695795, 1.7654448731378762, 2.7334782011153864, 2.1963687926192845, 0.4300257150201235, 1.3205410455609263, 10.0, 1.3541855704378236, 0.18299023347688603, 0.913626698007494, 1.9992145482881172, 1.6843750741300132, 0.6814295168646419, 0.1506375189011542]
APTIDAO: 
30.771961801106453
GEN: 9000
Individuo: 
[1.4561858297005625, 0.9943842000667072, 2.478478277478907, 2.852961811415361, 0.85866242759937, 0.5719593432585892, 1.0169128749402983, 0.15640507283506702, 0.6088706601520942, 0.4756387965549699, 0.31784638708483975, 0.2993858119439276, 0.045787707890427784, 0.011056335884009474, 0.1391933285787116, 0.8048228731575651, 0.7257758477190243, 0.009689586295158497, 0.08800617469737913, 0.09642332803311136, 0.746289281610319, 0.13301527478630373, 0.7908687842192066, 0.698711056490312, 0.08109517750467742, 0.004166061881196051, 4.42860839881907, 4.097873824940814, 3.3074836191659, 1.290258488963781, 6.3146801694534105, 1.3974624292297342, 2.6271872718645684, 0.6336707473434312, 1.9270860391079598, 6.070417123197738, 2.3028238327607053, 4.888208098095271, 3.5674709645695795, 2.4984173723105125, 2.7334782011153864, 2.1963687926192845, 0.4300257150201235, 1.0033150168070384, 10.0, 0.697928610580932, 0.18299023347688603, 0.913626698007494, 1.9992145482881172, 1.6843750741300132, 0.6814295168646419, 0.1506375189011542]
APTIDAO: 
31.16910163920969
GEN: 9100
Individuo: 
[1.4561858297005625, 0.9943842000667072, 2.478478277478907, 2.852961811415361, 0.85866242759937, 0.5719593432585892, 1.0225306137884305, 0.15640507283506702, 0.6088706601520942, 0.4756387965549699, 0.31784638708483975, 0.2993858119439276, 0.05488807684906723, 0.0036897148504811033, 0.1391933285787116, 0.8048228731575651, 0.7257758477190243, 0.009689586295158497, 0.08800617469737913, 0.09799309651596698, 0.746289281610319, 0.13301527478630373, 0.7908687842192066, 0.698711056490312, 0.08109517750467742, 0.004166061881196051, 4.42860839881907, 4.097873824940814, 3.3074836191659, 1.290258488963781, 6.3146801694534105, 1.3974624292297342, 0.9943182393356321, 0.6336707473434312, 1.9270860391079598, 6.070417123197738, 2.3028238327607053, 4.888208098095271, 1.6194167160520887, 2.455204322679957, 2.7334782011153864, 2.1963687926192845, 0.4300257150201235, 1.0033150168070384, 10.0, 0.9049482975535252, 0.18299023347688603, 0.913626698007494, 1.9992145482881172, 1.6843750741300132, 0.6814295168646419, 0.1506375189011542]
APTIDAO: 
31.01503161365942
GEN: 9200
Individuo: 
[1.4561858297005625, 0.9943842000667072, 2.478478277478907, 2.852961811415361, 0.85866242759937, 0.5719593432585892, 1.0225306137884305, 0.15640507283506702, 0.6088706601520942, 0.4756387965549699, 0.31784638708483975, 0.2993858119439276, 0.05488807684906723, 0.0036897148504811033, 0.1391933285787116, 0.8048228731575651, 0.7257758477190243, 0.021758611108876377, 0.08800617469737913, 0.09799309651596698, 0.746289281610319, 0.13301527478630373, 0.7908687842192066, 0.698711056490312, 0.08109517750467742, 0.004166061881196051, 4.42860839881907, 4.097873824940814, 3.3074836191659, 1.290258488963781, 6.3146801694534105, 1.3974624292297342, 0.9943182393356321, 0.6336707473434312, 1.9270860391079598, 6.070417123197738, 2.3028238327607053, 4.888208098095271, 1.6194167160520887, 2.455204322679957, 2.7334782011153864, 2.1963687926192845, 0.4300257150201235, 2.3094218811206484, 10.0, 0.9049482975535252, 0.18299023347688603, 0.913626698007494, 1.9992145482881172, 1.6843750741300132, 0.6814295168646419, 0.1506375189011542]
APTIDAO: 
30.92944890880895
GEN: 9300
Individuo: 
[1.4561858297005625, 0.9943842000667072, 2.478478277478907, 2.841447908279176, 0.85866242759937, 0.5312069944506203, 1.0225306137884305, 0.15640507283506702, 0.6088706601520942, 0.4756387965549699, 0.384304868002417, 0.2993858119439276, 0.05488807684906723, 0.0036897148504811033, 0.10676737164582045, 0.8048228731575651, 0.7257758477190243, 0.01701821509447383, 0.08800617469737913, 0.09799309651596698, 0.746289281610319, 0.13301527478630373, 0.7908687842192066, 0.698711056490312, 0.08109517750467742, 0.004166061881196051, 4.42860839881907, 4.097873824940814, 3.3074836191659, 1.366336092176689, 6.3146801694534105, 2.7099092474510202, 0.9943182393356321, 0.6336707473434312, 1.9270860391079598, 6.070417123197738, 2.9096261495991107, 4.888208098095271, 1.6194167160520887, 2.455204322679957, 2.316196783799958, 2.1963687926192845, 0.4300257150201235, 2.486880809281414, 10.0, 0.9049482975535252, 0.18299023347688603, 0.913626698007494, 1.9992145482881172, 1.6843750741300132, 0.6814295168646419, 0.1506375189011542]
APTIDAO: 
30.34350349471646
GEN: 9400
Individuo: 
[1.4561858297005625, 0.9943842000667072, 2.478478277478907, 2.841447908279176, 0.85866242759937, 0.5312069944506203, 1.0225306137884305, 0.15640507283506702, 0.6088706601520942, 0.4756387965549699, 0.384304868002417, 0.2993858119439276, 0.04894857300045623, 0.0036897148504811033, 0.10676737164582045, 0.8048228731575651, 0.7257758477190243, 0.0033166453257406645, 0.08800617469737913, 0.09799309651596698, 0.746289281610319, 0.13301527478630373, 0.7908687842192066, 0.698711056490312, 0.08109517750467742, 0.004166061881196051, 4.42860839881907, 4.097873824940814, 3.3074836191659, 1.366336092176689, 6.3146801694534105, 2.7099092474510202, 0.9943182393356321, 0.6336707473434312, 1.9270860391079598, 6.070417123197738, 2.9096261495991107, 4.888208098095271, 1.3820927361449222, 2.455204322679957, 2.316196783799958, 2.1963687926192845, 0.4300257150201235, 2.1911621428702706, 10.0, 0.9049482975535252, 0.18299023347688603, 0.913626698007494, 1.9992145482881172, 1.6843750741300132, 0.6814295168646419, 0.1506375189011542]
APTIDAO: 
30.471201645342777
GEN: 9500
Individuo: 
[1.4561858297005625, 0.9943842000667072, 2.478478277478907, 2.841447908279176, 0.85866242759937, 0.5386557429950876, 1.0225306137884305, 0.15640507283506702, 0.6088706601520942, 0.4756387965549699, 0.384304868002417, 0.2993858119439276, 0.04894857300045623, 0.003750948369272449, 0.10676737164582045, 0.8048228731575651, 0.7257758477190243, 0.009956111313256352, 0.08800617469737913, 0.09799309651596698, 0.746289281610319, 0.13301527478630373, 0.7908687842192066, 0.698711056490312, 0.08109517750467742, 0.004166061881196051, 4.42860839881907, 4.097873824940814, 3.3074836191659, 1.366336092176689, 6.3146801694534105, 2.466049429419726, 0.9943182393356321, 0.6336707473434312, 1.9270860391079598, 6.070417123197738, 2.9096261495991107, 4.888208098095271, 1.3820927361449222, 2.9271202192847876, 2.316196783799958, 2.1963687926192845, 0.4300257150201235, 1.984375744944402, 10.0, 0.9049482975535252, 0.18299023347688603, 0.913626698007494, 1.9992145482881172, 1.6843750741300132, 0.6814295168646419, 0.1506375189011542]
APTIDAO: 
30.231596013378464
GEN: 9600
Individuo: 
[1.4561858297005625, 0.9943842000667072, 2.478478277478907, 2.841447908279176, 0.85866242759937, 0.5386557429950876, 1.0370878380852708, 0.1571683454657996, 0.6088706601520942, 0.4756387965549699, 0.384304868002417, 0.2993858119439276, 0.04590036712247986, 0.009809843810514071, 0.10676737164582045, 0.803088637902714, 0.7257758477190243, 0.01825744237990933, 0.08800617469737913, 0.09799309651596698, 0.746289281610319, 0.13301527478630373, 0.7908687842192066, 0.698711056490312, 0.07116660400391167, 0.004166061881196051, 4.42860839881907, 4.097873824940814, 3.3074836191659, 1.366336092176689, 6.3146801694534105, 2.466049429419726, 1.2709690672421974, 0.6395635634726072, 1.9270860391079598, 6.070417123197738, 2.9096261495991107, 4.888208098095271, 1.3533349719833165, 0.8141981635400246, 2.316196783799958, 2.4090334418399686, 0.4300257150201235, 2.1884249480829596, 10.0, 0.9049482975535252, 0.18299023347688603, 0.913626698007494, 1.9992145482881172, 1.6843750741300132, 1.22585195998956, 0.1506375189011542]
APTIDAO: 
30.16845347270683
GEN: 9700
Individuo: 
[1.4561858297005625, 0.9943842000667072, 2.478478277478907, 2.841447908279176, 0.85866242759937, 0.5386557429950876, 1.0370878380852708, 0.1571683454657996, 0.6088706601520942, 0.39735877870050834, 0.384304868002417, 0.37387376468239486, 0.04590036712247986, 0.003865879422269394, 0.10676737164582045, 0.803088637902714, 0.7257758477190243, 0.01825744237990933, 0.0825798614974334, 0.09799309651596698, 0.746289281610319, 0.1338949402875488, 0.8701609584662651, 0.698711056490312, 0.07116660400391167, 0.004166061881196051, 4.42860839881907, 4.097873824940814, 3.3074836191659, 1.366336092176689, 6.3146801694534105, 2.466049429419726, 1.2709690672421974, 0.6395635634726072, 1.9270860391079598, 5.134047875995037, 2.9096261495991107, 4.682491956541442, 1.3533349719833165, 1.13220666880308, 2.316196783799958, 2.4090334418399686, 0.4300257150201235, 2.1884249480829596, 8.83819688356693, 0.9049482975535252, 0.18299023347688603, 1.3503833382094055, 1.7298706399408545, 1.6843750741300132, 1.22585195998956, 0.1506375189011542]
APTIDAO: 
28.99811132697505
GEN: 9800
Individuo: 
[1.4561858297005625, 0.9943842000667072, 2.478478277478907, 2.841447908279176, 0.85866242759937, 0.5386557429950876, 1.0370878380852708, 0.1571683454657996, 0.6088706601520942, 0.39735877870050834, 0.384304868002417, 0.37387376468239486, 0.03445363566370021, 0.003997668466976485, 0.10676737164582045, 0.803088637902714, 0.7257758477190243, 0.02688886455206327, 0.0825798614974334, 0.09231932352784462, 0.746289281610319, 0.1338949402875488, 0.8701609584662651, 0.698711056490312, 0.07116660400391167, 0.004166061881196051, 4.42860839881907, 4.097873824940814, 3.3074836191659, 1.366336092176689, 6.3146801694534105, 2.466049429419726, 1.2709690672421974, 0.6395635634726072, 1.9270860391079598, 5.134047875995037, 2.9096261495991107, 4.682491956541442, 0.9703550524170029, 1.5765848164004084, 2.316196783799958, 2.4090334418399686, 0.4300257150201235, 3.2337443615324726, 8.83819688356693, 0.7176202796709432, 0.18299023347688603, 1.3503833382094055, 1.7298706399408545, 1.6843750741300132, 1.22585195998956, 0.1506375189011542]
APTIDAO: 
28.960966065198342
GEN: 9900
Individuo: 
[1.4561858297005625, 0.9943842000667072, 2.478478277478907, 2.841447908279176, 0.85866242759937, 0.5386557429950876, 1.0370878380852708, 0.1571683454657996, 0.6088706601520942, 0.39735877870050834, 0.384304868002417, 0.37387376468239486, 0.0366754479923788, 0.0035551560368123824, 0.10676737164582045, 0.803088637902714, 0.7257758477190243, 0.02688886455206327, 0.0825798614974334, 0.09231932352784462, 0.746289281610319, 0.1338949402875488, 0.8701609584662651, 0.698711056490312, 0.07116660400391167, 0.004166061881196051, 4.42860839881907, 4.097873824940814, 3.3074836191659, 1.366336092176689, 6.3146801694534105, 2.466049429419726, 1.2709690672421974, 0.6395635634726072, 1.9270860391079598, 5.134047875995037, 2.9096261495991107, 4.682491956541442, 1.036334540786322, 1.225410372633939, 2.316196783799958, 2.4090334418399686, 0.4300257150201235, 3.2337443615324726, 8.83819688356693, 0.7176202796709432, 0.18299023347688603, 1.3503833382094055, 1.7298706399408545, 1.6843750741300132, 1.22585195998956, 0.1506375189011542]
APTIDAO: 
28.951257190144446
GEN: 10000
Individuo: 
[1.4561858297005625, 0.9943842000667072, 2.478478277478907, 2.841447908279176, 0.85866242759937, 0.5386557429950876, 1.0370878380852708, 0.15764453618509858, 0.6088706601520942, 0.39735877870050834, 0.384304868002417, 0.37387376468239486, 0.0366754479923788, 0.003910168199738079, 0.10676737164582045, 0.803088637902714, 0.7257758477190243, 0.033191235110085544, 0.0825798614974334, 0.09231932352784462, 0.746289281610319, 0.1338949402875488, 0.8701609584662651, 0.698711056490312, 0.07116660400391167, 0.004166061881196051, 4.42860839881907, 4.097873824940814, 3.3074836191659, 1.366336092176689, 6.3146801694534105, 2.466049429419726, 1.2709690672421974, 1.0260434338489084, 1.9270860391079598, 5.134047875995037, 2.9096261495991107, 4.682491956541442, 1.036334540786322, 1.3799566441992868, 2.316196783799958, 2.4090334418399686, 0.4300257150201235, 2.3681818586377927, 8.83819688356693, 0.7176202796709432, 0.18299023347688603, 1.3503833382094055, 1.7298706399408545, 1.6843750741300132, 1.22585195998956, 0.1506375189011542]
APTIDAO: 
28.932183296842727

--- RESULTADO FINAL ---
Erro (norma-1): 28.932183296842727
Parâmetros: [1.4561858297005625, 0.9943842000667072, 2.478478277478907, 2.841447908279176, 0.85866242759937, 0.5386557429950876, 1.0370878380852708, 0.15764453618509858, 0.6088706601520942, 0.39735877870050834, 0.384304868002417, 0.37387376468239486, 0.0366754479923788, 0.003910168199738079, 0.10676737164582045, 0.803088637902714, 0.7257758477190243, 0.033191235110085544, 0.0825798614974334, 0.09231932352784462, 0.746289281610319, 0.1338949402875488, 0.8701609584662651, 0.698711056490312, 0.07116660400391167, 0.004166061881196051]
Tempo total: 05h 35m 17s
