SEED: 1778434285
BOUNDS: tau=[0.1, 5.0]  v2=[0.01, 1.5]  J=[0.001, 0.99]
GEN: 0
Individuo: 
[1.500222398796233, 0.5837412145074395, 1.1395325789526263, 1.2117991762149374, 0.7159992484222152, 0.704157635752263, 0.4758469293140443, 0.473716389806397, 0.7524719463592723, 0.4835809940722461, 0.12948296268082898, 0.3427995154714253, 0.357443510563237, 0.30628102751614855, 0.34987212117002964, 0.6998584715392993, 0.7611219979339208, 0.3732879953817667, 0.7386608806225395, 0.2421341717091635, 0.7435087349997973, 0.07857706424124235, 0.2015413284714276, 0.4273191607708463, 0.6195969011744892, 0.7107193227680049, 0.6807857471363287, 0.4493971046516767, 1.6417947899975711, 9.467595105479097, 5.078731953229903, 3.8185097301917916, 8.905026826603804, 3.3003221772102096, 8.313320356967248, 1.866327494694614, 2.325697622188317, 1.386273578198667, 4.211673347841591, 3.7982840855766113, 6.965092337323261, 5.247763231807188, 4.015289613701926, 9.446440875912486, 4.539906232477326, 2.6993674668477476, 0.7850414561506442, 5.152252928964248, 8.7047501884327, 0.5287556901242948, 0.5628958304469998, 3.3359461108054376]
APTIDAO: 
108.11527510372292
GEN: 100
Individuo: 
[1.500222398796233, 0.5837412145074395, 4.290784241329796, 1.2117991762149374, 2.3709344669741506, 0.704157635752263, 0.4758469293140443, 0.3739012593186259, 0.7500288320173417, 0.6030978044856973, 0.24405070777737792, 0.0933858412592765, 0.12507818381367258, 0.30628102751614855, 0.5162914917721034, 0.4097420150062857, 0.6591035875990922, 0.5393615796926761, 0.42993696166365825, 0.5490938778694349, 0.846754694811609, 0.07857706424124235, 0.2015413284714276, 0.00102198615991149, 0.0033794317055536663, 0.3634071065167243, 0.6807857471363287, 0.4493971046516767, 1.765158690956211, 9.467595105479097, 6.825207322897174, 3.8185097301917916, 8.905026826603804, 4.948969406259501, 10.0, 1.7777305734423718, 2.3225184548549844, 1.9779738094925616, 1.7147606279542014, 3.7982840855766113, 10.0, 4.894170349748769, 4.365640407718433, 5.226066058360473, 2.8054690533685283, 5.696944827427572, 2.8323109383978053, 5.152252928964248, 8.7047501884327, 0.7268935415144475, 0.43453589508912727, 1.8851647830573122]
APTIDAO: 
57.553922645247766
GEN: 200
Individuo: 
[1.500222398796233, 0.6057566185346054, 4.384634256487639, 1.2117991762149374, 2.3813609438556917, 0.704157635752263, 0.4758469293140443, 0.3739012593186259, 0.7500288320173417, 1.1902134828592954, 0.2492611387654142, 0.04809453182756724, 0.12639355530003188, 0.19091938926028168, 0.17424783052698561, 0.1238902358536653, 0.42255393616830245, 0.37160241834118346, 0.27561676760198717, 0.43361458632313665, 0.9369190318849486, 0.07857706424124235, 0.2015413284714276, 0.0010633173324821072, 0.002836861985623063, 0.4042921636006608, 0.6807857471363287, 0.9291838388105093, 0.941041416778287, 9.467595105479097, 6.87916453409887, 3.8185097301917916, 8.905026826603804, 4.948969406259501, 10.0, 1.5868592913175734, 2.5870614329034956, 1.484657535193763, 1.7107769023805053, 2.60988405542072, 5.052396968658176, 1.1103192778255901, 2.833723245923303, 5.387828031776638, 3.4042831391671466, 4.856178445197161, 2.885446608598113, 5.152252928964248, 8.7047501884327, 0.9944723100982061, 1.623652807474763, 0.8323276350597631]
APTIDAO: 
45.92397986759042
GEN: 300
Individuo: 
[1.500222398796233, 0.6239014697526496, 4.384634256487639, 1.2117991762149374, 2.3813609438556917, 0.704157635752263, 0.4758469293140443, 0.3739012593186259, 0.7500288320173417, 1.2568812324665866, 0.2531128394034309, 0.012628560326983033, 0.12639355530003188, 0.1768386202700713, 0.09524223657810464, 0.09765559949775207, 0.5014138534858618, 0.3427300487977612, 0.272190390998416, 0.43361458632313665, 0.9369190318849486, 0.10199095283456869, 0.2015413284714276, 0.0010036407005557528, 0.001631475571895818, 0.028127969469990542, 0.6807857471363287, 0.8972745553331136, 0.941041416778287, 9.467595105479097, 6.87916453409887, 3.8185097301917916, 8.905026826603804, 4.948969406259501, 10.0, 2.6645327490390294, 1.9739330343763648, 1.6774094549793825, 1.7107769023805053, 2.9045620618624475, 3.948910851568068, 0.4856490625631768, 3.824741433322538, 3.693432126305861, 2.9586099121589573, 4.856178445197161, 2.885446608598113, 4.768748037287004, 8.7047501884327, 1.0584334190924305, 2.1969744983755923, 4.45928206933281]
APTIDAO: 
44.172102163902444
GEN: 400
Individuo: 
[1.500222398796233, 0.6239014697526496, 4.384634256487639, 1.2409578639412515, 2.3813609438556917, 0.704157635752263, 0.4758469293140443, 0.40231962730446313, 0.7500288320173417, 1.2670106262259437, 0.2531128394034309, 0.04537867949350535, 0.12193604338828623, 0.14081516761144736, 0.09524223657810464, 0.09765559949775207, 0.4386799275917336, 0.357028624908959, 0.272190390998416, 0.43361458632313665, 0.5417122035538176, 0.10199095283456869, 0.20408208480443743, 0.0010988512836675533, 0.0017545944431413322, 0.7721663896799366, 0.6807857471363287, 0.8972745553331136, 0.941041416778287, 10.0, 6.87916453409887, 3.8185097301917916, 8.905026826603804, 7.462227539236137, 10.0, 1.786842533930711, 1.9739330343763648, 2.184668352546862, 2.371852184945166, 2.8687323148772426, 3.948910851568068, 0.4856490625631768, 2.4747106063559112, 2.485602966605792, 2.9586099121589573, 4.856178445197161, 3.6384061853318586, 4.768748037287004, 6.852195756164164, 0.7997901131014756, 3.663330820463081, 6.467103811004895]
APTIDAO: 
43.06635714931916
GEN: 500
Individuo: 
[1.500222398796233, 0.7547653278524613, 4.384634256487639, 1.2409578639412515, 2.3813609438556917, 0.704157635752263, 0.4758469293140443, 0.40231962730446313, 0.7500288320173417, 1.191394821356028, 0.2531128394034309, 0.1172283581017982, 0.12193604338828623, 0.12955682139798086, 0.09524223657810464, 0.09765559949775207, 0.33660395468119475, 0.26172563632752105, 0.16772722372542725, 0.3358972232879923, 0.5384611832614447, 0.10605355139750214, 0.20408208480443743, 0.0010756386080066997, 0.0014600816453510825, 0.8964120270754259, 0.6807857471363287, 0.9782781498948382, 0.941041416778287, 10.0, 6.87916453409887, 3.8185097301917916, 8.905026826603804, 7.462227539236137, 10.0, 1.3387004972478886, 1.9739330343763648, 2.2818242877881527, 2.371852184945166, 3.3546846050982806, 3.948910851568068, 0.4856490625631768, 2.084168986800954, 2.4185994178034225, 1.954805720260379, 5.459218503017767, 2.4957805799274606, 5.08111256780497, 6.852195756164164, 0.8155165241270429, 2.3996785481047396, 10.0]
APTIDAO: 
39.21608877858712
GEN: 600
Individuo: 
[1.500222398796233, 0.7547653278524613, 4.384634256487639, 1.2409578639412515, 2.3813609438556917, 0.704157635752263, 0.4758469293140443, 0.40231962730446313, 0.7500288320173417, 1.191394821356028, 0.2531128394034309, 0.19756188586564682, 0.12193604338828623, 0.0980704590044129, 0.10015574951380846, 0.06663527199341877, 0.2553487774553374, 0.26172563632752105, 0.16772722372542725, 0.3358972232879923, 0.5384611832614447, 0.10605355139750214, 0.20408208480443743, 0.0010293818353641808, 0.006256589212881754, 0.7011417867866079, 0.6807857471363287, 0.9782781498948382, 0.941041416778287, 10.0, 6.87916453409887, 3.8185097301917916, 8.905026826603804, 7.462227539236137, 10.0, 1.3387004972478886, 1.9739330343763648, 3.357093984311184, 2.371852184945166, 4.619473703451688, 4.176648646000444, 0.5403703136164967, 2.1557851063744202, 2.4185994178034225, 1.954805720260379, 5.459218503017767, 2.4957805799274606, 5.08111256780497, 6.852195756164164, 1.2227828132293306, 2.915716721513191, 1.7489774051345421]
APTIDAO: 
38.40021066496726
GEN: 700
Individuo: 
[1.500222398796233, 0.7547653278524613, 4.384634256487639, 1.2409578639412515, 2.3813609438556917, 0.704157635752263, 0.4758469293140443, 0.40231962730446313, 0.7500288320173417, 1.191394821356028, 0.2531128394034309, 0.08349596028285589, 0.12166401080305145, 0.0980704590044129, 0.10015574951380846, 0.06663527199341877, 0.2553487774553374, 0.26172563632752105, 0.16772722372542725, 0.3358972232879923, 0.5384611832614447, 0.10832865247919397, 0.20408208480443743, 0.0011066666772368977, 0.08753090482962544, 0.35635220115718663, 0.6807857471363287, 0.9782781498948382, 0.941041416778287, 10.0, 6.87916453409887, 3.8185097301917916, 8.905026826603804, 7.462227539236137, 10.0, 1.3387004972478886, 1.9739330343763648, 5.372752090327485, 1.7252721359971608, 4.619473703451688, 4.176648646000444, 0.5403703136164967, 2.1557851063744202, 2.4185994178034225, 1.954805720260379, 5.459218503017767, 2.4957805799274606, 1.444271251557699, 6.852195756164164, 0.8214344795179217, 2.8936152675345643, 1.0695914716256536]
APTIDAO: 
38.19827166537849
GEN: 800
Individuo: 
[1.500222398796233, 0.7547653278524613, 4.384634256487639, 1.315476561179863, 2.3813609438556917, 0.6874152026334889, 0.45155103179090084, 0.40231962730446313, 0.7500288320173417, 1.191394821356028, 0.2531128394034309, 0.08349596028285589, 0.10522663409855947, 0.07851532412942946, 0.08957050905913022, 0.06663527199341877, 0.2553487774553374, 0.1581508462947949, 0.16772722372542725, 0.3643593886942861, 0.5384611832614447, 0.10832865247919397, 0.20408208480443743, 0.0015033611063637196, 0.08753090482962544, 0.12633835339285163, 0.6807857471363287, 0.9782781498948382, 0.941041416778287, 10.0, 6.87916453409887, 7.043126417146146, 7.977289475837393, 7.462227539236137, 10.0, 1.3387004972478886, 1.9739330343763648, 5.372752090327485, 1.0540948464665347, 2.612458338486407, 2.066334701747309, 0.5403703136164967, 2.1557851063744202, 1.8617681925639458, 1.954805720260379, 4.905124554050851, 2.4957805799274606, 1.444271251557699, 6.852195756164164, 0.8818226050137079, 2.8936152675345643, 1.4655359141497053]
APTIDAO: 
36.8058805781394
GEN: 900
Individuo: 
[1.500222398796233, 0.7547653278524613, 4.384634256487639, 1.315476561179863, 2.3813609438556917, 0.6874152026334889, 0.45155103179090084, 0.40231962730446313, 0.7500288320173417, 1.2715858423707245, 0.2531128394034309, 0.08349596028285589, 0.07046636989488773, 0.0538190179330051, 0.1006104558700133, 0.07152928851451426, 0.2553487774553374, 0.18298958560125334, 0.16772722372542725, 0.3643593886942861, 0.5384611832614447, 0.10832865247919397, 0.20408208480443743, 0.0021185696877912023, 0.2983784304157931, 0.2430624688869106, 0.6807857471363287, 0.9782781498948382, 0.941041416778287, 10.0, 6.87916453409887, 7.043126417146146, 7.977289475837393, 7.462227539236137, 10.0, 1.1752895719271013, 1.9739330343763648, 5.372752090327485, 0.9853167368966659, 2.858847835488826, 2.852620116971557, 0.4382730214216899, 2.1557851063744202, 1.1647193388972366, 1.954805720260379, 4.905124554050851, 2.4957805799274606, 1.444271251557699, 6.852195756164164, 2.7559419078804135, 1.647734649638273, 0.7812747582683496]
APTIDAO: 
35.18447734536151
GEN: 1000
Individuo: 
[1.500222398796233, 0.7547653278524613, 4.384634256487639, 1.315476561179863, 2.3813609438556917, 0.6874152026334889, 0.45155103179090084, 0.36993611867385917, 0.7500288320173417, 1.278449246098853, 0.2531128394034309, 0.08349596028285589, 0.07046636989488773, 0.05377981227929309, 0.1006104558700133, 0.07152928851451426, 0.2553487774553374, 0.11014473774247685, 0.11357298511304642, 0.3643593886942861, 0.5380134036997225, 0.10832865247919397, 0.20408208480443743, 0.001484116941895151, 0.4779956724061441, 0.2430624688869106, 0.6807857471363287, 0.9782781498948382, 0.941041416778287, 10.0, 6.87916453409887, 7.043126417146146, 7.977289475837393, 7.248250948745903, 10.0, 0.9513085086491437, 1.9739330343763648, 5.372752090327485, 0.9853167368966659, 2.745090822097404, 2.852620116971557, 0.4382730214216899, 2.1557851063744202, 2.1653705830878454, 1.590346325044999, 4.905124554050851, 1.7248940969859663, 1.444271251557699, 6.852195756164164, 3.1219571165315965, 2.318833354906983, 0.7812747582683496]
APTIDAO: 
34.352896570409136
GEN: 1100
Individuo: 
[1.500222398796233, 0.7547653278524613, 4.384634256487639, 1.315476561179863, 2.3813609438556917, 0.6874152026334889, 0.45155103179090084, 0.36993611867385917, 0.7500288320173417, 1.278449246098853, 0.2531128394034309, 0.08349596028285589, 0.07046636989488773, 0.045482434217086636, 0.1006104558700133, 0.07152928851451426, 0.21672934072219807, 0.053724938004318, 0.11357298511304642, 0.3643593886942861, 0.5441253794663492, 0.11140148324221523, 0.20408208480443743, 0.0014250032020557749, 0.4779956724061441, 0.2430624688869106, 0.6807857471363287, 0.9782781498948382, 0.941041416778287, 10.0, 6.87916453409887, 7.043126417146146, 7.977289475837393, 7.248250948745903, 10.0, 0.9513085086491437, 1.9739330343763648, 5.372752090327485, 0.9853167368966659, 2.3729844977691323, 2.852620116971557, 0.4382730214216899, 1.0709183840294785, 1.8526159087342946, 1.590346325044999, 4.905124554050851, 1.4728669432199228, 1.4240504384160841, 6.852195756164164, 2.758304135317552, 2.318833354906983, 0.7812747582683496]
APTIDAO: 
33.23773894814694
GEN: 1200
Individuo: 
[1.500222398796233, 0.7547653278524613, 4.384634256487639, 1.315476561179863, 2.3813609438556917, 0.6874152026334889, 0.45155103179090084, 0.36993611867385917, 0.7500288320173417, 1.278449246098853, 0.3199166986473724, 0.08349596028285589, 0.033884799218403164, 0.04472612369312574, 0.1006104558700133, 0.07152928851451426, 0.21672934072219807, 0.0941820542017582, 0.11357298511304642, 0.3643593886942861, 0.5441253794663492, 0.11140148324221523, 0.20408208480443743, 0.0012630557129685255, 0.4779956724061441, 0.2430624688869106, 0.6807857471363287, 0.9782781498948382, 0.941041416778287, 10.0, 6.87916453409887, 7.043126417146146, 7.977289475837393, 7.248250948745903, 10.0, 0.9513085086491437, 2.218238374269033, 5.372752090327485, 0.8278223419934818, 2.2881369339543958, 2.852620116971557, 0.4382730214216899, 1.0709183840294785, 2.2867746378289318, 1.590346325044999, 4.905124554050851, 1.4728669432199228, 1.4240504384160841, 6.852195756164164, 1.330625940963783, 2.318833354906983, 0.7812747582683496]
APTIDAO: 
32.79714663851732
GEN: 1300
Individuo: 
[1.5004100600524464, 0.7547653278524613, 4.384634256487639, 1.315476561179863, 2.8481806412246082, 0.6951342838470299, 0.45155103179090084, 0.3653716570407204, 0.7500288320173417, 0.9507406775244506, 0.3199166986473724, 0.08349596028285589, 0.033884799218403164, 0.04472612369312574, 0.10681330599107389, 0.08261725953986285, 0.2025649018721819, 0.0941820542017582, 0.11357298511304642, 0.3643593886942861, 0.5441253794663492, 0.11140148324221523, 0.20408208480443743, 0.00244829895286907, 0.4779956724061441, 0.2430624688869106, 0.6636047812452781, 0.9782781498948382, 0.941041416778287, 10.0, 6.411357459248531, 7.779854733557806, 7.977289475837393, 6.184970730965264, 10.0, 0.9041239490370131, 2.218238374269033, 5.372752090327485, 0.8278223419934818, 2.2881369339543958, 3.9654980699198834, 0.6984988605605436, 0.9402564592774191, 2.2867746378289318, 1.590346325044999, 4.905124554050851, 1.4728669432199228, 1.4240504384160841, 6.852195756164164, 0.9933132412918007, 2.318833354906983, 0.7812747582683496]
APTIDAO: 
31.59977468360265
GEN: 1400
Individuo: 
[1.5004100600524464, 0.7547653278524613, 4.384634256487639, 1.315476561179863, 2.8481806412246082, 0.6951342838470299, 0.45155103179090084, 0.3653716570407204, 0.7500288320173417, 0.9507406775244506, 0.3199166986473724, 0.08349596028285589, 0.033884799218403164, 0.03696797383901904, 0.11796131976332346, 0.08261725953986285, 0.19155814381982958, 0.07930745219645377, 0.11357298511304642, 0.3643593886942861, 0.5138510003445795, 0.11140148324221523, 0.20408208480443743, 0.006962506828460205, 0.4779956724061441, 0.2430624688869106, 0.6636047812452781, 0.9782781498948382, 0.941041416778287, 10.0, 6.411357459248531, 7.779854733557806, 7.977289475837393, 6.184970730965264, 10.0, 0.9041239490370131, 2.218238374269033, 5.372752090327485, 0.8278223419934818, 3.2244991979010975, 1.7643586372919455, 0.6984988605605436, 0.8355811706724067, 1.5801229503083862, 1.590346325044999, 4.905124554050851, 1.549956172096198, 1.4240504384160841, 6.852195756164164, 0.9658021316224007, 2.318833354906983, 0.7812747582683496]
APTIDAO: 
30.97736292854256
GEN: 1500
Individuo: 
[1.5004100600524464, 0.7876702005268078, 4.38490318772057, 1.315476561179863, 2.8481806412246082, 0.6951342838470299, 0.45155103179090084, 0.3653716570407204, 0.7500288320173417, 0.9507406775244506, 0.3199166986473724, 0.08349596028285589, 0.033884799218403164, 0.028659485345914136, 0.1129011463836317, 0.08261725953986285, 0.19155814381982958, 0.07632577100285089, 0.11357298511304642, 0.3643593886942861, 0.5090518504928128, 0.11140148324221523, 0.20408208480443743, 0.012714674276004345, 0.4779956724061441, 0.251067073453164, 0.6636047812452781, 1.3961881194065509, 0.6383334910514515, 10.0, 6.411357459248531, 7.779854733557806, 7.977289475837393, 6.184970730965264, 10.0, 0.9041239490370131, 2.218238374269033, 5.372752090327485, 0.8278223419934818, 3.051272499078692, 3.0389724291712206, 0.6984988605605436, 0.8355811706724067, 1.4910245741780213, 1.590346325044999, 4.905124554050851, 1.2816790573088013, 1.4240504384160841, 6.852195756164164, 0.9585184489736469, 2.318833354906983, 1.0029573113646493]
APTIDAO: 
30.702958288209462
GEN: 1600
Individuo: 
[1.5004100600524464, 0.7876702005268078, 4.38490318772057, 1.315476561179863, 2.8481806412246082, 0.6951342838470299, 0.45155103179090084, 0.3653716570407204, 0.7500288320173417, 0.9507406775244506, 0.3199166986473724, 0.08349596028285589, 0.033884799218403164, 0.03481939014776839, 0.1129011463836317, 0.08261725953986285, 0.19155814381982958, 0.07632577100285089, 0.11357298511304642, 0.3643593886942861, 0.5090518504928128, 0.11169830864477931, 0.20408208480443743, 0.009465456485903016, 0.4779956724061441, 0.2845046587087174, 0.6636047812452781, 1.3961881194065509, 0.6383334910514515, 10.0, 6.411357459248531, 7.779854733557806, 7.977289475837393, 6.184970730965264, 10.0, 0.9041239490370131, 2.218238374269033, 5.372752090327485, 0.8278223419934818, 2.488458855595292, 3.0389724291712206, 0.6984988605605436, 0.8355811706724067, 1.4910245741780213, 1.590346325044999, 4.905124554050851, 1.2816790573088013, 1.3794489823713332, 6.852195756164164, 1.3184983555069718, 2.318833354906983, 0.9607017526799677]
APTIDAO: 
30.63023825986906
GEN: 1700
Individuo: 
[1.5004100600524464, 0.7876702005268078, 4.38490318772057, 1.315476561179863, 2.8481806412246082, 0.6951342838470299, 0.45155103179090084, 0.3653716570407204, 0.7500288320173417, 0.9507406775244506, 0.3199166986473724, 0.08349596028285589, 0.033884799218403164, 0.016646326674072245, 0.1129011463836317, 0.08627317653950083, 0.19155814381982958, 0.0772183555409076, 0.11357298511304642, 0.3643593886942861, 0.5445135608957428, 0.11169830864477931, 0.20408208480443743, 0.017328552224879945, 0.4779956724061441, 0.4235890080657136, 0.6636047812452781, 1.3961881194065509, 0.6383334910514515, 10.0, 6.411357459248531, 7.779854733557806, 7.977289475837393, 6.184970730965264, 10.0, 0.9041239490370131, 2.218238374269033, 5.372752090327485, 0.8278223419934818, 1.2199587177764037, 3.0389724291712206, 1.1600912726907673, 0.8355811706724067, 1.9749083059478398, 1.590346325044999, 4.905124554050851, 1.9048731928717504, 1.3794489823713332, 6.852195756164164, 1.6055123501856832, 2.318833354906983, 1.9226120534772586]
APTIDAO: 
30.182465828004187
GEN: 1800
Individuo: 
[1.5004100600524464, 0.7876702005268078, 4.38490318772057, 1.315476561179863, 2.836043362271372, 0.6951342838470299, 0.45155103179090084, 0.37691653749281684, 0.7711252489010301, 0.9507406775244506, 0.3199166986473724, 0.08349596028285589, 0.030623905863121616, 0.02137700318089986, 0.13658539243362147, 0.10439121457814911, 0.19155814381982958, 0.08747218792363004, 0.10242804202136647, 0.3643593886942861, 0.5445135608957428, 0.11169830864477931, 0.20408208480443743, 0.013503976459021124, 0.4770246464476465, 0.7082193509559274, 0.6636047812452781, 1.3961881194065509, 0.6383334910514515, 10.0, 7.347320831102876, 7.779854733557806, 7.977289475837393, 4.535696357726924, 9.804105227764996, 0.9041239490370131, 2.218238374269033, 5.372752090327485, 1.0655519226003338, 1.9811706513271374, 1.7051675559803219, 1.2656875410615505, 0.8355811706724067, 3.183735170906976, 0.8287449857012412, 4.905124554050851, 1.9048731928717504, 1.3794489823713332, 6.852195756164164, 1.4274776115938912, 3.664421212704766, 1.6298871029772868]
APTIDAO: 
29.267040338574734
GEN: 1900
Individuo: 
[1.5004100600524464, 0.7876702005268078, 4.38490318772057, 1.315476561179863, 2.836043362271372, 0.6951342838470299, 0.45155103179090084, 0.37691653749281684, 0.7709109365615744, 0.9507406775244506, 0.3199166986473724, 0.08349596028285589, 0.030235147367217545, 0.02106618028364671, 0.13658539243362147, 0.10439121457814911, 0.19155814381982958, 0.07776095953096944, 0.10242804202136647, 0.3643593886942861, 0.5361173679544644, 0.11169830864477931, 0.20408208480443743, 0.01153167390498123, 0.462091440785442, 0.7082193509559274, 0.6636047812452781, 1.3961881194065509, 0.6383334910514515, 10.0, 7.347320831102876, 7.779854733557806, 7.977289475837393, 4.535696357726924, 8.017035271648034, 0.9041239490370131, 2.218238374269033, 5.372752090327485, 0.6966872758643934, 1.9349580612873671, 1.7051675559803219, 1.2656875410615505, 0.8355811706724067, 1.4317155692412107, 0.8287449857012412, 4.905124554050851, 2.200434617988452, 1.3794489823713332, 6.852195756164164, 1.8895659508754687, 4.686218938476112, 1.6298871029772868]
APTIDAO: 
29.206636320880044
GEN: 2000
Individuo: 
[1.5004100600524464, 0.7876702005268078, 4.38490318772057, 1.315476561179863, 2.836043362271372, 0.6951342838470299, 0.45155103179090084, 0.37691653749281684, 0.7709109365615744, 0.9507406775244506, 0.3199166986473724, 0.08349596028285589, 0.030077310095242116, 0.010411537232320427, 0.13658539243362147, 0.13084991265620707, 0.19155814381982958, 0.04404149750913366, 0.10242804202136647, 0.39398851172098565, 0.5361173679544644, 0.11169830864477931, 0.20408208480443743, 0.015518353398570474, 0.462091440785442, 0.767442865561674, 0.6636047812452781, 1.3961881194065509, 0.6383334910514515, 10.0, 7.347320831102876, 7.779854733557806, 7.977289475837393, 4.535696357726924, 8.017035271648034, 0.9041239490370131, 2.218238374269033, 5.372752090327485, 1.23064325479005, 1.3587483352606728, 1.7051675559803219, 0.8899742428913533, 0.8355811706724067, 0.7797937679742419, 0.8287449857012412, 3.6525070815722422, 2.200434617988452, 1.3794489823713332, 6.852195756164164, 1.5362235106527942, 4.686218938476112, 1.978129586858388]
APTIDAO: 
28.306609584559826
GEN: 2100
Individuo: 
[1.5004100600524464, 0.7876702005268078, 4.38490318772057, 1.315476561179863, 2.836043362271372, 0.6951342838470299, 0.45155103179090084, 0.37691653749281684, 0.7709109365615744, 0.9507406775244506, 0.3199166986473724, 0.08349596028285589, 0.030077310095242116, 0.00969183095054524, 0.13658539243362147, 0.13084991265620707, 0.19155814381982958, 0.04698830484284851, 0.10242804202136647, 0.39398851172098565, 0.5361173679544644, 0.11169830864477931, 0.20408208480443743, 0.016955815634074098, 0.462091440785442, 0.8141485744402706, 0.6636047812452781, 1.3961881194065509, 0.6383334910514515, 10.0, 7.347320831102876, 7.779854733557806, 7.977289475837393, 4.535696357726924, 8.017035271648034, 0.9041239490370131, 2.218238374269033, 5.372752090327485, 1.23064325479005, 1.6326886670881378, 1.7051675559803219, 0.8899742428913533, 0.8355811706724067, 0.7892119884842784, 0.8287449857012412, 3.6525070815722422, 2.200434617988452, 1.3794489823713332, 6.852195756164164, 1.1896226283754243, 4.686218938476112, 2.2616859857860043]
APTIDAO: 
28.22892128330574
GEN: 2200
Individuo: 
[1.5004100600524464, 0.7876702005268078, 4.38490318772057, 1.315476561179863, 2.836043362271372, 0.6951248113721965, 0.45155103179090084, 0.37691653749281684, 0.7709109365615744, 0.9507406775244506, 0.3199166986473724, 0.08739699368998909, 0.03380480122560537, 0.00969183095054524, 0.1386310128187417, 0.13084991265620707, 0.18801223491884136, 0.04350254247591418, 0.10242804202136647, 0.39398851172098565, 0.5361173679544644, 0.11169830864477931, 0.20408208480443743, 0.029837936238347906, 0.462091440785442, 0.8141485744402706, 0.6636047812452781, 1.3961881194065509, 0.6383334910514515, 10.0, 7.347320831102876, 5.841481954728523, 7.977289475837393, 4.535696357726924, 8.017035271648034, 0.9041239490370131, 2.218238374269033, 5.072579558948233, 0.9782353196938084, 1.6326886670881378, 2.356187705809702, 0.8899742428913533, 0.793421742036307, 0.7381891870760412, 0.8287449857012412, 3.6525070815722422, 2.200434617988452, 1.3794489823713332, 6.852195756164164, 1.961353078567814, 4.686218938476112, 2.2616859857860043]
APTIDAO: 
28.156157792865876
GEN: 2300
Individuo: 
[1.5004100600524464, 0.7876702005268078, 4.38490318772057, 1.315476561179863, 2.836043362271372, 0.6951248113721965, 0.45155103179090084, 0.37691653749281684, 0.7709109365615744, 0.9507406775244506, 0.3199166986473724, 0.08739699368998909, 0.03380480122560537, 0.008631958232455945, 0.1386310128187417, 0.13311545904486677, 0.18801223491884136, 0.03960110543121491, 0.10242804202136647, 0.39398851172098565, 0.5361173679544644, 0.11169830864477931, 0.20408208480443743, 0.029837936238347906, 0.462091440785442, 0.9303611331051882, 0.6636047812452781, 1.3961881194065509, 0.6383334910514515, 10.0, 7.347320831102876, 5.841481954728523, 7.977289475837393, 4.535696357726924, 8.017035271648034, 0.9041239490370131, 2.218238374269033, 5.072579558948233, 0.9782353196938084, 0.875798203118498, 2.356187705809702, 0.823691465800036, 0.793421742036307, 1.9128949779888234, 0.8287449857012412, 3.6525070815722422, 2.200434617988452, 1.3794489823713332, 6.852195756164164, 1.961353078567814, 4.686218938476112, 1.8419165113246905]
APTIDAO: 
28.113071872998088
GEN: 2400
Individuo: 
[1.5004100600524464, 0.7876702005268078, 4.38490318772057, 1.315476561179863, 2.836043362271372, 0.6951248113721965, 0.45155103179090084, 0.37691653749281684, 0.7756894210975065, 0.9507406775244506, 0.3199166986473724, 0.08739699368998909, 0.03380480122560537, 0.008631958232455945, 0.14074000845011028, 0.14980170584746796, 0.18801223491884136, 0.03564528820592619, 0.10242804202136647, 0.39398851172098565, 0.5361173679544644, 0.11169830864477931, 0.20408208480443743, 0.029837936238347906, 0.40825840639810956, 0.9303611331051882, 0.6636047812452781, 1.3961881194065509, 0.6383334910514515, 10.0, 7.347320831102876, 5.841481954728523, 7.977289475837393, 4.535696357726924, 7.777865010020426, 0.9041239490370131, 2.218238374269033, 5.072579558948233, 0.9782353196938084, 0.875798203118498, 1.8060049491581955, 0.9533048884437633, 0.793421742036307, 1.1291076010303283, 0.8287449857012412, 3.6525070815722422, 2.200434617988452, 1.3794489823713332, 6.852195756164164, 1.961353078567814, 4.147178556484382, 1.8419165113246905]
APTIDAO: 
28.08132222947307
GEN: 2500
Individuo: 
[1.5004100600524464, 0.7876702005268078, 4.38490318772057, 1.3167225572029673, 2.836043362271372, 0.6951248113721965, 0.45155103179090084, 0.37691653749281684, 0.7756894210975065, 0.9507406775244506, 0.3199166986473724, 0.08739699368998909, 0.03380480122560537, 0.008631958232455945, 0.14074000845011028, 0.14980170584746796, 0.18801223491884136, 0.033278083158897215, 0.10242804202136647, 0.39398851172098565, 0.5361173679544644, 0.11169830864477931, 0.20408208480443743, 0.031519584770841595, 0.40825840639810956, 0.9303611331051882, 0.6636047812452781, 1.3961881194065509, 0.6383334910514515, 10.0, 7.347320831102876, 5.841481954728523, 7.977289475837393, 4.535696357726924, 7.777865010020426, 0.9041239490370131, 2.218238374269033, 5.072579558948233, 0.9782353196938084, 0.875798203118498, 1.8060049491581955, 0.9533048884437633, 0.793421742036307, 1.1147952876847609, 0.8287449857012412, 3.6525070815722422, 2.200434617988452, 1.3794489823713332, 6.852195756164164, 2.4998255482282556, 4.147178556484382, 1.8419165113246905]
APTIDAO: 
28.06699737289211
GEN: 2600
Individuo: 
[1.5004100600524464, 0.7876702005268078, 4.38490318772057, 1.3167225572029673, 2.836043362271372, 0.7548478096446186, 0.45155103179090084, 0.37691653749281684, 0.7756894210975065, 0.9507406775244506, 0.3199166986473724, 0.07453285802873658, 0.011726467880272373, 0.007409957914708428, 0.14074000845011028, 0.14980170584746796, 0.18801223491884136, 0.033278083158897215, 0.10242804202136647, 0.39398851172098565, 0.5361173679544644, 0.11169830864477931, 0.20408208480443743, 0.03349411501442355, 0.42445959971087593, 0.8827197074350993, 0.6636047812452781, 1.3961881194065509, 0.6383334910514515, 10.0, 7.347320831102876, 4.710689482987307, 7.977289475837393, 4.535696357726924, 7.777865010020426, 0.9041239490370131, 2.218238374269033, 4.501848081221931, 0.6740012572827181, 0.875172395027462, 1.8060049491581955, 0.9533048884437633, 0.793421742036307, 1.1147952876847609, 0.8287449857012412, 3.6525070815722422, 2.200434617988452, 1.3794489823713332, 6.852195756164164, 2.2553483686898708, 3.5043687574953637, 0.9175227438742893]
APTIDAO: 
27.959301992403166
GEN: 2700
Individuo: 
[1.5004100600524464, 0.7876702005268078, 4.38490318772057, 1.3167225572029673, 2.836043362271372, 0.7548478096446186, 0.45155103179090084, 0.37691653749281684, 0.7756894210975065, 0.9507406775244506, 0.3199166986473724, 0.0762348108445833, 0.011726467880272373, 0.00985476290949057, 0.15107551175835984, 0.14980170584746796, 0.18801223491884136, 0.049089860370260155, 0.10242804202136647, 0.39398851172098565, 0.5361173679544644, 0.11169830864477931, 0.20408208480443743, 0.03349411501442355, 0.4119855172303943, 0.8023121200057443, 0.6636047812452781, 1.3961881194065509, 0.6383334910514515, 10.0, 7.347320831102876, 4.710689482987307, 7.977289475837393, 4.535696357726924, 7.777865010020426, 0.9041239490370131, 2.218238374269033, 4.224374419541891, 0.6740012572827181, 1.262273498607418, 1.707476978317406, 0.9533048884437633, 0.793421742036307, 1.4555419399119387, 0.8287449857012412, 3.6525070815722422, 2.200434617988452, 1.3794489823713332, 6.852195756164164, 2.2553483686898708, 4.580737686204967, 1.350958616397497]
APTIDAO: 
27.654506349017964
GEN: 2800
Individuo: 
[1.5004100600524464, 0.7876702005268078, 4.38490318772057, 1.3167225572029673, 2.836043362271372, 0.7548478096446186, 0.45155103179090084, 0.37691653749281684, 0.7756894210975065, 0.9507406775244506, 0.3199166986473724, 0.0762348108445833, 0.011726467880272373, 0.00985476290949057, 0.15107551175835984, 0.139827980164064, 0.18801223491884136, 0.05858975987685998, 0.10242804202136647, 0.39398851172098565, 0.5402993857536333, 0.11169830864477931, 0.20408208480443743, 0.03349411501442355, 0.4119855172303943, 0.8023121200057443, 0.6636047812452781, 1.3961881194065509, 0.6383334910514515, 10.0, 7.347320831102876, 4.710689482987307, 7.977289475837393, 4.535696357726924, 7.777865010020426, 0.9041239490370131, 2.218238374269033, 4.224374419541891, 0.6740012572827181, 1.262273498607418, 1.707476978317406, 0.8205651112901472, 0.793421742036307, 2.99036530617356, 0.8287449857012412, 3.6525070815722422, 2.1615075482870805, 1.3794489823713332, 6.852195756164164, 2.2553483686898708, 4.580737686204967, 1.350958616397497]
APTIDAO: 
27.689552653549327
GEN: 2900
Individuo: 
[1.5004100600524464, 0.7876702005268078, 4.38490318772057, 1.3167225572029673, 2.836043362271372, 0.7548478096446186, 0.45155103179090084, 0.37691653749281684, 0.7756894210975065, 0.9507406775244506, 0.3199166986473724, 0.0762348108445833, 0.011726467880272373, 0.00985476290949057, 0.15107551175835984, 0.15576100943847146, 0.18801223491884136, 0.05858975987685998, 0.10242804202136647, 0.39398851172098565, 0.5402993857536333, 0.11169830864477931, 0.20408208480443743, 0.03349411501442355, 0.4119855172303943, 0.8023121200057443, 0.6636047812452781, 1.3961881194065509, 0.6383334910514515, 10.0, 7.347320831102876, 4.710689482987307, 7.977289475837393, 4.535696357726924, 7.777865010020426, 0.9041239490370131, 2.218238374269033, 4.224374419541891, 0.6740012572827181, 1.262273498607418, 1.707476978317406, 1.1078088052201418, 0.793421742036307, 2.99036530617356, 0.8287449857012412, 3.6525070815722422, 2.1615075482870805, 1.3794489823713332, 6.852195756164164, 2.2553483686898708, 4.580737686204967, 1.350958616397497]
APTIDAO: 
27.60104131682006
GEN: 3000
Individuo: 
[1.5004100600524464, 0.7876702005268078, 4.38490318772057, 1.3167225572029673, 2.836043362271372, 0.7548478096446186, 0.45155103179090084, 0.37474657521667165, 0.7756894210975065, 0.9507406775244506, 0.3199166986473724, 0.0762348108445833, 0.012790430222442872, 0.010375799254625345, 0.15107551175835984, 0.13308708192412602, 0.18801223491884136, 0.07061743315602954, 0.0945899795862342, 0.37714244293344207, 0.5402993857536333, 0.1138381588054452, 0.20408208480443743, 0.028583672047517356, 0.4119855172303943, 0.8023121200057443, 0.6636047812452781, 1.3961881194065509, 0.6383334910514515, 10.0, 7.347320831102876, 4.710689482987307, 7.977289475837393, 3.6013955130045936, 7.777865010020426, 0.9041239490370131, 2.218238374269033, 4.224374419541891, 1.088023883894777, 0.9333059232231716, 1.707476978317406, 1.0757076341395935, 0.793421742036307, 2.571425695995024, 0.6137825573759512, 1.7850501830981707, 2.1615075482870805, 2.5057846669659867, 6.852195756164164, 1.8214880526281967, 4.580737686204967, 1.350958616397497]
APTIDAO: 
27.645418318260496
GEN: 3100
Individuo: 
[1.5004100600524464, 0.7876702005268078, 4.38490318772057, 1.3167225572029673, 2.836043362271372, 0.7548478096446186, 0.45155103179090084, 0.37474657521667165, 0.7756894210975065, 0.9507406775244506, 0.3199166986473724, 0.0762348108445833, 0.010887113238522112, 0.013984854831088243, 0.15107551175835984, 0.13308708192412602, 0.18801223491884136, 0.07061743315602954, 0.0945899795862342, 0.37714244293344207, 0.5402993857536333, 0.11437031126663798, 0.20408208480443743, 0.03725034064144662, 0.6441478197447059, 0.8023121200057443, 0.6636047812452781, 1.3961881194065509, 0.6383334910514515, 10.0, 7.347320831102876, 4.710689482987307, 7.977289475837393, 3.6013955130045936, 7.777865010020426, 0.9041239490370131, 2.218238374269033, 4.224374419541891, 0.7901791336744478, 0.89480943654532, 1.707476978317406, 1.0757076341395935, 0.793421742036307, 2.571425695995024, 0.6137825573759512, 1.7850501830981707, 2.1615075482870805, 2.173689387803764, 6.852195756164164, 2.0271183416971144, 3.6304791971755517, 1.350958616397497]
APTIDAO: 
27.771375841040012
GEN: 3200
Individuo: 
[1.5004100600524464, 0.7876702005268078, 4.38490318772057, 1.3167225572029673, 2.836043362271372, 0.7548478096446186, 0.45155103179090084, 0.37474657521667165, 0.7756894210975065, 0.9507406775244506, 0.3199166986473724, 0.0762348108445833, 0.010887113238522112, 0.013984854831088243, 0.15107551175835984, 0.13551661980567833, 0.18801223491884136, 0.07061743315602954, 0.09334411673136339, 0.37714244293344207, 0.5402993857536333, 0.11437031126663798, 0.20408208480443743, 0.03725034064144662, 0.6441478197447059, 0.8023121200057443, 0.6636047812452781, 1.3961881194065509, 0.6383334910514515, 10.0, 7.347320831102876, 4.710689482987307, 7.977289475837393, 3.6013955130045936, 7.777865010020426, 0.9041239490370131, 2.218238374269033, 4.224374419541891, 0.7901791336744478, 0.89480943654532, 1.707476978317406, 2.6054356188614336, 0.793421742036307, 2.571425695995024, 0.5073958983461652, 1.7850501830981707, 2.1615075482870805, 2.173689387803764, 6.852195756164164, 2.0271183416971144, 3.6304791971755517, 1.350958616397497]
APTIDAO: 
27.746381816704883
GEN: 3300
Individuo: 
[1.5004100600524464, 0.7876702005268078, 4.38490318772057, 1.3167225572029673, 2.836043362271372, 0.7548478096446186, 0.45155103179090084, 0.37474657521667165, 0.7756894210975065, 0.9507406775244506, 0.3199166986473724, 0.0762348108445833, 0.01125252903999701, 0.015001010690198926, 0.15107551175835984, 0.13551661980567833, 0.18801223491884136, 0.06782134122086277, 0.09334411673136339, 0.37714244293344207, 0.5599149482315191, 0.1176685777096368, 0.20408208480443743, 0.03725034064144662, 0.6441478197447059, 0.8023121200057443, 0.6636047812452781, 1.3961881194065509, 0.6383334910514515, 10.0, 7.347320831102876, 4.710689482987307, 7.977289475837393, 3.6013955130045936, 7.777865010020426, 0.9041239490370131, 2.218238374269033, 4.224374419541891, 1.1904586753065372, 1.1064134188434378, 1.707476978317406, 2.6054356188614336, 0.793421742036307, 2.0450984785863056, 0.5073958983461652, 1.7850501830981707, 2.8508953965221746, 2.09839104496547, 6.852195756164164, 2.0271183416971144, 3.6304791971755517, 1.350958616397497]
APTIDAO: 
27.739878986093334
GEN: 3400
Individuo: 
[1.5004100600524464, 0.7876702005268078, 4.38490318772057, 1.3167225572029673, 2.836043362271372, 0.7548478096446186, 0.45155103179090084, 0.37474657521667165, 0.7756894210975065, 0.9507406775244506, 0.3199166986473724, 0.0762348108445833, 0.01125252903999701, 0.014317047342657466, 0.1483566283842693, 0.13551661980567833, 0.18801223491884136, 0.06505811018096158, 0.09334411673136339, 0.37714244293344207, 0.5599149482315191, 0.1176685777096368, 0.20408208480443743, 0.03725034064144662, 0.6441478197447059, 0.8023121200057443, 0.6636047812452781, 1.3961881194065509, 0.6383334910514515, 10.0, 7.347320831102876, 4.710689482987307, 7.977289475837393, 3.6013955130045936, 7.777865010020426, 0.9041239490370131, 2.218238374269033, 4.224374419541891, 1.1904586753065372, 0.6498458120251975, 1.4554583271810675, 2.6054356188614336, 0.793421742036307, 2.306851855685951, 0.5073958983461652, 1.7850501830981707, 2.8508953965221746, 2.09839104496547, 6.852195756164164, 2.0271183416971144, 3.6304791971755517, 1.350958616397497]
APTIDAO: 
27.71540908326403
GEN: 3500
Individuo: 
[1.5004100600524464, 0.7876702005268078, 4.3169356312808915, 1.3167225572029673, 2.836043362271372, 0.7548478096446186, 0.45155103179090084, 0.37474657521667165, 0.7756894210975065, 0.9507406775244506, 0.3199166986473724, 0.0762348108445833, 0.01125252903999701, 0.014317047342657466, 0.17485593318724724, 0.13551661980567833, 0.1762118866170521, 0.06505811018096158, 0.09334411673136339, 0.37714244293344207, 0.5599149482315191, 0.1176685777096368, 0.20408208480443743, 0.03725034064144662, 0.6589182049979674, 0.9667386873019252, 0.6636047812452781, 1.3961881194065509, 0.68847098013686, 10.0, 7.347320831102876, 4.710689482987307, 7.977289475837393, 3.6013955130045936, 7.777865010020426, 0.9041239490370131, 2.218238374269033, 4.224374419541891, 1.1904586753065372, 0.6498458120251975, 1.7840354335103525, 2.6054356188614336, 0.7885308049878211, 2.306851855685951, 0.5073958983461652, 1.7850501830981707, 2.8508953965221746, 2.09839104496547, 6.852195756164164, 2.0271183416971144, 2.770361541806792, 1.0892096838806535]
APTIDAO: 
27.80919191920449
GEN: 3600
Individuo: 
[1.500553496919586, 0.7876702005268078, 4.3169356312808915, 1.3167225572029673, 2.807557149709272, 0.7548478096446186, 0.45155103179090084, 0.37474657521667165, 0.7756894210975065, 0.9507406775244506, 0.3199166986473724, 0.08047471723850973, 0.009856217856482712, 0.014317047342657466, 0.17485593318724724, 0.16532191898256043, 0.1762118866170521, 0.05015482703067438, 0.09334411673136339, 0.37714244293344207, 0.5582633735404222, 0.1176685777096368, 0.20408208480443743, 0.027458044564573444, 0.6589182049979674, 0.9667386873019252, 0.9156742757793507, 1.3961881194065509, 0.68847098013686, 10.0, 6.5545362595191206, 4.710689482987307, 7.977289475837393, 3.6013955130045936, 7.777865010020426, 0.9041239490370131, 2.218238374269033, 4.816176659893568, 1.1187513314103048, 0.6498458120251975, 1.7840354335103525, 1.8373140792835274, 0.7885308049878211, 2.4326563488661948, 0.5073958983461652, 1.7850501830981707, 4.295601966098482, 2.09839104496547, 6.852195756164164, 1.3154782531832465, 2.770361541806792, 1.0892096838806535]
APTIDAO: 
27.49083892871519
GEN: 3700
Individuo: 
[1.500553496919586, 0.7876702005268078, 4.2420871049924305, 1.3167225572029673, 2.807557149709272, 0.7548478096446186, 0.45155103179090084, 0.37474657521667165, 0.7756894210975065, 0.9507406775244506, 0.3199166986473724, 0.08047471723850973, 0.009856217856482712, 0.009054535199058574, 0.17515701311676282, 0.18084651515170577, 0.1762118866170521, 0.057813726768941906, 0.09334411673136339, 0.37714244293344207, 0.5582633735404222, 0.11960961510043405, 0.20408208480443743, 0.027458044564573444, 0.6796366549011894, 0.9667386873019252, 0.9156742757793507, 1.3961881194065509, 0.5616095338672753, 10.0, 6.5545362595191206, 4.710689482987307, 7.977289475837393, 3.6013955130045936, 7.777865010020426, 0.9041239490370131, 2.218238374269033, 4.816176659893568, 1.1187513314103048, 0.8482360277308557, 1.6650136692226458, 1.0016853671500008, 0.7885308049878211, 2.466263569304614, 0.5073958983461652, 1.7850501830981707, 4.295601966098482, 3.304357590242345, 6.852195756164164, 1.3154782531832465, 5.2408329532867475, 1.0892096838806535]
APTIDAO: 
27.360484185482377
GEN: 3800
Individuo: 
[1.500553496919586, 0.7876702005268078, 4.2420871049924305, 1.3167225572029673, 2.807557149709272, 0.7548478096446186, 0.45155103179090084, 0.37474657521667165, 0.7756894210975065, 0.9507406775244506, 0.3199166986473724, 0.08047471723850973, 0.010047244668839423, 0.009054535199058574, 0.17515701311676282, 0.18084651515170577, 0.1762118866170521, 0.04883982696198966, 0.09347609622646634, 0.37714244293344207, 0.5582633735404222, 0.11960961510043405, 0.20408208480443743, 0.028788874351595946, 0.6796366549011894, 0.9667386873019252, 0.9156742757793507, 1.3961881194065509, 0.5616095338672753, 10.0, 6.5545362595191206, 4.710689482987307, 7.977289475837393, 3.6013955130045936, 7.777865010020426, 0.9041239490370131, 2.218238374269033, 4.816176659893568, 1.7160783367330488, 0.8482360277308557, 1.6650136692226458, 1.0016853671500008, 0.7885308049878211, 2.010294063114211, 0.7565192481358428, 1.7850501830981707, 4.295601966098482, 3.304357590242345, 6.852195756164164, 1.0679284637841884, 5.2408329532867475, 1.0892096838806535]
APTIDAO: 
27.283036958281617
GEN: 3900
Individuo: 
[1.500553496919586, 0.7876702005268078, 4.2420871049924305, 1.3167225572029673, 2.807557149709272, 0.7548478096446186, 0.45194249746698295, 0.37474657521667165, 0.7756894210975065, 0.9507406775244506, 0.3199166986473724, 0.08047471723850973, 0.010047244668839423, 0.009054535199058574, 0.17515701311676282, 0.18675196518438883, 0.1762118866170521, 0.04736852541800158, 0.09347609622646634, 0.37714244293344207, 0.5582633735404222, 0.11960961510043405, 0.20408208480443743, 0.02872382576038992, 0.6796366549011894, 0.9667386873019252, 0.9156742757793507, 1.3961881194065509, 0.5616095338672753, 10.0, 6.5545362595191206, 4.710689482987307, 7.397568652457014, 3.6013955130045936, 7.777865010020426, 0.9041239490370131, 2.218238374269033, 4.816176659893568, 1.7160783367330488, 0.8482360277308557, 1.6650136692226458, 0.8923817802375231, 0.7885308049878211, 1.3639766383633893, 0.7565192481358428, 1.7850501830981707, 4.295601966098482, 3.304357590242345, 6.852195756164164, 0.7708003106788215, 5.2408329532867475, 1.0892096838806535]
APTIDAO: 
27.251219375777616
GEN: 4000
Individuo: 
[1.500553496919586, 0.7876702005268078, 4.2420871049924305, 1.3167225572029673, 2.807557149709272, 0.7556076818399997, 0.45194249746698295, 0.4729290006506776, 0.7745056667167544, 0.9471643009240776, 0.3199166986473724, 0.08047471723850973, 0.010047244668839423, 0.012096981480630261, 0.179177934745141, 0.21494134789837063, 0.09345217653966922, 0.03608291241711633, 0.09347609622646634, 0.37714244293344207, 0.5582633735404222, 0.11960961510043405, 0.20408208480443743, 0.025580988531802077, 0.6796366549011894, 0.9667386873019252, 0.9156742757793507, 1.3961881194065509, 0.5616095338672753, 10.0, 6.5545362595191206, 2.921757278980765, 7.397568652457014, 2.4947544242719277, 3.6936289809147564, 1.0788201074225017, 2.218238374269033, 4.816176659893568, 1.7160783367330488, 0.8991735377502708, 2.256962835812662, 1.1572602414542699, 0.6315955508696028, 0.8965878514512977, 0.7565192481358428, 1.7850501830981707, 4.295601966098482, 3.304357590242345, 6.852195756164164, 0.4597778440606397, 5.2408329532867475, 1.0892096838806535]
APTIDAO: 
27.012064705787573
GEN: 4100
Individuo: 
[1.500553496919586, 0.8515351526955345, 4.2420871049924305, 1.3167225572029673, 2.807557149709272, 0.7556076818399997, 0.45194249746698295, 0.4729290006506776, 0.7745056667167544, 0.9471643009240776, 0.3199166986473724, 0.08047471723850973, 0.010047244668839423, 0.010803882852309933, 0.19663658140590154, 0.21581951504470917, 0.09345217653966922, 0.03608291241711633, 0.0938279988339348, 0.37714244293344207, 0.5426286313199215, 0.11960961510043405, 0.20408208480443743, 0.025580988531802077, 0.21265317145204277, 0.2941380343530124, 0.9156742757793507, 1.5424416156065228, 0.5616095338672753, 10.0, 6.5545362595191206, 2.921757278980765, 7.397568652457014, 2.4947544242719277, 3.6936289809147564, 1.0788201074225017, 2.218238374269033, 4.816176659893568, 1.7160783367330488, 1.534871595720988, 2.8120100406418733, 1.2557060164339167, 0.6315955508696028, 0.8965878514512977, 1.2784285056292906, 1.7850501830981707, 2.325112343365599, 3.304357590242345, 6.852195756164164, 0.4597778440606397, 4.020172838484877, 0.5751775520392339]
APTIDAO: 
26.624412426747234
GEN: 4200
Individuo: 
[1.500553496919586, 0.8515351526955345, 4.2420871049924305, 1.3167225572029673, 2.807557149709272, 0.7556076818399997, 0.45194249746698295, 0.4729290006506776, 0.7745056667167544, 0.948640485775809, 0.3199166986473724, 0.08047471723850973, 0.011535139262841845, 0.00907931653426002, 0.19663658140590154, 0.21581951504470917, 0.07304035881329127, 0.04024400573561081, 0.0938279988339348, 0.37714244293344207, 0.5426286313199215, 0.11960961510043405, 0.20408208480443743, 0.025580988531802077, 0.21265317145204277, 0.08875453659577706, 0.9156742757793507, 1.5424416156065228, 0.5616095338672753, 10.0, 6.5545362595191206, 2.921757278980765, 7.397568652457014, 2.4947544242719277, 3.6936289809147564, 1.0891535636795908, 2.218238374269033, 4.816176659893568, 1.5249712574775753, 0.9037270353660172, 2.8120100406418733, 1.2557060164339167, 0.8312200895572464, 0.7500503388485421, 1.2784285056292906, 1.7850501830981707, 2.325112343365599, 3.304357590242345, 6.852195756164164, 0.4597778440606397, 4.020172838484877, 0.8542359192013742]
APTIDAO: 
26.27355819705358
GEN: 4300
Individuo: 
[1.4887890762782743, 0.8515351526955345, 4.2420871049924305, 1.3167225572029673, 2.807557149709272, 0.7556076818399997, 0.45194249746698295, 0.4563052336238388, 0.7745056667167544, 0.948640485775809, 0.3199166986473724, 0.06390408806685412, 0.011535139262841845, 0.00907931653426002, 0.19663658140590154, 0.21581951504470917, 0.07304035881329127, 0.02699200305205835, 0.10376377632888763, 0.36385104094434173, 0.5426286313199215, 0.11960961510043405, 0.20408208480443743, 0.025580988531802077, 0.21265317145204277, 0.005058882107533193, 1.3050437328239586, 1.5424416156065228, 0.5616095338672753, 10.0, 6.5545362595191206, 2.921757278980765, 7.397568652457014, 1.5496218346684831, 3.6936289809147564, 1.0891535636795908, 2.218238374269033, 4.661766226200477, 1.5249712574775753, 0.9037270353660172, 2.8120100406418733, 1.2557060164339167, 0.8312200895572464, 1.8011954229274012, 1.105276998151256, 3.439046924410543, 2.325112343365599, 3.304357590242345, 6.852195756164164, 0.4597778440606397, 4.020172838484877, 0.5202093358721237]
APTIDAO: 
26.470225865247844
GEN: 4400
Individuo: 
[1.4887890762782743, 0.8515351526955345, 4.2420871049924305, 1.3167225572029673, 2.807557149709272, 0.7556076818399997, 0.45194249746698295, 0.4563052336238388, 0.7745056667167544, 0.948640485775809, 0.3199166986473724, 0.06390408806685412, 0.01124063690898368, 0.009128406392966344, 0.19663658140590154, 0.21581951504470917, 0.07304035881329127, 0.02699200305205835, 0.10376377632888763, 0.36385104094434173, 0.5426286313199215, 0.11960961510043405, 0.20408208480443743, 0.025580988531802077, 0.21265317145204277, 0.002392265526182689, 1.3050437328239586, 1.5424416156065228, 0.5616095338672753, 10.0, 6.5545362595191206, 2.921757278980765, 7.397568652457014, 1.5496218346684831, 3.6936289809147564, 1.0891535636795908, 2.218238374269033, 4.661766226200477, 2.0942344998609888, 1.2947078762748765, 2.8120100406418733, 1.2557060164339167, 0.8312200895572464, 1.8011954229274012, 1.105276998151256, 3.439046924410543, 2.325112343365599, 3.304357590242345, 6.852195756164164, 0.4597778440606397, 4.020172838484877, 0.41425974515252745]
APTIDAO: 
26.48761848040298
GEN: 4500
Individuo: 
[1.4887890762782743, 0.86582102531889, 4.2420871049924305, 1.3167225572029673, 2.807557149709272, 0.7556076818399997, 0.45194249746698295, 0.4563052336238388, 0.7745056667167544, 0.948640485775809, 0.3199166986473724, 0.0655254657839106, 0.01124063690898368, 0.009128406392966344, 0.19663658140590154, 0.21923358224930614, 0.07304035881329127, 0.03683523865271404, 0.10376377632888763, 0.36385104094434173, 0.5426286313199215, 0.11960961510043405, 0.20408208480443743, 0.025580988531802077, 0.21265317145204277, 0.00519736829489082, 1.3050437328239586, 0.8955659972542159, 0.5616095338672753, 10.0, 6.5545362595191206, 2.921757278980765, 7.397568652457014, 1.5496218346684831, 3.6936289809147564, 1.0891535636795908, 2.218238374269033, 4.857008504277269, 2.0942344998609888, 1.2947078762748765, 2.8120100406418733, 0.8706508122969541, 0.8312200895572464, 1.7371374661648984, 1.105276998151256, 3.439046924410543, 2.325112343365599, 3.304357590242345, 6.852195756164164, 0.4597778440606397, 4.020172838484877, 0.5872964235112692]
APTIDAO: 
26.27324130932764
GEN: 4600
Individuo: 
[1.4887890762782743, 0.86582102531889, 4.2420871049924305, 1.3167225572029673, 2.807557149709272, 0.7556076818399997, 0.45194249746698295, 0.4563052336238388, 0.7745056667167544, 0.948640485775809, 0.3199166986473724, 0.0655254657839106, 0.01124063690898368, 0.009128406392966344, 0.19663658140590154, 0.22001721540510738, 0.07304035881329127, 0.03683523865271404, 0.10376377632888763, 0.36385104094434173, 0.5426286313199215, 0.11960961510043405, 0.20408208480443743, 0.025580988531802077, 0.21102764618352746, 0.0017616037263265792, 1.3050437328239586, 0.8955659972542159, 0.5616095338672753, 10.0, 6.5545362595191206, 2.921757278980765, 7.397568652457014, 1.5496218346684831, 3.6936289809147564, 1.0891535636795908, 2.218238374269033, 4.857008504277269, 2.0942344998609888, 1.2947078762748765, 2.8120100406418733, 1.0063282123411141, 0.8312200895572464, 1.7371374661648984, 1.105276998151256, 3.439046924410543, 2.325112343365599, 3.304357590242345, 6.852195756164164, 0.4597778440606397, 3.1378956217014387, 0.2898284224034745]
APTIDAO: 
26.26864012903149
GEN: 4700
Individuo: 
[1.4887890762782743, 0.86582102531889, 4.2420871049924305, 1.3167225572029673, 2.807557149709272, 0.7556076818399997, 0.45194249746698295, 0.4563052336238388, 0.7745056667167544, 0.948640485775809, 0.3199166986473724, 0.0655254657839106, 0.01124063690898368, 0.009128406392966344, 0.19663658140590154, 0.22001721540510738, 0.07304035881329127, 0.03683523865271404, 0.10376377632888763, 0.36385104094434173, 0.5426286313199215, 0.11960961510043405, 0.20408208480443743, 0.025580988531802077, 0.21102764618352746, 0.004869994993081711, 1.3050437328239586, 0.8955659972542159, 0.5616095338672753, 10.0, 6.5545362595191206, 2.921757278980765, 7.397568652457014, 1.5496218346684831, 3.6936289809147564, 1.0891535636795908, 2.218238374269033, 4.857008504277269, 2.0942344998609888, 1.2947078762748765, 2.8120100406418733, 1.0063282123411141, 0.8312200895572464, 1.7371374661648984, 1.105276998151256, 3.439046924410543, 2.325112343365599, 3.304357590242345, 6.852195756164164, 0.4597778440606397, 3.1378956217014387, 1.0491178682803632]
APTIDAO: 
26.266054093542074
GEN: 4800
Individuo: 
[1.4887890762782743, 0.86582102531889, 4.2420871049924305, 1.3167225572029673, 2.807557149709272, 0.7556076818399997, 0.45194249746698295, 0.4563052336238388, 0.7745056667167544, 0.948640485775809, 0.3199166986473724, 0.0655254657839106, 0.01124063690898368, 0.009128406392966344, 0.19663658140590154, 0.2201699679554781, 0.07304035881329127, 0.03683523865271404, 0.10376377632888763, 0.36385104094434173, 0.5426286313199215, 0.11960961510043405, 0.20408208480443743, 0.025580988531802077, 0.21102764618352746, 0.006167720269157856, 1.3050437328239586, 0.8955659972542159, 0.5616095338672753, 10.0, 6.5545362595191206, 2.921757278980765, 7.397568652457014, 1.5496218346684831, 3.6936289809147564, 1.0891535636795908, 2.218238374269033, 4.857008504277269, 2.0942344998609888, 1.2947078762748765, 2.8120100406418733, 0.7839960836264666, 0.8312200895572464, 1.7371374661648984, 1.105276998151256, 3.439046924410543, 2.325112343365599, 3.304357590242345, 6.852195756164164, 0.4597778440606397, 3.1378956217014387, 0.39380857232714495]
APTIDAO: 
26.26573638833787
GEN: 4900
Individuo: 
[1.4887890762782743, 0.86582102531889, 4.2420871049924305, 1.3167225572029673, 2.807557149709272, 0.7556076818399997, 0.45194249746698295, 0.4563052336238388, 0.7745056667167544, 0.948640485775809, 0.3199166986473724, 0.0655254657839106, 0.01124063690898368, 0.009128406392966344, 0.19663658140590154, 0.2201699679554781, 0.07304035881329127, 0.03683523865271404, 0.10376377632888763, 0.36385104094434173, 0.5426286313199215, 0.11960961510043405, 0.20408208480443743, 0.025580988531802077, 0.21102764618352746, 0.006167720269157856, 1.3050437328239586, 0.8955659972542159, 0.5616095338672753, 10.0, 6.5545362595191206, 2.921757278980765, 7.397568652457014, 1.5496218346684831, 3.6936289809147564, 1.0891535636795908, 2.218238374269033, 4.857008504277269, 2.0942344998609888, 1.2947078762748765, 2.8120100406418733, 0.7839960836264666, 0.8312200895572464, 1.7371374661648984, 1.105276998151256, 3.439046924410543, 2.325112343365599, 3.304357590242345, 6.852195756164164, 0.4597778440606397, 3.1378956217014387, 0.39380857232714495]
APTIDAO: 
26.26573638833787
GEN: 5000
Individuo: 
[1.4887890762782743, 0.86582102531889, 4.2420871049924305, 1.3167225572029673, 2.807557149709272, 0.7556076818399997, 0.45194249746698295, 0.4563052336238388, 0.7745056667167544, 0.948640485775809, 0.3199166986473724, 0.0655254657839106, 0.01124063690898368, 0.009128406392966344, 0.19663658140590154, 0.2201699679554781, 0.07304035881329127, 0.03683523865271404, 0.10376377632888763, 0.36385104094434173, 0.5426286313199215, 0.11960961510043405, 0.20408208480443743, 0.025580988531802077, 0.21102764618352746, 0.006167720269157856, 1.3050437328239586, 0.8955659972542159, 0.5616095338672753, 10.0, 6.5545362595191206, 2.921757278980765, 7.397568652457014, 1.5496218346684831, 3.6936289809147564, 1.0891535636795908, 2.218238374269033, 4.857008504277269, 2.0942344998609888, 1.2947078762748765, 2.8120100406418733, 0.7839960836264666, 0.8312200895572464, 1.7371374661648984, 1.105276998151256, 3.439046924410543, 2.325112343365599, 3.304357590242345, 6.852195756164164, 0.4597778440606397, 3.1378956217014387, 0.39380857232714495]
APTIDAO: 
26.26573638833787
GEN: 5100
Individuo: 
[1.4887890762782743, 0.86582102531889, 4.2420871049924305, 1.3167225572029673, 2.807557149709272, 0.7556076818399997, 0.45194249746698295, 0.4563052336238388, 0.7745056667167544, 0.948640485775809, 0.3199166986473724, 0.0655254657839106, 0.01124063690898368, 0.009128406392966344, 0.19663658140590154, 0.2201699679554781, 0.07304035881329127, 0.03683523865271404, 0.10376377632888763, 0.36385104094434173, 0.5426286313199215, 0.11960961510043405, 0.20408208480443743, 0.025580988531802077, 0.21102764618352746, 0.0026554123508967177, 1.3050437328239586, 0.8955659972542159, 0.5616095338672753, 10.0, 6.5545362595191206, 2.921757278980765, 7.397568652457014, 1.5496218346684831, 3.6936289809147564, 1.0891535636795908, 2.218238374269033, 4.857008504277269, 2.0942344998609888, 1.2947078762748765, 2.8120100406418733, 0.7839960836264666, 0.8312200895572464, 1.7371374661648984, 1.105276998151256, 3.439046924410543, 2.325112343365599, 3.304357590242345, 6.852195756164164, 0.4597778440606397, 3.1378956217014387, 0.49534642252969996]
APTIDAO: 
26.26750181888664
GEN: 5200
Individuo: 
[1.4887890762782743, 0.86582102531889, 4.2420871049924305, 1.3167225572029673, 2.807557149709272, 0.7556076818399997, 0.45194249746698295, 0.4563052336238388, 0.7745056667167544, 0.948640485775809, 0.3199166986473724, 0.0655254657839106, 0.01124063690898368, 0.009188114075086901, 0.19663658140590154, 0.2201699679554781, 0.07304035881329127, 0.03683523865271404, 0.10376377632888763, 0.36385104094434173, 0.5426286313199215, 0.11960961510043405, 0.20408208480443743, 0.025580988531802077, 0.21102764618352746, 0.0032450048967846987, 1.3050437328239586, 0.8955659972542159, 0.5616095338672753, 10.0, 6.5545362595191206, 2.921757278980765, 7.397568652457014, 1.5496218346684831, 3.6936289809147564, 1.0891535636795908, 2.218238374269033, 4.857008504277269, 2.0942344998609888, 2.82090865131053, 2.8120100406418733, 0.7839960836264666, 0.8312200895572464, 1.7371374661648984, 1.105276998151256, 3.439046924410543, 2.325112343365599, 3.304357590242345, 6.852195756164164, 0.4597778440606397, 3.1378956217014387, 1.1949398062375585]
APTIDAO: 
26.266223123178367
GEN: 5300
Individuo: 
[1.4887890762782743, 0.86582102531889, 4.2420871049924305, 1.3167225572029673, 2.807557149709272, 0.7556076818399997, 0.45194249746698295, 0.4563052336238388, 0.7745056667167544, 0.948640485775809, 0.3199166986473724, 0.0655254657839106, 0.01124063690898368, 0.009188114075086901, 0.19663658140590154, 0.2201699679554781, 0.07304035881329127, 0.03683523865271404, 0.10376377632888763, 0.36385104094434173, 0.5426286313199215, 0.11960961510043405, 0.20408208480443743, 0.025580988531802077, 0.21102764618352746, 0.0035853934365022216, 1.3050437328239586, 0.8955659972542159, 0.5616095338672753, 10.0, 6.5545362595191206, 2.921757278980765, 7.397568652457014, 1.5496218346684831, 3.6936289809147564, 1.0891535636795908, 2.218238374269033, 4.857008504277269, 2.0942344998609888, 2.82090865131053, 2.8120100406418733, 0.7839960836264666, 0.8312200895572464, 1.7371374661648984, 1.105276998151256, 3.439046924410543, 2.325112343365599, 3.304357590242345, 6.852195756164164, 0.4597778440606397, 3.1378956217014387, 1.0569844958250967]
APTIDAO: 
26.266195682047808
GEN: 5400
Individuo: 
[1.4887890762782743, 0.86582102531889, 4.2420871049924305, 1.3167225572029673, 2.807557149709272, 0.7556076818399997, 0.45194249746698295, 0.4563052336238388, 0.7745056667167544, 0.948640485775809, 0.3199166986473724, 0.0655254657839106, 0.01124063690898368, 0.009188114075086901, 0.19663658140590154, 0.2201699679554781, 0.07304035881329127, 0.03683523865271404, 0.10376377632888763, 0.36385104094434173, 0.5426286313199215, 0.11960961510043405, 0.20408208480443743, 0.025580988531802077, 0.21102764618352746, 0.0040557668183070945, 1.3050437328239586, 0.8955659972542159, 0.5616095338672753, 10.0, 6.5545362595191206, 2.921757278980765, 7.397568652457014, 1.5496218346684831, 3.6936289809147564, 1.0891535636795908, 2.218238374269033, 4.857008504277269, 2.0942344998609888, 2.82090865131053, 2.8120100406418733, 0.7839960836264666, 0.8312200895572464, 1.7371374661648984, 1.105276998151256, 3.439046924410543, 2.325112343365599, 3.304357590242345, 6.852195756164164, 0.4597778440606397, 3.1378956217014387, 0.7442363230336748]
APTIDAO: 
26.26616482391876
GEN: 5500
Individuo: 
[1.4887890762782743, 0.86582102531889, 4.2420871049924305, 1.3167225572029673, 2.807557149709272, 0.7556076818399997, 0.45194249746698295, 0.4563052336238388, 0.7745056667167544, 0.948640485775809, 0.3199166986473724, 0.0655254657839106, 0.01124063690898368, 0.009188114075086901, 0.19663658140590154, 0.2201699679554781, 0.07304035881329127, 0.03683523865271404, 0.10376377632888763, 0.36385104094434173, 0.5426286313199215, 0.11960961510043405, 0.20408208480443743, 0.025580988531802077, 0.21102764618352746, 0.004040595296374166, 1.3050437328239586, 0.8955659972542159, 0.5616095338672753, 10.0, 6.5545362595191206, 2.921757278980765, 7.397568652457014, 1.5496218346684831, 3.6936289809147564, 1.0891535636795908, 2.218238374269033, 4.857008504277269, 2.0942344998609888, 2.82090865131053, 2.8120100406418733, 0.7839960836264666, 0.8312200895572464, 1.7371374661648984, 1.105276998151256, 3.439046924410543, 2.325112343365599, 3.304357590242345, 6.852195756164164, 0.4597778440606397, 3.1378956217014387, 1.3214351590139484]
APTIDAO: 
26.26616060072971
GEN: 5600
Individuo: 
[1.4887890762782743, 0.86582102531889, 4.2420871049924305, 1.3167225572029673, 2.807557149709272, 0.7556076818399997, 0.45194249746698295, 0.4563052336238388, 0.7745056667167544, 0.948640485775809, 0.3199166986473724, 0.0655254657839106, 0.01124063690898368, 0.009188114075086901, 0.19663658140590154, 0.2201699679554781, 0.07304035881329127, 0.03683523865271404, 0.10376377632888763, 0.36385104094434173, 0.5426286313199215, 0.11960961510043405, 0.20408208480443743, 0.025580988531802077, 0.21102764618352746, 0.004063346975139978, 1.3050437328239586, 0.8955659972542159, 0.5616095338672753, 10.0, 6.5545362595191206, 2.921757278980765, 7.397568652457014, 1.5496218346684831, 3.6936289809147564, 1.0891535636795908, 2.218238374269033, 4.857008504277269, 2.0942344998609888, 2.82090865131053, 2.8120100406418733, 0.7839960836264666, 0.8312200895572464, 1.7371374661648984, 1.105276998151256, 3.439046924410543, 2.325112343365599, 3.304357590242345, 6.852195756164164, 0.4597778440606397, 3.1378956217014387, 1.3674319755814983]
APTIDAO: 
26.266167560229423
GEN: 5700
Individuo: 
[1.4887890762782743, 0.86582102531889, 4.2420871049924305, 1.3167225572029673, 2.807557149709272, 0.7556076818399997, 0.45194249746698295, 0.4563052336238388, 0.7745056667167544, 0.948640485775809, 0.3199166986473724, 0.0655254657839106, 0.01124063690898368, 0.009188114075086901, 0.19663658140590154, 0.2201699679554781, 0.07304035881329127, 0.036587535337676225, 0.10376377632888763, 0.36385104094434173, 0.5426286313199215, 0.11960961510043405, 0.20408208480443743, 0.025580988531802077, 0.21102764618352746, 0.0051494676498919385, 1.3050437328239586, 0.8955659972542159, 0.5616095338672753, 10.0, 6.5545362595191206, 2.921757278980765, 7.397568652457014, 1.5496218346684831, 3.6936289809147564, 1.0891535636795908, 2.218238374269033, 4.857008504277269, 2.0942344998609888, 2.82090865131053, 2.8120100406418733, 0.7839960836264666, 0.8312200895572464, 2.9547786466025667, 1.105276998151256, 3.439046924410543, 2.325112343365599, 3.304357590242345, 6.852195756164164, 0.4597778440606397, 3.1378956217014387, 0.7844067779669754]
APTIDAO: 
26.263843191002245
GEN: 5800
Individuo: 
[1.4887890762782743, 0.86582102531889, 4.2420871049924305, 1.3167225572029673, 2.807557149709272, 0.7556076818399997, 0.45194249746698295, 0.4563052336238388, 0.7745056667167544, 0.948640485775809, 0.3199166986473724, 0.0655254657839106, 0.01124063690898368, 0.009188114075086901, 0.19663658140590154, 0.2201699679554781, 0.07304035881329127, 0.036587535337676225, 0.10376377632888763, 0.36385104094434173, 0.5426286313199215, 0.11960961510043405, 0.20408208480443743, 0.025051872238979308, 0.21102764618352746, 0.011359777210063454, 1.3050437328239586, 0.8955659972542159, 0.5616095338672753, 10.0, 6.5545362595191206, 2.921757278980765, 7.397568652457014, 1.5496218346684831, 3.6936289809147564, 1.0891535636795908, 2.218238374269033, 4.857008504277269, 2.0942344998609888, 2.82090865131053, 2.8120100406418733, 0.7839960836264666, 0.8312200895572464, 2.9547786466025667, 1.105276998151256, 3.439046924410543, 2.325112343365599, 3.304357590242345, 6.852195756164164, 0.7170137105195953, 3.1378956217014387, 0.9536369510299253]
APTIDAO: 
26.267709143320737
GEN: 5900
Individuo: 
[1.4887890762782743, 0.86582102531889, 4.2420871049924305, 1.3167225572029673, 2.807557149709272, 0.7556076818399997, 0.45194249746698295, 0.4563052336238388, 0.7745056667167544, 0.948640485775809, 0.3199166986473724, 0.0655254657839106, 0.01124063690898368, 0.009188114075086901, 0.19663658140590154, 0.2201699679554781, 0.07304035881329127, 0.036587535337676225, 0.10376377632888763, 0.36385104094434173, 0.5426286313199215, 0.11960961510043405, 0.20408208480443743, 0.025051872238979308, 0.21102764618352746, 0.011359777210063454, 1.3050437328239586, 0.8955659972542159, 0.5616095338672753, 10.0, 6.5545362595191206, 2.921757278980765, 7.397568652457014, 1.5496218346684831, 3.6936289809147564, 1.0891535636795908, 2.218238374269033, 4.857008504277269, 2.0942344998609888, 2.82090865131053, 2.8120100406418733, 0.7839960836264666, 0.8312200895572464, 2.9547786466025667, 1.105276998151256, 3.439046924410543, 2.325112343365599, 3.304357590242345, 6.852195756164164, 0.7170137105195953, 3.1378956217014387, 0.9536369510299253]
APTIDAO: 
26.267709143320737
GEN: 6000
Individuo: 
[1.4887890762782743, 0.86582102531889, 4.2420871049924305, 1.3167225572029673, 2.687305516830386, 0.7544361466544728, 0.45194249746698295, 0.4563052336238388, 0.7745056667167544, 0.948640485775809, 0.29665035085994795, 0.0655254657839106, 0.01124063690898368, 0.009188114075086901, 0.19663658140590154, 0.2201699679554781, 0.0753946990781626, 0.036587535337676225, 0.10376377632888763, 0.36385104094434173, 0.5426286313199215, 0.11960961510043405, 0.20408208480443743, 0.025051872238979308, 0.43864225760621683, 0.001493006933826356, 1.3050437328239586, 0.8955659972542159, 0.5616095338672753, 10.0, 6.255896839393338, 3.472172203130684, 7.397568652457014, 1.5496218346684831, 3.6936289809147564, 1.0891535636795908, 2.77760297646106, 4.857008504277269, 2.0942344998609888, 2.82090865131053, 2.8120100406418733, 0.7839960836264666, 0.6266617930802525, 2.9547786466025667, 1.105276998151256, 3.439046924410543, 2.325112343365599, 3.304357590242345, 6.852195756164164, 0.7170137105195953, 1.0900248905295724, 0.5746960336289988]
APTIDAO: 
26.46606943282075
GEN: 6100
Individuo: 
[1.4887890762782743, 0.86582102531889, 4.2420871049924305, 1.3167225572029673, 2.72044773070425, 0.7584247513730854, 0.44512699314053855, 0.4563052336238388, 0.7745056667167544, 0.948640485775809, 0.29665035085994795, 0.0655254657839106, 0.00965340889243013, 0.006584125351761901, 0.18959000202851015, 0.19509245912388476, 0.0753946990781626, 0.04944475338936772, 0.10376377632888763, 0.36385104094434173, 0.5426286313199215, 0.11960961510043405, 0.20408208480443743, 0.024859169250395823, 0.43864225760621683, 0.0029506889531081444, 1.3050437328239586, 0.8955659972542159, 0.5616095338672753, 10.0, 5.5721383826876165, 2.760565758715215, 10.0, 1.5496218346684831, 3.6936289809147564, 1.0891535636795908, 2.77760297646106, 4.857008504277269, 1.9491054884399683, 1.9657790594951856, 2.6635905120712535, 1.0667849598860593, 0.6266617930802525, 2.3604038363915323, 1.105276998151256, 3.439046924410543, 2.325112343365599, 3.304357590242345, 6.852195756164164, 0.5482452442335234, 1.0900248905295724, 0.9268975155531796]
APTIDAO: 
26.634463675725982
GEN: 6200
Individuo: 
[1.4887890762782743, 0.86582102531889, 4.2420871049924305, 1.3167225572029673, 2.72044773070425, 0.7584247513730854, 0.44512699314053855, 0.4563052336238388, 0.7745056667167544, 0.948640485775809, 0.29665035085994795, 0.0655254657839106, 0.00965340889243013, 0.006801401274215295, 0.18959000202851015, 0.19509245912388476, 0.0753946990781626, 0.048420404146339205, 0.10376377632888763, 0.36385104094434173, 0.5426286313199215, 0.11960961510043405, 0.20408208480443743, 0.024859169250395823, 0.43864225760621683, 0.0033511496342475875, 1.3050437328239586, 0.8955659972542159, 0.5616095338672753, 10.0, 5.5721383826876165, 2.760565758715215, 10.0, 1.5496218346684831, 3.6936289809147564, 1.0891535636795908, 2.77760297646106, 4.857008504277269, 1.9491054884399683, 1.4559764705489406, 2.6635905120712535, 1.0667849598860593, 0.6266617930802525, 1.5425213454287958, 1.105276998151256, 3.439046924410543, 2.325112343365599, 3.304357590242345, 6.852195756164164, 0.5482452442335234, 1.0900248905295724, 0.5680741366929857]
APTIDAO: 
26.61814158621652
GEN: 6300
Individuo: 
[1.4887890762782743, 0.86582102531889, 4.2420871049924305, 1.3167225572029673, 2.72044773070425, 0.7584247513730854, 0.44512699314053855, 0.4563052336238388, 0.7745056667167544, 0.948640485775809, 0.29665035085994795, 0.0655254657839106, 0.00965340889243013, 0.006613663598404985, 0.18959000202851015, 0.19509245912388476, 0.0753946990781626, 0.046063772375215147, 0.10376377632888763, 0.36385104094434173, 0.5426286313199215, 0.11960961510043405, 0.20408208480443743, 0.024859169250395823, 0.43864225760621683, 0.006705995915228555, 1.3050437328239586, 0.8955659972542159, 0.5616095338672753, 10.0, 5.5721383826876165, 2.760565758715215, 10.0, 1.5496218346684831, 3.6936289809147564, 1.0891535636795908, 2.77760297646106, 4.857008504277269, 1.9491054884399683, 2.3790764269145974, 2.6635905120712535, 1.0667849598860593, 0.6266617930802525, 1.4301507438846863, 1.105276998151256, 3.439046924410543, 2.325112343365599, 3.304357590242345, 6.852195756164164, 0.5482452442335234, 1.0900248905295724, 1.0641542705679345]
APTIDAO: 
26.59018535151109
GEN: 6400
Individuo: 
[1.4887890762782743, 0.86582102531889, 4.2420871049924305, 1.3167225572029673, 2.72044773070425, 0.7584247513730854, 0.44512699314053855, 0.4563052336238388, 0.7745056667167544, 0.948640485775809, 0.29665035085994795, 0.0655254657839106, 0.00965340889243013, 0.006613663598404985, 0.18959000202851015, 0.19509245912388476, 0.0753946990781626, 0.046063772375215147, 0.104961487114202, 0.36385104094434173, 0.5426286313199215, 0.11960961510043405, 0.20408208480443743, 0.024859169250395823, 0.43864225760621683, 0.0122003975879305, 1.3050437328239586, 0.8955659972542159, 0.5616095338672753, 10.0, 5.5721383826876165, 2.760565758715215, 10.0, 1.5496218346684831, 3.6936289809147564, 1.0891535636795908, 2.77760297646106, 4.857008504277269, 1.9491054884399683, 2.3790764269145974, 2.6635905120712535, 1.0667849598860593, 0.6266617930802525, 1.4301507438846863, 0.9162861493904148, 3.439046924410543, 2.325112343365599, 3.304357590242345, 6.852195756164164, 0.5482452442335234, 1.0900248905295724, 5.1702201948711854]
APTIDAO: 
26.58444734785154
GEN: 6500
Individuo: 
[1.4887890762782743, 0.86582102531889, 4.2420871049924305, 1.3167225572029673, 2.72044773070425, 0.7584247513730854, 0.44512699314053855, 0.4563052336238388, 0.7745056667167544, 0.948640485775809, 0.29665035085994795, 0.0655254657839106, 0.00965340889243013, 0.00860042608615196, 0.18959000202851015, 0.20238154691936647, 0.0753946990781626, 0.043025651362843066, 0.104961487114202, 0.36385104094434173, 0.5426286313199215, 0.11960961510043405, 0.20408208480443743, 0.022279666292886316, 0.43864225760621683, 0.006835953504507713, 1.3050437328239586, 0.8955659972542159, 0.5616095338672753, 10.0, 5.5721383826876165, 2.760565758715215, 10.0, 1.5496218346684831, 3.6936289809147564, 1.0891535636795908, 2.77760297646106, 4.857008504277269, 1.9491054884399683, 2.219064512199683, 2.6635905120712535, 1.351319722234262, 0.6266617930802525, 0.7368272351385664, 0.9162861493904148, 3.439046924410543, 2.325112343365599, 3.304357590242345, 6.852195756164164, 1.1712515547127809, 1.0900248905295724, 2.5092747380409843]
APTIDAO: 
26.57850170368366
GEN: 6600
Individuo: 
[1.4887890762782743, 0.86582102531889, 4.2420871049924305, 1.3167225572029673, 2.72044773070425, 0.7584247513730854, 0.44512699314053855, 0.4563052336238388, 0.7745056667167544, 0.948640485775809, 0.29665035085994795, 0.0655254657839106, 0.00965340889243013, 0.00860042608615196, 0.18959000202851015, 0.20238154691936647, 0.0753946990781626, 0.043025651362843066, 0.104961487114202, 0.36385104094434173, 0.5426286313199215, 0.11960961510043405, 0.20408208480443743, 0.022279666292886316, 0.43864225760621683, 0.006835953504507713, 1.3050437328239586, 0.8955659972542159, 0.5616095338672753, 10.0, 5.5721383826876165, 2.760565758715215, 10.0, 1.5496218346684831, 3.6936289809147564, 1.0891535636795908, 2.77760297646106, 4.857008504277269, 1.9491054884399683, 2.219064512199683, 2.6635905120712535, 1.351319722234262, 0.6266617930802525, 0.7368272351385664, 0.9162861493904148, 3.439046924410543, 2.325112343365599, 3.304357590242345, 6.852195756164164, 1.1712515547127809, 1.0900248905295724, 2.5092747380409843]
APTIDAO: 
26.57850170368366
GEN: 6700
Individuo: 
[1.4887890762782743, 0.86582102531889, 4.2420871049924305, 1.3167225572029673, 2.72044773070425, 0.7584247513730854, 0.44512699314053855, 0.4563052336238388, 0.7745056667167544, 0.948640485775809, 0.29665035085994795, 0.0655254657839106, 0.00965340889243013, 0.00860042608615196, 0.18959000202851015, 0.20238154691936647, 0.0753946990781626, 0.043025651362843066, 0.104961487114202, 0.36385104094434173, 0.5426286313199215, 0.11960961510043405, 0.20408208480443743, 0.022279666292886316, 0.43864225760621683, 0.007434926852125361, 1.3050437328239586, 0.8955659972542159, 0.5616095338672753, 10.0, 5.5721383826876165, 2.760565758715215, 10.0, 1.5496218346684831, 3.6936289809147564, 1.0891535636795908, 2.77760297646106, 4.857008504277269, 1.9491054884399683, 2.219064512199683, 2.6635905120712535, 1.351319722234262, 0.6266617930802525, 0.7368272351385664, 0.9162861493904148, 3.439046924410543, 2.325112343365599, 3.304357590242345, 6.852195756164164, 1.1712515547127809, 1.0900248905295724, 2.5559747738865912]
APTIDAO: 
26.578155877313332
GEN: 6800
Individuo: 
[1.4887890762782743, 0.86582102531889, 4.2420871049924305, 1.3167225572029673, 2.72044773070425, 0.7584247513730854, 0.44512699314053855, 0.4563052336238388, 0.7745056667167544, 0.948640485775809, 0.29665035085994795, 0.0655254657839106, 0.009806766821267588, 0.00860042608615196, 0.18959000202851015, 0.20238154691936647, 0.0753946990781626, 0.04295637941488429, 0.104961487114202, 0.36385104094434173, 0.5426286313199215, 0.119920354605933, 0.20408208480443743, 0.022279666292886316, 0.43864225760621683, 0.008504823430191053, 1.3050437328239586, 0.8955659972542159, 0.5616095338672753, 10.0, 5.5721383826876165, 2.760565758715215, 10.0, 1.5496218346684831, 3.6936289809147564, 1.0891535636795908, 2.77760297646106, 4.857008504277269, 1.6559960829116893, 2.219064512199683, 2.6635905120712535, 1.351319722234262, 0.6266617930802525, 0.6585091856593467, 0.9162861493904148, 3.439046924410543, 2.325112343365599, 2.2204963409097176, 6.852195756164164, 1.1712515547127809, 1.0900248905295724, 2.1759613891058946]
APTIDAO: 
26.568531332663596
GEN: 6900
Individuo: 
[1.4887890762782743, 0.86582102531889, 4.2420871049924305, 1.3167225572029673, 2.72044773070425, 0.7584247513730854, 0.44512699314053855, 0.4563052336238388, 0.7745056667167544, 0.948640485775809, 0.29665035085994795, 0.0655254657839106, 0.009806766821267588, 0.007587146333930825, 0.18959000202851015, 0.20238154691936647, 0.0753946990781626, 0.04295637941488429, 0.104961487114202, 0.36385104094434173, 0.5426286313199215, 0.119920354605933, 0.20408208480443743, 0.019795567775089836, 0.43864225760621683, 0.03209664164103275, 1.3050437328239586, 0.8955659972542159, 0.5616095338672753, 10.0, 5.5721383826876165, 2.760565758715215, 10.0, 1.5496218346684831, 3.6936289809147564, 1.0891535636795908, 2.77760297646106, 4.857008504277269, 1.6559960829116893, 0.8873204200929184, 2.6635905120712535, 1.351319722234262, 0.6266617930802525, 0.6585091856593467, 0.9162861493904148, 3.439046924410543, 2.325112343365599, 2.2204963409097176, 6.852195756164164, 1.8695935488088071, 1.0900248905295724, 1.2529588053981355]
APTIDAO: 
26.551702762490443
GEN: 7000
Individuo: 
[1.4887890762782743, 0.86582102531889, 4.2420871049924305, 1.3167225572029673, 2.72044773070425, 0.7584247513730854, 0.44512699314053855, 0.4563052336238388, 0.7745056667167544, 0.948640485775809, 0.29665035085994795, 0.0655254657839106, 0.010029443921207441, 0.007715252140986478, 0.18959000202851015, 0.20238154691936647, 0.0753946990781626, 0.04083863362097126, 0.104961487114202, 0.36385104094434173, 0.5426286313199215, 0.119920354605933, 0.20408208480443743, 0.019795567775089836, 0.43864225760621683, 0.0365816393143206, 1.3050437328239586, 0.8955659972542159, 0.5616095338672753, 10.0, 5.5721383826876165, 2.760565758715215, 10.0, 1.5496218346684831, 3.6936289809147564, 1.0891535636795908, 2.77760297646106, 4.857008504277269, 1.5222009202182034, 0.757522826083524, 2.6635905120712535, 1.351319722234262, 0.6266617930802525, 0.8535298051043815, 0.9162861493904148, 3.439046924410543, 2.325112343365599, 2.2204963409097176, 6.852195756164164, 1.8695935488088071, 1.0900248905295724, 1.6530715071224473]
APTIDAO: 
26.521373415489055
GEN: 7100
Individuo: 
[1.4887890762782743, 0.86582102531889, 4.2420871049924305, 1.3167225572029673, 2.72044773070425, 0.7584247513730854, 0.44512699314053855, 0.4563052336238388, 0.7745056667167544, 0.948640485775809, 0.29665035085994795, 0.0655254657839106, 0.015042402364869345, 0.007618888157695702, 0.18959000202851015, 0.20238154691936647, 0.0753946990781626, 0.02963280867104667, 0.10172354219497409, 0.36385104094434173, 0.5426286313199215, 0.119920354605933, 0.20408208480443743, 0.04045860213039872, 0.43864225760621683, 0.041194994008608814, 1.3050437328239586, 0.8955659972542159, 0.5616095338672753, 10.0, 5.5721383826876165, 2.760565758715215, 10.0, 1.5496218346684831, 3.6936289809147564, 1.0891535636795908, 2.77760297646106, 4.857008504277269, 1.399509876703284, 0.5045155862909364, 2.6635905120712535, 1.351319722234262, 0.6266617930802525, 0.8018174629021291, 1.1164236812296942, 3.439046924410543, 2.325112343365599, 2.2204963409097176, 6.852195756164164, 3.0801759657363736, 1.0900248905295724, 1.2455726189740381]
APTIDAO: 
26.464859298849994
GEN: 7200
Individuo: 
[1.4887890762782743, 0.86582102531889, 4.2420871049924305, 1.3167225572029673, 2.72044773070425, 0.7584247513730854, 0.44512699314053855, 0.4563052336238388, 0.7745056667167544, 0.948640485775809, 0.29665035085994795, 0.0655254657839106, 0.015042402364869345, 0.0020984162654861128, 0.18959000202851015, 0.19328320749560415, 0.0753946990781626, 0.027118255875570475, 0.10172354219497409, 0.36385104094434173, 0.6409133856171282, 0.119920354605933, 0.20408208480443743, 0.09322610350136976, 0.43864225760621683, 0.07498561716856354, 1.3050437328239586, 0.8955659972542159, 0.5616095338672753, 10.0, 5.5721383826876165, 2.760565758715215, 10.0, 1.5496218346684831, 3.6936289809147564, 1.0891535636795908, 2.77760297646106, 4.857008504277269, 1.399509876703284, 0.9360288720475227, 2.6635905120712535, 1.3676847954521119, 0.6266617930802525, 0.6833882584752908, 1.1164236812296942, 3.439046924410543, 1.0963267776494625, 2.2204963409097176, 6.852195756164164, 2.2482519011556357, 1.0900248905295724, 0.8363001512851058]
APTIDAO: 
27.110907770643212
GEN: 7300
Individuo: 
[1.4887890762782743, 0.86582102531889, 4.2420871049924305, 1.3167225572029673, 2.72044773070425, 0.7584247513730854, 0.44512699314053855, 0.4563052336238388, 0.7745056667167544, 0.948640485775809, 0.29665035085994795, 0.0655254657839106, 0.015042402364869345, 0.0020984162654861128, 0.18959000202851015, 0.19328320749560415, 0.0753946990781626, 0.027118255875570475, 0.10172354219497409, 0.3643665264627903, 0.6409133856171282, 0.119920354605933, 0.20408208480443743, 0.09322610350136976, 0.43864225760621683, 0.07498561716856354, 1.3050437328239586, 0.8955659972542159, 0.5616095338672753, 10.0, 5.5721383826876165, 2.760565758715215, 10.0, 1.5496218346684831, 3.6936289809147564, 1.0891535636795908, 2.77760297646106, 4.857008504277269, 1.399509876703284, 0.9360288720475227, 2.6635905120712535, 1.3676847954521119, 0.6266617930802525, 0.6833882584752908, 1.1164236812296942, 3.0241969655221768, 1.0963267776494625, 2.2204963409097176, 6.852195756164164, 2.2482519011556357, 1.0900248905295724, 0.8363001512851058]
APTIDAO: 
27.110081629447073
GEN: 7400
Individuo: 
[1.4887890762782743, 0.86582102531889, 4.2420871049924305, 1.3167225572029673, 2.72044773070425, 0.7584247513730854, 0.44512699314053855, 0.4563052336238388, 0.7745056667167544, 0.948640485775809, 0.29665035085994795, 0.0655254657839106, 0.015042402364869345, 0.0020984162654861128, 0.18959000202851015, 0.19328320749560415, 0.0753946990781626, 0.027118255875570475, 0.10172354219497409, 0.3643665264627903, 0.6409133856171282, 0.119920354605933, 0.20408208480443743, 0.09322610350136976, 0.43864225760621683, 0.07498561716856354, 1.3050437328239586, 0.8955659972542159, 0.5616095338672753, 10.0, 5.5721383826876165, 2.760565758715215, 10.0, 1.5496218346684831, 3.6936289809147564, 1.0891535636795908, 2.77760297646106, 4.857008504277269, 1.399509876703284, 0.9360288720475227, 2.6635905120712535, 1.3676847954521119, 0.6266617930802525, 0.6833882584752908, 1.1164236812296942, 3.0241969655221768, 1.0963267776494625, 2.2204963409097176, 6.852195756164164, 2.2482519011556357, 1.0900248905295724, 0.8363001512851058]
APTIDAO: 
27.110081629447073
GEN: 7500
Individuo: 
[1.4887890762782743, 0.86582102531889, 4.2420871049924305, 1.3167225572029673, 2.72044773070425, 0.7584247513730854, 0.44512699314053855, 0.4563052336238388, 0.7745056667167544, 0.948640485775809, 0.29665035085994795, 0.0655254657839106, 0.015042402364869345, 0.0031518043444722643, 0.18959000202851015, 0.19328320749560415, 0.0753946990781626, 0.0229084446147323, 0.10172354219497409, 0.3643665264627903, 0.6409133856171282, 0.119920354605933, 0.20408208480443743, 0.09322610350136976, 0.43864225760621683, 0.06651576324575839, 1.3050437328239586, 0.8955659972542159, 0.5616095338672753, 10.0, 5.5721383826876165, 2.760565758715215, 10.0, 1.5496218346684831, 3.6936289809147564, 1.0891535636795908, 2.77760297646106, 4.857008504277269, 1.399509876703284, 0.7233289602299844, 2.6635905120712535, 1.3676847954521119, 0.6266617930802525, 1.1043827434653992, 1.1164236812296942, 3.0241969655221768, 1.0963267776494625, 2.2204963409097176, 6.852195756164164, 2.2482519011556357, 1.0900248905295724, 0.8487714555352553]
APTIDAO: 
27.04988686911131
GEN: 7600
Individuo: 
[1.4887890762782743, 0.86582102531889, 4.2420871049924305, 1.3167225572029673, 2.72044773070425, 0.7584247513730854, 0.44512699314053855, 0.4563052336238388, 0.7745056667167544, 0.948640485775809, 0.29665035085994795, 0.0655254657839106, 0.015042402364869345, 0.003706655838690689, 0.18959000202851015, 0.1911201473575347, 0.07536610557146482, 0.021733837415630078, 0.10172354219497409, 0.3643665264627903, 0.6409133856171282, 0.119920354605933, 0.20408208480443743, 0.09322610350136976, 0.43864225760621683, 0.06651576324575839, 1.3050437328239586, 0.8955659972542159, 0.5616095338672753, 10.0, 5.5721383826876165, 2.760565758715215, 10.0, 1.5496218346684831, 3.6936289809147564, 1.0891535636795908, 2.77760297646106, 4.857008504277269, 1.399509876703284, 0.9192463499282196, 2.6635905120712535, 3.066004717557472, 0.8358481380372556, 0.9661480509980458, 1.1164236812296942, 3.0241969655221768, 1.0963267776494625, 2.2204963409097176, 6.852195756164164, 2.2482519011556357, 1.0900248905295724, 0.8487714555352553]
APTIDAO: 
27.016448133367884
GEN: 7700
Individuo: 
[1.4887890762782743, 0.86582102531889, 4.2420871049924305, 1.3167225572029673, 2.72044773070425, 0.7584247513730854, 0.44512699314053855, 0.4563052336238388, 0.7745056667167544, 0.948640485775809, 0.29665035085994795, 0.0655254657839106, 0.015042402364869345, 0.0035122952986925676, 0.18959000202851015, 0.1911201473575347, 0.07536610557146482, 0.021733837415630078, 0.10172354219497409, 0.3643665264627903, 0.6409133856171282, 0.119920354605933, 0.20408208480443743, 0.0910842949320659, 0.43864225760621683, 0.06651576324575839, 1.3050437328239586, 0.8955659972542159, 0.5616095338672753, 10.0, 5.5721383826876165, 2.760565758715215, 10.0, 1.5496218346684831, 3.6936289809147564, 1.0891535636795908, 2.77760297646106, 4.857008504277269, 1.399509876703284, 0.5325957395559446, 2.6635905120712535, 3.066004717557472, 0.8358481380372556, 0.9661480509980458, 1.1164236812296942, 3.0241969655221768, 1.0963267776494625, 2.2204963409097176, 6.852195756164164, 1.926431177104969, 1.0900248905295724, 0.8487714555352553]
APTIDAO: 
27.008727123444217
GEN: 7800
Individuo: 
[1.4887890762782743, 0.86582102531889, 4.2420871049924305, 1.3167225572029673, 2.72044773070425, 0.7584247513730854, 0.44512699314053855, 0.4563052336238388, 0.7745056667167544, 0.948640485775809, 0.29665035085994795, 0.0655254657839106, 0.015042402364869345, 0.004270655432506015, 0.18959000202851015, 0.1911201473575347, 0.07536610557146482, 0.020570847725262624, 0.10172354219497409, 0.3643665264627903, 0.6409133856171282, 0.119920354605933, 0.20408208480443743, 0.0910842949320659, 0.43864225760621683, 0.06628662043471573, 1.3050437328239586, 0.8955659972542159, 0.5616095338672753, 10.0, 5.5721383826876165, 2.760565758715215, 10.0, 1.5496218346684831, 3.6936289809147564, 1.0891535636795908, 2.77760297646106, 4.857008504277269, 1.399509876703284, 0.8245941524424514, 2.6635905120712535, 3.066004717557472, 0.8358481380372556, 0.9505185299645382, 1.1164236812296942, 3.0241969655221768, 1.0963267776494625, 2.2204963409097176, 6.852195756164164, 1.926431177104969, 1.0900248905295724, 0.6190855927402351]
APTIDAO: 
26.961333150899186
GEN: 7900
Individuo: 
[1.4887890762782743, 1.1923322423813711, 4.2420871049924305, 1.3167225572029673, 2.076784919103303, 0.7584247513730854, 0.4625361612264753, 0.4563052336238388, 0.7745056667167544, 0.948640485775809, 0.29665035085994795, 0.048167083724776565, 0.012168182203211518, 0.0016798820812584515, 0.18959000202851015, 0.1911201473575347, 0.07536610557146482, 0.02033544107467048, 0.10338715571428474, 0.3643665264627903, 0.6409133856171282, 0.119920354605933, 0.20408208480443743, 0.03827400687060278, 0.43864225760621683, 0.05083283847712177, 1.3050437328239586, 0.9081415678520165, 0.5616095338672753, 10.0, 5.137522329970975, 2.760565758715215, 10.0, 1.5496218346684831, 3.6936289809147564, 1.0891535636795908, 2.77760297646106, 4.308156089959892, 1.5602743726442563, 1.4433315505902973, 2.6635905120712535, 3.066004717557472, 0.8358481380372556, 1.135578000712068, 1.2073570484710414, 3.0241969655221768, 1.0963267776494625, 2.2204963409097176, 6.852195756164164, 0.9601442120200198, 1.0900248905295724, 0.9038636901663238]
APTIDAO: 
26.210103489186288
GEN: 8000
Individuo: 
[1.4887890762782743, 1.1923322423813711, 4.2420871049924305, 1.30523023743896, 2.101486410780947, 0.7584247513730854, 0.4625361612264753, 0.4563052336238388, 0.7745056667167544, 0.948640485775809, 0.29665035085994795, 0.048167083724776565, 0.012168182203211518, 0.0011921062434897501, 0.18959000202851015, 0.1911201473575347, 0.07536610557146482, 0.03207032340181285, 0.10338715571428474, 0.3643665264627903, 0.6409133856171282, 0.119920354605933, 0.20408208480443743, 0.03827400687060278, 0.31099008673903644, 0.003978524796677752, 1.3050437328239586, 0.9081415678520165, 0.5616095338672753, 7.760141044542939, 5.661514878421069, 2.760565758715215, 10.0, 1.5496218346684831, 3.6936289809147564, 1.0891535636795908, 2.77760297646106, 4.308156089959892, 1.5602743726442563, 0.9404911193457324, 2.6635905120712535, 3.066004717557472, 0.8358481380372556, 1.0714192042940944, 1.2073570484710414, 3.0241969655221768, 1.0963267776494625, 2.2204963409097176, 6.852195756164164, 0.9601442120200198, 0.9490151095687015, 0.994921542112754]
APTIDAO: 
26.32080353982129
GEN: 8100
Individuo: 
[1.4887890762782743, 1.1923322423813711, 4.2420871049924305, 1.30523023743896, 2.1462355677474396, 0.7584247513730854, 0.4625361612264753, 0.4563052336238388, 0.7745056667167544, 0.948640485775809, 0.29665035085994795, 0.048167083724776565, 0.01396095364416728, 0.00134329194661455, 0.18959000202851015, 0.1911201473575347, 0.07536610557146482, 0.03207032340181285, 0.10338715571428474, 0.3643665264627903, 0.6409133856171282, 0.119920354605933, 0.20408208480443743, 0.03827400687060278, 0.31099008673903644, 0.001017123434789526, 1.3050437328239586, 0.9081415678520165, 0.5616095338672753, 7.760141044542939, 8.66242005581036, 2.760565758715215, 10.0, 1.5496218346684831, 3.6936289809147564, 1.0891535636795908, 2.77760297646106, 4.308156089959892, 1.0664659392185352, 0.8361270334043143, 2.6635905120712535, 3.066004717557472, 0.8358481380372556, 1.0714192042940944, 1.2073570484710414, 3.0241969655221768, 1.0963267776494625, 2.2204963409097176, 6.852195756164164, 0.9601442120200198, 0.9490151095687015, 0.6805297250265826]
APTIDAO: 
25.749405529308536
GEN: 8200
Individuo: 
[1.4887890762782743, 1.1923322423813711, 4.2420871049924305, 1.30523023743896, 2.1462355677474396, 0.7584247513730854, 0.4625361612264753, 0.4678263272305401, 0.7745056667167544, 0.948640485775809, 0.32459176837547765, 0.048167083724776565, 0.01396095364416728, 0.0032207970380563732, 0.18959000202851015, 0.1911201473575347, 0.07536610557146482, 0.052092954766920864, 0.10338715571428474, 0.3643665264627903, 0.6409133856171282, 0.119920354605933, 0.20408208480443743, 0.03827400687060278, 0.15210758105033018, 0.0015552826565795382, 1.3050437328239586, 0.9081415678520165, 0.5616095338672753, 7.760141044542939, 8.66242005581036, 2.760565758715215, 10.0, 2.468540035039236, 3.6936289809147564, 1.0891535636795908, 3.301754428755232, 4.308156089959892, 1.0664659392185352, 1.4653544782425774, 2.6635905120712535, 3.066004717557472, 0.8358481380372556, 2.3691095121856134, 1.2073570484710414, 3.0241969655221768, 1.0963267776494625, 2.2204963409097176, 6.852195756164164, 0.9601442120200198, 1.2807838507573204, 0.7727536372955898]
APTIDAO: 
25.37719901135607
GEN: 8300
Individuo: 
[1.4887890762782743, 1.1923322423813711, 4.2420871049924305, 1.30523023743896, 2.1462355677474396, 0.7584247513730854, 0.4625361612264753, 0.4678263272305401, 0.7745056667167544, 1.0338849693737984, 0.32459176837547765, 0.06598407528473335, 0.01396095364416728, 0.004009558964840997, 0.18959000202851015, 0.17944233434568133, 0.07294779632515824, 0.0564077101053205, 0.10338715571428474, 0.3643665264627903, 0.6409133856171282, 0.119920354605933, 0.20408208480443743, 0.05721527201065679, 0.07192128668144183, 0.0022765983748231464, 1.3050437328239586, 0.9081415678520165, 0.5616095338672753, 7.760141044542939, 8.66242005581036, 2.760565758715215, 10.0, 2.468540035039236, 3.6936289809147564, 1.0407915908066927, 3.301754428755232, 3.0690690818133723, 1.0664659392185352, 1.406898746231828, 2.6635905120712535, 2.0541941462777586, 0.6429973102155185, 3.3997568103141873, 1.2073570484710414, 3.0241969655221768, 1.0963267776494625, 2.2204963409097176, 6.852195756164164, 1.038277524346328, 1.4019648445777313, 3.8544724266676367]
APTIDAO: 
25.35030388840069
GEN: 8400
Individuo: 
[1.4887890762782743, 1.1923322423813711, 4.2420871049924305, 1.30523023743896, 2.1462355677474396, 0.7584247513730854, 0.4625361612264753, 0.4678263272305401, 0.7745056667167544, 1.0338849693737984, 0.32459176837547765, 0.048167083724776565, 0.01396095364416728, 0.004446971555407214, 0.18959000202851015, 0.17944233434568133, 0.07294779632515824, 0.04017008493815357, 0.10338715571428474, 0.3643665264627903, 0.6536242946273395, 0.111432228964446, 0.20408208480443743, 0.05801970647954589, 0.008442437912607455, 0.004763444003810326, 1.3050437328239586, 0.9081415678520165, 0.5616095338672753, 7.760141044542939, 8.66242005581036, 2.760565758715215, 10.0, 2.468540035039236, 3.6936289809147564, 1.0407915908066927, 3.301754428755232, 4.308156089959892, 1.0664659392185352, 1.1035138892040746, 2.6635905120712535, 2.0541941462777586, 0.6429973102155185, 2.458070311488403, 1.2073570484710414, 3.0241969655221768, 0.6698145217505828, 2.9898334293398783, 6.852195756164164, 1.2015992470168089, 0.9921203758057406, 1.9456187118375914]
APTIDAO: 
25.23477542141658
GEN: 8500
Individuo: 
[1.4887890762782743, 1.1923322423813711, 4.2420871049924305, 1.30523023743896, 2.1462355677474396, 0.7584247513730854, 0.4625361612264753, 0.4678263272305401, 0.7745056667167544, 1.0338849693737984, 0.32459176837547765, 0.048167083724776565, 0.007006429747062706, 0.004446971555407214, 0.18959000202851015, 0.183594543431318, 0.07294779632515824, 0.05280142367806478, 0.10338715571428474, 0.3643665264627903, 0.6536242946273395, 0.111432228964446, 0.20408208480443743, 0.017188488132625124, 0.0016098759716153242, 0.0031222642412686036, 1.3050437328239586, 0.9081415678520165, 0.5616095338672753, 7.760141044542939, 8.66242005581036, 2.760565758715215, 10.0, 2.468540035039236, 3.6936289809147564, 1.0407915908066927, 3.301754428755232, 4.308156089959892, 1.7330754894821447, 1.1035138892040746, 2.6635905120712535, 1.7163302473886484, 0.6429973102155185, 3.986476847873126, 1.2073570484710414, 3.0241969655221768, 0.6698145217505828, 2.9898334293398783, 6.852195756164164, 1.8797052209180316, 1.1643863365847205, 0.8713150819037695]
APTIDAO: 
25.07924296953996
GEN: 8600
Individuo: 
[1.4887890762782743, 1.1923322423813711, 4.2420871049924305, 1.30523023743896, 2.1462355677474396, 0.7584247513730854, 0.4625361612264753, 0.4678263272305401, 0.7745056667167544, 1.0338849693737984, 0.32459176837547765, 0.026630949877968317, 0.007327093211004011, 0.0050297499177849115, 0.18959000202851015, 0.183594543431318, 0.07294779632515824, 0.05280142367806478, 0.10338715571428474, 0.3643665264627903, 0.6536242946273395, 0.111432228964446, 0.20408208480443743, 0.017319507011984574, 0.0010907025699604554, 0.016001663172030833, 1.3050437328239586, 0.9081415678520165, 0.5616095338672753, 7.760141044542939, 8.66242005581036, 2.760565758715215, 10.0, 2.468540035039236, 3.6936289809147564, 1.0407915908066927, 3.301754428755232, 4.398637386476622, 1.787056422868954, 1.2042979305138848, 2.6635905120712535, 1.7163302473886484, 0.6429973102155185, 3.986476847873126, 1.2073570484710414, 3.0241969655221768, 0.6698145217505828, 2.9898334293398783, 6.852195756164164, 1.0912864634281987, 0.6159145095142005, 1.407151726661826]
APTIDAO: 
25.05517208864695
GEN: 8700
Individuo: 
[1.4887890762782743, 1.3386855980746348, 3.79526076826485, 1.30523023743896, 2.1462355677474396, 0.7584247513730854, 0.4625361612264753, 0.4678263272305401, 0.7745056667167544, 1.0338849693737984, 0.32459176837547765, 0.01269531801472668, 0.008252486841533048, 0.002447694137251002, 0.18959000202851015, 0.16989002956884536, 0.07294779632515824, 0.05796700630182493, 0.10338715571428474, 0.3643665264627903, 0.6536242946273395, 0.111432228964446, 0.20408208480443743, 0.021695262387414635, 0.002356347881692683, 0.02559899695800939, 1.3050437328239586, 0.8685633519901919, 0.5426190778592386, 7.760141044542939, 8.66242005581036, 2.760565758715215, 10.0, 2.468540035039236, 3.6936289809147564, 1.0407915908066927, 3.301754428755232, 3.774565233600229, 2.8461619420303768, 1.148664709472758, 2.6635905120712535, 0.5940131177042964, 0.6429973102155185, 1.9046948284170793, 1.2073570484710414, 3.0241969655221768, 0.6698145217505828, 2.9898334293398783, 6.852195756164164, 1.2819862391905492, 1.224956909927683, 1.7057185597763227]
APTIDAO: 
24.442627422057708
GEN: 8800
Individuo: 
[1.4887890762782743, 1.3386855980746348, 3.79526076826485, 1.30523023743896, 2.1462355677474396, 0.7584247513730854, 0.4625361612264753, 0.4678263272305401, 0.7745056667167544, 1.0338849693737984, 0.32459176837547765, 0.040139861545554344, 0.008302124208803767, 0.0028104297641169005, 0.18959000202851015, 0.16989002956884536, 0.07294779632515824, 0.06174272363990543, 0.10338715571428474, 0.3643665264627903, 0.6536242946273395, 0.111432228964446, 0.20408208480443743, 0.021695262387414635, 0.011178824491495803, 0.012964531439555914, 1.3050437328239586, 0.8685633519901919, 0.5426190778592386, 7.760141044542939, 8.66242005581036, 2.760565758715215, 10.0, 2.468540035039236, 3.6936289809147564, 1.0407915908066927, 3.301754428755232, 5.146324248211473, 2.9448514264794143, 1.221365716600865, 2.6635905120712535, 0.5940131177042964, 0.6429973102155185, 1.330708564601709, 1.2073570484710414, 3.0241969655221768, 0.6698145217505828, 2.9898334293398783, 6.852195756164164, 1.2819862391905492, 2.8979943711569933, 1.3012499013749146]
APTIDAO: 
24.37968518850406
GEN: 8900
Individuo: 
[1.4887890762782743, 1.3386855980746348, 3.79526076826485, 1.30523023743896, 2.1462355677474396, 0.7584247513730854, 0.4625361612264753, 0.4678263272305401, 0.7745056667167544, 1.0338849693737984, 0.32459176837547765, 0.025774653615364136, 0.008302124208803767, 0.0028339597834030755, 0.18959000202851015, 0.16989002956884536, 0.07294779632515824, 0.06174272363990543, 0.10338715571428474, 0.3643665264627903, 0.6536242946273395, 0.11024359593894299, 0.20408208480443743, 0.022435081556227084, 0.007306026734074152, 0.03024022659212309, 1.3050437328239586, 0.8685633519901919, 0.5426190778592386, 7.760141044542939, 8.66242005581036, 2.760565758715215, 10.0, 2.468540035039236, 3.6936289809147564, 1.0407915908066927, 3.301754428755232, 4.961666686982826, 2.9448514264794143, 1.6213643457789386, 2.6635905120712535, 0.5940131177042964, 0.6429973102155185, 1.330708564601709, 1.2073570484710414, 3.0241969655221768, 0.6698145217505828, 2.0847672533797135, 6.852195756164164, 3.2472266443953326, 4.253593669941045, 1.3827320223939679]
APTIDAO: 
24.372632524939753
GEN: 9000
Individuo: 
[1.4887890762782743, 1.3386855980746348, 3.79526076826485, 1.30523023743896, 2.1462355677474396, 0.7584247513730854, 0.4625361612264753, 0.4678263272305401, 0.7745056667167544, 1.0338849693737984, 0.32459176837547765, 0.025774653615364136, 0.008302124208803767, 0.003161858699123461, 0.18959000202851015, 0.16989002956884536, 0.07294779632515824, 0.06174272363990543, 0.10338715571428474, 0.3643665264627903, 0.6536242946273395, 0.11024359593894299, 0.20408208480443743, 0.022435081556227084, 0.017004260144390257, 0.0051555551726681186, 1.3050437328239586, 0.8685633519901919, 0.5426190778592386, 7.760141044542939, 8.66242005581036, 2.760565758715215, 10.0, 2.468540035039236, 3.6936289809147564, 1.0407915908066927, 3.301754428755232, 4.961666686982826, 2.9448514264794143, 1.0786450288590663, 2.6635905120712535, 0.5940131177042964, 0.6429973102155185, 1.330708564601709, 1.2073570484710414, 3.0241969655221768, 0.6698145217505828, 2.0847672533797135, 6.852195756164164, 3.2472266443953326, 5.378755284831019, 0.7801271453088227]
APTIDAO: 
24.3614963361665
GEN: 9100
Individuo: 
[1.4887890762782743, 1.3386855980746348, 3.79526076826485, 1.30523023743896, 2.1462355677474396, 0.7584247513730854, 0.4625361612264753, 0.4678263272305401, 0.7745056667167544, 1.0338849693737984, 0.32459176837547765, 0.025774653615364136, 0.008302124208803767, 0.003161858699123461, 0.18959000202851015, 0.16989002956884536, 0.07294779632515824, 0.06174272363990543, 0.10338715571428474, 0.3643665264627903, 0.6536242946273395, 0.11024359593894299, 0.20408208480443743, 0.022435081556227084, 0.01776027217403598, 0.004402763300508191, 1.3050437328239586, 0.8685633519901919, 0.5426190778592386, 7.760141044542939, 8.66242005581036, 2.760565758715215, 10.0, 2.468540035039236, 3.6936289809147564, 1.0407915908066927, 3.301754428755232, 4.961666686982826, 2.9448514264794143, 1.0786450288590663, 2.6635905120712535, 0.5940131177042964, 0.6429973102155185, 1.330708564601709, 1.2073570484710414, 3.0241969655221768, 0.6698145217505828, 2.0847672533797135, 6.852195756164164, 3.2472266443953326, 2.8578280390334516, 1.131202221802185]
APTIDAO: 
24.361462507325477
GEN: 9200
Individuo: 
[1.4887890762782743, 1.3386855980746348, 3.79526076826485, 1.30523023743896, 2.1462355677474396, 0.7584247513730854, 0.4625361612264753, 0.4678263272305401, 0.7745056667167544, 1.0338849693737984, 0.32459176837547765, 0.025774653615364136, 0.008302124208803767, 0.003161858699123461, 0.18959000202851015, 0.16989002956884536, 0.07293601233138225, 0.06174272363990543, 0.10338715571428474, 0.3643665264627903, 0.6536242946273395, 0.11024359593894299, 0.20408208480443743, 0.022435081556227084, 0.01776027217403598, 0.0012166476173041234, 1.3050437328239586, 0.8685633519901919, 0.5426190778592386, 7.760141044542939, 8.66242005581036, 2.760565758715215, 10.0, 2.468540035039236, 3.6936289809147564, 1.0407915908066927, 3.301754428755232, 4.961666686982826, 2.9448514264794143, 1.0786450288590663, 2.6635905120712535, 0.5940131177042964, 0.8894183874873686, 1.330708564601709, 1.2073570484710414, 3.0241969655221768, 0.6698145217505828, 2.0847672533797135, 6.852195756164164, 3.2472266443953326, 2.8578280390334516, 0.8373488676117214]
APTIDAO: 
24.361356526890773
GEN: 9300
Individuo: 
[1.4887890762782743, 1.3386855980746348, 3.79526076826485, 1.30523023743896, 2.1462355677474396, 0.7584247513730854, 0.4625361612264753, 0.4678263272305401, 0.7745056667167544, 1.0338849693737984, 0.32459176837547765, 0.025774653615364136, 0.008302124208803767, 0.003161858699123461, 0.18902933333577926, 0.16989002956884536, 0.07293601233138225, 0.06174272363990543, 0.10338715571428474, 0.3643665264627903, 0.6536242946273395, 0.11024359593894299, 0.20408208480443743, 0.022435081556227084, 0.029156904712806, 0.0014446671762955068, 1.3050437328239586, 0.8685633519901919, 0.5426190778592386, 7.760141044542939, 8.66242005581036, 2.760565758715215, 10.0, 2.468540035039236, 3.6936289809147564, 1.0407915908066927, 3.301754428755232, 4.961666686982826, 2.9448514264794143, 1.0786450288590663, 1.9286507159666417, 0.5940131177042964, 0.8894183874873686, 1.330708564601709, 1.2073570484710414, 3.0241969655221768, 0.6698145217505828, 2.0847672533797135, 6.852195756164164, 3.2472266443953326, 5.216087854825062, 0.6040603181813895]
APTIDAO: 
24.35675169740719
GEN: 9400
Individuo: 
[1.4887890762782743, 1.3386855980746348, 3.79526076826485, 1.30523023743896, 2.1462355677474396, 0.7584247513730854, 0.4625361612264753, 0.4678263272305401, 0.7745056667167544, 1.0338849693737984, 0.32459176837547765, 0.025774653615364136, 0.008302124208803767, 0.0031658995603749233, 0.18902933333577926, 0.16989002956884536, 0.07293601233138225, 0.06174272363990543, 0.10338715571428474, 0.3643665264627903, 0.6536242946273395, 0.11024359593894299, 0.20408208480443743, 0.022435081556227084, 0.022298895793023306, 0.0010193114322687242, 1.3050437328239586, 0.8685633519901919, 0.5426190778592386, 7.760141044542939, 8.66242005581036, 2.760565758715215, 10.0, 2.468540035039236, 3.6936289809147564, 1.0407915908066927, 3.301754428755232, 4.961666686982826, 2.9448514264794143, 1.0165087691355805, 1.9286507159666417, 0.5940131177042964, 0.8894183874873686, 1.330708564601709, 1.2073570484710414, 3.0241969655221768, 0.6698145217505828, 2.0847672533797135, 6.852195756164164, 3.2472266443953326, 5.994999219014072, 0.30573988118419604]
APTIDAO: 
24.35467708210773
GEN: 9500
Individuo: 
[1.4887890762782743, 1.3386855980746348, 3.79526076826485, 1.30523023743896, 2.1462355677474396, 0.7584247513730854, 0.4625361612264753, 0.4678263272305401, 0.7745056667167544, 1.0338849693737984, 0.32459176837547765, 0.02870605124081643, 0.008302124208803767, 0.0032072558726583453, 0.18902933333577926, 0.16989002956884536, 0.07293601233138225, 0.06174272363990543, 0.10338715571428474, 0.3643665264627903, 0.6536242946273395, 0.11024359593894299, 0.20408208480443743, 0.022435081556227084, 0.022298895793023306, 0.0033125628266762546, 1.3050437328239586, 0.8685633519901919, 0.5426190778592386, 7.760141044542939, 8.66242005581036, 2.760565758715215, 10.0, 2.468540035039236, 3.6936289809147564, 1.0407915908066927, 3.301754428755232, 4.856137363635388, 2.9448514264794143, 1.0215056686959756, 1.9286507159666417, 0.5940131177042964, 0.8894183874873686, 1.330708564601709, 1.2073570484710414, 3.0241969655221768, 0.6698145217505828, 2.0847672533797135, 6.852195756164164, 3.2472266443953326, 5.994999219014072, 0.6443192112439895]
APTIDAO: 
24.353602708863
GEN: 9600
Individuo: 
[1.4887890762782743, 1.3386855980746348, 3.79526076826485, 1.30523023743896, 2.1462355677474396, 0.7584247513730854, 0.4625361612264753, 0.4678263272305401, 0.7745056667167544, 1.0338849693737984, 0.32459176837547765, 0.02870605124081643, 0.008302124208803767, 0.0032072558726583453, 0.18902933333577926, 0.16989002956884536, 0.07293601233138225, 0.06174272363990543, 0.10338715571428474, 0.3643665264627903, 0.6536242946273395, 0.11024359593894299, 0.20408208480443743, 0.022435081556227084, 0.022298895793023306, 0.005460270839229957, 1.3050437328239586, 0.8685633519901919, 0.5426190778592386, 7.760141044542939, 8.66242005581036, 2.760565758715215, 10.0, 2.468540035039236, 3.6936289809147564, 1.0407915908066927, 3.301754428755232, 4.856137363635388, 2.9448514264794143, 1.0215056686959756, 1.9286507159666417, 0.5940131177042964, 0.8894183874873686, 1.330708564601709, 1.2073570484710414, 3.0241969655221768, 0.6698145217505828, 2.0847672533797135, 6.852195756164164, 3.2472266443953326, 5.994999219014072, 0.8197132021942167]
APTIDAO: 
24.35359370394321
GEN: 9700
Individuo: 
[1.4887890762782743, 1.3386855980746348, 3.79526076826485, 1.30523023743896, 2.1462355677474396, 0.7584247513730854, 0.4625361612264753, 0.4678263272305401, 0.7745056667167544, 1.0338849693737984, 0.32459176837547765, 0.02870605124081643, 0.008302124208803767, 0.0032072558726583453, 0.18902933333577926, 0.16989002956884536, 0.07293601233138225, 0.06174272363990543, 0.10338715571428474, 0.3643665264627903, 0.6536242946273395, 0.11024359593894299, 0.20408208480443743, 0.022435081556227084, 0.022298895793023306, 0.05058542041438685, 1.3050437328239586, 0.8685633519901919, 0.5426190778592386, 7.760141044542939, 8.66242005581036, 2.760565758715215, 10.0, 2.468540035039236, 3.6936289809147564, 1.0407915908066927, 3.301754428755232, 4.856137363635388, 2.9448514264794143, 1.0215056686959756, 1.9286507159666417, 0.5940131177042964, 0.8894183874873686, 1.330708564601709, 1.2073570484710414, 3.0241969655221768, 0.6698145217505828, 2.0847672533797135, 6.852195756164164, 3.2472266443953326, 5.994999219014072, 1.9489664793046837]
APTIDAO: 
24.353399407499833
GEN: 9800
Individuo: 
[1.4887890762782743, 1.3386855980746348, 3.79526076826485, 1.30523023743896, 2.1462355677474396, 0.7584247513730854, 0.4625361612264753, 0.4678263272305401, 0.7745056667167544, 1.0338849693737984, 0.32459176837547765, 0.02870605124081643, 0.008302124208803767, 0.0032072558726583453, 0.18902933333577926, 0.16989002956884536, 0.07293601233138225, 0.06174272363990543, 0.10338715571428474, 0.3643665264627903, 0.6536242946273395, 0.11024359593894299, 0.20408208480443743, 0.022435081556227084, 0.022298895793023306, 0.05058542041438685, 1.3050437328239586, 0.8685633519901919, 0.5426190778592386, 7.760141044542939, 8.66242005581036, 2.760565758715215, 10.0, 2.468540035039236, 3.6936289809147564, 1.0407915908066927, 3.301754428755232, 4.856137363635388, 2.9448514264794143, 1.0215056686959756, 1.9286507159666417, 0.5940131177042964, 0.8894183874873686, 1.330708564601709, 1.2073570484710414, 3.0241969655221768, 0.6698145217505828, 2.0847672533797135, 6.852195756164164, 3.2472266443953326, 5.994999219014072, 1.9489664793046837]
APTIDAO: 
24.353399407499833
GEN: 9900
Individuo: 
[1.4887890762782743, 1.3386855980746348, 3.79526076826485, 1.30523023743896, 2.153305134580717, 0.7584247513730854, 0.4625361612264753, 0.4678263272305401, 0.7745056667167544, 1.0338849693737984, 0.3322112777155874, 0.025161547449128692, 0.008302124208803767, 0.0032072558726583453, 0.18902933333577926, 0.16989002956884536, 0.07293601233138225, 0.06174272363990543, 0.10338715571428474, 0.3643665264627903, 0.6536242946273395, 0.11024359593894299, 0.20408208480443743, 0.03568121697296979, 0.02772209147607689, 0.31305211293291774, 1.3050437328239586, 0.8685633519901919, 0.5426190778592386, 7.760141044542939, 7.696492491333807, 2.760565758715215, 10.0, 2.468540035039236, 3.6936289809147564, 1.0407915908066927, 2.905077434584189, 2.601595369705078, 2.9448514264794143, 1.0215056686959756, 1.9286507159666417, 0.5940131177042964, 0.8894183874873686, 1.330708564601709, 1.2073570484710414, 3.0241969655221768, 0.6698145217505828, 2.0847672533797135, 6.852195756164164, 2.7481217246295664, 7.121628013086715, 2.1799756401141277]
APTIDAO: 
24.296720684591754
GEN: 10000
Individuo: 
[1.4887890762782743, 1.3386855980746348, 3.79526076826485, 1.30523023743896, 2.153305134580717, 0.7584247513730854, 0.4625361612264753, 0.4678263272305401, 0.7745056667167544, 1.0208486447168286, 0.3322112777155874, 0.06387458645844785, 0.008302124208803767, 0.0032072558726583453, 0.18889630914170352, 0.16989002956884536, 0.07293601233138225, 0.06174272363990543, 0.10338715571428474, 0.3643665264627903, 0.6536242946273395, 0.11024359593894299, 0.20408208480443743, 0.03568121697296979, 0.025375524494389155, 0.19734920304594225, 1.3050437328239586, 0.8685633519901919, 0.5426190778592386, 7.760141044542939, 7.696492491333807, 2.760565758715215, 10.0, 2.468540035039236, 3.6936289809147564, 1.3265006597023135, 2.905077434584189, 1.9797210804447323, 2.9448514264794143, 1.0215056686959756, 1.935093336700047, 0.5940131177042964, 0.8894183874873686, 1.330708564601709, 1.2073570484710414, 3.0241969655221768, 0.6698145217505828, 2.0847672533797135, 6.852195756164164, 2.7481217246295664, 10.0, 1.696522839178789]
APTIDAO: 
24.30253461577654

--- RESULTADO FINAL ---
Erro (norma-1): 24.30253461577654
Parâmetros: [1.4887890762782743, 1.3386855980746348, 3.79526076826485, 1.30523023743896, 2.153305134580717, 0.7584247513730854, 0.4625361612264753, 0.4678263272305401, 0.7745056667167544, 1.0208486447168286, 0.3322112777155874, 0.06387458645844785, 0.008302124208803767, 0.0032072558726583453, 0.18889630914170352, 0.16989002956884536, 0.07293601233138225, 0.06174272363990543, 0.10338715571428474, 0.3643665264627903, 0.6536242946273395, 0.11024359593894299, 0.20408208480443743, 0.03568121697296979, 0.025375524494389155, 0.19734920304594225]
Tempo total: 07h 17m 41s
