SEED: 1778749666
BOUNDS: tau=[0.1, 5.0]  v2=[0.01, 1.5]  J=[0.001, 0.99]
GEN: 0
Individuo: 
[3.337537053218118, 2.01464488802526, 3.9672613828277963, 2.994269404566307, 4.399802777190339, 0.3008667263065322, 1.089555779962989, 0.48133518672953185, 0.35608885176602734, 0.5806063548802477, 1.3972328836376036, 0.25062500597587406, 0.9897178396295971, 0.21649301339410848, 0.23295129215900137, 0.7675836190481155, 0.7628513064560172, 0.9603235280797403, 0.4001787248860193, 0.5161357814715345, 0.2153332261589806, 0.45540254702436017, 0.5111656072084924, 0.5795684472987442, 0.522364034149688, 0.4765299432282418, 4.191832442626782, 6.093450471659685, 5.852195753906227, 6.721124742874223, 4.515973113214708, 0.7206242772750676, 1.706806571603193, 2.700600206539157, 8.035105284226498, 7.056246342890859, 3.6385436042439836, 8.805187656779607, 0.743964024484392, 7.465751809266994, 3.1237156791064558, 9.2062869981993, 0.8539744871585202, 7.372044469740139, 9.289873508506709, 5.9655922594754545, 3.592917851154333, 7.0724025633559116, 6.069229334602265, 8.846448307426385, 9.121577814711058, 0.7174858940656683]
APTIDAO: 
113.79410283964715
GEN: 100
Individuo: 
[1.7760860943561856, 1.7458647697018426, 4.408509461845652, 0.9939292329742346, 0.7586041297076141, 0.519081906491842, 0.38132721014878035, 0.37400194108620166, 0.7248606523298079, 0.20229995475620954, 0.33643546289003934, 0.4287494199179609, 0.2542369314881682, 0.2656219382608922, 0.11845356351771232, 0.030217758271846074, 0.4994517092677595, 0.2964368739912859, 0.5710826707281259, 0.9313912390363448, 0.11759104627202722, 0.6628665029031556, 0.3767927232751143, 0.03270399894357821, 0.7965249486833654, 0.8456898003525682, 1.8728914494495095, 3.0983205424168645, 4.021748817913108, 0.4508321121045268, 4.455655058277518, 5.721735568241801, 10.0, 1.9169742297605679, 10.0, 3.96937679360055, 0.44062283139358516, 0.8605412732347878, 7.950865986853197, 10.0, 0.36766870789054323, 1.475637676503387, 4.4766052365297835, 4.5856834858398265, 9.116010208188996, 1.8746835310700167, 2.0518531150257138, 7.409987961607494, 10.0, 0.912758671243899, 1.8135776852763825, 10.0]
APTIDAO: 
42.662175615833824
GEN: 200
Individuo: 
[1.7760860943561856, 1.7458647697018426, 4.408509461845652, 0.9939292329742346, 0.7586041297076141, 0.519081906491842, 0.38132721014878035, 0.37400194108620166, 0.7248606523298079, 0.20229995475620954, 0.33643546289003934, 0.4287494199179609, 0.24563703153826408, 0.24850672481460329, 0.11845356351771232, 0.028934143263852137, 0.4994517092677595, 0.2964368739912859, 0.5710826707281259, 0.9313912390363448, 0.15000501744428563, 0.6628665029031556, 0.3767927232751143, 0.03270399894357821, 0.9832418049913241, 0.8456898003525682, 1.8728914494495095, 3.0983205424168645, 4.021748817913108, 0.4508321121045268, 4.455655058277518, 5.721735568241801, 10.0, 1.9169742297605679, 10.0, 3.96937679360055, 0.44062283139358516, 0.8605412732347878, 5.958021490048109, 10.0, 0.36766870789054323, 1.9479662154366435, 4.4766052365297835, 4.5856834858398265, 9.116010208188996, 1.8746835310700167, 2.880584599556461, 7.409987961607494, 10.0, 0.912758671243899, 1.7084481725083336, 10.0]
APTIDAO: 
42.18553871143033
GEN: 300
Individuo: 
[1.228862526728339, 1.7458647697018426, 4.408509461845652, 0.45216084940313056, 1.6593133595330538, 0.519081906491842, 0.38132721014878035, 0.37400194108620166, 0.7248606523298079, 0.08087064386525705, 0.33643546289003934, 0.4287494199179609, 0.24563703153826408, 0.23391905190595805, 0.11845356351771232, 0.025179802646544257, 0.4994517092677595, 0.2964368739912859, 0.5710826707281259, 0.917961105939935, 0.00881692157619026, 0.8389427823977659, 0.3767927232751143, 0.013057463205332477, 0.5482096393864823, 0.9473383367746414, 2.48283417256994, 3.0983205424168645, 4.021748817913108, 0.9225293405431936, 4.182394938581368, 5.721735568241801, 10.0, 1.9169742297605679, 10.0, 2.6712009166735906, 0.44062283139358516, 0.8605412732347878, 5.958021490048109, 10.0, 0.36766870789054323, 1.508358679500335, 4.4766052365297835, 4.5856834858398265, 9.116010208188996, 1.1157526942120701, 1.2918047180415446, 2.8215669673267985, 10.0, 0.9574878269345246, 2.8813696263320097, 10.0]
APTIDAO: 
37.77494789196635
GEN: 400
Individuo: 
[1.228862526728339, 1.754439246092098, 4.408509461845652, 0.45216084940313056, 1.6593133595330538, 0.519081906491842, 0.38132721014878035, 0.37400194108620166, 0.7248606523298079, 0.011491698412818453, 0.33643546289003934, 0.4287494199179609, 0.24563703153826408, 0.23391905190595805, 0.11845356351771232, 0.028336117510327594, 0.4994517092677595, 0.2964368739912859, 0.5710826707281259, 0.917961105939935, 0.0010340795102638375, 0.8430084983630073, 0.3767927232751143, 0.013057463205332477, 0.5482096393864823, 0.9473383367746414, 2.48283417256994, 3.2176952703117583, 4.021748817913108, 0.9225293405431936, 4.182394938581368, 5.721735568241801, 10.0, 1.9169742297605679, 10.0, 2.4543839421155145, 0.44062283139358516, 0.8605412732347878, 5.958021490048109, 10.0, 0.36766870789054323, 1.314921464627521, 4.4766052365297835, 4.5856834858398265, 9.116010208188996, 1.1157526942120701, 0.43456084934517747, 3.1679476251675256, 10.0, 0.9574878269345246, 2.8813696263320097, 10.0]
APTIDAO: 
37.70527122002287
GEN: 500
Individuo: 
[1.228862526728339, 1.6958008991571438, 4.408509461845652, 0.4999887753649164, 1.6593133595330538, 0.519081906491842, 0.38132721014878035, 0.3409276586629513, 0.7248606523298079, 0.019289887051706273, 0.33643546289003934, 0.4287494199179609, 0.24563703153826408, 0.1580252862714878, 0.11845356351771232, 0.020813870175495828, 0.49839594615887794, 0.2964368739912859, 0.5710826707281259, 0.917961105939935, 0.0010340795102638375, 0.4664784353716639, 0.3767927232751143, 0.013057463205332477, 0.4945970188345027, 0.6169699929633263, 2.48283417256994, 2.707969237058499, 4.021748817913108, 1.8699806873771718, 4.182394938581368, 5.721735568241801, 10.0, 2.042158092837022, 10.0, 0.6804166331761317, 0.44062283139358516, 0.8605412732347878, 5.958021490048109, 7.097526996824985, 0.36766870789054323, 1.1398170912795809, 3.6493445442056935, 4.5856834858398265, 9.116010208188996, 1.1157526942120701, 0.43456084934517747, 1.7954216284373379, 10.0, 0.9574878269345246, 1.11803115297324, 10.0]
APTIDAO: 
36.794079385742734
GEN: 600
Individuo: 
[1.228862526728339, 1.6958008991571438, 4.408509461845652, 0.4999887753649164, 1.6593133595330538, 0.519081906491842, 0.38132721014878035, 0.3409276586629513, 0.7248606523298079, 0.011226478944600132, 0.33643546289003934, 0.4287494199179609, 0.23054546243015495, 0.1580252862714878, 0.12269056380805027, 0.020447316253660162, 0.49839594615887794, 0.2964368739912859, 0.41228368678882277, 0.917961105939935, 0.0014000967006149497, 0.33711008914000257, 0.48942352964532665, 0.00853999009543618, 0.5472735867677411, 0.6110112138280934, 2.48283417256994, 2.707969237058499, 4.021748817913108, 1.8699806873771718, 4.182394938581368, 5.721735568241801, 10.0, 2.042158092837022, 10.0, 0.9897644696425321, 0.44062283139358516, 0.8605412732347878, 3.083731924710247, 7.097526996824985, 0.4674698578016298, 1.8263420915821784, 3.6493445442056935, 4.5856834858398265, 5.392290509441754, 1.1157526942120701, 0.6410518399665845, 0.8742712037340586, 5.162417331048718, 0.8370437023944077, 0.9877206055542183, 10.0]
APTIDAO: 
36.400134383979974
GEN: 700
Individuo: 
[1.228862526728339, 1.6958008991571438, 4.408509461845652, 0.4999887753649164, 1.6593133595330538, 0.519081906491842, 0.38132721014878035, 0.3409276586629513, 0.7248606523298079, 0.010795595583383092, 0.33643546289003934, 0.4287494199179609, 0.23054546243015495, 0.1580252862714878, 0.12269056380805027, 0.020447316253660162, 0.49839594615887794, 0.2964368739912859, 0.41228368678882277, 0.9036431014206658, 0.0011632531067371484, 0.9306077580927401, 0.48226632677685394, 0.008652832097499735, 0.5472735867677411, 0.6110112138280934, 2.48283417256994, 2.707969237058499, 4.021748817913108, 1.8699806873771718, 4.182394938581368, 5.721735568241801, 10.0, 2.042158092837022, 10.0, 1.2695479016242228, 0.44062283139358516, 0.8605412732347878, 3.083731924710247, 7.097526996824985, 0.4674698578016298, 1.8263420915821784, 3.6493445442056935, 4.5856834858398265, 5.392290509441754, 1.1184027561516887, 1.1914895372614602, 0.6023516486002609, 7.7931081935333015, 0.7444895105218396, 0.9877206055542183, 10.0]
APTIDAO: 
36.32082535808754
GEN: 800
Individuo: 
[1.232543266579975, 1.6958008991571438, 4.408509461845652, 0.4999887753649164, 1.6593133595330538, 0.519081906491842, 0.38132721014878035, 0.3409276586629513, 0.7270065613330006, 0.01649603393568384, 0.33643546289003934, 0.4287494199179609, 0.23054546243015495, 0.1580252862714878, 0.12269056380805027, 0.024031208229091192, 0.49839594615887794, 0.2920600243350311, 0.41228368678882277, 0.917961105939935, 0.024327154349373777, 0.19681388933519747, 0.48226632677685394, 0.00850170141111033, 0.5472735867677411, 0.6110112138280934, 2.232832341691366, 2.707969237058499, 4.021748817913108, 1.8699806873771718, 4.182394938581368, 5.721735568241801, 10.0, 2.042158092837022, 8.133092576430066, 1.4440609075415627, 0.44062283139358516, 0.8605412732347878, 3.083731924710247, 7.097526996824985, 0.4674698578016298, 1.481035220561802, 3.6493445442056935, 5.549213286499703, 5.392290509441754, 1.1157526942120701, 3.468664844421535, 0.45823172003682267, 7.7931081935333015, 0.5750947965629836, 0.9877206055542183, 10.0]
APTIDAO: 
36.333527396319994
GEN: 900
Individuo: 
[1.232543266579975, 1.6958008991571438, 4.403180531222346, 0.4999887753649164, 1.6593133595330538, 0.519081906491842, 0.38132721014878035, 0.3409276586629513, 0.7270065613330006, 0.011916172570427375, 0.33643546289003934, 0.4287494199179609, 0.23054546243015495, 0.17280899704324523, 0.12269056380805027, 0.024031208229091192, 0.49839594615887794, 0.2920600243350311, 0.41228368678882277, 0.917961105939935, 0.03374437299992593, 0.04984836149416867, 0.48226632677685394, 0.009857218159224662, 0.5472735867677411, 0.6110112138280934, 2.232832341691366, 2.707969237058499, 3.3653372032729876, 1.8699806873771718, 4.182394938581368, 5.721735568241801, 10.0, 2.042158092837022, 8.133092576430066, 3.30997604348994, 0.44062283139358516, 0.8605412732347878, 3.083731924710247, 5.949010579927966, 0.4674698578016298, 1.481035220561802, 3.6493445442056935, 5.549213286499703, 5.392290509441754, 1.1157526942120701, 2.117331109647751, 0.2925903468722593, 7.7931081935333015, 0.8540648267677156, 0.9877206055542183, 10.0]
APTIDAO: 
36.54923974610966
GEN: 1000
Individuo: 
[1.232543266579975, 1.6958008991571438, 4.403180531222346, 0.4999887753649164, 1.6593133595330538, 0.519081906491842, 0.38132721014878035, 0.3409276586629513, 0.7270065613330006, 0.011916172570427375, 0.33643546289003934, 0.4287494199179609, 0.23054546243015495, 0.1594605059809703, 0.12269056380805027, 0.025363833263586266, 0.49839594615887794, 0.2920600243350311, 0.41228368678882277, 0.917961105939935, 0.11393317900600541, 0.0013482838621002948, 0.48226632677685394, 0.009857218159224662, 0.5472735867677411, 0.6110112138280934, 2.232832341691366, 2.707969237058499, 3.3653372032729876, 1.8699806873771718, 4.182394938581368, 5.721735568241801, 10.0, 2.042158092837022, 8.133092576430066, 3.30997604348994, 0.44062283139358516, 0.8605412732347878, 3.083731924710247, 3.7347865822077146, 0.4674698578016298, 1.6378914421857225, 3.6493445442056935, 5.549213286499703, 5.392290509441754, 1.1157526942120701, 2.512091473467807, 1.1763072508877674, 7.7931081935333015, 0.8540648267677156, 0.9877206055542183, 10.0]
APTIDAO: 
36.31865269304745
GEN: 1100
Individuo: 
[1.232543266579975, 1.6958008991571438, 4.403180531222346, 0.4999887753649164, 1.6593133595330538, 0.519081906491842, 0.38132721014878035, 0.3409276586629513, 0.7270065613330006, 0.011916172570427375, 0.33643546289003934, 0.4287494199179609, 0.23054546243015495, 0.15453902237226566, 0.12269056380805027, 0.025363833263586266, 0.49839594615887794, 0.2920600243350311, 0.41228368678882277, 0.917961105939935, 0.4058171118434564, 0.0011163817121816453, 0.48226632677685394, 0.009857218159224662, 0.5472735867677411, 0.6110112138280934, 2.232832341691366, 2.707969237058499, 3.3653372032729876, 1.8699806873771718, 4.182394938581368, 5.721735568241801, 10.0, 2.042158092837022, 8.133092576430066, 3.30997604348994, 0.44062283139358516, 0.8605412732347878, 3.083731924710247, 2.691196275075969, 0.4674698578016298, 1.6378914421857225, 3.6493445442056935, 5.549213286499703, 5.392290509441754, 1.1157526942120701, 2.974756322017609, 0.8081042082329504, 7.7931081935333015, 0.8540648267677156, 0.9877206055542183, 10.0]
APTIDAO: 
36.301197979983904
GEN: 1200
Individuo: 
[1.232543266579975, 1.6958008991571438, 4.403180531222346, 0.4999887753649164, 1.6593133595330538, 0.519081906491842, 0.38132721014878035, 0.3409276586629513, 0.7270065613330006, 0.01355215993793454, 0.33643546289003934, 0.4287494199179609, 0.23054546243015495, 0.12707195106995425, 0.12269056380805027, 0.025363833263586266, 0.49839594615887794, 0.2920600243350311, 0.41228368678882277, 0.917961105939935, 0.25270495987322894, 0.0045541980596931495, 0.48226632677685394, 0.012040794840773682, 0.5472735867677411, 0.6026474819577542, 2.232832341691366, 2.707969237058499, 3.3653372032729876, 1.8699806873771718, 4.182394938581368, 5.721735568241801, 10.0, 2.042158092837022, 8.133092576430066, 3.7587109223301525, 0.44062283139358516, 0.8605412732347878, 3.083731924710247, 1.4168555129093634, 0.4674698578016298, 1.6378914421857225, 3.6493445442056935, 5.549213286499703, 5.392290509441754, 1.1157526942120701, 3.426003642559054, 2.0946082056465944, 7.7931081935333015, 0.8699257716692217, 0.9877206055542183, 7.920091231948741]
APTIDAO: 
36.22026040028225
GEN: 1300
Individuo: 
[1.232543266579975, 1.6958008991571438, 4.403180531222346, 0.4890846755255388, 1.6593133595330538, 0.519081906491842, 0.38132721014878035, 0.3409276586629513, 0.7270065613330006, 0.012261089691114349, 0.33643546289003934, 0.4287494199179609, 0.23054546243015495, 0.12410524936572291, 0.1275462807244783, 0.022744779028686206, 0.49839594615887794, 0.2920600243350311, 0.41228368678882277, 0.92229400709728, 0.0029239355085622304, 0.016362043645247123, 0.4823535124528607, 0.012494147988856258, 0.5472735867677411, 0.6026474819577542, 2.232832341691366, 2.707969237058499, 3.3653372032729876, 1.7879826786824813, 4.182394938581368, 5.721735568241801, 10.0, 2.042158092837022, 8.133092576430066, 5.712512302923369, 0.44062283139358516, 0.8605412732347878, 3.083731924710247, 1.2796162541282292, 0.49013998062787656, 1.71308019919612, 3.6493445442056935, 5.549213286499703, 5.392290509441754, 1.2233591981821368, 1.7092108717073382, 2.078274331049499, 4.898389629333554, 1.177343241483522, 0.9877206055542183, 7.920091231948741]
APTIDAO: 
36.03910487217419
GEN: 1400
Individuo: 
[1.232543266579975, 1.9837175645230651, 3.3088176579107795, 0.7786252803298728, 1.6593133595330538, 0.519081906491842, 0.38132721014878035, 0.3409276586629513, 0.7270065613330006, 0.012261089691114349, 0.33643546289003934, 0.4287494199179609, 0.22719285199040032, 0.12410524936572291, 0.1275462807244783, 0.02414968297551463, 0.49839594615887794, 0.2920600243350311, 0.41228368678882277, 0.92229400709728, 0.0016226763027741913, 0.008968171804327926, 0.4823535124528607, 0.007233198607011298, 0.5472735867677411, 0.5925826689022756, 2.232832341691366, 2.987594290005002, 1.398072121675376, 1.2000220088381361, 4.182394938581368, 5.721735568241801, 10.0, 2.042158092837022, 8.133092576430066, 5.712512302923369, 0.44062283139358516, 0.8605412732347878, 2.691838151526163, 1.2796162541282292, 0.49013998062787656, 1.5265939664261918, 3.6493445442056935, 5.549213286499703, 5.392290509441754, 1.2233591981821368, 1.2039236641544464, 6.428777927632926, 4.898389629333554, 1.6714489577926648, 0.9877206055542183, 5.810035018547253]
APTIDAO: 
34.063136123383586
GEN: 1500
Individuo: 
[1.232543266579975, 1.9837175645230651, 3.3088176579107795, 0.7866337745136224, 1.6593133595330538, 0.519081906491842, 0.38132721014878035, 0.3409276586629513, 0.7270065613330006, 0.0325693740980269, 0.33643546289003934, 0.45222312429002454, 0.22719285199040032, 0.13580079884998775, 0.1275462807244783, 0.015478409771588122, 0.49839594615887794, 0.276253401186096, 0.41228368678882277, 0.9022896999282107, 0.00936283993204136, 0.3592159518823722, 0.4823535124528607, 0.01316508060813123, 0.2796330085155069, 0.33679624158665994, 2.232832341691366, 2.987594290005002, 1.398072121675376, 2.110250565700461, 4.182394938581368, 5.721735568241801, 10.0, 2.042158092837022, 8.133092576430066, 4.138460131581271, 0.44062283139358516, 0.8083825320733962, 2.691838151526163, 0.8064769547227721, 0.49013998062787656, 0.9865289138830142, 3.6493445442056935, 5.58321678797104, 5.392290509441754, 1.3023554746392516, 2.6744018822122797, 6.542784242899875, 4.898389629333554, 1.3873434550726116, 0.6558337754503786, 6.155817538340451]
APTIDAO: 
33.65009427951398
GEN: 1600
Individuo: 
[1.232543266579975, 1.9837175645230651, 3.3088176579107795, 0.7866337745136224, 1.6593133595330538, 0.519081906491842, 0.38132721014878035, 0.3409276586629513, 0.7270065613330006, 0.08369369754870672, 0.33643546289003934, 0.45222312429002454, 0.18862616352041786, 0.059405090948304304, 0.1275462807244783, 0.015478409771588122, 0.49839594615887794, 0.276253401186096, 0.41228368678882277, 0.8226997061672405, 0.006683259316780627, 0.7526985047678837, 0.4823535124528607, 0.01316508060813123, 0.13853689332900554, 0.3284205865055733, 2.232832341691366, 2.987594290005002, 1.398072121675376, 2.110250565700461, 4.182394938581368, 5.721735568241801, 10.0, 2.042158092837022, 8.133092576430066, 4.452243428145975, 0.44062283139358516, 0.8083825320733962, 3.1164302598775016, 0.9878404180414218, 0.49013998062787656, 0.9865289138830142, 3.6493445442056935, 5.58321678797104, 5.392290509441754, 1.141682002564611, 3.2970385939040456, 3.9773703519599306, 4.898389629333554, 1.3873434550726116, 0.6335905743589979, 5.105066265593279]
APTIDAO: 
33.418195234085495
GEN: 1700
Individuo: 
[1.232543266579975, 1.9837175645230651, 3.3088176579107795, 1.0915094489145893, 1.6593133595330538, 0.519081906491842, 0.38132721014878035, 0.2122332562456091, 0.7270065613330006, 0.1575783338587207, 0.33643546289003934, 0.45222312429002454, 0.18862616352041786, 0.05554096290898468, 0.13728904099321057, 0.019765327784199375, 0.49839594615887794, 0.030780932974308468, 0.41228368678882277, 0.8226997061672405, 0.6515280123149242, 0.7516178244225962, 0.4823535124528607, 0.01316508060813123, 0.13853689332900554, 0.3284205865055733, 2.232832341691366, 2.987594290005002, 1.398072121675376, 2.585245444887744, 4.182394938581368, 5.721735568241801, 10.0, 1.5694199518987482, 8.133092576430066, 10.0, 0.44062283139358516, 0.8083825320733962, 3.1164302598775016, 1.6262602029057411, 0.7531316021843882, 0.7480746209363764, 3.6493445442056935, 5.26465181148962, 5.392290509441754, 1.141682002564611, 3.8387766464963673, 4.982894636855268, 4.898389629333554, 1.3873434550726116, 0.6335905743589979, 5.105066265593279]
APTIDAO: 
31.88976667932103
GEN: 1800
Individuo: 
[1.232543266579975, 1.9837175645230651, 3.3088176579107795, 1.0915094489145893, 1.6593133595330538, 0.519081906491842, 0.38132721014878035, 0.2122332562456091, 0.7270065613330006, 0.13957632786176638, 0.33643546289003934, 0.45222312429002454, 0.18862616352041786, 0.10566511632624064, 0.11687354250204793, 0.019765327784199375, 0.49839594615887794, 0.03341379890612393, 0.41228368678882277, 0.7873526765585136, 0.6515280123149242, 0.7726023398277763, 0.4823535124528607, 0.01316508060813123, 0.13853689332900554, 0.34464902030531547, 2.232832341691366, 2.987594290005002, 1.398072121675376, 2.585245444887744, 4.182394938581368, 5.721735568241801, 10.0, 1.5694199518987482, 8.133092576430066, 10.0, 0.44062283139358516, 0.8083825320733962, 3.1164302598775016, 0.9476250776646156, 1.3986258341623103, 0.7480746209363764, 3.6493445442056935, 3.549713517873146, 5.392290509441754, 1.035670932385735, 3.8387766464963673, 1.5933930925503466, 4.898389629333554, 1.3873434550726116, 0.6335905743589979, 2.255299017534717]
APTIDAO: 
31.509822944065288
GEN: 1900
Individuo: 
[1.232543266579975, 1.9837175645230651, 3.3088176579107795, 1.0915094489145893, 1.6593133595330538, 0.519081906491842, 0.38132721014878035, 0.2122332562456091, 0.7270065613330006, 0.13957632786176638, 0.33643546289003934, 0.45222312429002454, 0.18696160659951205, 0.10832857286159799, 0.11687354250204793, 0.019765327784199375, 0.49839594615887794, 0.03341379890612393, 0.41228368678882277, 0.7873526765585136, 0.8342996667172644, 0.9667198282169226, 0.4823535124528607, 0.01316508060813123, 0.13853689332900554, 0.34464902030531547, 2.232832341691366, 2.987594290005002, 1.398072121675376, 2.585245444887744, 4.182394938581368, 5.721735568241801, 10.0, 1.5694199518987482, 8.133092576430066, 10.0, 0.44062283139358516, 0.8083825320733962, 3.3702525594142068, 0.9293187211208668, 1.3986258341623103, 0.7480746209363764, 3.6493445442056935, 3.549713517873146, 5.392290509441754, 1.035670932385735, 2.628202850095854, 1.4438063761396949, 4.898389629333554, 1.3873434550726116, 0.6335905743589979, 2.255299017534717]
APTIDAO: 
31.462292919761985
GEN: 2000
Individuo: 
[1.232543266579975, 1.9837175645230651, 3.3088176579107795, 1.0915094489145893, 1.6593133595330538, 0.519081906491842, 0.38132721014878035, 0.2122332562456091, 0.7270065613330006, 0.13957632786176638, 0.33643546289003934, 0.45222312429002454, 0.17363243126200756, 0.09653864310613842, 0.1247405064176354, 0.019765327784199375, 0.49839594615887794, 0.03396588534659827, 0.41228368678882277, 0.7873526765585136, 0.9293338931488628, 0.9667198282169226, 0.4823535124528607, 0.015316504157099608, 0.16298609790214952, 0.34464902030531547, 2.232832341691366, 2.987594290005002, 1.398072121675376, 2.585245444887744, 4.182394938581368, 5.721735568241801, 10.0, 1.5694199518987482, 8.133092576430066, 10.0, 0.44062283139358516, 0.8083825320733962, 3.0208117396475083, 1.8997850925403663, 2.9531985088312678, 0.7480746209363764, 3.6493445442056935, 3.976438116542221, 5.392290509441754, 1.035670932385735, 3.082237286014499, 1.4438063761396949, 4.898389629333554, 1.3114368641224012, 0.942986452885401, 2.255299017534717]
APTIDAO: 
31.286716484446224
GEN: 2100
Individuo: 
[1.232543266579975, 1.9837175645230651, 3.3088176579107795, 1.0915094489145893, 1.6593133595330538, 0.519081906491842, 0.38132721014878035, 0.2122332562456091, 0.7270065613330006, 0.13957632786176638, 0.33643546289003934, 0.46389042781697826, 0.17363243126200756, 0.07924026283388831, 0.13335814966621684, 0.019765327784199375, 0.49839594615887794, 0.04739969581868308, 0.41228368678882277, 0.7873526765585136, 0.7499053097273572, 0.6154887586157458, 0.4823535124528607, 0.01824721032489204, 0.16298609790214952, 0.3203932612685771, 2.232832341691366, 2.987594290005002, 1.398072121675376, 2.585245444887744, 4.182394938581368, 5.721735568241801, 10.0, 1.5694199518987482, 8.133092576430066, 10.0, 0.44062283139358516, 0.5344801458880662, 3.0208117396475083, 1.3786486355530019, 2.535951472715668, 0.7480746209363764, 3.6493445442056935, 2.963975147773685, 5.392290509441754, 1.035670932385735, 3.907978205518725, 0.8513133709257946, 4.898389629333554, 0.9935626186455797, 0.942986452885401, 2.6260475427943617]
APTIDAO: 
31.024015405862425
GEN: 2200
Individuo: 
[1.3413810527115162, 1.9837175645230651, 3.3088176579107795, 1.0915094489145893, 1.6593133595330538, 0.519081906491842, 0.38132721014878035, 0.2122332562456091, 0.7270065613330006, 0.13957632786176638, 0.33643546289003934, 0.46389042781697826, 0.17363243126200756, 0.07502060240327861, 0.13335814966621684, 0.019765327784199375, 0.49839594615887794, 0.046476709921806705, 0.41228368678882277, 0.7873526765585136, 0.8405700787042001, 0.6154887586157458, 0.4823535124528607, 0.01824721032489204, 0.16298609790214952, 0.5477082655096215, 2.5729480152244326, 2.987594290005002, 1.398072121675376, 2.585245444887744, 4.182394938581368, 5.721735568241801, 10.0, 1.5694199518987482, 8.133092576430066, 10.0, 0.44062283139358516, 0.5344801458880662, 3.0208117396475083, 1.4217335352155092, 2.535951472715668, 0.7480746209363764, 3.6493445442056935, 2.726354286286693, 5.392290509441754, 1.035670932385735, 0.7796581857443611, 0.8513133709257946, 4.898389629333554, 0.9935626186455797, 0.942986452885401, 2.2645507209941402]
APTIDAO: 
30.86605046520271
GEN: 2300
Individuo: 
[1.3413810527115162, 1.9837175645230651, 3.3088176579107795, 1.0915094489145893, 1.6593133595330538, 0.519081906491842, 0.38132721014878035, 0.2122332562456091, 0.7270065613330006, 0.15018578629987073, 0.33643546289003934, 0.46389042781697826, 0.17363243126200756, 0.07502060240327861, 0.13335814966621684, 0.019765327784199375, 0.49839594615887794, 0.052958135235858086, 0.41228368678882277, 0.7873526765585136, 0.8405700787042001, 0.7432254842224193, 0.4823535124528607, 0.01824721032489204, 0.16298609790214952, 0.5477082655096215, 2.5729480152244326, 2.987594290005002, 1.398072121675376, 2.585245444887744, 4.182394938581368, 5.721735568241801, 10.0, 1.5694199518987482, 8.133092576430066, 5.076597984093658, 0.44062283139358516, 0.5344801458880662, 3.0208117396475083, 1.4217335352155092, 2.535951472715668, 0.7480746209363764, 3.6493445442056935, 2.571558671451472, 5.392290509441754, 1.035670932385735, 0.7796581857443611, 1.3275988498542537, 4.898389629333554, 0.9935626186455797, 0.942986452885401, 2.2645507209941402]
APTIDAO: 
30.842151033083713
GEN: 2400
Individuo: 
[1.3413810527115162, 1.9837175645230651, 3.3088176579107795, 1.0915094489145893, 1.6593133595330538, 0.519081906491842, 0.38132721014878035, 0.2093527179401533, 0.7270065613330006, 0.15302907296670631, 0.33643546289003934, 0.46389042781697826, 0.17363243126200756, 0.07398946403659822, 0.13335814966621684, 0.019765327784199375, 0.49839594615887794, 0.03727470427166002, 0.41228368678882277, 0.7873526765585136, 0.5452979573124385, 0.5684671101169365, 0.4823535124528607, 0.01824721032489204, 0.16298609790214952, 0.5477082655096215, 2.5729480152244326, 2.987594290005002, 1.398072121675376, 2.585245444887744, 4.182394938581368, 5.721735568241801, 10.0, 1.466627217995413, 8.133092576430066, 4.944841034517686, 0.44062283139358516, 0.5344801458880662, 3.0208117396475083, 1.3821956380439175, 2.535951472715668, 0.7480746209363764, 3.6493445442056935, 3.15095799952212, 5.392290509441754, 1.035670932385735, 0.7090544585719659, 1.4092102759451095, 4.898389629333554, 0.9935626186455797, 0.942986452885401, 2.2645507209941402]
APTIDAO: 
31.02859806581982
GEN: 2500
Individuo: 
[1.3413810527115162, 1.9837175645230651, 3.3088176579107795, 1.0915094489145893, 1.6593133595330538, 0.519081906491842, 0.38132721014878035, 0.2093527179401533, 0.7270065613330006, 0.15302907296670631, 0.33643546289003934, 0.46389042781697826, 0.16892626470324473, 0.06602331662588642, 0.13335814966621684, 0.019765327784199375, 0.49839594615887794, 0.03727470427166002, 0.41228368678882277, 0.7873526765585136, 0.5452979573124385, 0.46889046986735744, 0.4823535124528607, 0.01824721032489204, 0.16298609790214952, 0.5145764727635369, 2.5729480152244326, 2.987594290005002, 1.398072121675376, 2.585245444887744, 4.182394938581368, 5.721735568241801, 10.0, 1.466627217995413, 8.133092576430066, 4.944841034517686, 0.44062283139358516, 0.5344801458880662, 2.152420793889527, 1.2178961244451423, 2.535951472715668, 0.7480746209363764, 3.6493445442056935, 3.15095799952212, 5.392290509441754, 1.035670932385735, 0.7090544585719659, 1.1446489182768669, 4.898389629333554, 0.9935626186455797, 0.942986452885401, 1.9268817448898694]
APTIDAO: 
30.84582787584628
GEN: 2600
Individuo: 
[1.3413810527115162, 1.9837175645230651, 3.3088176579107795, 1.0915094489145893, 1.6593133595330538, 0.519081906491842, 0.38132721014878035, 0.2093527179401533, 0.7270065613330006, 0.14851782739600466, 0.33643546289003934, 0.46389042781697826, 0.1590816135481442, 0.07398946403659822, 0.13335814966621684, 0.02073119512899286, 0.48888694775306824, 0.0504656635315981, 0.41228368678882277, 0.7873526765585136, 0.74182129329426, 0.6744770467216508, 0.4823535124528607, 0.01824721032489204, 0.19700468620069028, 0.5145764727635369, 2.5729480152244326, 2.987594290005002, 1.398072121675376, 2.585245444887744, 4.182394938581368, 5.721735568241801, 10.0, 1.466627217995413, 8.133092576430066, 10.0, 0.44062283139358516, 0.5344801458880662, 1.5335651904998184, 1.3821956380439175, 2.535951472715668, 1.6289605792053854, 3.1729952642868047, 3.2621479488574634, 5.392290509441754, 1.035670932385735, 0.89494200969639, 1.2468576344218758, 4.898389629333554, 0.9935626186455797, 1.183772520573256, 1.9268817448898694]
APTIDAO: 
30.730886960655283
GEN: 2700
Individuo: 
[1.3413810527115162, 1.9837175645230651, 3.3088176579107795, 1.0915094489145893, 1.6593133595330538, 0.519081906491842, 0.38132721014878035, 0.2093527179401533, 0.7270065613330006, 0.15302907296670631, 0.33643546289003934, 0.46389042781697826, 0.16439363206443763, 0.07398946403659822, 0.13335814966621684, 0.02001363212864454, 0.48888694775306824, 0.044370717897971555, 0.41228368678882277, 0.7873526765585136, 0.7600979111205902, 0.5667427979375566, 0.4823535124528607, 0.01824721032489204, 0.19527695905636597, 0.5145764727635369, 2.5729480152244326, 2.987594290005002, 1.398072121675376, 2.585245444887744, 4.182394938581368, 5.721735568241801, 10.0, 1.466627217995413, 8.133092576430066, 4.944841034517686, 0.44062283139358516, 0.5344801458880662, 2.544848005669006, 1.3821956380439175, 2.535951472715668, 1.547809520941448, 3.1729952642868047, 1.9239669981318324, 5.392290509441754, 1.035670932385735, 0.7322366788845435, 1.051188753261845, 4.898389629333554, 0.9935626186455797, 1.0431781380581153, 1.9268817448898694]
APTIDAO: 
30.56496226652995
GEN: 2800
Individuo: 
[1.3413810527115162, 1.9837175645230651, 3.3088176579107795, 1.0915094489145893, 1.6593133595330538, 0.519081906491842, 0.38132721014878035, 0.2093527179401533, 0.7270065613330006, 0.15302907296670631, 0.33643546289003934, 0.5172667580064062, 0.11956640898341435, 0.02769570642607076, 0.13335814966621684, 0.028517920560721367, 0.48888694775306824, 0.039323257013708465, 0.41228368678882277, 0.7873526765585136, 0.6569314607822403, 0.6504569589722905, 0.4823535124528607, 0.015538868926307486, 0.19527695905636597, 0.585247540636075, 2.5729480152244326, 2.987594290005002, 1.398072121675376, 2.585245444887744, 4.182394938581368, 5.721735568241801, 10.0, 1.466627217995413, 8.133092576430066, 4.944841034517686, 0.44062283139358516, 1.12499201147372, 2.190590410279839, 0.48938731246472805, 2.535951472715668, 1.0295067314409423, 3.1729952642868047, 2.091033326742919, 5.392290509441754, 1.035670932385735, 1.1160486275013664, 1.018544404342842, 4.898389629333554, 0.49716826517222423, 1.0431781380581153, 1.5552564971749294]
APTIDAO: 
29.95162535215966
GEN: 2900
Individuo: 
[1.3413810527115162, 1.9837175645230651, 3.3088176579107795, 1.0915094489145893, 1.6593133595330538, 0.519081906491842, 0.38132721014878035, 0.2093527179401533, 0.7270065613330006, 0.15302907296670631, 0.33643546289003934, 0.5172667580064062, 0.11956640898341435, 0.02870989964685651, 0.1532766662036469, 0.028517920560721367, 0.48888694775306824, 0.042882131013411234, 0.41228368678882277, 0.7873526765585136, 0.9269953358982206, 0.6504569589722905, 0.4823535124528607, 0.01627158930831724, 0.19527695905636597, 0.585247540636075, 2.5729480152244326, 2.987594290005002, 1.398072121675376, 2.585245444887744, 4.182394938581368, 5.721735568241801, 10.0, 1.466627217995413, 8.133092576430066, 4.944841034517686, 0.44062283139358516, 1.12499201147372, 2.190590410279839, 0.8643355227785112, 2.32434045410022, 1.0295067314409423, 3.1729952642868047, 1.194828485463058, 5.392290509441754, 1.035670932385735, 1.3564028873666196, 1.018544404342842, 4.898389629333554, 0.8461084021410562, 1.0431781380581153, 1.5552564971749294]
APTIDAO: 
29.731334608377846
GEN: 3000
Individuo: 
[1.3413810527115162, 1.9837175645230651, 3.3088176579107795, 1.0915094489145893, 1.6593133595330538, 0.519081906491842, 0.38132721014878035, 0.2093527179401533, 0.7270065613330006, 0.15302907296670631, 0.33643546289003934, 0.5172667580064062, 0.11956640898341435, 0.022653406074850054, 0.13335814966621684, 0.028517920560721367, 0.48888694775306824, 0.042882131013411234, 0.41228368678882277, 0.7873526765585136, 0.8663787587824209, 0.6504569589722905, 0.4823535124528607, 0.01627158930831724, 0.19527695905636597, 0.585247540636075, 2.5729480152244326, 2.987594290005002, 1.398072121675376, 2.585245444887744, 4.182394938581368, 5.721735568241801, 10.0, 1.466627217995413, 8.133092576430066, 4.944841034517686, 0.44062283139358516, 1.12499201147372, 2.190590410279839, 1.1980149761076064, 2.535951472715668, 1.0295067314409423, 3.1729952642868047, 1.194828485463058, 5.392290509441754, 1.035670932385735, 1.5109934662020397, 1.018544404342842, 4.898389629333554, 0.8461084021410562, 1.0431781380581153, 1.5552564971749294]
APTIDAO: 
29.729051751319783
GEN: 3100
Individuo: 
[1.3413810527115162, 2.0789289965646076, 3.3088176579107795, 1.0915094489145893, 1.6593133595330538, 0.519081906491842, 0.38132721014878035, 0.2093527179401533, 0.7270065613330006, 0.15302907296670631, 0.33643546289003934, 0.5172667580064062, 0.11956640898341435, 0.01042011269555455, 0.12382492843356123, 0.009366828657958513, 0.48888694775306824, 0.05205932067366596, 0.41228368678882277, 0.7923067347291411, 0.8206722261107696, 0.725221388211924, 0.4823535124528607, 0.01627158930831724, 0.19527695905636597, 0.585247540636075, 2.5729480152244326, 2.0142314153636365, 1.398072121675376, 2.585245444887744, 4.182394938581368, 5.721735568241801, 10.0, 1.466627217995413, 8.133092576430066, 4.944841034517686, 0.44062283139358516, 1.12499201147372, 2.190590410279839, 2.116509635836188, 2.6693520746290833, 0.7588097122758093, 3.1729952642868047, 2.3037609887393873, 5.392290509441754, 0.9312516503973315, 1.660486470810298, 1.005482928839703, 4.898389629333554, 0.8461084021410562, 1.0431781380581153, 1.5552564971749294]
APTIDAO: 
29.479435464662245
GEN: 3200
Individuo: 
[1.3413810527115162, 2.0789289965646076, 3.3088176579107795, 1.0915094489145893, 1.6593133595330538, 0.519081906491842, 0.38132721014878035, 0.2093527179401533, 0.7270065613330006, 0.15302907296670631, 0.33643546289003934, 0.5172667580064062, 0.11800868061208143, 0.0060356026627621405, 0.13096024483077573, 0.009366828657958513, 0.48888694775306824, 0.05205932067366596, 0.41228368678882277, 0.7923067347291411, 0.8206722261107696, 0.7420352226748186, 0.4823535124528607, 0.01627158930831724, 0.19527695905636597, 0.585247540636075, 2.5729480152244326, 2.0142314153636365, 1.398072121675376, 2.585245444887744, 4.182394938581368, 5.721735568241801, 10.0, 1.466627217995413, 8.133092576430066, 4.944841034517686, 0.44062283139358516, 1.12499201147372, 2.055095254250106, 1.500801153618626, 1.8841310267141531, 0.7588097122758093, 3.1729952642868047, 2.3037609887393873, 5.392290509441754, 0.9312516503973315, 1.660486470810298, 0.9611558331442224, 4.898389629333554, 0.8461084021410562, 1.0431781380581153, 1.5552564971749294]
APTIDAO: 
29.40599576574075
GEN: 3300
Individuo: 
[1.3413810527115162, 2.0789289965646076, 3.3088176579107795, 1.0915094489145893, 1.6593133595330538, 0.519081906491842, 0.38132721014878035, 0.2093527179401533, 0.7270065613330006, 0.15302907296670631, 0.33643546289003934, 0.5172667580064062, 0.11700576124930592, 0.0048882797944198725, 0.13197362730344592, 0.009539174270833744, 0.48888694775306824, 0.05205932067366596, 0.41228368678882277, 0.7923067347291411, 0.8206722261107696, 0.7770845319866834, 0.4823535124528607, 0.01627158930831724, 0.19660524326066395, 0.585247540636075, 2.5729480152244326, 2.0142314153636365, 1.398072121675376, 2.585245444887744, 4.182394938581368, 5.721735568241801, 10.0, 1.466627217995413, 8.133092576430066, 4.944841034517686, 0.44062283139358516, 1.12499201147372, 2.500496510830454, 1.987317094461011, 2.125147010349339, 0.6327040830713063, 3.1729952642868047, 2.3037609887393873, 5.392290509441754, 0.9312516503973315, 1.660486470810298, 2.962392307719925, 4.898389629333554, 0.8461084021410562, 0.882634523924366, 1.5552564971749294]
APTIDAO: 
29.360905063418677
GEN: 3400
Individuo: 
[1.3413810527115162, 2.0789289965646076, 3.3088176579107795, 1.0915094489145893, 1.6593133595330538, 0.519081906491842, 0.38132721014878035, 0.2093527179401533, 0.7270065613330006, 0.15302907296670631, 0.33643546289003934, 0.5172667580064062, 0.11522131439980048, 0.00411580460006782, 0.13197362730344592, 0.009539174270833744, 0.48888694775306824, 0.05205932067366596, 0.41228368678882277, 0.7923067347291411, 0.8206722261107696, 0.7770845319866834, 0.4823535124528607, 0.01627158930831724, 0.19660524326066395, 0.585247540636075, 2.5729480152244326, 2.0142314153636365, 1.398072121675376, 2.585245444887744, 4.182394938581368, 5.721735568241801, 10.0, 1.466627217995413, 8.133092576430066, 4.944841034517686, 0.44062283139358516, 1.12499201147372, 2.269005209408617, 0.9580099325930316, 2.125147010349339, 0.6327040830713063, 3.1729952642868047, 2.3037609887393873, 5.392290509441754, 0.9312516503973315, 1.660486470810298, 2.962392307719925, 4.898389629333554, 0.8461084021410562, 0.882634523924366, 1.5552564971749294]
APTIDAO: 
29.346098259565863
GEN: 3500
Individuo: 
[1.3413810527115162, 2.0789289965646076, 3.3088176579107795, 1.0949013678625283, 1.6593133595330538, 0.519081906491842, 0.38132721014878035, 0.2093527179401533, 0.7270065613330006, 0.15302907296670631, 0.33643546289003934, 0.5172667580064062, 0.11522131439980048, 0.003346166684248066, 0.13197362730344592, 0.009539174270833744, 0.48888694775306824, 0.052605180386048965, 0.41228368678882277, 0.7923067347291411, 0.8206722261107696, 0.7805664618851078, 0.4823535124528607, 0.01627158930831724, 0.19660524326066395, 0.585247540636075, 2.5729480152244326, 2.0142314153636365, 1.398072121675376, 1.7915134550755791, 4.182394938581368, 5.721735568241801, 10.0, 1.466627217995413, 8.133092576430066, 4.944841034517686, 0.44062283139358516, 1.12499201147372, 2.269005209408617, 1.6898120574948043, 2.125147010349339, 0.6327040830713063, 3.1729952642868047, 3.0219758369464094, 5.392290509441754, 0.9312516503973315, 1.660486470810298, 2.2351508224339143, 4.898389629333554, 0.8461084021410562, 0.882634523924366, 1.5552564971749294]
APTIDAO: 
29.323411905931863
GEN: 3600
Individuo: 
[1.3413810527115162, 2.0789289965646076, 3.3088176579107795, 1.0949013678625283, 1.6593133595330538, 0.519081906491842, 0.38132721014878035, 0.2093527179401533, 0.7270065613330006, 0.15302907296670631, 0.33643546289003934, 0.5172667580064062, 0.11522131439980048, 0.003346166684248066, 0.13197362730344592, 0.009539174270833744, 0.48888694775306824, 0.052605180386048965, 0.41228368678882277, 0.7923067347291411, 0.8206722261107696, 0.7805664618851078, 0.4823535124528607, 0.01627158930831724, 0.19660524326066395, 0.585247540636075, 2.5729480152244326, 2.0142314153636365, 1.398072121675376, 1.7915134550755791, 4.182394938581368, 5.721735568241801, 10.0, 1.466627217995413, 8.133092576430066, 4.944841034517686, 0.44062283139358516, 1.12499201147372, 2.269005209408617, 1.6898120574948043, 2.125147010349339, 0.6327040830713063, 3.1729952642868047, 3.0219758369464094, 5.392290509441754, 0.9312516503973315, 1.660486470810298, 2.2351508224339143, 4.898389629333554, 0.8461084021410562, 0.882634523924366, 1.5552564971749294]
APTIDAO: 
29.323411905931863
GEN: 3700
Individuo: 
[1.3413810527115162, 2.0789289965646076, 3.3088176579107795, 1.0949013678625283, 1.6593133595330538, 0.519081906491842, 0.38132721014878035, 0.2093527179401533, 0.7270065613330006, 0.15302907296670631, 0.33643546289003934, 0.5172667580064062, 0.11418246519417011, 0.002232165513218422, 0.13197362730344592, 0.009539174270833744, 0.48888694775306824, 0.052605180386048965, 0.41228368678882277, 0.7923067347291411, 0.8206722261107696, 0.8608622910226906, 0.4823535124528607, 0.01627158930831724, 0.19660524326066395, 0.5888728356855043, 2.5729480152244326, 2.0142314153636365, 1.398072121675376, 1.7915134550755791, 4.182394938581368, 5.721735568241801, 10.0, 1.466627217995413, 8.133092576430066, 4.944841034517686, 0.44062283139358516, 1.12499201147372, 2.154917736798599, 2.1526442060404998, 2.125147010349339, 0.6327040830713063, 3.1729952642868047, 3.0219758369464094, 5.392290509441754, 0.9312516503973315, 1.660486470810298, 1.3753646366387768, 4.898389629333554, 0.8461084021410562, 0.882634523924366, 1.425118972607294]
APTIDAO: 
29.312805033561848
GEN: 3800
Individuo: 
[1.3413810527115162, 2.0789289965646076, 3.3088176579107795, 1.0949013678625283, 1.6593133595330538, 0.519081906491842, 0.38132721014878035, 0.2093527179401533, 0.7270065613330006, 0.15302907296670631, 0.33643546289003934, 0.5172667580064062, 0.11418246519417011, 0.002229664728531126, 0.13197362730344592, 0.009539174270833744, 0.48888694775306824, 0.052605180386048965, 0.41228368678882277, 0.7923067347291411, 0.909097078386245, 0.8608622910226906, 0.4823535124528607, 0.01627158930831724, 0.19660524326066395, 0.5888728356855043, 2.5729480152244326, 2.0142314153636365, 1.398072121675376, 1.7915134550755791, 4.182394938581368, 5.721735568241801, 10.0, 1.466627217995413, 8.133092576430066, 4.944841034517686, 0.44062283139358516, 1.12499201147372, 2.154917736798599, 2.501826586671044, 2.125147010349339, 0.6327040830713063, 3.1729952642868047, 3.0219758369464094, 5.392290509441754, 0.9312516503973315, 2.040571834275015, 1.3753646366387768, 4.898389629333554, 0.8461084021410562, 0.882634523924366, 1.425118972607294]
APTIDAO: 
29.307238276262325
GEN: 3900
Individuo: 
[1.3413810527115162, 2.0789289965646076, 3.3088176579107795, 1.0949013678625283, 1.6593133595330538, 0.519081906491842, 0.38132721014878035, 0.2093527179401533, 0.7270065613330006, 0.15302907296670631, 0.33643546289003934, 0.5172667580064062, 0.11418246519417011, 0.003018764812795626, 0.13197362730344592, 0.009539174270833744, 0.48888694775306824, 0.052605180386048965, 0.41228368678882277, 0.7923067347291411, 0.9482215540436517, 0.9225161530362864, 0.4823535124528607, 0.01627158930831724, 0.19660524326066395, 0.5888728356855043, 2.5729480152244326, 2.0142314153636365, 1.398072121675376, 1.7915134550755791, 4.182394938581368, 5.721735568241801, 10.0, 1.466627217995413, 8.133092576430066, 4.944841034517686, 0.44062283139358516, 1.12499201147372, 2.154917736798599, 2.124663707676877, 2.125147010349339, 0.6327040830713063, 3.1729952642868047, 3.0219758369464094, 5.392290509441754, 0.9312516503973315, 1.1853884343153758, 1.8356250907816436, 4.898389629333554, 0.8461084021410562, 0.882634523924366, 1.425118972607294]
APTIDAO: 
29.297894559591818
GEN: 4000
Individuo: 
[1.3413810527115162, 2.0789289965646076, 3.3088176579107795, 1.0949013678625283, 1.6593133595330538, 0.519081906491842, 0.38132721014878035, 0.2093527179401533, 0.7270065613330006, 0.15302907296670631, 0.33643546289003934, 0.5200435855758511, 0.11418246519417011, 0.001376540159977989, 0.13197362730344592, 0.009539174270833744, 0.48888694775306824, 0.052605180386048965, 0.41228368678882277, 0.7923067347291411, 0.9203144208462829, 0.9225161530362864, 0.4823535124528607, 0.01627158930831724, 0.18793088657577953, 0.5888728356855043, 2.5729480152244326, 2.0142314153636365, 1.398072121675376, 1.7915134550755791, 4.182394938581368, 5.721735568241801, 10.0, 1.466627217995413, 8.133092576430066, 4.944841034517686, 0.44062283139358516, 1.9485137172333324, 2.154917736798599, 1.5187597200986511, 2.125147010349339, 0.6327040830713063, 3.1729952642868047, 3.0219758369464094, 5.392290509441754, 0.9312516503973315, 0.6800431996877769, 1.8356250907816436, 4.898389629333554, 0.8461084021410562, 1.151603456590596, 1.425118972607294]
APTIDAO: 
29.31807992724789
GEN: 4100
Individuo: 
[1.3413810527115162, 2.0789289965646076, 3.3088176579107795, 1.0949013678625283, 1.6593133595330538, 0.519081906491842, 0.38132721014878035, 0.2093527179401533, 0.7270065613330006, 0.15302907296670631, 0.33643546289003934, 0.5200435855758511, 0.11418246519417011, 0.0021363668404158656, 0.13197362730344592, 0.0098712525473604, 0.48888694775306824, 0.052605180386048965, 0.41228368678882277, 0.7923067347291411, 0.977109004451394, 0.925413128537133, 0.4823535124528607, 0.01627158930831724, 0.18793088657577953, 0.5888728356855043, 2.5729480152244326, 2.0142314153636365, 1.398072121675376, 1.7915134550755791, 4.182394938581368, 5.721735568241801, 10.0, 1.466627217995413, 8.133092576430066, 4.944841034517686, 0.44062283139358516, 1.9485137172333324, 2.154917736798599, 1.3425208900707137, 2.125147010349339, 0.4439876405632793, 3.1729952642868047, 3.0219758369464094, 5.392290509441754, 0.9312516503973315, 0.5984387371848466, 1.2433526904444165, 4.898389629333554, 0.8461084021410562, 1.151603456590596, 1.425118972607294]
APTIDAO: 
29.306969922602654
GEN: 4200
Individuo: 
[1.3456298522709371, 2.0789289965646076, 3.3088176579107795, 1.0949013678625283, 1.6593133595330538, 0.519081906491842, 0.38132721014878035, 0.2093527179401533, 0.7270065613330006, 0.16205965850155019, 0.33643546289003934, 0.5699212421851211, 0.11418246519417011, 0.0011172790274478594, 0.13197362730344592, 0.0098712525473604, 0.48888694775306824, 0.052605180386048965, 0.41228368678882277, 0.7923067347291411, 0.977109004451394, 0.925413128537133, 0.4823535124528607, 0.0195006061443223, 0.17597254344789307, 0.6437908585590768, 1.9778256276547201, 2.0142314153636365, 1.398072121675376, 1.7915134550755791, 4.182394938581368, 5.721735568241801, 10.0, 1.466627217995413, 8.133092576430066, 5.306922766813328, 0.44062283139358516, 1.5985889463169503, 2.154917736798599, 2.2561253780267236, 2.125147010349339, 0.4439876405632793, 3.1729952642868047, 3.0219758369464094, 5.392290509441754, 0.9312516503973315, 0.5984387371848466, 1.2433526904444165, 4.898389629333554, 0.7263630352318865, 1.9805029298661094, 1.4000516663103015]
APTIDAO: 
29.18317732877832
GEN: 4300
Individuo: 
[1.3456298522709371, 2.0789289965646076, 3.3088176579107795, 1.0949013678625283, 1.6593133595330538, 0.519081906491842, 0.38132721014878035, 0.2108539254581355, 0.7270065613330006, 0.16205965850155019, 0.33643546289003934, 0.5699212421851211, 0.11418246519417011, 0.0013463977621250252, 0.13197362730344592, 0.0098712525473604, 0.48888694775306824, 0.052605180386048965, 0.41228368678882277, 0.7923067347291411, 0.9805476777046289, 0.925413128537133, 0.4823535124528607, 0.01987780746805059, 0.17597254344789307, 0.6437908585590768, 1.9778256276547201, 2.0142314153636365, 1.398072121675376, 1.7915134550755791, 4.182394938581368, 5.721735568241801, 10.0, 1.1953089633842893, 8.133092576430066, 5.306922766813328, 0.44062283139358516, 1.5985889463169503, 2.154917736798599, 3.8231244620208, 2.125147010349339, 0.4439876405632793, 3.1729952642868047, 3.0219758369464094, 5.392290509441754, 0.9312516503973315, 0.8079544983935514, 1.2433526904444165, 4.898389629333554, 1.0224342670663922, 1.9805029298661094, 1.4000516663103015]
APTIDAO: 
29.156495281265165
GEN: 4400
Individuo: 
[1.3456298522709371, 2.0789289965646076, 3.3088176579107795, 1.0949013678625283, 1.6593133595330538, 0.519081906491842, 0.38132721014878035, 0.2108539254581355, 0.7270065613330006, 0.16205965850155019, 0.33643546289003934, 0.6808856752362297, 0.11418246519417011, 0.0013463977621250252, 0.13197362730344592, 0.0018107746925289465, 0.49097077742364376, 0.06506731324269556, 0.41228368678882277, 0.7923067347291411, 0.977109004451394, 0.925413128537133, 0.4823535124528607, 0.03169726746428253, 0.18231057635837336, 0.6437908585590768, 1.9778256276547201, 2.0142314153636365, 1.398072121675376, 1.7915134550755791, 4.182394938581368, 5.721735568241801, 10.0, 1.1953089633842893, 8.133092576430066, 5.306922766813328, 0.44062283139358516, 1.7001069176456152, 2.154917736798599, 3.8231244620208, 2.125147010349339, 0.28462457750310954, 4.306567828456083, 2.5295402058944534, 5.392290509441754, 0.9312516503973315, 0.5984387371848466, 1.2433526904444165, 4.898389629333554, 0.8235123341985474, 1.1429085296749975, 1.4000516663103015]
APTIDAO: 
28.781601331748647
GEN: 4500
Individuo: 
[1.3456298522709371, 2.0789289965646076, 3.3088176579107795, 1.0949013678625283, 1.6593133595330538, 0.5205160211617644, 0.38132721014878035, 0.2108539254581355, 0.7270065613330006, 0.20085264342449258, 0.33643546289003934, 0.6808856752362297, 0.10364675060657551, 0.004241176170014833, 0.13197362730344592, 0.00491579945800612, 0.49097077742364376, 0.06620912028627361, 0.41228368678882277, 0.7923067347291411, 0.977109004451394, 0.925413128537133, 0.4823535124528607, 0.03169726746428253, 0.18231057635837336, 0.6437908585590768, 1.9778256276547201, 2.0142314153636365, 1.398072121675376, 1.7915134550755791, 4.182394938581368, 3.5997266306746782, 10.0, 1.1953089633842893, 8.133092576430066, 5.641652268202215, 0.44062283139358516, 1.7001069176456152, 1.6639090248480721, 5.151723505370464, 2.125147010349339, 0.8876168753530007, 4.306567828456083, 1.8166546490899096, 5.392290509441754, 0.9312516503973315, 0.5984387371848466, 1.2433526904444165, 4.898389629333554, 0.8235123341985474, 1.1429085296749975, 1.4000516663103015]
APTIDAO: 
28.699015239837454
GEN: 4600
Individuo: 
[1.3456298522709371, 2.0789289965646076, 3.3088176579107795, 1.0949013678625283, 1.6593133595330538, 0.5205160211617644, 0.38132721014878035, 0.2108539254581355, 0.7270065613330006, 0.20085264342449258, 0.33643546289003934, 0.6808856752362297, 0.10364675060657551, 0.004241176170014833, 0.13197362730344592, 0.007234208025308498, 0.49097077742364376, 0.06620912028627361, 0.41228368678882277, 0.7923067347291411, 0.977109004451394, 0.925413128537133, 0.4823535124528607, 0.03169726746428253, 0.18612751471576267, 0.6437908585590768, 1.9778256276547201, 2.0142314153636365, 1.398072121675376, 1.7915134550755791, 4.182394938581368, 3.5997266306746782, 10.0, 1.1953089633842893, 8.133092576430066, 5.641652268202215, 0.44062283139358516, 1.7001069176456152, 1.6639090248480721, 5.151723505370464, 2.125147010349339, 1.4890904091130233, 4.306567828456083, 1.8166546490899096, 5.392290509441754, 0.9312516503973315, 0.5984387371848466, 1.2433526904444165, 4.898389629333554, 0.8235123341985474, 1.4082902655995848, 1.4000516663103015]
APTIDAO: 
28.568265482029652
GEN: 4700
Individuo: 
[1.3456298522709371, 2.0789289965646076, 3.3088176579107795, 1.0949013678625283, 1.6593133595330538, 0.5205160211617644, 0.38132721014878035, 0.2108539254581355, 0.7270065613330006, 0.20085264342449258, 0.33643546289003934, 0.6808856752362297, 0.10364675060657551, 0.00468277922792419, 0.13197362730344592, 0.006436160824081285, 0.49097077742364376, 0.06620912028627361, 0.41228368678882277, 0.7923067347291411, 0.9833157875578483, 0.9593655024443755, 0.4823535124528607, 0.03169726746428253, 0.18612751471576267, 0.6437908585590768, 1.9778256276547201, 2.0142314153636365, 1.398072121675376, 1.7915134550755791, 4.182394938581368, 3.5997266306746782, 10.0, 1.1953089633842893, 8.133092576430066, 5.641652268202215, 0.44062283139358516, 1.7001069176456152, 1.6639090248480721, 8.918987299711606, 2.125147010349339, 1.9873884421658439, 4.306567828456083, 1.8166546490899096, 5.392290509441754, 0.9312516503973315, 0.6862151168476258, 0.9089657571536642, 4.898389629333554, 0.8235123341985474, 1.4082902655995848, 1.4000516663103015]
APTIDAO: 
28.598841239419716
GEN: 4800
Individuo: 
[1.3456298522709371, 2.0789289965646076, 3.3088176579107795, 1.0949013678625283, 1.6593133595330538, 0.5205160211617644, 0.38132721014878035, 0.2108539254581355, 0.7270065613330006, 0.21283613766633558, 0.33643546289003934, 0.6808856752362297, 0.10364675060657551, 0.00468277922792419, 0.11255279133620393, 0.006436160824081285, 0.49097077742364376, 0.05790134866904917, 0.41228368678882277, 0.7923067347291411, 0.9833157875578483, 0.9593655024443755, 0.4823535124528607, 0.03227390090964059, 0.20068866093840687, 0.6410465673155508, 1.9778256276547201, 2.0142314153636365, 1.398072121675376, 1.7915134550755791, 4.182394938581368, 3.5997266306746782, 10.0, 1.1953089633842893, 8.133092576430066, 5.685744638892819, 0.44062283139358516, 1.7001069176456152, 1.6639090248480721, 8.918987299711606, 2.070053132183709, 1.9873884421658439, 4.306567828456083, 1.5207078168214696, 5.392290509441754, 0.9312516503973315, 0.6862151168476258, 0.9089657571536642, 4.898389629333554, 1.3580906364364786, 1.8837207646520262, 0.7555545856110858]
APTIDAO: 
28.610115103024192
GEN: 4900
Individuo: 
[1.3456298522709371, 2.0789289965646076, 3.2983583585374587, 1.0949013678625283, 1.6593133595330538, 0.5205160211617644, 0.38132721014878035, 0.21263041239334865, 0.7270065613330006, 0.21283613766633558, 0.33643546289003934, 0.6808856752362297, 0.09690925670022678, 0.003855829108694166, 0.11744454502274149, 0.007272346411336008, 0.49097077742364376, 0.05202208439622335, 0.41228368678882277, 0.7923067347291411, 0.9833157875578483, 0.9593655024443755, 0.4823535124528607, 0.03227390090964059, 0.20068866093840687, 0.6410465673155508, 1.9778256276547201, 2.0142314153636365, 1.7103048315039653, 1.7915134550755791, 4.182394938581368, 3.5997266306746782, 10.0, 1.257608046325556, 8.133092576430066, 5.685744638892819, 0.44062283139358516, 1.7001069176456152, 1.877761514675695, 10.0, 1.866635242592765, 2.3708352655440317, 4.306567828456083, 1.631306809831422, 5.392290509441754, 0.9312516503973315, 0.6862151168476258, 0.9089657571536642, 4.898389629333554, 1.3580906364364786, 1.8837207646520262, 0.7555545856110858]
APTIDAO: 
28.50307938917949
GEN: 5000
Individuo: 
[1.3456298522709371, 2.0789289965646076, 3.3088176579107795, 1.0949013678625283, 1.6593133595330538, 0.5205160211617644, 0.38132721014878035, 0.21263041239334865, 0.7270065613330006, 0.21283613766633558, 0.33643546289003934, 0.6808856752362297, 0.09690925670022678, 0.003028393116113353, 0.11744454502274149, 0.007272346411336008, 0.49097077742364376, 0.05790134866904917, 0.41228368678882277, 0.7923067347291411, 0.9833157875578483, 0.9593655024443755, 0.4823535124528607, 0.03227390090964059, 0.2036169043353507, 0.6410465673155508, 1.9778256276547201, 2.0142314153636365, 1.398072121675376, 1.7915134550755791, 4.182394938581368, 3.5997266306746782, 10.0, 1.257608046325556, 8.133092576430066, 5.685744638892819, 0.44062283139358516, 1.7001069176456152, 1.877761514675695, 10.0, 1.866635242592765, 2.3708352655440317, 4.306567828456083, 1.5207078168214696, 5.392290509441754, 0.9312516503973315, 0.6862151168476258, 0.9089657571536642, 4.898389629333554, 1.3580906364364786, 1.8446700918061651, 0.7555545856110858]
APTIDAO: 
28.50975171157657
GEN: 5100
Individuo: 
[1.3456298522709371, 2.0789289965646076, 3.3088176579107795, 1.0949013678625283, 1.6593133595330538, 0.5257489955424407, 0.38132721014878035, 0.21263041239334865, 0.7270065613330006, 0.21283613766633558, 0.33643546289003934, 0.6808856752362297, 0.09690925670022678, 0.003028393116113353, 0.11744454502274149, 0.006338540677069594, 0.49097077742364376, 0.05790134866904917, 0.41228368678882277, 0.7923067347291411, 0.9833157875578483, 0.9582573161159661, 0.4823535124528607, 0.033645304118969765, 0.2036169043353507, 0.6410465673155508, 1.9778256276547201, 2.0142314153636365, 1.398072121675376, 1.7915134550755791, 4.182394938581368, 4.74565401232077, 10.0, 1.257608046325556, 8.133092576430066, 5.685744638892819, 0.44062283139358516, 1.7001069176456152, 1.877761514675695, 10.0, 1.866635242592765, 1.2871613376821178, 4.306567828456083, 1.5207078168214696, 5.392290509441754, 0.9312516503973315, 0.6862151168476258, 0.8191825641284648, 4.898389629333554, 2.7726041045374474, 1.8446700918061651, 0.7555545856110858]
APTIDAO: 
28.46189077123166
GEN: 5200
Individuo: 
[1.3456298522709371, 2.0789289965646076, 3.3088176579107795, 1.0949013678625283, 1.6593133595330538, 0.5257489955424407, 0.38132721014878035, 0.2134741150624247, 0.7270065613330006, 0.21283613766633558, 0.33643546289003934, 0.7934864421486202, 0.09690925670022678, 0.003191565134329924, 0.11926839044596008, 0.006338540677069594, 0.49097077742364376, 0.05790134866904917, 0.41228368678882277, 0.7923067347291411, 0.9833157875578483, 0.9096534789037284, 0.4823535124528607, 0.05585024004746529, 0.2303289166373238, 0.6410465673155508, 1.9778256276547201, 2.0142314153636365, 1.398072121675376, 1.7915134550755791, 4.182394938581368, 4.74565401232077, 10.0, 1.7908639274872875, 8.133092576430066, 5.685744638892819, 0.44062283139358516, 1.9094452874282466, 1.877761514675695, 10.0, 1.4215935832419218, 1.2871613376821178, 4.306567828456083, 1.5207078168214696, 5.392290509441754, 0.9312516503973315, 0.6862151168476258, 0.9109467659468873, 4.898389629333554, 3.1103606524250527, 1.740188863094872, 0.7555545856110858]
APTIDAO: 
27.952421089248656
GEN: 5300
Individuo: 
[1.3456298522709371, 2.0789289965646076, 3.3088176579107795, 1.0949013678625283, 1.6593133595330538, 0.5257489955424407, 0.38132721014878035, 0.2134741150624247, 0.7270065613330006, 0.21283613766633558, 0.33643546289003934, 0.7934864421486202, 0.09690925670022678, 0.003191565134329924, 0.11926839044596008, 0.008900131323417947, 0.49097077742364376, 0.05790134866904917, 0.41228368678882277, 0.7923067347291411, 0.9833157875578483, 0.9439808709647229, 0.6844804461553077, 0.16302333175708575, 0.2303289166373238, 0.6410465673155508, 1.9778256276547201, 2.0142314153636365, 1.398072121675376, 1.7915134550755791, 4.182394938581368, 4.74565401232077, 10.0, 1.7908639274872875, 8.133092576430066, 5.685744638892819, 0.44062283139358516, 1.9094452874282466, 1.877761514675695, 10.0, 1.4215935832419218, 1.6589173644051072, 4.306567828456083, 1.5207078168214696, 5.392290509441754, 0.9312516503973315, 0.6862151168476258, 1.4697555308122323, 8.12397691959007, 3.925577640954135, 1.740188863094872, 0.7555545856110858]
APTIDAO: 
27.702342498159915
GEN: 5400
Individuo: 
[1.340526195066317, 2.0789289965646076, 3.3088176579107795, 1.0949013678625283, 1.6593133595330538, 0.5257489955424407, 0.42039183538615127, 0.2134741150624247, 0.7270065613330006, 0.21283613766633558, 0.33643546289003934, 0.7452544586162375, 0.09690925670022678, 0.0012605235613472228, 0.11926839044596008, 0.023392483616484744, 0.49097077742364376, 0.05790134866904917, 0.41228368678882277, 0.7923067347291411, 0.9532120895645743, 0.9439808709647229, 0.6927489813010846, 0.16531907116350078, 0.2303289166373238, 0.6410465673155508, 1.3219411683631759, 2.0142314153636365, 1.398072121675376, 1.7915134550755791, 4.182394938581368, 4.74565401232077, 10.0, 1.7908639274872875, 8.133092576430066, 5.685744638892819, 0.44062283139358516, 1.854573389725082, 1.877761514675695, 6.2723313105692435, 1.4215935832419218, 1.9793226490222031, 4.306567828456083, 1.5207078168214696, 5.392290509441754, 0.9312516503973315, 0.8348052657730937, 1.4697555308122323, 7.434104591833545, 3.9212655810885892, 1.740188863094872, 0.7555545856110858]
APTIDAO: 
27.626255323791984
GEN: 5500
Individuo: 
[1.340526195066317, 2.0789289965646076, 3.3088176579107795, 1.0898079843880022, 1.6593133595330538, 0.5257489955424407, 0.42039183538615127, 0.2134741150624247, 0.7270065613330006, 0.21283613766633558, 0.3099454618015239, 0.7452544586162375, 0.10216535173948327, 0.0012605235613472228, 0.11926839044596008, 0.0370167355789427, 0.49097077742364376, 0.05278466318110972, 0.41228368678882277, 0.7923067347291411, 0.9751485385651768, 0.6459579073440916, 0.6927489813010846, 0.16531907116350078, 0.2303289166373238, 0.47239945248334125, 1.3219411683631759, 2.0142314153636365, 1.398072121675376, 0.985533984021556, 4.182394938581368, 4.74565401232077, 10.0, 1.7908639274872875, 8.133092576430066, 5.685744638892819, 0.46448986709525975, 1.854573389725082, 3.3722086620652503, 6.2723313105692435, 1.4215935832419218, 3.2906753971085583, 4.306567828456083, 1.2234269990115194, 5.392290509441754, 0.9312516503973315, 0.8928068047921752, 1.0416215796255839, 7.434104591833545, 3.9212655810885892, 1.740188863094872, 0.8093034273264769]
APTIDAO: 
27.34271039334277
GEN: 5600
Individuo: 
[1.340526195066317, 2.0789289965646076, 3.3088176579107795, 1.0898079843880022, 1.6593133595330538, 0.5257489955424407, 0.42039183538615127, 0.2134741150624247, 0.7270065613330006, 0.2450713274840619, 0.3099454618015239, 0.7563614965389417, 0.10216535173948327, 0.0012605235613472228, 0.11926839044596008, 0.0370167355789427, 0.49097077742364376, 0.04136164861828934, 0.41228368678882277, 0.7923067347291411, 0.703862141719163, 0.6459579073440916, 0.6927489813010846, 0.16531907116350078, 0.2303289166373238, 0.47239945248334125, 1.3219411683631759, 2.0142314153636365, 1.398072121675376, 0.985533984021556, 4.182394938581368, 4.74565401232077, 10.0, 1.7908639274872875, 8.133092576430066, 2.8086302801106235, 0.46448986709525975, 1.4418198897271952, 3.3722086620652503, 6.2723313105692435, 1.4215935832419218, 3.2906753971085583, 4.306567828456083, 1.0194227531054247, 5.392290509441754, 0.9312516503973315, 0.5588940704687687, 1.0416215796255839, 7.434104591833545, 3.9212655810885892, 1.740188863094872, 0.8093034273264769]
APTIDAO: 
27.17423023317385
GEN: 5700
Individuo: 
[1.340526195066317, 2.0789289965646076, 3.3088176579107795, 1.0898079843880022, 1.6593133595330538, 0.5257489955424407, 0.42039183538615127, 0.2134741150624247, 0.7270065613330006, 0.2450713274840619, 0.3099454618015239, 0.7563614965389417, 0.10216535173948327, 0.0012605235613472228, 0.11271737303169756, 0.0370167355789427, 0.49097077742364376, 0.04057461882783341, 0.41228368678882277, 0.7923067347291411, 0.703862141719163, 0.6459579073440916, 0.6927489813010846, 0.16531907116350078, 0.22828182559997895, 0.47239945248334125, 1.3219411683631759, 2.0142314153636365, 1.398072121675376, 0.985533984021556, 4.182394938581368, 4.74565401232077, 10.0, 1.7908639274872875, 8.133092576430066, 2.8086302801106235, 0.46448986709525975, 1.4418198897271952, 3.3722086620652503, 6.2723313105692435, 1.881797829139624, 3.2906753971085583, 4.306567828456083, 0.8897848626532479, 5.392290509441754, 0.9312516503973315, 0.5588940704687687, 1.0416215796255839, 7.434104591833545, 3.9212655810885892, 1.3452460396701782, 0.8093034273264769]
APTIDAO: 
27.135562306861864
GEN: 5800
Individuo: 
[1.340526195066317, 2.0789289965646076, 3.3459204363332806, 1.0898079843880022, 1.6593133595330538, 0.5257489955424407, 0.42039183538615127, 0.2134741150624247, 0.7270065613330006, 0.20287696215026754, 0.3099454618015239, 0.7563614965389417, 0.10216535173948327, 0.0012605235613472228, 0.11271737303169756, 0.0370167355789427, 0.49097077742364376, 0.04057461882783341, 0.41228368678882277, 0.7923067347291411, 0.703862141719163, 0.4372374007508991, 0.6927489813010846, 0.16095242238200785, 0.22828182559997895, 0.47239945248334125, 1.3219411683631759, 2.0142314153636365, 0.7351685284375198, 0.985533984021556, 4.182394938581368, 4.74565401232077, 10.0, 1.7908639274872875, 8.133092576430066, 2.0489267696728772, 0.46448986709525975, 1.4418198897271952, 3.3722086620652503, 6.2723313105692435, 1.881797829139624, 3.2906753971085583, 4.306567828456083, 0.8897848626532479, 5.392290509441754, 0.9312516503973315, 0.5588940704687687, 1.0382201674720595, 7.434104591833545, 3.881352743922041, 1.3452460396701782, 0.8093034273264769]
APTIDAO: 
27.223634845539838
GEN: 5900
Individuo: 
[1.340526195066317, 2.0789289965646076, 3.3459204363332806, 1.0898079843880022, 1.6593133595330538, 0.5257489955424407, 0.42039183538615127, 0.2134741150624247, 0.7270065613330006, 0.19814033673465978, 0.3099454618015239, 0.7563614965389417, 0.10216535173948327, 0.0012605235613472228, 0.11271737303169756, 0.03455005675116608, 0.49097077742364376, 0.03604803130567763, 0.41228368678882277, 0.7923067347291411, 0.703862141719163, 0.4372374007508991, 0.6927489813010846, 0.16095242238200785, 0.22828182559997895, 0.47239945248334125, 1.3219411683631759, 2.0142314153636365, 0.7351685284375198, 0.985533984021556, 4.182394938581368, 4.74565401232077, 10.0, 1.7908639274872875, 8.133092576430066, 3.271093548700885, 0.46448986709525975, 1.4418198897271952, 3.3722086620652503, 6.2723313105692435, 1.881797829139624, 3.2499800792767495, 4.306567828456083, 1.2429154663662252, 5.392290509441754, 0.9312516503973315, 0.5588940704687687, 1.0382201674720595, 7.434104591833545, 3.881352743922041, 1.3452460396701782, 0.8093034273264769]
APTIDAO: 
27.14416917847251
GEN: 6000
Individuo: 
[1.340526195066317, 2.0789289965646076, 3.3459204363332806, 1.0898079843880022, 1.6593133595330538, 0.5257489955424407, 0.42039183538615127, 0.2134741150624247, 0.7270065613330006, 0.19814033673465978, 0.3104434404359282, 0.7928945656039278, 0.11175044335415422, 0.0014090874119727997, 0.08275374706690172, 0.03455005675116608, 0.49097077742364376, 0.03604803130567763, 0.41228368678882277, 0.7923067347291411, 0.5079290029427151, 0.3656251694116082, 0.6927489813010846, 0.16095242238200785, 0.22828182559997895, 0.47239945248334125, 1.3219411683631759, 2.0142314153636365, 0.7351685284375198, 0.985533984021556, 4.182394938581368, 4.74565401232077, 10.0, 1.7908639274872875, 8.133092576430066, 3.271093548700885, 0.42299722301187986, 2.2532017521909533, 2.633504279996835, 4.4134726234097466, 2.0239047866718347, 3.2499800792767495, 4.306567828456083, 1.2429154663662252, 5.392290509441754, 0.9312516503973315, 0.5945257027505105, 1.6546206748957415, 7.434104591833545, 3.881352743922041, 1.3452460396701782, 0.8093034273264769]
APTIDAO: 
27.97489211804178
GEN: 6100
Individuo: 
[1.3339589299491252, 2.0789289965646076, 3.3418796748935096, 1.0898079843880022, 1.6579990128186086, 0.5257489955424407, 0.42039183538615127, 0.2134741150624247, 0.7270065613330006, 0.21956358850997132, 0.3104434404359282, 0.7928945656039278, 0.11175044335415422, 0.0014090874119727997, 0.08057664068735525, 0.03455005675116608, 0.49097077742364376, 0.02090390718379257, 0.41228368678882277, 0.7923067347291411, 0.4223450925125852, 0.31840123591801395, 0.6927489813010846, 0.16095242238200785, 0.2255649102163604, 0.47239945248334125, 1.1105739427568124, 2.0142314153636365, 0.9674854272623559, 0.985533984021556, 2.5991290039126707, 4.74565401232077, 10.0, 1.7908639274872875, 8.133092576430066, 2.057515921418087, 0.42299722301187986, 2.2532017521909533, 2.633504279996835, 4.4134726234097466, 1.5412890069212555, 3.2499800792767495, 4.306567828456083, 1.1397244059781397, 5.392290509441754, 0.9312516503973315, 0.6701474197981035, 1.1557702999185242, 7.434104591833545, 3.881352743922041, 2.2353748134729585, 0.8093034273264769]
APTIDAO: 
27.590498116840852
GEN: 6200
Individuo: 
[1.3339589299491252, 2.0789289965646076, 3.3418796748935096, 1.0898079843880022, 1.6579990128186086, 0.5257489955424407, 0.42039183538615127, 0.2134741150624247, 0.7270065613330006, 0.21956358850997132, 0.3104434404359282, 0.7928945656039278, 0.11114332268304826, 0.0011759965843151316, 0.10195146360673593, 0.03455005675116608, 0.49097077742364376, 0.026556110123172487, 0.41228368678882277, 0.7923067347291411, 0.4223450925125852, 0.31854232346679323, 0.6927489813010846, 0.16095242238200785, 0.2255649102163604, 0.47239945248334125, 1.1105739427568124, 2.0142314153636365, 0.9674854272623559, 0.985533984021556, 2.5991290039126707, 4.74565401232077, 10.0, 1.7908639274872875, 8.133092576430066, 2.057515921418087, 0.42299722301187986, 2.2532017521909533, 2.8248907537215695, 1.2110112179262367, 1.051764077246367, 3.2499800792767495, 4.306567828456083, 1.2441020482640524, 5.392290509441754, 0.9312516503973315, 0.6701474197981035, 0.9862930882614351, 7.434104591833545, 3.881352743922041, 2.2353748134729585, 0.8093034273264769]
APTIDAO: 
27.286370702149995
GEN: 6300
Individuo: 
[1.3339589299491252, 2.0789289965646076, 3.3418796748935096, 1.0898079843880022, 1.6579990128186086, 0.5257489955424407, 0.42039183538615127, 0.2134741150624247, 0.7270065613330006, 0.21956358850997132, 0.3104434404359282, 0.7928945656039278, 0.11114332268304826, 0.0011523403813633996, 0.10195146360673593, 0.03455005675116608, 0.49097077742364376, 0.038318984288776406, 0.41228368678882277, 0.7923067347291411, 0.4223450925125852, 0.35628237674203117, 0.695487974077239, 0.16095242238200785, 0.2255649102163604, 0.47239945248334125, 1.1105739427568124, 2.0142314153636365, 0.9674854272623559, 0.985533984021556, 2.5991290039126707, 4.74565401232077, 10.0, 1.7908639274872875, 8.133092576430066, 2.057515921418087, 0.42299722301187986, 2.2532017521909533, 2.8248907537215695, 0.8237534084418444, 1.051764077246367, 3.2499800792767495, 4.306567828456083, 2.687145671031013, 5.392290509441754, 0.9312516503973315, 0.6701474197981035, 0.878776524814481, 6.046576351726068, 3.881352743922041, 2.2353748134729585, 0.8093034273264769]
APTIDAO: 
27.18872111265759
GEN: 6400
Individuo: 
[1.3339589299491252, 2.0789289965646076, 3.3418796748935096, 1.0898079843880022, 1.6579990128186086, 0.5257489955424407, 0.42039183538615127, 0.2134741150624247, 0.7270065613330006, 0.21956358850997132, 0.3104434404359282, 0.7928945656039278, 0.11114332268304826, 0.0010095880183463059, 0.10195146360673593, 0.03455005675116608, 0.49097077742364376, 0.038318984288776406, 0.41228368678882277, 0.7923067347291411, 0.4223450925125852, 0.35628237674203117, 0.695487974077239, 0.16095242238200785, 0.2255649102163604, 0.47239945248334125, 1.1105739427568124, 2.0142314153636365, 0.9674854272623559, 0.985533984021556, 2.5991290039126707, 4.74565401232077, 10.0, 1.7908639274872875, 8.133092576430066, 2.057515921418087, 0.42299722301187986, 2.2532017521909533, 2.8248907537215695, 1.2122427097630553, 1.051764077246367, 3.2499800792767495, 4.306567828456083, 2.687145671031013, 5.392290509441754, 0.9312516503973315, 0.6701474197981035, 0.878776524814481, 6.046576351726068, 3.881352743922041, 2.2353748134729585, 0.8093034273264769]
APTIDAO: 
27.18223269714952
GEN: 6500
Individuo: 
[1.3339589299491252, 2.0789289965646076, 3.3418796748935096, 1.0898079843880022, 1.6579990128186086, 0.5257489955424407, 0.4321389877154539, 0.2134741150624247, 0.7270065613330006, 0.21956358850997132, 0.3104434404359282, 0.7928945656039278, 0.11084758436883835, 0.0010374665595865589, 0.10195146360673593, 0.03455005675116608, 0.49097077742364376, 0.038318984288776406, 0.41228368678882277, 0.7923067347291411, 0.4223450925125852, 0.35628237674203117, 0.695487974077239, 0.16095242238200785, 0.2255649102163604, 0.47239945248334125, 1.1105739427568124, 2.0142314153636365, 0.9674854272623559, 0.985533984021556, 2.5991290039126707, 4.74565401232077, 6.675617820517081, 1.7908639274872875, 8.133092576430066, 2.057515921418087, 0.42299722301187986, 2.2532017521909533, 2.195758321050972, 1.6478399099873677, 1.051764077246367, 3.2499800792767495, 4.306567828456083, 2.687145671031013, 5.392290509441754, 0.9312516503973315, 0.6701474197981035, 0.878776524814481, 6.046576351726068, 3.881352743922041, 2.2353748134729585, 0.8093034273264769]
APTIDAO: 
27.15313305530035
GEN: 6600
Individuo: 
[1.3339589299491252, 2.0789289965646076, 3.310507598079215, 1.1217289707237295, 1.6579990128186086, 0.5257489955424407, 0.4321389877154539, 0.2134741150624247, 0.7270065613330006, 0.21956358850997132, 0.3104434404359282, 0.7928945656039278, 0.11084758436883835, 0.001022496243397097, 0.08953689820213835, 0.03455005675116608, 0.4909783812590209, 0.03533574170829567, 0.41228368678882277, 0.7923067347291411, 0.4223450925125852, 0.35628237674203117, 0.695487974077239, 0.16095242238200785, 0.2255649102163604, 0.47239945248334125, 1.1105739427568124, 2.0142314153636365, 0.7833798636339822, 0.7881160051360445, 2.5991290039126707, 4.74565401232077, 6.675617820517081, 1.7908639274872875, 8.133092576430066, 2.057515921418087, 0.42299722301187986, 2.2532017521909533, 2.195758321050972, 2.099808895848675, 0.9250015040071178, 3.2499800792767495, 3.9813026370398292, 2.635575232069397, 5.392290509441754, 0.9312516503973315, 0.6701474197981035, 0.878776524814481, 6.046576351726068, 3.881352743922041, 2.2353748134729585, 0.8093034273264769]
APTIDAO: 
26.997622865934126
GEN: 6700
Individuo: 
[1.3339589299491252, 2.0789289965646076, 3.310507598079215, 1.1217289707237295, 1.6579990128186086, 0.5257489955424407, 0.4321389877154539, 0.2134741150624247, 0.7270065613330006, 0.21956358850997132, 0.3104434404359282, 0.7928945656039278, 0.11084758436883835, 0.0010038223616822385, 0.08953689820213835, 0.03455005675116608, 0.4909783812590209, 0.03533574170829567, 0.41228368678882277, 0.7923067347291411, 0.4223450925125852, 0.35628237674203117, 0.695487974077239, 0.16095242238200785, 0.2255649102163604, 0.47239945248334125, 1.1105739427568124, 2.0142314153636365, 0.7833798636339822, 0.7881160051360445, 2.5991290039126707, 4.74565401232077, 6.675617820517081, 1.7908639274872875, 8.133092576430066, 2.057515921418087, 0.42299722301187986, 2.2532017521909533, 2.195758321050972, 1.1607542769582926, 0.9250015040071178, 3.2499800792767495, 3.9813026370398292, 2.635575232069397, 5.392290509441754, 0.9312516503973315, 0.6701474197981035, 0.878776524814481, 6.046576351726068, 3.881352743922041, 2.2353748134729585, 0.8093034273264769]
APTIDAO: 
26.99623535167088
GEN: 6800
Individuo: 
[1.3339589299491252, 2.0789289965646076, 3.310507598079215, 1.1217289707237295, 1.6579990128186086, 0.5257489955424407, 0.4321389877154539, 0.2134741150624247, 0.7270065613330006, 0.21956358850997132, 0.3104434404359282, 0.7928945656039278, 0.11084758436883835, 0.0010038223616822385, 0.08953689820213835, 0.03455005675116608, 0.4913136817708926, 0.03533574170829567, 0.41228368678882277, 0.7923067347291411, 0.4223450925125852, 0.35628237674203117, 0.695487974077239, 0.16095242238200785, 0.2255649102163604, 0.47239945248334125, 1.1105739427568124, 2.0142314153636365, 0.7833798636339822, 0.7881160051360445, 2.5991290039126707, 4.74565401232077, 6.675617820517081, 1.7908639274872875, 8.133092576430066, 2.057515921418087, 0.42299722301187986, 2.2532017521909533, 2.195758321050972, 1.1607542769582926, 0.9250015040071178, 3.2499800792767495, 1.8176977863892596, 2.635575232069397, 5.392290509441754, 0.9312516503973315, 0.6701474197981035, 0.878776524814481, 6.046576351726068, 3.881352743922041, 2.2353748134729585, 0.8093034273264769]
APTIDAO: 
26.995424222777228
GEN: 6900
Individuo: 
[1.3339589299491252, 2.0789289965646076, 3.310507598079215, 1.1217289707237295, 1.6579990128186086, 0.5257489955424407, 0.4321389877154539, 0.2134741150624247, 0.7270065613330006, 0.21956358850997132, 0.3104434404359282, 0.7928945656039278, 0.11084758436883835, 0.0010038223616822385, 0.08953689820213835, 0.03455005675116608, 0.4913136817708926, 0.03533574170829567, 0.41228368678882277, 0.7923067347291411, 0.4223450925125852, 0.35628237674203117, 0.695487974077239, 0.16095242238200785, 0.2255649102163604, 0.47239945248334125, 1.1105739427568124, 2.0142314153636365, 0.7833798636339822, 0.7881160051360445, 2.5991290039126707, 4.74565401232077, 6.675617820517081, 1.7908639274872875, 8.133092576430066, 2.057515921418087, 0.42299722301187986, 2.2532017521909533, 2.195758321050972, 1.1607542769582926, 0.9250015040071178, 3.2499800792767495, 1.8176977863892596, 2.635575232069397, 5.392290509441754, 0.9312516503973315, 0.6701474197981035, 0.878776524814481, 6.046576351726068, 3.881352743922041, 2.2353748134729585, 0.8093034273264769]
APTIDAO: 
26.995424222777228
GEN: 7000
Individuo: 
[1.3339589299491252, 2.0789289965646076, 3.310507598079215, 1.1217289707237295, 1.6579990128186086, 0.5257489955424407, 0.43255425730581565, 0.2134741150624247, 0.7270065613330006, 0.21956358850997132, 0.3104434404359282, 0.7928945656039278, 0.11084758436883835, 0.0010226168189927597, 0.08953689820213835, 0.03455005675116608, 0.4913136817708926, 0.03533574170829567, 0.41228368678882277, 0.7958424917614002, 0.4223450925125852, 0.35628237674203117, 0.6996950769015462, 0.16095242238200785, 0.2255649102163604, 0.47239945248334125, 1.1105739427568124, 2.0142314153636365, 0.7833798636339822, 0.7881160051360445, 2.5991290039126707, 4.74565401232077, 3.863930872710454, 1.7908639274872875, 8.133092576430066, 2.057515921418087, 0.42299722301187986, 2.2532017521909533, 2.195758321050972, 0.5236704440602942, 0.9250015040071178, 3.2499800792767495, 1.8176977863892596, 2.635575232069397, 5.392290509441754, 1.3558362963498969, 0.6701474197981035, 0.878776524814481, 8.013656932543855, 3.881352743922041, 2.2353748134729585, 0.8093034273264769]
APTIDAO: 
27.003781717223042
GEN: 7100
Individuo: 
[1.3339589299491252, 2.0789289965646076, 3.310507598079215, 1.1217289707237295, 1.6579990128186086, 0.5257489955424407, 0.43255425730581565, 0.2127796729724537, 0.7270065613330006, 0.21956358850997132, 0.3104434404359282, 0.7928945656039278, 0.11084758436883835, 0.0010225487238905027, 0.09609148906258995, 0.03455005675116608, 0.4913136817708926, 0.03668647793306918, 0.41228368678882277, 0.7958424917614002, 0.4223450925125852, 0.35628237674203117, 0.6996950769015462, 0.16095242238200785, 0.2255649102163604, 0.47239945248334125, 1.1105739427568124, 2.0142314153636365, 0.7833798636339822, 0.7881160051360445, 2.5991290039126707, 4.74565401232077, 3.863930872710454, 1.6409845556646994, 8.133092576430066, 2.057515921418087, 0.42299722301187986, 2.2532017521909533, 2.195758321050972, 0.7346765544022719, 0.7632839654010619, 3.2499800792767495, 1.8176977863892596, 2.379431558378319, 5.392290509441754, 1.3558362963498969, 0.6701474197981035, 0.878776524814481, 8.013656932543855, 3.881352743922041, 2.2353748134729585, 0.8093034273264769]
APTIDAO: 
26.977229604673898
GEN: 7200
Individuo: 
[1.3339589299491252, 2.0789289965646076, 3.310507598079215, 1.1217289707237295, 1.6579990128186086, 0.5257489955424407, 0.43255425730581565, 0.2127796729724537, 0.7270065613330006, 0.21956358850997132, 0.3104434404359282, 0.7928945656039278, 0.11084758436883835, 0.0010225487238905027, 0.09609148906258995, 0.03455005675116608, 0.4913136817708926, 0.03668647793306918, 0.41228368678882277, 0.7958424917614002, 0.4223450925125852, 0.35628237674203117, 0.6996950769015462, 0.16095242238200785, 0.2255649102163604, 0.47239945248334125, 1.1105739427568124, 2.0142314153636365, 0.7833798636339822, 0.7881160051360445, 2.5991290039126707, 4.74565401232077, 3.863930872710454, 1.6409845556646994, 8.133092576430066, 2.057515921418087, 0.42299722301187986, 2.2532017521909533, 2.195758321050972, 0.7346765544022719, 0.7632839654010619, 3.2499800792767495, 1.8176977863892596, 2.379431558378319, 5.392290509441754, 1.3558362963498969, 0.6701474197981035, 0.878776524814481, 8.013656932543855, 3.881352743922041, 2.2353748134729585, 0.8093034273264769]
APTIDAO: 
26.977229604673898
GEN: 7300
Individuo: 
[1.3339589299491252, 2.0789289965646076, 3.310507598079215, 1.1217289707237295, 1.6579990128186086, 0.5257489955424407, 0.43255425730581565, 0.2127796729724537, 0.7270065613330006, 0.21956358850997132, 0.3104434404359282, 0.7928945656039278, 0.11084758436883835, 0.0010016160410839482, 0.09609148906258995, 0.03455005675116608, 0.4913136817708926, 0.03668647793306918, 0.41228368678882277, 0.7958424917614002, 0.4223450925125852, 0.35628237674203117, 0.6996950769015462, 0.16095242238200785, 0.2255649102163604, 0.47239945248334125, 1.1105739427568124, 2.0142314153636365, 0.7833798636339822, 0.7881160051360445, 2.5991290039126707, 4.74565401232077, 3.863930872710454, 1.6409845556646994, 8.133092576430066, 2.057515921418087, 0.42299722301187986, 2.2532017521909533, 2.195758321050972, 0.6774024212991878, 0.7632839654010619, 3.2499800792767495, 1.8176977863892596, 2.379431558378319, 5.392290509441754, 1.3558362963498969, 0.6701474197981035, 0.878776524814481, 8.013656932543855, 3.881352743922041, 2.2353748134729585, 0.8093034273264769]
APTIDAO: 
26.975665348129198
GEN: 7400
Individuo: 
[1.3339589299491252, 2.0789289965646076, 3.310507598079215, 1.1217289707237295, 1.6579990128186086, 0.5257489955424407, 0.440620586462486, 0.2127796729724537, 0.7270065613330006, 0.21956358850997132, 0.3104434404359282, 0.7928945656039278, 0.11084758436883835, 0.0010016160410839482, 0.09609148906258995, 0.03455005675116608, 0.4913136817708926, 0.03668647793306918, 0.41228368678882277, 0.7958424917614002, 0.36615802831777783, 0.35628237674203117, 0.6996950769015462, 0.16095242238200785, 0.2255649102163604, 0.47239945248334125, 1.1105739427568124, 2.0142314153636365, 0.7833798636339822, 0.7881160051360445, 2.5991290039126707, 4.74565401232077, 1.8588860009183474, 1.6409845556646994, 8.133092576430066, 2.057515921418087, 0.42299722301187986, 2.2532017521909533, 2.195758321050972, 0.6774024212991878, 0.7632839654010619, 3.2499800792767495, 1.8176977863892596, 2.379431558378319, 5.392290509441754, 1.3558362963498969, 0.8242489498704615, 0.878776524814481, 8.013656932543855, 3.881352743922041, 2.2353748134729585, 0.8093034273264769]
APTIDAO: 
27.06889789177007
GEN: 7500
Individuo: 
[1.3339589299491252, 2.0789289965646076, 3.310507598079215, 1.1217289707237295, 1.6579990128186086, 0.5257489955424407, 0.440620586462486, 0.2127796729724537, 0.7270065613330006, 0.25048607788977667, 0.3104434404359282, 0.7928945656039278, 0.11084758436883835, 0.0010053459928499493, 0.09609148906258995, 0.038412463414054736, 0.4913136817708926, 0.03668647793306918, 0.41228368678882277, 0.807220826599482, 0.389567365070494, 0.4619218483089341, 0.6996950769015462, 0.16095242238200785, 0.2255649102163604, 0.47239945248334125, 1.1105739427568124, 2.0142314153636365, 0.7833798636339822, 0.7881160051360445, 2.5991290039126707, 4.74565401232077, 1.8588860009183474, 1.6409845556646994, 8.133092576430066, 1.2683537102107636, 0.42299722301187986, 2.2532017521909533, 2.195758321050972, 0.9960188167045311, 0.7632839654010619, 2.3112823054535387, 1.8176977863892596, 2.379431558378319, 5.392290509441754, 1.1924037025330885, 1.0358158770169612, 0.9737795498714159, 8.013656932543855, 3.881352743922041, 2.2353748134729585, 0.8093034273264769]
APTIDAO: 
27.050316714266344
GEN: 7600
Individuo: 
[1.3339589299491252, 2.0789289965646076, 3.310507598079215, 1.1217289707237295, 1.6579990128186086, 0.5257489955424407, 0.440620586462486, 0.2127796729724537, 0.7270065613330006, 0.25048607788977667, 0.3104434404359282, 0.7928945656039278, 0.11084758436883835, 0.001040207018965216, 0.10926647714017973, 0.038412463414054736, 0.4913136817708926, 0.0341381139087869, 0.41228368678882277, 0.807220826599482, 0.389567365070494, 0.4619218483089341, 0.6996950769015462, 0.16095242238200785, 0.21974614088693487, 0.47239945248334125, 1.1105739427568124, 2.0142314153636365, 0.7833798636339822, 0.7881160051360445, 2.5991290039126707, 4.74565401232077, 1.8588860009183474, 1.6409845556646994, 8.133092576430066, 1.2683537102107636, 0.42299722301187986, 2.2532017521909533, 2.195758321050972, 0.8563208245046082, 1.5774277880614713, 2.3112823054535387, 1.8176977863892596, 1.804529337320251, 5.392290509441754, 1.1924037025330885, 1.0358158770169612, 0.9737795498714159, 8.013656932543855, 3.881352743922041, 1.1675909278196592, 0.8093034273264769]
APTIDAO: 
27.271738156808052
GEN: 7700
Individuo: 
[1.3339589299491252, 1.9140428234116242, 3.310507598079215, 1.1217289707237295, 1.83674082546945, 0.5257489955424407, 0.440620586462486, 0.2127796729724537, 0.7270065613330006, 0.25048607788977667, 0.3104434404359282, 0.7928945656039278, 0.11084758436883835, 0.001040207018965216, 0.09570602687859654, 0.038412463414054736, 0.49083691002785046, 0.03784353273021535, 0.40502596560670634, 0.807220826599482, 0.3908903462502041, 0.417937327751273, 0.6996950769015462, 0.16095242238200785, 0.21974614088693487, 0.45588238902032885, 1.1105739427568124, 2.1804565162518514, 0.7833798636339822, 0.7881160051360445, 1.7749263624374862, 4.74565401232077, 1.8588860009183474, 1.6409845556646994, 8.133092576430066, 1.2683537102107636, 0.42299722301187986, 2.2532017521909533, 2.195758321050972, 0.8563208245046082, 1.0717447504148183, 2.3112823054535387, 0.9554566025879334, 1.5847786089174245, 5.2956281351689, 1.1924037025330885, 0.8009195209001571, 0.9477304574951666, 8.013656932543855, 3.881352743922041, 1.1675909278196592, 0.6052428236346291]
APTIDAO: 
26.855713775802503
GEN: 7800
Individuo: 
[1.3339589299491252, 1.9140428234116242, 3.306923626847175, 1.1217289707237295, 1.83674082546945, 0.5257489955424407, 0.440620586462486, 0.2127796729724537, 0.7270065613330006, 0.25048607788977667, 0.3104434404359282, 0.7928945656039278, 0.11084758436883835, 0.0016162519595653577, 0.09570602687859654, 0.038103325558029325, 0.49083691002785046, 0.03784353273021535, 0.40502596560670634, 0.807220826599482, 0.3908903462502041, 0.417937327751273, 0.6996950769015462, 0.16095242238200785, 0.21974614088693487, 0.45588238902032885, 1.1105739427568124, 2.1804565162518514, 1.162549886740491, 0.7881160051360445, 1.7749263624374862, 4.74565401232077, 1.8588860009183474, 1.6409845556646994, 8.133092576430066, 1.2683537102107636, 0.42299722301187986, 2.2532017521909533, 2.195758321050972, 0.9778160689783435, 1.0717447504148183, 1.1378759204949642, 0.9554566025879334, 1.5847786089174245, 5.2956281351689, 1.1924037025330885, 0.8009195209001571, 0.9477304574951666, 8.013656932543855, 3.881352743922041, 1.1675909278196592, 0.6052428236346291]
APTIDAO: 
26.887889491321392
GEN: 7900
Individuo: 
[1.3339589299491252, 1.9140428234116242, 3.306923626847175, 1.1216850578936535, 1.83674082546945, 0.5257489955424407, 0.440620586462486, 0.2127796729724537, 0.7270065613330006, 0.25048607788977667, 0.3104434404359282, 0.7928945656039278, 0.11084758436883835, 0.0012197727374664033, 0.09694471680073427, 0.038103325558029325, 0.49083691002785046, 0.03784353273021535, 0.40502596560670634, 0.807220826599482, 0.38624369276424664, 0.417937327751273, 0.6996950769015462, 0.16095242238200785, 0.21974614088693487, 0.45588238902032885, 1.1105739427568124, 2.1804565162518514, 1.162549886740491, 0.5022872849672794, 1.7749263624374862, 4.74565401232077, 1.8588860009183474, 1.6409845556646994, 8.133092576430066, 1.2683537102107636, 0.42299722301187986, 2.2532017521909533, 2.195758321050972, 1.7475652585388943, 1.2500570631806818, 1.1378759204949642, 0.9554566025879334, 1.5847786089174245, 5.2956281351689, 1.1924037025330885, 1.0664527515186402, 0.9477304574951666, 8.013656932543855, 3.881352743922041, 1.1675909278196592, 0.6052428236346291]
APTIDAO: 
26.85017564385839
GEN: 8000
Individuo: 
[1.3339589299491252, 1.9140428234116242, 3.306923626847175, 1.1216850578936535, 1.83674082546945, 0.5257489955424407, 0.440620586462486, 0.2127796729724537, 0.7270065613330006, 0.25246508288860176, 0.3104434404359282, 0.8120968969356802, 0.11084758436883835, 0.0033400841529651532, 0.0925039721284745, 0.038103325558029325, 0.49083691002785046, 0.037112085172189786, 0.40502596560670634, 0.807220826599482, 0.39271029883197195, 0.417937327751273, 0.6996950769015462, 0.16095242238200785, 0.19754508278445107, 0.45588238902032885, 1.1105739427568124, 2.1804565162518514, 1.162549886740491, 0.5022872849672794, 1.7749263624374862, 4.74565401232077, 1.8588860009183474, 1.6409845556646994, 8.133092576430066, 1.2553031286078007, 0.42299722301187986, 1.9449298338997232, 2.195758321050972, 1.4676960087581943, 1.1188454625235507, 1.1378759204949642, 0.9554566025879334, 1.5030349401235892, 5.2956281351689, 1.1924037025330885, 1.0034645840574608, 0.9477304574951666, 8.013656932543855, 3.881352743922041, 1.358634674131743, 0.6052428236346291]
APTIDAO: 
26.95086554747031
GEN: 8100
Individuo: 
[1.3339589299491252, 1.9140428234116242, 3.306923626847175, 1.1216850578936535, 1.83674082546945, 0.5257489955424407, 0.4668271875723209, 0.2127796729724537, 0.7270065613330006, 0.25246508288860176, 0.3104434404359282, 0.8120968969356802, 0.11084758436883835, 0.0013838349704920273, 0.0925039721284745, 0.038103325558029325, 0.49083691002785046, 0.03317843626556755, 0.40502596560670634, 0.807220826599482, 0.3619527532495808, 0.417937327751273, 0.6996950769015462, 0.16095242238200785, 0.19754508278445107, 0.45588238902032885, 1.1105739427568124, 2.1804565162518514, 1.162549886740491, 0.5022872849672794, 1.7749263624374862, 4.74565401232077, 1.5788647350728022, 1.6409845556646994, 8.133092576430066, 1.2553031286078007, 0.42299722301187986, 1.9449298338997232, 2.195758321050972, 0.5921322065196293, 1.1188454625235507, 1.1378759204949642, 0.9554566025879334, 2.5173352793132544, 5.2956281351689, 1.1924037025330885, 1.3607597631709247, 0.9477304574951666, 8.013656932543855, 3.881352743922041, 1.358634674131743, 0.6052428236346291]
APTIDAO: 
26.876477261214376
GEN: 8200
Individuo: 
[1.332330102572811, 1.9140428234116242, 3.2797012014424043, 1.1216850578936535, 1.83674082546945, 0.5257489955424407, 0.4668271875723209, 0.2127796729724537, 0.7270065613330006, 0.25246508288860176, 0.3104434404359282, 0.8315552442630271, 0.11084758436883835, 0.0011777591763413623, 0.08407952319943732, 0.038103325558029325, 0.49083691002785046, 0.03538862133953652, 0.40502596560670634, 0.807220826599482, 0.3619527532495808, 0.417937327751273, 0.6996950769015462, 0.16095242238200785, 0.19754508278445107, 0.45588238902032885, 1.1233269695817336, 2.1804565162518514, 0.7509811336167763, 0.5022872849672794, 1.7749263624374862, 4.74565401232077, 1.5788647350728022, 1.6409845556646994, 8.133092576430066, 1.2553031286078007, 0.42299722301187986, 1.8952832744534531, 2.195758321050972, 0.7083506019919005, 0.7028138009753896, 1.1378759204949642, 0.9554566025879334, 2.0164848482952022, 5.2956281351689, 1.1924037025330885, 1.3607597631709247, 0.9477304574951666, 8.013656932543855, 3.881352743922041, 1.358634674131743, 0.6052428236346291]
APTIDAO: 
26.703270931861113
GEN: 8300
Individuo: 
[1.332330102572811, 1.9140428234116242, 3.2797012014424043, 1.1216850578936535, 1.83674082546945, 0.5257489955424407, 0.4668271875723209, 0.2127796729724537, 0.7270065613330006, 0.25246508288860176, 0.3104434404359282, 0.8315552442630271, 0.11084758436883835, 0.0010327461028967243, 0.08407952319943732, 0.039068669651318645, 0.49083691002785046, 0.04369495263910988, 0.21594782557044076, 0.4820837130924834, 0.3474648002599352, 0.417937327751273, 0.6996950769015462, 0.16095242238200785, 0.19754508278445107, 0.45588238902032885, 1.1233269695817336, 2.1804565162518514, 0.7509811336167763, 0.5022872849672794, 1.7749263624374862, 4.74565401232077, 1.5788647350728022, 1.6409845556646994, 8.133092576430066, 1.2553031286078007, 0.42299722301187986, 1.8952832744534531, 2.195758321050972, 0.9016801817382912, 0.7028138009753896, 1.2653778426293036, 0.9554566025879334, 1.0986910827921612, 4.528456606414586, 1.5731253558519738, 0.845267506851186, 0.9477304574951666, 8.013656932543855, 3.881352743922041, 1.358634674131743, 0.6052428236346291]
APTIDAO: 
26.432720686763485
GEN: 8400
Individuo: 
[1.332330102572811, 1.9140428234116242, 3.2797012014424043, 1.1216850578936535, 1.83674082546945, 0.5257489955424407, 0.4668271875723209, 0.2127796729724537, 0.7270065613330006, 0.25246508288860176, 0.3104434404359282, 0.8315552442630271, 0.11084758436883835, 0.001029442872820128, 0.08407952319943732, 0.039068669651318645, 0.49083691002785046, 0.031662833970852025, 0.21186590306855912, 0.4820837130924834, 0.3474648002599352, 0.39484844221621157, 0.6996950769015462, 0.16095242238200785, 0.20540029172645, 0.45588238902032885, 1.1233269695817336, 2.1804565162518514, 0.7509811336167763, 0.5022872849672794, 1.7749263624374862, 4.74565401232077, 1.5788647350728022, 1.6409845556646994, 8.133092576430066, 1.2553031286078007, 0.42299722301187986, 1.8952832744534531, 2.195758321050972, 0.8317526903260158, 0.7028138009753896, 1.2653778426293036, 0.9554566025879334, 1.5724999963759752, 3.36846814314646, 1.5731253558519738, 0.845267506851186, 1.0184153070313064, 8.013656932543855, 3.881352743922041, 1.1656802232948562, 0.6052428236346291]
APTIDAO: 
26.43281480135243
GEN: 8500
Individuo: 
[1.332330102572811, 1.9140428234116242, 3.2797012014424043, 1.1216850578936535, 1.83674082546945, 0.5257489955424407, 0.4582405849673635, 0.22574451733841538, 0.7270065613330006, 0.25246508288860176, 0.3104434404359282, 0.8315552442630271, 0.11084758436883835, 0.001219297337792528, 0.08407952319943732, 0.039068669651318645, 0.44436941367001354, 0.031662833970852025, 0.21186590306855912, 0.4820837130924834, 0.41542333216704774, 0.39484844221621157, 0.6996950769015462, 0.16095242238200785, 0.20540029172645, 0.45588238902032885, 1.1233269695817336, 2.1804565162518514, 0.7509811336167763, 0.5022872849672794, 1.7749263624374862, 4.74565401232077, 1.4491470147367072, 1.8326271985650395, 8.133092576430066, 1.2553031286078007, 0.42299722301187986, 1.8952832744534531, 2.195758321050972, 1.3006312887003018, 0.7028138009753896, 1.2653778426293036, 0.8262782872645744, 1.5724999963759752, 3.36846814314646, 1.5731253558519738, 0.8848634636912714, 1.0184153070313064, 8.013656932543855, 3.881352743922041, 1.1656802232948562, 0.6052428236346291]
APTIDAO: 
26.359257345854314
GEN: 8600
Individuo: 
[1.332330102572811, 1.9140428234116242, 3.2797012014424043, 1.1216850578936535, 1.83674082546945, 0.5257489955424407, 0.4582405849673635, 0.22574451733841538, 0.7270065613330006, 0.25246508288860176, 0.3104434404359282, 0.833949951334523, 0.10969197299487086, 0.0010990840818047133, 0.08407952319943732, 0.039068669651318645, 0.44436941367001354, 0.04505810781930798, 0.21186590306855912, 0.4820837130924834, 0.5150600924262969, 0.39484844221621157, 0.6996950769015462, 0.16095242238200785, 0.190973944633824, 0.45588238902032885, 1.1233269695817336, 2.1804565162518514, 0.7509811336167763, 0.5022872849672794, 1.7749263624374862, 4.74565401232077, 1.4491470147367072, 1.8326271985650395, 8.133092576430066, 1.2553031286078007, 0.42299722301187986, 2.050479557824985, 1.8393346891754876, 0.8077722608870369, 0.7028138009753896, 1.2653778426293036, 0.8262782872645744, 2.5462613034121477, 3.36846814314646, 1.5731253558519738, 0.8988277808312801, 1.0184153070313064, 8.013656932543855, 3.881352743922041, 0.8238584564458612, 0.6052428236346291]
APTIDAO: 
26.294886514703055
GEN: 8700
Individuo: 
[1.332330102572811, 1.9140428234116242, 3.2797012014424043, 1.1216850578936535, 1.83674082546945, 0.5257489955424407, 0.4582405849673635, 0.22574451733841538, 0.7270065613330006, 0.2162618443932145, 0.3104434404359282, 0.833949951334523, 0.09441066799400288, 0.00101410456954126, 0.08407952319943732, 0.039068669651318645, 0.44436941367001354, 0.04505810781930798, 0.21186590306855912, 0.4820837130924834, 0.5985536384244594, 0.39484844221621157, 0.6996950769015462, 0.2571701758780059, 0.190973944633824, 0.23479011027822222, 1.1233269695817336, 2.1804565162518514, 0.7509811336167763, 0.5022872849672794, 1.7749263624374862, 4.74565401232077, 1.4491470147367072, 1.8326271985650395, 8.133092576430066, 1.444317367524458, 0.42299722301187986, 2.050479557824985, 1.4707144601962714, 0.911722924150491, 0.7028138009753896, 1.2653778426293036, 0.8262782872645744, 2.5462613034121477, 3.36846814314646, 1.5731253558519738, 0.9353830019232313, 1.0184153070313064, 8.013656932543855, 2.8425239434006233, 0.8238584564458612, 0.39089476337170026]
APTIDAO: 
26.0146688767288
GEN: 8800
Individuo: 
[1.332330102572811, 1.9140428234116242, 3.2797012014424043, 1.1216850578936535, 1.83674082546945, 0.5257489955424407, 0.4493971863051601, 0.22574451733841538, 0.7270065613330006, 0.2162618443932145, 0.3104434404359282, 0.833949951334523, 0.09441066799400288, 0.00101410456954126, 0.09703823931437693, 0.043457611945729224, 0.44436941367001354, 0.045359920094233196, 0.21186590306855912, 0.4820837130924834, 0.5985536384244594, 0.39484844221621157, 0.6996950769015462, 0.2571701758780059, 0.190973944633824, 0.23479011027822222, 1.1233269695817336, 2.1804565162518514, 0.7509811336167763, 0.5022872849672794, 1.7749263624374862, 4.74565401232077, 1.0968263628927126, 1.8326271985650395, 8.133092576430066, 1.444317367524458, 0.42299722301187986, 2.050479557824985, 1.4707144601962714, 0.911722924150491, 0.778381282286266, 1.48959429779955, 0.8262782872645744, 3.2131025479345383, 3.36846814314646, 1.5731253558519738, 0.9353830019232313, 1.0184153070313064, 8.013656932543855, 2.8425239434006233, 0.8238584564458612, 0.39089476337170026]
APTIDAO: 
25.792749468860094
GEN: 8900
Individuo: 
[1.332330102572811, 1.9140428234116242, 3.2797012014424043, 1.1216850578936535, 1.8369322410682387, 0.5257489955424407, 0.4493971863051601, 0.22574451733841538, 0.7270065613330006, 0.2162618443932145, 0.3104434404359282, 0.833949951334523, 0.09441066799400288, 0.00101410456954126, 0.09703823931437693, 0.043457611945729224, 0.44436941367001354, 0.045359920094233196, 0.21186590306855912, 0.4820837130924834, 0.5985536384244594, 0.377461380127946, 0.6996950769015462, 0.2571701758780059, 0.190973944633824, 0.23479011027822222, 1.1233269695817336, 2.1804565162518514, 0.7509811336167763, 0.5022872849672794, 1.8291311000091819, 4.74565401232077, 1.0968263628927126, 1.8326271985650395, 8.133092576430066, 1.444317367524458, 0.42299722301187986, 2.050479557824985, 1.4707144601962714, 0.911722924150491, 0.778381282286266, 1.48959429779955, 0.8262782872645744, 3.2131025479345383, 3.36846814314646, 1.5731253558519738, 0.9353830019232313, 1.0200551852919266, 8.013656932543855, 2.8425239434006233, 0.8238584564458612, 0.39089476337170026]
APTIDAO: 
25.779881208149405
GEN: 9000
Individuo: 
[1.332330102572811, 1.9140428234116242, 3.2797012014424043, 1.2223989663455737, 1.8369322410682387, 0.5257489955424407, 0.45007048029690816, 0.22574451733841538, 0.7270065613330006, 0.2162618443932145, 0.3104434404359282, 0.833949951334523, 0.09441066799400288, 0.001648047253378476, 0.09703823931437693, 0.043457611945729224, 0.44436941367001354, 0.04770428733472904, 0.21186590306855912, 0.4820837130924834, 0.6178288365198709, 0.35214122161904793, 0.7123120105282537, 0.2571701758780059, 0.190973944633824, 0.2724198045604341, 1.1233269695817336, 2.1804565162518514, 0.7509811336167763, 0.6698104524715436, 1.8291311000091819, 4.74565401232077, 0.48316727586332847, 1.8326271985650395, 8.133092576430066, 1.444317367524458, 0.42299722301187986, 2.050479557824985, 1.4707144601962714, 0.5912159662316153, 0.778381282286266, 1.48959429779955, 0.8262782872645744, 2.699236559491352, 3.36846814314646, 1.5731253558519738, 1.1523684596420742, 0.8825839839453082, 7.778375487087667, 2.8425239434006233, 0.8238584564458612, 0.48798930812812774]
APTIDAO: 
25.70017049974583
GEN: 9100
Individuo: 
[1.332330102572811, 1.9140428234116242, 3.2797012014424043, 1.2223989663455737, 1.8369322410682387, 0.5257489955424407, 0.45007048029690816, 0.22574451733841538, 0.7270065613330006, 0.21725803566759583, 0.3104434404359282, 0.833949951334523, 0.09441066799400288, 0.0011275636107786445, 0.09703823931437693, 0.042333305240567234, 0.44436941367001354, 0.04770428733472904, 0.21186590306855912, 0.4820837130924834, 0.6178288365198709, 0.35214122161904793, 0.7011251483598588, 0.2571701758780059, 0.190973944633824, 0.2701695541495282, 1.1233269695817336, 2.1804565162518514, 0.7509811336167763, 0.6698104524715436, 1.8291311000091819, 4.74565401232077, 0.48316727586332847, 1.8326271985650395, 8.133092576430066, 1.4676730383619756, 0.42299722301187986, 2.050479557824985, 1.4707144601962714, 0.6506343847818665, 0.778381282286266, 1.4816781136514, 0.8262782872645744, 2.699236559491352, 3.36846814314646, 1.5731253558519738, 1.1523684596420742, 0.8825839839453082, 4.63290952410398, 2.8425239434006233, 0.8238584564458612, 0.5651704950489879]
APTIDAO: 
25.647170493197223
GEN: 9200
Individuo: 
[1.332330102572811, 1.9140428234116242, 3.2797012014424043, 1.2223989663455737, 1.8369322410682387, 0.5257489955424407, 0.45007048029690816, 0.22574451733841538, 0.7270065613330006, 0.21725803566759583, 0.3104434404359282, 0.833949951334523, 0.09441066799400288, 0.0010106602918061242, 0.09703823931437693, 0.042333305240567234, 0.44436941367001354, 0.04770428733472904, 0.21186590306855912, 0.4820837130924834, 0.6178288365198709, 0.36206610670366246, 0.7011251483598588, 0.2571701758780059, 0.190973944633824, 0.2701695541495282, 1.1233269695817336, 2.1804565162518514, 0.7509811336167763, 0.6698104524715436, 1.8291311000091819, 4.74565401232077, 0.48316727586332847, 1.8326271985650395, 8.133092576430066, 1.4676730383619756, 0.42299722301187986, 2.050479557824985, 1.4707144601962714, 0.7822983252283525, 0.778381282286266, 1.4816781136514, 0.8262782872645744, 2.699236559491352, 3.36846814314646, 1.5731253558519738, 1.1523684596420742, 0.7365018537805853, 4.63290952410398, 2.8425239434006233, 0.8238584564458612, 0.5651704950489879]
APTIDAO: 
25.603812727010695
GEN: 9300
Individuo: 
[1.332330102572811, 1.9140428234116242, 3.2797012014424043, 1.2223989663455737, 1.8369322410682387, 0.5350226036235171, 0.45007048029690816, 0.22574451733841538, 0.7270065613330006, 0.21725803566759583, 0.3104434404359282, 0.833949951334523, 0.09441066799400288, 0.0010106602918061242, 0.10035066734208282, 0.042333305240567234, 0.44436941367001354, 0.04770428733472904, 0.21186590306855912, 0.4820837130924834, 0.6178288365198709, 0.36206610670366246, 0.7011251483598588, 0.2715634863731908, 0.190973944633824, 0.2701695541495282, 1.1233269695817336, 2.1804565162518514, 0.7509811336167763, 0.6698104524715436, 1.8291311000091819, 4.507265107772747, 0.48316727586332847, 1.8326271985650395, 8.133092576430066, 1.4676730383619756, 0.42299722301187986, 2.050479557824985, 1.4707144601962714, 0.7822983252283525, 1.056412085875437, 1.4816781136514, 0.8262782872645744, 2.699236559491352, 3.36846814314646, 1.5731253558519738, 1.1523684596420742, 0.7365018537805853, 4.63290952410398, 4.107271096203421, 0.8238584564458612, 0.5651704950489879]
APTIDAO: 
25.462767734901767
GEN: 9400
Individuo: 
[1.332330102572811, 1.9140428234116242, 3.2797012014424043, 1.2223989663455737, 1.8369322410682387, 0.5350226036235171, 0.45007048029690816, 0.22574451733841538, 0.7270065613330006, 0.21725803566759583, 0.3104434404359282, 0.833949951334523, 0.09441066799400288, 0.0010106602918061242, 0.10395148848519888, 0.042333305240567234, 0.44436941367001354, 0.04884991079808481, 0.21186590306855912, 0.4820837130924834, 0.6178288365198709, 0.36206610670366246, 0.7011251483598588, 0.2715634863731908, 0.190973944633824, 0.2701695541495282, 1.1233269695817336, 2.1804565162518514, 0.7509811336167763, 0.6698104524715436, 1.8291311000091819, 4.507265107772747, 0.48316727586332847, 1.8326271985650395, 8.133092576430066, 1.4676730383619756, 0.42299722301187986, 2.050479557824985, 1.4707144601962714, 0.7822983252283525, 1.2492036472530685, 1.4816781136514, 0.8262782872645744, 1.3420720980132166, 3.36846814314646, 1.5731253558519738, 1.1523684596420742, 0.7365018537805853, 4.63290952410398, 4.107271096203421, 0.8238584564458612, 0.5651704950489879]
APTIDAO: 
25.44420098899861
GEN: 9500
Individuo: 
[1.332330102572811, 1.9140428234116242, 3.2797012014424043, 1.2223989663455737, 1.8369322410682387, 0.5350226036235171, 0.45007048029690816, 0.22574451733841538, 0.7270065613330006, 0.21725803566759583, 0.3104434404359282, 0.833949951334523, 0.09441066799400288, 0.0012659889711485496, 0.10395148848519888, 0.042333305240567234, 0.44436941367001354, 0.04884991079808481, 0.240386766062318, 0.4820837130924834, 0.5262287237959316, 0.230906086537921, 0.7011251483598588, 0.2715634863731908, 0.190973944633824, 0.2701695541495282, 1.1233269695817336, 2.1804565162518514, 0.7509811336167763, 0.6698104524715436, 1.8291311000091819, 4.507265107772747, 0.48316727586332847, 1.8326271985650395, 8.133092576430066, 1.4676730383619756, 0.42299722301187986, 2.050479557824985, 1.4707144601962714, 0.7210002617035903, 1.2492036472530685, 1.4816781136514, 0.8262782872645744, 1.3420720980132166, 3.32625120064259, 1.5731253558519738, 1.6519902578500059, 0.5100170518789027, 4.63290952410398, 4.107271096203421, 0.8238584564458612, 0.5651704950489879]
APTIDAO: 
26.40529556960417
GEN: 9600
Individuo: 
[1.332330102572811, 1.9140428234116242, 3.237151498154138, 1.2223989663455737, 1.8369322410682387, 0.5350226036235171, 0.45007048029690816, 0.22574451733841538, 0.7270065613330006, 0.21725803566759583, 0.3104434404359282, 0.833949951334523, 0.09441066799400288, 0.0010181698011092928, 0.11725499720628306, 0.056956728059132086, 0.44436941367001354, 0.05905556250714332, 0.240386766062318, 0.4820837130924834, 0.40510535274751913, 0.230906086537921, 0.864302880823755, 0.38467324576451545, 0.190973944633824, 0.2701695541495282, 1.1233269695817336, 2.1804565162518514, 0.9768677682077713, 0.6698104524715436, 1.8291311000091819, 4.507265107772747, 0.48316727586332847, 1.8326271985650395, 8.133092576430066, 1.4676730383619756, 0.42299722301187986, 2.050479557824985, 1.4707144601962714, 0.5880343405367908, 1.6179239143982296, 1.3632887393082245, 0.8262782872645744, 1.5576709350696611, 3.32625120064259, 1.5731253558519738, 0.9746776276322812, 0.5100170518789027, 5.135505249821469, 5.0752595227780155, 0.8238584564458612, 0.5651704950489879]
APTIDAO: 
25.773386874271793
GEN: 9700
Individuo: 
[1.332330102572811, 1.9140428234116242, 3.237151498154138, 1.2223989663455737, 1.8369322410682387, 0.5350226036235171, 0.45007048029690816, 0.22574451733841538, 0.7270065613330006, 0.21725803566759583, 0.3104434404359282, 0.833949951334523, 0.09441066799400288, 0.0010181698011092928, 0.11725499720628306, 0.05709854577805292, 0.44436941367001354, 0.05905556250714332, 0.240386766062318, 0.4820837130924834, 0.39092197779342386, 0.230906086537921, 0.864302880823755, 0.38467324576451545, 0.190973944633824, 0.2701695541495282, 1.1233269695817336, 2.1804565162518514, 0.9768677682077713, 0.6698104524715436, 1.8291311000091819, 4.507265107772747, 0.48316727586332847, 1.8326271985650395, 8.133092576430066, 1.4676730383619756, 0.42299722301187986, 2.050479557824985, 1.4707144601962714, 0.5880343405367908, 1.6179239143982296, 0.924201250401011, 0.8262782872645744, 1.5576709350696611, 3.32625120064259, 1.5731253558519738, 1.4970951206195438, 0.5100170518789027, 5.135505249821469, 5.0752595227780155, 0.8238584564458612, 0.5651704950489879]
APTIDAO: 
25.7380695059536
GEN: 9800
Individuo: 
[1.332330102572811, 1.9140428234116242, 3.237151498154138, 1.2223989663455737, 1.8369322410682387, 0.5897880524101528, 0.45007048029690816, 0.22574451733841538, 0.7270065613330006, 0.21725803566759583, 0.3104434404359282, 0.8391756313569743, 0.0573917292989811, 0.0010181698011092928, 0.10888932016131131, 0.05709854577805292, 0.44700200208312196, 0.05905556250714332, 0.240386766062318, 0.4820837130924834, 0.3612126675878827, 0.230906086537921, 0.864302880823755, 0.38467324576451545, 0.190973944633824, 0.2701695541495282, 1.1233269695817336, 2.1804565162518514, 0.9768677682077713, 0.6698104524715436, 1.8291311000091819, 3.7137892397757084, 0.48316727586332847, 1.8326271985650395, 8.133092576430066, 1.4676730383619756, 0.42299722301187986, 2.0590274028822098, 1.453956185655006, 0.5880343405367908, 3.144675333180653, 0.924201250401011, 1.111516545789563, 1.5576709350696611, 3.32625120064259, 1.5731253558519738, 1.2533090059943406, 0.5100170518789027, 5.135505249821469, 5.0752595227780155, 0.8238584564458612, 0.5651704950489879]
APTIDAO: 
25.05009532448942
GEN: 9900
Individuo: 
[1.332330102572811, 1.9140428234116242, 3.237151498154138, 1.2223989663455737, 1.8369322410682387, 0.5897880524101528, 0.45007048029690816, 0.22574451733841538, 0.7270065613330006, 0.21725803566759583, 0.3104434404359282, 0.8391756313569743, 0.0573917292989811, 0.0010920546732951781, 0.10888932016131131, 0.05709854577805292, 0.44700200208312196, 0.05905556250714332, 0.240386766062318, 0.4820837130924834, 0.3612126675878827, 0.230906086537921, 0.864302880823755, 0.38467324576451545, 0.190973944633824, 0.26949512839182305, 1.1233269695817336, 2.1804565162518514, 0.9768677682077713, 0.6698104524715436, 1.8291311000091819, 3.7137892397757084, 0.48316727586332847, 1.8326271985650395, 8.133092576430066, 1.4676730383619756, 0.42299722301187986, 2.0590274028822098, 1.453956185655006, 1.0479382234079029, 3.144675333180653, 0.924201250401011, 1.111516545789563, 1.5576709350696611, 3.32625120064259, 1.5731253558519738, 1.2533090059943406, 0.5100170518789027, 5.135505249821469, 5.0752595227780155, 0.8238584564458612, 0.7870939981388582]
APTIDAO: 
25.04851900272671
GEN: 10000
Individuo: 
[1.332330102572811, 1.9140428234116242, 3.237151498154138, 1.2223989663455737, 1.8369322410682387, 0.5897880524101528, 0.45007048029690816, 0.22574451733841538, 0.7270065613330006, 0.21677607883884464, 0.3104434404359282, 0.8391756313569743, 0.0573917292989811, 0.0010189930619343248, 0.10698338704985182, 0.05709854577805292, 0.44700200208312196, 0.05905556250714332, 0.240386766062318, 0.4820837130924834, 0.3612126675878827, 0.230906086537921, 0.864302880823755, 0.38467324576451545, 0.190973944633824, 0.26949512839182305, 1.1233269695817336, 2.1804565162518514, 0.9768677682077713, 0.6698104524715436, 1.8291311000091819, 3.7137892397757084, 0.48316727586332847, 1.8326271985650395, 8.133092576430066, 1.750928632917066, 0.42299722301187986, 2.0590274028822098, 1.453956185655006, 1.1547990579569818, 4.125262217490424, 0.924201250401011, 1.111516545789563, 1.5576709350696611, 3.32625120064259, 1.5731253558519738, 1.2533090059943406, 0.5100170518789027, 5.135505249821469, 5.0752595227780155, 0.8238584564458612, 0.7870939981388582]
APTIDAO: 
25.036730613710482

--- RESULTADO FINAL ---
Erro (norma-1): 25.036730613710482
Parâmetros: [1.332330102572811, 1.9140428234116242, 3.237151498154138, 1.2223989663455737, 1.8369322410682387, 0.5897880524101528, 0.45007048029690816, 0.22574451733841538, 0.7270065613330006, 0.21677607883884464, 0.3104434404359282, 0.8391756313569743, 0.0573917292989811, 0.0010189930619343248, 0.10698338704985182, 0.05709854577805292, 0.44700200208312196, 0.05905556250714332, 0.240386766062318, 0.4820837130924834, 0.3612126675878827, 0.230906086537921, 0.864302880823755, 0.38467324576451545, 0.190973944633824, 0.26949512839182305]
Tempo total: 05h 30m 20s
