SEED: 1778893788
BOUNDS: tau=[0.1, 5.0]  v2=[0.01, 1.5]  J=[0.001, 0.99]
GEN: 0
Individuo: 
[2.5404973099173356, 3.2248142168621525, 4.594204690104383, 0.5530290681322423, 2.72461374540943, 0.6455239894582763, 0.5171410299832492, 0.060787051592489066, 1.0753743225992491, 0.18796400418027406, 0.6219271809633198, 0.8035219270410643, 0.32272572092384394, 0.24143442610235522, 0.4770979817532118, 0.8788753295781043, 0.05032226231687312, 0.6720954350615505, 0.2329599520766045, 0.15378098372466315, 0.6407287567272164, 0.16896439360994206, 0.21999391269600777, 0.8507777085342858, 0.8672753723640088, 0.2643778966879217, 9.786660132051194, 6.967156447367749, 1.040563041650813, 9.710089558094417, 1.953193863477597, 1.9330832747451066, 4.6631544496236845, 1.6090446450069222, 2.3056669737974698, 8.59455959151508, 3.2058413790415785, 7.113513613494739, 5.100831043613392, 5.390999380423876, 5.458026971358305, 7.169742683900505, 4.580774697744807, 8.253245007971955, 2.1981924984685177, 5.814462166465591, 6.778287304442223, 6.681311271313845, 1.8504093599041176, 2.6168031285171365, 4.982439143407175, 5.988634174178266]
APTIDAO: 
114.97316856313549
GEN: 100
Individuo: 
[0.7438472520759345, 2.565676995312886, 4.594204690104383, 0.9850401452677725, 2.2796884335296954, 0.6455239894582763, 0.5171410299832492, 0.1718812899747068, 1.0753743225992491, 0.1715775235230053, 0.5835622149672682, 0.8035219270410643, 0.046986342770564314, 0.028253932387415862, 0.19739221773666688, 0.24128090227194574, 0.8152142993232698, 0.36368741003322785, 0.07600983958036477, 0.2714664574351845, 0.35484257206061154, 0.16896439360994206, 0.21999391269600777, 0.9801443561629603, 0.8406470148607015, 0.5154895137298766, 8.507030384282361, 7.6240706106723, 1.040563041650813, 10.0, 3.3118588416023877, 1.9330832747451066, 4.6631544496236845, 1.0894200454120018, 2.3056669737974698, 10.0, 1.7267351723179654, 7.113513613494739, 2.0895746280048737, 6.439843266911272, 6.814983879127614, 3.8666349802606645, 4.169211664229383, 7.644753848220312, 1.508990984972425, 5.857843405179994, 10.0, 6.681311271313845, 1.8504093599041176, 1.7143730379123645, 10.0, 3.2531952385882787]
APTIDAO: 
53.16124274438396
GEN: 200
Individuo: 
[0.7438472520759345, 1.9860975263373473, 2.2961341471680385, 3.481729225824589, 2.2453286621657087, 0.7965318325146572, 0.5171410299832492, 0.1718812899747068, 1.0753743225992491, 0.1715775235230053, 0.5576907672082599, 0.8035219270410643, 0.036194707686158276, 0.040887871218997306, 0.17919889926264493, 0.08233317774530491, 0.8152142993232698, 0.3595414573917947, 0.0013445761604785208, 0.2714664574351845, 0.35484257206061154, 0.16896439360994206, 0.26446184124741484, 0.5200631443365348, 0.8406470148607015, 0.8429692505829973, 8.507030384282361, 3.9018328077478595, 1.1825170171908985, 8.13461885208921, 3.1088671365706095, 1.1330816145996268, 4.6631544496236845, 1.0894200454120018, 2.3056669737974698, 10.0, 3.031645979201537, 7.113513613494739, 0.8626268400211016, 8.601305694848442, 10.0, 1.239492709960087, 4.169211664229383, 8.005295675091505, 0.4587582411914089, 5.857843405179994, 10.0, 6.681311271313845, 1.7115195116260369, 3.290816962580956, 10.0, 3.056546973552725]
APTIDAO: 
39.19665944618689
GEN: 300
Individuo: 
[0.9155839589989393, 1.9860975263373473, 2.2961341471680385, 3.481729225824589, 1.5958119838142266, 0.7965318325146572, 0.5171410299832492, 0.1718812899747068, 1.0753743225992491, 0.14220987436187874, 0.5576907672082599, 1.1751559259058777, 0.03625285873909913, 0.040887871218997306, 0.17919889926264493, 0.10524885535013527, 0.5338681474302158, 0.12826053656566166, 0.0017206168187411256, 0.2740023963229759, 0.10624974006922382, 0.16896439360994206, 0.26446184124741484, 0.7378557142053417, 0.8406470148607015, 0.27367699788543903, 7.523692089779937, 3.9018328077478595, 1.1825170171908985, 8.13461885208921, 2.6823271532231607, 1.1330816145996268, 4.6631544496236845, 1.0894200454120018, 2.3056669737974698, 4.946739990697033, 3.031645979201537, 4.77077776991936, 0.7573593611969397, 8.601305694848442, 10.0, 1.1281951795252936, 3.4640054468403663, 5.418319865739477, 0.6631412345012313, 7.119745298143725, 8.461872478579613, 6.681311271313845, 1.7115195116260369, 5.760870047946022, 10.0, 2.0534795566529076]
APTIDAO: 
31.388304624921865
GEN: 400
Individuo: 
[0.9155839589989393, 1.9860975263373473, 2.2961341471680385, 3.481729225824589, 1.5958119838142266, 0.8019210213961857, 0.5171410299832492, 0.1718812899747068, 1.0753743225992491, 0.14220987436187874, 0.5576907672082599, 1.1751559259058777, 0.03625285873909913, 0.040887871218997306, 0.17919889926264493, 0.08848292967684984, 0.5338681474302158, 0.12826053656566166, 0.0010060960220666484, 0.2740023963229759, 0.10624974006922382, 0.17821596544048354, 0.26446184124741484, 0.7378557142053417, 0.7722890373060952, 0.24343554001717982, 7.523692089779937, 3.9018328077478595, 1.1825170171908985, 8.13461885208921, 2.6823271532231607, 1.1044331196862263, 4.6631544496236845, 1.0894200454120018, 2.3056669737974698, 4.946739990697033, 3.031645979201537, 4.77077776991936, 0.7573593611969397, 8.601305694848442, 10.0, 1.1217667903296917, 3.4640054468403663, 5.418319865739477, 0.6529317730357428, 7.119745298143725, 8.461872478579613, 7.91053124864243, 1.7115195116260369, 5.760870047946022, 5.4050321900284795, 0.9490522381298859]
APTIDAO: 
30.9193636908139
GEN: 500
Individuo: 
[0.9155839589989393, 1.9860975263373473, 2.2961341471680385, 2.954312377756777, 1.5958119838142266, 0.8019210213961857, 0.5171410299832492, 0.1718812899747068, 1.0753743225992491, 0.14220987436187874, 0.5576907672082599, 1.1751559259058777, 0.03625285873909913, 0.029061920554943433, 0.17510946247508097, 0.08848292967684984, 0.5150465454335097, 0.11938466907997916, 0.0012169313594352815, 0.2740023963229759, 0.10624974006922382, 0.42253104922779444, 0.26446184124741484, 0.730291315537381, 0.9245525916397828, 0.24343554001717982, 7.523692089779937, 3.9018328077478595, 1.1825170171908985, 5.1045949394462244, 2.6823271532231607, 1.1044331196862263, 4.6631544496236845, 1.0894200454120018, 2.3056669737974698, 4.946739990697033, 3.031645979201537, 4.77077776991936, 0.7573593611969397, 5.777286528470295, 9.176200358915244, 1.1217667903296917, 4.151158552209765, 4.956412960919865, 1.1871755931390997, 7.119745298143725, 8.461872478579613, 10.0, 1.7115195116260369, 7.007822546696989, 3.7418420122691787, 0.9490522381298859]
APTIDAO: 
30.039986802155212
GEN: 600
Individuo: 
[0.9155839589989393, 1.9860975263373473, 2.2961341471680385, 2.954312377756777, 1.5958119838142266, 0.8019210213961857, 0.5171410299832492, 0.1718812899747068, 1.0753743225992491, 0.14220987436187874, 0.5576907672082599, 1.4348653164281095, 0.024459722337063877, 0.030164709244293327, 0.17510946247508097, 0.09106777070607386, 0.5150465454335097, 0.11571616043339404, 0.0011352337937159177, 0.2740023963229759, 0.10624974006922382, 0.42253104922779444, 0.26446184124741484, 0.7010208895688702, 0.9320222321228253, 0.24343554001717982, 7.523692089779937, 3.9018328077478595, 1.1825170171908985, 5.1045949394462244, 2.6823271532231607, 1.1044331196862263, 4.6631544496236845, 1.0894200454120018, 2.3056669737974698, 4.946739990697033, 3.031645979201537, 5.2534743056361695, 1.4014283649056214, 6.628279175895663, 9.176200358915244, 0.6948168460998706, 4.151158552209765, 9.876798238979736, 0.8333538921382775, 7.119745298143725, 8.461872478579613, 10.0, 1.7115195116260369, 3.44147633748939, 6.601952813405143, 0.9490522381298859]
APTIDAO: 
29.43614843454488
GEN: 700
Individuo: 
[0.9155839589989393, 1.9860975263373473, 2.2961341471680385, 2.9125528570693695, 1.5958119838142266, 0.8019210213961857, 0.5171410299832492, 0.1718812899747068, 1.0753743225992491, 0.14220987436187874, 0.5576907672082599, 1.4348653164281095, 0.024459722337063877, 0.030164709244293327, 0.17242390597599325, 0.104144242739803, 0.5150465454335097, 0.10637619513481232, 0.0011492632244904334, 0.2740023963229759, 0.10624974006922382, 0.37483833845935494, 0.26446184124741484, 0.6543187467710145, 0.9053945023663551, 0.24343554001717982, 7.523692089779937, 3.9018328077478595, 1.1825170171908985, 2.597050264712365, 2.6823271532231607, 1.1044331196862263, 4.6631544496236845, 1.0894200454120018, 2.3056669737974698, 4.946739990697033, 3.031645979201537, 5.2534743056361695, 1.4014283649056214, 6.628279175895663, 6.445947896301489, 0.6437245650925036, 4.151158552209765, 9.318000047948761, 0.5879983775512754, 7.119745298143725, 8.461872478579613, 10.0, 1.7115195116260369, 1.5536013077968005, 4.369388350857394, 0.9490522381298859]
APTIDAO: 
28.72450987699897
GEN: 800
Individuo: 
[0.9155839589989393, 1.9860975263373473, 2.2961341471680385, 2.9125528570693695, 1.661761601136018, 0.8019210213961857, 0.5171410299832492, 0.1718812899747068, 1.0753743225992491, 0.14220987436187874, 0.5576907672082599, 1.1814233471012825, 0.024459722337063877, 0.030164709244293327, 0.1494644334487821, 0.09941460429861428, 0.5150465454335097, 0.10637619513481232, 0.0010379623106176125, 0.2740023963229759, 0.09691836181777527, 0.22276537199992033, 0.26446184124741484, 0.6543187467710145, 0.9053945023663551, 0.20463809637158598, 7.523692089779937, 3.9018328077478595, 1.1825170171908985, 2.597050264712365, 1.4164139196905337, 1.1044331196862263, 4.6631544496236845, 1.0894200454120018, 2.3056669737974698, 4.946739990697033, 3.031645979201537, 5.156220086302755, 1.4014283649056214, 6.628279175895663, 6.282421474289117, 0.9689556924375003, 4.151158552209765, 9.318000047948761, 0.6230042106585805, 7.119745298143725, 10.0, 5.214657265760385, 1.7115195116260369, 1.5536013077968005, 4.369388350857394, 0.6844353913944881]
APTIDAO: 
28.31312568039905
GEN: 900
Individuo: 
[0.9155839589989393, 1.9860975263373473, 2.2961341471680385, 2.9125528570693695, 1.661761601136018, 0.8019210213961857, 0.5171410299832492, 0.1718812899747068, 1.0753743225992491, 0.14220987436187874, 0.5497101250178776, 1.1814233471012825, 0.024459722337063877, 0.030164709244293327, 0.1494644334487821, 0.09536956638972616, 0.5150465454335097, 0.08450265319102421, 0.0010379623106176125, 0.2740023963229759, 0.09691836181777527, 0.22276537199992033, 0.26446184124741484, 0.6543187467710145, 0.9053945023663551, 0.20463809637158598, 7.523692089779937, 3.9018328077478595, 1.1825170171908985, 2.597050264712365, 1.4164139196905337, 1.1044331196862263, 4.6631544496236845, 1.0894200454120018, 2.3056669737974698, 4.946739990697033, 2.9478840738458802, 5.156220086302755, 1.4014283649056214, 6.628279175895663, 6.282421474289117, 0.9243804064194131, 4.151158552209765, 6.573470332248287, 0.6230042106585805, 7.119745298143725, 10.0, 5.214657265760385, 1.7115195116260369, 1.5536013077968005, 4.369388350857394, 0.6844353913944881]
APTIDAO: 
27.948261605298814
GEN: 1000
Individuo: 
[0.9155839589989393, 1.9860975263373473, 2.2961341471680385, 2.956891211860691, 1.661761601136018, 0.8019210213961857, 0.5171410299832492, 0.1718812899747068, 1.0753743225992491, 0.14220987436187874, 0.5497101250178776, 1.1814233471012825, 0.024459722337063877, 0.030164709244293327, 0.13161618887539794, 0.09536956638972616, 0.5150465454335097, 0.08450265319102421, 0.0010180680603602765, 0.2740023963229759, 0.09691836181777527, 0.2166927805358126, 0.26446184124741484, 0.6543187467710145, 0.9130146179793543, 0.20463809637158598, 7.523692089779937, 3.9018328077478595, 1.1825170171908985, 3.1077978517681597, 1.4164139196905337, 1.1044331196862263, 4.6631544496236845, 1.0894200454120018, 2.3056669737974698, 4.946739990697033, 2.9478840738458802, 5.156220086302755, 1.4014283649056214, 6.628279175895663, 7.1261392851522185, 0.9243804064194131, 4.151158552209765, 6.573470332248287, 1.0456940608398024, 7.119745298143725, 10.0, 6.423476146265294, 1.7115195116260369, 1.5536013077968005, 2.240754178704823, 0.6844353913944881]
APTIDAO: 
27.77266799610773
GEN: 1100
Individuo: 
[0.9155839589989393, 1.9860975263373473, 2.2961341471680385, 2.956891211860691, 1.661761601136018, 0.8019210213961857, 0.5234100734727709, 0.1718812899747068, 1.0753743225992491, 0.14220987436187874, 0.5497101250178776, 1.1814233471012825, 0.024459722337063877, 0.030164709244293327, 0.13161618887539794, 0.09536956638972616, 0.5150465454335097, 0.08205461685501969, 0.0010400835385031082, 0.2740023963229759, 0.09691836181777527, 0.2166927805358126, 0.26446184124741484, 0.6543187467710145, 0.9053945023663551, 0.20463809637158598, 7.523692089779937, 3.9018328077478595, 1.1825170171908985, 3.1077978517681597, 1.4164139196905337, 1.1044331196862263, 3.9882323749041997, 1.0894200454120018, 2.3056669737974698, 4.946739990697033, 2.9478840738458802, 5.156220086302755, 1.4014283649056214, 6.628279175895663, 7.1261392851522185, 0.9243804064194131, 4.151158552209765, 8.557477592678845, 1.7859347180420326, 7.119745298143725, 10.0, 6.423476146265294, 1.7115195116260369, 1.5536013077968005, 4.369388350857394, 0.6844353913944881]
APTIDAO: 
27.756423137540313
GEN: 1200
Individuo: 
[0.9155839589989393, 1.9860975263373473, 2.2961341471680385, 2.76240039652965, 1.661761601136018, 0.8019210213961857, 0.5234100734727709, 0.17295729871210194, 1.0753743225992491, 0.14220987436187874, 0.5497101250178776, 1.1814233471012825, 0.024459722337063877, 0.030164709244293327, 0.11146282940886933, 0.09536956638972616, 0.5150465454335097, 0.08205461685501969, 0.0013763162232952072, 0.2740023963229759, 0.09691836181777527, 0.4648210692707035, 0.26446184124741484, 0.6543187467710145, 0.9053945023663551, 0.20463809637158598, 7.523692089779937, 3.9018328077478595, 1.1825170171908985, 3.9391956807042625, 1.4164139196905337, 1.1044331196862263, 3.9882323749041997, 1.2682473676908237, 2.3056669737974698, 4.946739990697033, 2.9478840738458802, 5.156220086302755, 1.4014283649056214, 6.628279175895663, 6.26725154915748, 0.9243804064194131, 4.151158552209765, 8.557477592678845, 1.0931860185880755, 7.119745298143725, 10.0, 5.240676540304878, 1.7115195116260369, 1.5536013077968005, 4.369388350857394, 0.6844353913944881]
APTIDAO: 
27.88931812533333
GEN: 1300
Individuo: 
[0.9155839589989393, 1.9860975263373473, 2.2961341471680385, 2.4222268765994484, 1.661761601136018, 0.8019210213961857, 0.5234100734727709, 0.1718812899747068, 1.0717710159825624, 0.0977822313046158, 0.5478244205311195, 1.0691442243636895, 0.02866572506850014, 0.030164709244293327, 0.13161618887539794, 0.09536956638972616, 0.5209016358573668, 0.08205461685501969, 0.003476114516988234, 0.2740023963229759, 0.09691836181777527, 0.15552515748763027, 0.26446184124741484, 0.5903043863810199, 0.9359842852446517, 0.20463809637158598, 7.523692089779937, 3.9018328077478595, 1.1825170171908985, 2.7525935008439104, 1.4164139196905337, 1.1044331196862263, 3.9882323749041997, 1.0894200454120018, 3.874787620391631, 3.6447546420121215, 1.8893026322486917, 4.11375225545152, 1.1300788032044122, 6.628279175895663, 7.1261392851522185, 0.9243804064194131, 5.629100169718524, 8.557477592678845, 1.3813832325665638, 7.119745298143725, 10.0, 2.7417126685368314, 1.7115195116260369, 2.3784592417628128, 2.2972326061649735, 0.6844353913944881]
APTIDAO: 
27.117325617656004
GEN: 1400
Individuo: 
[0.9155839589989393, 1.9860975263373473, 2.2961341471680385, 2.4222268765994484, 1.661761601136018, 0.8019210213961857, 0.5234100734727709, 0.1718812899747068, 1.0717710159825624, 0.0977822313046158, 0.5478244205311195, 1.0691442243636895, 0.02866572506850014, 0.030164709244293327, 0.13033089802780637, 0.08352427537550411, 0.5209016358573668, 0.08205461685501969, 0.0028519600934049706, 0.2740023963229759, 0.09691836181777527, 0.16443734733036613, 0.26446184124741484, 0.5903043863810199, 0.9813245650714899, 0.20463809637158598, 7.523692089779937, 3.9018328077478595, 1.1825170171908985, 2.7525935008439104, 1.4164139196905337, 1.1044331196862263, 3.9882323749041997, 1.0894200454120018, 3.874787620391631, 3.6447546420121215, 1.8893026322486917, 4.11375225545152, 1.1300788032044122, 6.628279175895663, 3.224636992439374, 0.9515465524519102, 5.629100169718524, 8.557477592678845, 1.9733117771511826, 7.119745298143725, 10.0, 2.0804425624178537, 1.7115195116260369, 2.3784592417628128, 2.1946803134894304, 0.6844353913944881]
APTIDAO: 
27.045810350300492
GEN: 1500
Individuo: 
[0.9155839589989393, 1.9860975263373473, 2.2961341471680385, 2.4222268765994484, 1.6730324090998627, 0.8019210213961857, 0.5234100734727709, 0.1718812899747068, 1.0717710159825624, 0.09689440940728163, 0.5478244205311195, 1.0691442243636895, 0.02866572506850014, 0.030164709244293327, 0.13033089802780637, 0.08855425032201081, 0.5209016358573668, 0.08205461685501969, 0.0028519600934049706, 0.2740023963229759, 0.09691836181777527, 0.17293560607422975, 0.26446184124741484, 0.5903043863810199, 0.9501939135122187, 0.20463809637158598, 7.523692089779937, 3.9018328077478595, 1.1825170171908985, 2.7525935008439104, 2.1278022591861556, 1.1044331196862263, 3.9882323749041997, 1.0894200454120018, 3.874787620391631, 2.1597634071293648, 1.8893026322486917, 4.11375225545152, 1.1300788032044122, 6.628279175895663, 3.224636992439374, 1.778544372772725, 5.629100169718524, 8.557477592678845, 1.9733117771511826, 7.119745298143725, 10.0, 1.1569855542057041, 1.7115195116260369, 2.3784592417628128, 2.4852659451980004, 0.6844353913944881]
APTIDAO: 
27.03932155067356
GEN: 1600
Individuo: 
[0.9155839589989393, 1.9860975263373473, 2.289267646329497, 2.4222268765994484, 1.6730324090998627, 0.8019210213961857, 0.5234100734727709, 0.1718812899747068, 1.0717710159825624, 0.09689440940728163, 0.5478244205311195, 1.0691442243636895, 0.02866572506850014, 0.030164709244293327, 0.13033089802780637, 0.08855425032201081, 0.5209016358573668, 0.07590066577026966, 0.0021109788808179276, 0.2740023963229759, 0.09691836181777527, 0.17293560607422975, 0.26446184124741484, 0.5903043863810199, 0.9501939135122187, 0.20463809637158598, 7.523692089779937, 3.9018328077478595, 1.4502075100360554, 2.7525935008439104, 2.1278022591861556, 1.1044331196862263, 3.9882323749041997, 1.0894200454120018, 3.874787620391631, 2.1597634071293648, 1.8893026322486917, 4.11375225545152, 1.1300788032044122, 6.628279175895663, 3.224636992439374, 1.778544372772725, 5.629100169718524, 9.10176607966718, 1.2164344256515711, 7.119745298143725, 10.0, 1.1569855542057041, 1.7115195116260369, 2.3784592417628128, 2.4852659451980004, 0.6844353913944881]
APTIDAO: 
26.93865061843655
GEN: 1700
Individuo: 
[0.9155839589989393, 1.8918259044873191, 2.289267646329497, 2.4222268765994484, 1.6730324090998627, 0.8019210213961857, 0.5234100734727709, 0.1718812899747068, 1.0717710159825624, 0.07933333146666197, 0.4810446450868317, 1.0691442243636895, 0.02866572506850014, 0.030164709244293327, 0.13033089802780637, 0.08855425032201081, 0.5209016358573668, 0.07590066577026966, 0.0034555533990734367, 0.2740023963229759, 0.09691836181777527, 0.3946980407571207, 0.3452944893731195, 0.6005965306426404, 0.9501939135122187, 0.19468104032862216, 7.523692089779937, 3.814128616281582, 1.4502075100360554, 2.7525935008439104, 2.1278022591861556, 1.1044331196862263, 3.9882323749041997, 1.0894200454120018, 3.874787620391631, 2.437630639765552, 3.1740511480827545, 4.11375225545152, 1.1300788032044122, 6.628279175895663, 3.224636992439374, 1.778544372772725, 5.629100169718524, 9.10176607966718, 1.3443511035213072, 7.119745298143725, 10.0, 1.3076769207001109, 0.9608446125224985, 1.9285740622213567, 2.4852659451980004, 0.6452260186575205]
APTIDAO: 
27.02969525653459
GEN: 1800
Individuo: 
[0.9155839589989393, 1.8918259044873191, 2.289267646329497, 2.4222268765994484, 1.6730324090998627, 0.8019210213961857, 0.5234100734727709, 0.1718812899747068, 1.0717710159825624, 0.07933333146666197, 0.4872801089048287, 1.0691442243636895, 0.02866572506850014, 0.030164709244293327, 0.13033089802780637, 0.08976368084898084, 0.5209016358573668, 0.07590066577026966, 0.0034555533990734367, 0.2740023963229759, 0.09691836181777527, 0.27416298500691577, 0.3452944893731195, 0.6005965306426404, 0.8105052429352168, 0.19468104032862216, 7.523692089779937, 3.814128616281582, 1.4502075100360554, 2.7525935008439104, 2.1278022591861556, 1.1044331196862263, 3.9882323749041997, 1.0894200454120018, 3.874787620391631, 2.437630639765552, 4.084337468831504, 4.11375225545152, 1.1300788032044122, 6.628279175895663, 3.224636992439374, 2.5583486394180284, 5.629100169718524, 9.10176607966718, 1.3443511035213072, 7.119745298143725, 10.0, 1.6157822911158524, 0.9608446125224985, 1.9285740622213567, 1.5496792865326945, 0.6452260186575205]
APTIDAO: 
26.97307564575496
GEN: 1900
Individuo: 
[0.9155839589989393, 1.8918259044873191, 2.289267646329497, 2.4222268765994484, 1.6730324090998627, 0.8019210213961857, 0.5234100734727709, 0.1718812899747068, 1.0717710159825624, 0.07933333146666197, 0.4872801089048287, 1.0691442243636895, 0.02866572506850014, 0.030164709244293327, 0.13033089802780637, 0.08976368084898084, 0.5209016358573668, 0.07590066577026966, 0.0034555533990734367, 0.2740023963229759, 0.09691836181777527, 0.27269244504240403, 0.3452944893731195, 0.6005965306426404, 0.8105052429352168, 0.19468104032862216, 7.523692089779937, 3.814128616281582, 1.4502075100360554, 2.7525935008439104, 2.1278022591861556, 1.1044331196862263, 3.9882323749041997, 1.0894200454120018, 3.874787620391631, 2.437630639765552, 4.084337468831504, 4.11375225545152, 1.1300788032044122, 6.628279175895663, 3.224636992439374, 2.5583486394180284, 5.629100169718524, 9.10176607966718, 1.3443511035213072, 7.119745298143725, 10.0, 1.0558452645515972, 0.9608446125224985, 1.9285740622213567, 1.5496792865326945, 0.6452260186575205]
APTIDAO: 
26.97281405746351
GEN: 2000
Individuo: 
[0.9155839589989393, 1.8918259044873191, 2.289267646329497, 2.4222268765994484, 1.6730324090998627, 0.8019210213961857, 0.5234100734727709, 0.1718812899747068, 1.0717710159825624, 0.07933333146666197, 0.49256469126209484, 1.0691442243636895, 0.02866572506850014, 0.030164709244293327, 0.10038215848090584, 0.08976368084898084, 0.5258019299512401, 0.046394262632551225, 0.0034403137823283045, 0.2740023963229759, 0.11169886540977006, 0.058547258175571056, 0.3452944893731195, 0.6005965306426404, 0.8105052429352168, 0.19851355563994033, 7.523692089779937, 3.814128616281582, 1.4502075100360554, 2.7525935008439104, 2.1278022591861556, 1.1044331196862263, 3.9882323749041997, 1.0894200454120018, 3.874787620391631, 2.437630639765552, 2.107196212900779, 4.11375225545152, 1.1300788032044122, 6.628279175895663, 2.965714262049339, 2.5583486394180284, 4.990265840023817, 5.121148484024873, 0.5791399902523023, 7.119745298143725, 10.0, 1.1904595306875183, 0.9608446125224985, 1.9285740622213567, 1.5496792865326945, 0.7435731258746172]
APTIDAO: 
26.538077132245096
GEN: 2100
Individuo: 
[0.9155839589989393, 1.8918259044873191, 2.289267646329497, 2.4222268765994484, 1.6730324090998627, 0.8019210213961857, 0.5234100734727709, 0.1718812899747068, 1.0717710159825624, 0.07933333146666197, 0.49256469126209484, 1.0678661010243515, 0.02848745055701968, 0.030164709244293327, 0.10091740533452735, 0.08976368084898084, 0.5258019299512401, 0.04472162538692767, 0.003009272463446478, 0.2740023963229759, 0.17599522709413842, 0.44152533137811334, 0.3452944893731195, 0.6005965306426404, 0.7888560145910659, 0.19851355563994033, 7.523692089779937, 3.814128616281582, 1.4502075100360554, 2.7525935008439104, 2.1278022591861556, 1.1044331196862263, 3.9882323749041997, 1.0894200454120018, 3.874787620391631, 2.437630639765552, 2.107196212900779, 3.247784209983863, 0.9348577679900347, 6.628279175895663, 5.875089626022035, 2.5583486394180284, 4.990265840023817, 5.10911223487628, 0.7606968194844388, 7.119745298143725, 10.0, 3.9260225082647873, 0.9608446125224985, 1.9285740622213567, 1.6703205316916405, 0.7435731258746172]
APTIDAO: 
26.47604879520878
GEN: 2200
Individuo: 
[0.9155839589989393, 1.8913479749628024, 2.289267646329497, 2.4222268765994484, 1.6730324090998627, 0.8019210213961857, 0.5234100734727709, 0.1718812899747068, 1.0717710159825624, 0.07933333146666197, 0.49256469126209484, 1.0678661010243515, 0.02848745055701968, 0.030164709244293327, 0.10091740533452735, 0.08976368084898084, 0.5258019299512401, 0.04472162538692767, 0.003009272463446478, 0.2740023963229759, 0.17599522709413842, 0.44152533137811334, 0.3452944893731195, 0.6005965306426404, 0.7888560145910659, 0.19851355563994033, 7.523692089779937, 2.65711453992023, 1.4502075100360554, 2.7525935008439104, 2.1278022591861556, 1.1044331196862263, 3.9882323749041997, 1.0894200454120018, 3.874787620391631, 2.437630639765552, 2.107196212900779, 3.247784209983863, 0.9348577679900347, 6.628279175895663, 5.875089626022035, 2.5583486394180284, 4.990265840023817, 5.10911223487628, 0.7606968194844388, 7.119745298143725, 10.0, 3.9260225082647873, 0.9608446125224985, 1.9285740622213567, 1.6703205316916405, 0.7435731258746172]
APTIDAO: 
26.475309010141782
GEN: 2300
Individuo: 
[0.9155839589989393, 1.8913479749628024, 2.289267646329497, 2.4222268765994484, 1.6730324090998627, 0.8019210213961857, 0.5234100734727709, 0.1718812899747068, 1.0717710159825624, 0.07933333146666197, 0.49256469126209484, 1.0678661010243515, 0.028637405579972835, 0.030164709244293327, 0.10091740533452735, 0.08976368084898084, 0.5258019299512401, 0.04472162538692767, 0.002797318656934693, 0.2740023963229759, 0.17762896451537782, 0.44152533137811334, 0.3452944893731195, 0.6005965306426404, 0.7888560145910659, 0.19851355563994033, 7.523692089779937, 2.65711453992023, 1.4502075100360554, 2.7525935008439104, 2.1278022591861556, 1.1044331196862263, 3.9882323749041997, 1.0894200454120018, 3.874787620391631, 2.437630639765552, 2.107196212900779, 3.247784209983863, 1.2763204222204088, 6.628279175895663, 5.875089626022035, 2.5583486394180284, 4.990265840023817, 5.10911223487628, 0.8224127240768098, 7.119745298143725, 8.629149731999616, 3.9260225082647873, 0.9608446125224985, 1.9285740622213567, 1.6703205316916405, 0.7435731258746172]
APTIDAO: 
26.47312269007466
GEN: 2400
Individuo: 
[0.9267730455767503, 1.8913479749628024, 2.289267646329497, 2.4222268765994484, 1.6730324090998627, 0.8019210213961857, 0.5234100734727709, 0.1718812899747068, 1.0717710159825624, 0.07933333146666197, 0.49256469126209484, 1.0678661010243515, 0.028637405579972835, 0.030164709244293327, 0.10091740533452735, 0.08527364968572336, 0.5258019299512401, 0.04472162538692767, 0.002343101431167183, 0.2740023963229759, 0.16321228554475223, 0.41014793269314487, 0.3452944893731195, 0.6005965306426404, 0.7888560145910659, 0.19851355563994033, 7.22881191841182, 2.65711453992023, 1.4502075100360554, 2.7525935008439104, 2.1278022591861556, 1.1044331196862263, 3.9882323749041997, 1.0894200454120018, 3.874787620391631, 2.437630639765552, 2.107196212900779, 3.247784209983863, 1.2763204222204088, 6.628279175895663, 5.875089626022035, 1.7406034446515286, 4.990265840023817, 5.10911223487628, 0.9440313461556394, 7.119745298143725, 9.982051197405479, 3.0027904490254764, 0.9608446125224985, 1.9285740622213567, 1.6703205316916405, 0.7435731258746172]
APTIDAO: 
26.31144060051463
GEN: 2500
Individuo: 
[0.9267730455767503, 1.8913479749628024, 2.289267646329497, 2.4222268765994484, 1.6730324090998627, 0.8019210213961857, 0.5262238150953563, 0.1718812899747068, 1.0717710159825624, 0.07933333146666197, 0.49256469126209484, 1.0678661010243515, 0.028637405579972835, 0.030164709244293327, 0.10106298280388316, 0.08783605466218912, 0.5258019299512401, 0.04472162538692767, 0.002001044180666092, 0.2740023963229759, 0.16321228554475223, 0.3322978827362519, 0.3452944893731195, 0.6005965306426404, 0.8081432180211535, 0.19851355563994033, 7.22881191841182, 2.65711453992023, 1.4502075100360554, 2.7525935008439104, 2.1278022591861556, 1.1044331196862263, 1.7858073931395124, 1.0894200454120018, 3.874787620391631, 2.437630639765552, 2.107196212900779, 3.247784209983863, 1.2763204222204088, 6.628279175895663, 6.3605147608954695, 1.634056955928662, 4.990265840023817, 5.10911223487628, 0.6111572715213498, 7.119745298143725, 9.982051197405479, 1.7438281393696369, 0.9608446125224985, 1.9285740622213567, 1.4630578270531653, 0.7435731258746172]
APTIDAO: 
26.279736258322572
GEN: 2600
Individuo: 
[0.9267730455767503, 1.8913479749628024, 2.289267646329497, 2.4222268765994484, 1.6730324090998627, 0.8019210213961857, 0.5262238150953563, 0.1718812899747068, 1.0717710159825624, 0.07933333146666197, 0.49256469126209484, 1.0678661010243515, 0.028637405579972835, 0.030164709244293327, 0.10106298280388316, 0.08783605466218912, 0.5258019299512401, 0.04472162538692767, 0.002001044180666092, 0.2740023963229759, 0.16321228554475223, 0.3322978827362519, 0.3452944893731195, 0.6005965306426404, 0.8081432180211535, 0.19851355563994033, 7.22881191841182, 2.65711453992023, 1.4502075100360554, 2.7525935008439104, 2.1278022591861556, 1.1044331196862263, 1.7858073931395124, 1.0894200454120018, 3.874787620391631, 2.437630639765552, 2.107196212900779, 3.247784209983863, 1.2763204222204088, 6.628279175895663, 6.3605147608954695, 1.634056955928662, 4.990265840023817, 5.10911223487628, 0.6111572715213498, 7.119745298143725, 9.982051197405479, 1.7438281393696369, 0.9608446125224985, 1.9285740622213567, 1.4630578270531653, 0.7435731258746172]
APTIDAO: 
26.279736258322572
GEN: 2700
Individuo: 
[0.9267730455767503, 1.8913479749628024, 2.289267646329497, 2.4222268765994484, 1.6730324090998627, 0.8019210213961857, 0.5262238150953563, 0.17463229809959183, 1.0717710159825624, 0.06114553411661441, 0.49256469126209484, 1.0670646500986252, 0.028637405579972835, 0.030164709244293327, 0.10106298280388316, 0.08783605466218912, 0.5258019299512401, 0.04472162538692767, 0.0013172369527264503, 0.2740023963229759, 0.16321228554475223, 0.08205927227377843, 0.3452944893731195, 0.6005965306426404, 0.794295500983965, 0.19851355563994033, 7.22881191841182, 2.65711453992023, 1.4502075100360554, 2.7525935008439104, 2.1278022591861556, 1.1044331196862263, 1.7858073931395124, 0.8248260858807444, 3.874787620391631, 2.6566838833966315, 2.107196212900779, 2.991209511989586, 1.2763204222204088, 6.628279175895663, 6.3605147608954695, 1.634056955928662, 4.990265840023817, 5.10911223487628, 0.7723677859362545, 7.119745298143725, 9.982051197405479, 1.0199763546028533, 0.9608446125224985, 1.9285740622213567, 0.9842129948177387, 0.7435731258746172]
APTIDAO: 
26.132783131679894
GEN: 2800
Individuo: 
[0.9267730455767503, 1.8913479749628024, 2.289267646329497, 2.4222268765994484, 1.6730324090998627, 0.8019210213961857, 0.5262238150953563, 0.17463229809959183, 1.0717710159825624, 0.06114553411661441, 0.49256469126209484, 1.0670646500986252, 0.028637405579972835, 0.030164709244293327, 0.10106298280388316, 0.08783605466218912, 0.5258019299512401, 0.04472162538692767, 0.0011155450388309698, 0.2740023963229759, 0.16321228554475223, 0.08205927227377843, 0.3452944893731195, 0.6005965306426404, 0.794295500983965, 0.19851355563994033, 7.22881191841182, 2.65711453992023, 1.4502075100360554, 2.7525935008439104, 2.1278022591861556, 1.1044331196862263, 1.7858073931395124, 0.8248260858807444, 3.874787620391631, 2.6566838833966315, 2.107196212900779, 2.991209511989586, 1.2763204222204088, 6.628279175895663, 6.3605147608954695, 1.634056955928662, 4.990265840023817, 5.10911223487628, 1.3121384654157067, 7.119745298143725, 9.982051197405479, 1.0199763546028533, 0.9608446125224985, 1.9285740622213567, 0.9842129948177387, 0.7435731258746172]
APTIDAO: 
26.125455320331675
GEN: 2900
Individuo: 
[0.9362058652383233, 1.8913479749628024, 2.289267646329497, 2.4222268765994484, 1.6730324090998627, 0.8019210213961857, 0.5262238150953563, 0.17463229809959183, 1.0717710159825624, 0.06114553411661441, 0.44201934451022906, 1.058944673853874, 0.028637405579972835, 0.030164709244293327, 0.10106298280388316, 0.08783605466218912, 0.5258019299512401, 0.04472162538692767, 0.0012562384205647877, 0.2740023963229759, 0.1640288745789002, 0.0016816905626313916, 0.41177573759482383, 0.6005965306426404, 0.794295500983965, 0.19851355563994033, 6.501672658691201, 2.65711453992023, 1.4502075100360554, 2.7525935008439104, 2.1278022591861556, 1.1044331196862263, 1.7858073931395124, 0.8248260858807444, 3.874787620391631, 2.6566838833966315, 1.3179077374339703, 5.9821712778191785, 1.2763204222204088, 6.628279175895663, 6.3605147608954695, 1.634056955928662, 4.990265840023817, 5.10911223487628, 1.08688327095798, 7.119745298143725, 10.0, 0.5550717606013987, 1.2040697897411181, 1.9285740622213567, 0.9842129948177387, 0.7435731258746172]
APTIDAO: 
25.979451614417194
GEN: 3000
Individuo: 
[0.9362058652383233, 1.8913479749628024, 2.289267646329497, 2.4222268765994484, 1.6730324090998627, 0.8019210213961857, 0.5262238150953563, 0.17463229809959183, 1.1606281994301733, 0.06114553411661441, 0.44201934451022906, 1.023106931731183, 0.028637405579972835, 0.030164709244293327, 0.10106298280388316, 0.08783605466218912, 0.5258019299512401, 0.041135039494714115, 0.0010274867082537761, 0.3513011979935271, 0.1640288745789002, 0.001018561753090965, 0.41177573759482383, 0.6005965306426404, 0.7915556851602394, 0.19851355563994033, 6.501672658691201, 2.65711453992023, 1.4502075100360554, 2.7525935008439104, 2.1278022591861556, 1.1044331196862263, 1.7858073931395124, 0.8248260858807444, 4.305647304373192, 2.6566838833966315, 1.3179077374339703, 3.4967740397311444, 1.2763204222204088, 6.628279175895663, 6.3605147608954695, 1.634056955928662, 4.990265840023817, 6.542077806191699, 0.771311437135313, 8.461545970466418, 10.0, 0.8962735479924048, 1.2040697897411181, 1.9285740622213567, 1.2356343987015672, 0.7435731258746172]
APTIDAO: 
25.918183709899587
GEN: 3100
Individuo: 
[0.9362058652383233, 1.8817255898246619, 2.289267646329497, 2.4222268765994484, 1.6730324090998627, 0.8019210213961857, 0.5262238150953563, 0.17570957951597696, 1.1606281994301733, 0.06114553411661441, 0.44201934451022906, 1.023106931731183, 0.028637405579972835, 0.030164709244293327, 0.10106298280388316, 0.08783605466218912, 0.5225184249541638, 0.04122992625301664, 0.0010274867082537761, 0.3513011979935271, 0.1640288745789002, 0.001018561753090965, 0.41177573759482383, 0.6005965306426404, 0.7915556851602394, 0.1968708674954909, 6.501672658691201, 2.341535220410589, 1.4502075100360554, 2.7525935008439104, 2.1278022591861556, 1.1044331196862263, 1.7858073931395124, 0.8633731957181829, 4.305647304373192, 2.6566838833966315, 1.3179077374339703, 3.4967740397311444, 1.2763204222204088, 6.628279175895663, 6.3605147608954695, 1.634056955928662, 4.424418866358219, 6.305993014391993, 0.771311437135313, 8.461545970466418, 10.0, 0.8962735479924048, 1.2040697897411181, 1.9285740622213567, 1.2356343987015672, 1.2278215380837363]
APTIDAO: 
25.89115533462193
GEN: 3200
Individuo: 
[0.9362058652383233, 1.8817255898246619, 2.289267646329497, 2.4222268765994484, 1.6730324090998627, 0.8019210213961857, 0.5262238150953563, 0.17570957951597696, 1.1606281994301733, 0.06114553411661441, 0.44201934451022906, 1.023106931731183, 0.028637405579972835, 0.030164709244293327, 0.10106298280388316, 0.08138748634500109, 0.5225184249541638, 0.041170524594883684, 0.0010274867082537761, 0.3513011979935271, 0.1640288745789002, 0.001018561753090965, 0.41177573759482383, 0.6005965306426404, 0.7915556851602394, 0.19851355563994033, 6.501672658691201, 2.341535220410589, 1.4502075100360554, 2.7525935008439104, 2.1278022591861556, 1.1044331196862263, 1.7858073931395124, 0.8633731957181829, 4.305647304373192, 2.6566838833966315, 1.3179077374339703, 3.4967740397311444, 1.2763204222204088, 6.628279175895663, 6.3605147608954695, 2.0166054277102217, 4.424418866358219, 7.106415711350407, 0.771311437135313, 8.461545970466418, 10.0, 0.8962735479924048, 1.2040697897411181, 1.9285740622213567, 1.2356343987015672, 0.7435731258746172]
APTIDAO: 
25.837351984756936
GEN: 3300
Individuo: 
[0.9362058652383233, 1.8817255898246619, 2.289267646329497, 2.4222268765994484, 1.6730324090998627, 0.8019210213961857, 0.5262238150953563, 0.17570957951597696, 1.1606281994301733, 0.06114553411661441, 0.44201934451022906, 1.023106931731183, 0.028637405579972835, 0.030164709244293327, 0.10106298280388316, 0.08138748634500109, 0.5225184249541638, 0.041170524594883684, 0.0010172302197164456, 0.3513011979935271, 0.1640288745789002, 0.013928085542049754, 0.41177573759482383, 0.5965814906933375, 0.8092547361260943, 0.19851355563994033, 6.501672658691201, 2.341535220410589, 1.4502075100360554, 2.7525935008439104, 2.1278022591861556, 1.1044331196862263, 1.7858073931395124, 0.8633731957181829, 4.305647304373192, 2.6566838833966315, 1.3179077374339703, 3.4967740397311444, 1.2763204222204088, 6.628279175895663, 6.3605147608954695, 2.0166054277102217, 4.424418866358219, 7.106415711350407, 0.6420378014203129, 8.461545970466418, 10.0, 1.8253127953854007, 1.2040697897411181, 1.7868406904612126, 1.0316105304191239, 0.7435731258746172]
APTIDAO: 
25.811506558968215
GEN: 3400
Individuo: 
[0.9362058652383233, 1.8836644448678381, 2.289267646329497, 2.4222268765994484, 1.6730324090998627, 0.8019210213961857, 0.5262238150953563, 0.17570957951597696, 1.1606281994301733, 0.06114553411661441, 0.44201934451022906, 1.023106931731183, 0.028637405579972835, 0.030164709244293327, 0.10106298280388316, 0.08138748634500109, 0.5225184249541638, 0.041170524594883684, 0.0010061733426224898, 0.3513011979935271, 0.1640288745789002, 0.004012677512627247, 0.41177573759482383, 0.5965814906933375, 0.7915556851602394, 0.19851355563994033, 6.501672658691201, 1.8596334410927395, 1.4502075100360554, 2.7525935008439104, 2.1278022591861556, 1.1044331196862263, 1.7858073931395124, 0.8633731957181829, 4.305647304373192, 2.6566838833966315, 1.3179077374339703, 3.4967740397311444, 1.2763204222204088, 6.628279175895663, 6.3605147608954695, 2.0166054277102217, 4.424418866358219, 7.106415711350407, 0.7329162629911768, 8.461545970466418, 10.0, 2.194879780359696, 1.2040697897411181, 1.7868406904612126, 1.2356343987015672, 0.7435731258746172]
APTIDAO: 
25.807995440150922
GEN: 3500
Individuo: 
[0.9362058652383233, 1.8836644448678381, 2.289267646329497, 2.4222268765994484, 1.6605017840854996, 0.8019210213961857, 0.5262238150953563, 0.17570957951597696, 1.1606281994301733, 0.06262685143451222, 0.44201934451022906, 0.9717848931389712, 0.028637405579972835, 0.030164709244293327, 0.10106298280388316, 0.08085641559029948, 0.5225184249541638, 0.041170524594883684, 0.002096900802324414, 0.3513011979935271, 0.1640288745789002, 0.001708260162724774, 0.41177573759482383, 0.5952627101374175, 0.7915556851602394, 0.19851355563994033, 6.501672658691201, 1.8596334410927395, 1.4502075100360554, 2.7525935008439104, 1.9610040187872642, 1.1044331196862263, 1.7858073931395124, 0.8633731957181829, 4.305647304373192, 1.7672828520948365, 1.3179077374339703, 4.231925301063532, 1.2763204222204088, 6.628279175895663, 6.3605147608954695, 3.2316212262032855, 4.424418866358219, 7.106415711350407, 2.124090237870594, 8.461545970466418, 10.0, 0.9790866780865994, 1.2040697897411181, 1.5031723131106478, 1.2356343987015672, 0.7435731258746172]
APTIDAO: 
26.08223673651084
GEN: 3600
Individuo: 
[0.9362058652383233, 1.8836644448678381, 2.289267646329497, 2.4222268765994484, 1.6605017840854996, 0.8093183249443806, 0.5262238150953563, 0.17570957951597696, 1.1606281994301733, 0.06262685143451222, 0.44201934451022906, 1.0021924670003366, 0.028637405579972835, 0.030164709244293327, 0.10106298280388316, 0.08085641559029948, 0.5225184249541638, 0.05035543779141887, 0.001006118655722064, 0.3513011979935271, 0.1640288745789002, 0.008738983080720063, 0.41177573759482383, 0.5952627101374175, 0.7915556851602394, 0.19851355563994033, 6.501672658691201, 1.8596334410927395, 1.4502075100360554, 2.7525935008439104, 1.9610040187872642, 0.833114372177264, 1.7858073931395124, 0.8633731957181829, 4.305647304373192, 1.7672828520948365, 1.3179077374339703, 3.8948978002585415, 1.2763204222204088, 6.628279175895663, 6.3605147608954695, 3.2316212262032855, 4.424418866358219, 4.666614583455913, 2.734369854371422, 8.461545970466418, 10.0, 0.9535593745470696, 1.2040697897411181, 1.5031723131106478, 1.2356343987015672, 0.7435731258746172]
APTIDAO: 
25.922459370421446
GEN: 3700
Individuo: 
[0.9362058652383233, 1.8836644448678381, 2.289267646329497, 2.433526984209771, 1.6605017840854996, 0.8093183249443806, 0.5262238150953563, 0.17570957951597696, 1.1606281994301733, 0.05897605339677667, 0.44201934451022906, 1.0021924670003366, 0.028637405579972835, 0.030164709244293327, 0.10106298280388316, 0.07763781989706926, 0.5265092666223362, 0.05035543779141887, 0.001006118655722064, 0.3513011979935271, 0.18066226069270325, 0.0015042001805221422, 0.41177573759482383, 0.5952627101374175, 0.7915556851602394, 0.19851355563994033, 6.501672658691201, 1.8596334410927395, 1.4502075100360554, 2.31690077760511, 1.9610040187872642, 0.833114372177264, 1.7858073931395124, 0.8633731957181829, 4.305647304373192, 1.4486761740225362, 1.3179077374339703, 3.8948978002585415, 1.2763204222204088, 6.628279175895663, 6.3605147608954695, 1.9092693449461136, 2.4486966388852514, 4.666614583455913, 2.734369854371422, 8.461545970466418, 6.240503967930165, 0.9690213807261665, 1.2040697897411181, 1.5031723131106478, 1.2356343987015672, 0.7435731258746172]
APTIDAO: 
25.87476911968894
GEN: 3800
Individuo: 
[0.9362058652383233, 1.8836644448678381, 2.289267646329497, 2.433526984209771, 1.6605017840854996, 0.8093183249443806, 0.5262238150953563, 0.17570957951597696, 1.1606281994301733, 0.05897605339677667, 0.44201934451022906, 1.0021924670003366, 0.028637405579972835, 0.030164709244293327, 0.10106298280388316, 0.07845836172394904, 0.5265092666223362, 0.05035543779141887, 0.001006118655722064, 0.3513011979935271, 0.18066226069270325, 0.0010090415173237277, 0.4095402672580449, 0.5952627101374175, 0.7915556851602394, 0.19851355563994033, 6.501672658691201, 1.8596334410927395, 1.4502075100360554, 2.31690077760511, 1.9610040187872642, 0.833114372177264, 1.7858073931395124, 0.8633731957181829, 4.305647304373192, 1.4486761740225362, 1.3179077374339703, 3.8948978002585415, 1.2763204222204088, 6.628279175895663, 6.3605147608954695, 1.4443716179723884, 2.4486966388852514, 4.666614583455913, 2.734369854371422, 8.461545970466418, 6.240503967930165, 0.8846900714897739, 1.1166079431428624, 1.5031723131106478, 1.2356343987015672, 0.7435731258746172]
APTIDAO: 
25.858083485882933
GEN: 3900
Individuo: 
[0.9362058652383233, 1.8836644448678381, 2.289267646329497, 2.433526984209771, 1.6605017840854996, 0.8093183249443806, 0.5262238150953563, 0.17570957951597696, 1.1606281994301733, 0.05897605339677667, 0.44201934451022906, 1.0021924670003366, 0.028637405579972835, 0.030164709244293327, 0.10106298280388316, 0.07845836172394904, 0.5265092666223362, 0.05035543779141887, 0.001006118655722064, 0.3513011979935271, 0.18200417291353055, 0.001006537229146714, 0.4095402672580449, 0.5952627101374175, 0.7915556851602394, 0.19851355563994033, 6.501672658691201, 1.8596334410927395, 1.4502075100360554, 2.31690077760511, 1.9610040187872642, 0.833114372177264, 1.7858073931395124, 0.8633731957181829, 4.305647304373192, 1.4486761740225362, 1.3179077374339703, 3.8948978002585415, 1.2763204222204088, 6.628279175895663, 6.3605147608954695, 1.4443716179723884, 2.4486966388852514, 4.666614583455913, 2.734369854371422, 8.461545970466418, 3.5902433079182363, 1.5392041487263537, 1.1166079431428624, 1.5031723131106478, 1.2356343987015672, 0.7435731258746172]
APTIDAO: 
25.85599069585994
GEN: 4000
Individuo: 
[0.9362058652383233, 1.8836644448678381, 2.289267646329497, 2.433526984209771, 1.6605017840854996, 0.8093183249443806, 0.5262238150953563, 0.17570957951597696, 1.1606281994301733, 0.05897605339677667, 0.44201934451022906, 1.0021924670003366, 0.028637405579972835, 0.030164709244293327, 0.10106298280388316, 0.07845836172394904, 0.5265092666223362, 0.05035543779141887, 0.001006118655722064, 0.3513011979935271, 0.19306087048735573, 0.001481186432902545, 0.41786186164616484, 0.5952627101374175, 0.6881451560271501, 0.1945637946386722, 6.501672658691201, 1.8596334410927395, 1.4502075100360554, 2.31690077760511, 1.9610040187872642, 0.833114372177264, 1.7858073931395124, 0.8633731957181829, 4.305647304373192, 1.4486761740225362, 1.3179077374339703, 3.8948978002585415, 1.2763204222204088, 6.628279175895663, 6.3605147608954695, 1.4443716179723884, 2.4486966388852514, 4.666614583455913, 2.734369854371422, 8.461545970466418, 2.1237279194981906, 1.0685305681656787, 1.3822593926024627, 1.5031723131106478, 1.2228323808803367, 0.8750847655430972]
APTIDAO: 
25.847417947084036
GEN: 4100
Individuo: 
[0.9362058652383233, 1.8836644448678381, 2.289267646329497, 2.433526984209771, 1.6605017840854996, 0.8093183249443806, 0.5262238150953563, 0.17570957951597696, 1.1606281994301733, 0.05897605339677667, 0.44201934451022906, 1.0021924670003366, 0.028637405579972835, 0.030164709244293327, 0.10106298280388316, 0.07845836172394904, 0.5265092666223362, 0.050053415952209974, 0.001006118655722064, 0.3513011979935271, 0.19306087048735573, 0.0010255636725101114, 0.41786186164616484, 0.5952627101374175, 0.6881451560271501, 0.1945637946386722, 6.501672658691201, 1.8596334410927395, 1.4502075100360554, 2.31690077760511, 1.9610040187872642, 0.833114372177264, 1.7858073931395124, 0.8633731957181829, 4.305647304373192, 1.4486761740225362, 1.3179077374339703, 3.8948978002585415, 1.2763204222204088, 6.628279175895663, 6.3605147608954695, 1.4443716179723884, 2.4486966388852514, 3.3440119391037313, 2.734369854371422, 8.461545970466418, 2.1237279194981906, 0.5482772185498529, 1.3822593926024627, 1.5031723131106478, 1.2228323808803367, 0.8750847655430972]
APTIDAO: 
25.846557036817885
GEN: 4200
Individuo: 
[0.9362058652383233, 1.8836644448678381, 2.289267646329497, 2.433526984209771, 1.6605017840854996, 0.8093183249443806, 0.5262238150953563, 0.17570957951597696, 1.1606281994301733, 0.05897605339677667, 0.44201934451022906, 1.0021924670003366, 0.028637405579972835, 0.030164709244293327, 0.10106298280388316, 0.07845836172394904, 0.5265092666223362, 0.050053415952209974, 0.001006118655722064, 0.3513011979935271, 0.19306087048735573, 0.0010082189179429467, 0.41786186164616484, 0.5952627101374175, 0.6881451560271501, 0.1945637946386722, 6.501672658691201, 1.8596334410927395, 1.4502075100360554, 2.31690077760511, 1.9610040187872642, 0.833114372177264, 1.7858073931395124, 0.8633731957181829, 4.305647304373192, 1.4486761740225362, 1.3179077374339703, 3.8948978002585415, 1.2763204222204088, 6.628279175895663, 6.3605147608954695, 1.4443716179723884, 2.4486966388852514, 3.3440119391037313, 2.734369854371422, 8.461545970466418, 2.1237279194981906, 0.5482251471554278, 1.3822593926024627, 1.5031723131106478, 1.2228323808803367, 0.8750847655430972]
APTIDAO: 
25.846524946669323
GEN: 4300
Individuo: 
[0.9362058652383233, 1.8836644448678381, 2.289267646329497, 2.433526984209771, 1.6605017840854996, 0.8093183249443806, 0.5262238150953563, 0.17570957951597696, 1.1606281994301733, 0.05897605339677667, 0.44201934451022906, 1.0021924670003366, 0.028637405579972835, 0.030164709244293327, 0.10106298280388316, 0.07845836172394904, 0.5265092666223362, 0.050053415952209974, 0.001006118655722064, 0.3513011979935271, 0.19306087048735573, 0.0010162241280651694, 0.41786186164616484, 0.5952627101374175, 0.6881451560271501, 0.1945637946386722, 6.501672658691201, 1.8596334410927395, 1.4502075100360554, 2.31690077760511, 1.9610040187872642, 0.833114372177264, 1.7858073931395124, 0.8633731957181829, 4.305647304373192, 1.4486761740225362, 1.3179077374339703, 3.8948978002585415, 1.2763204222204088, 6.628279175895663, 6.3605147608954695, 1.4443716179723884, 2.4486966388852514, 3.3440119391037313, 2.734369854371422, 8.461545970466418, 2.1237279194981906, 0.4317628737560737, 1.3822593926024627, 1.5031723131106478, 1.2228323808803367, 0.8750847655430972]
APTIDAO: 
25.84653977030439
GEN: 4400
Individuo: 
[0.9362058652383233, 1.8836644448678381, 2.289267646329497, 2.433526984209771, 1.6605017840854996, 0.8093183249443806, 0.5262238150953563, 0.17570957951597696, 1.1606281994301733, 0.06297013857526683, 0.44201934451022906, 1.0021924670003366, 0.028637405579972835, 0.030164709244293327, 0.10106298280388316, 0.07845836172394904, 0.5265092666223362, 0.050053415952209974, 0.001006118655722064, 0.3513011979935271, 0.18398925391999338, 0.004276704411354935, 0.41786186164616484, 0.5952627101374175, 0.6881451560271501, 0.19046132311297334, 6.501672658691201, 1.8596334410927395, 1.4502075100360554, 2.31690077760511, 1.9610040187872642, 0.833114372177264, 1.7858073931395124, 0.8633731957181829, 4.305647304373192, 1.2888493400883851, 1.3179077374339703, 3.8948978002585415, 1.2763204222204088, 6.628279175895663, 6.3605147608954695, 1.4443716179723884, 2.4486966388852514, 3.3440119391037313, 2.734369854371422, 8.461545970466418, 1.5115259429403538, 0.7645836933887421, 1.3822593926024627, 1.5031723131106478, 1.2228323808803367, 0.8027917712149002]
APTIDAO: 
25.809735570219782
GEN: 4500
Individuo: 
[0.9362058652383233, 1.8836644448678381, 2.289267646329497, 2.433526984209771, 1.6605017840854996, 0.8093183249443806, 0.5262238150953563, 0.17570957951597696, 1.1606281994301733, 0.06297013857526683, 0.44201934451022906, 1.0021924670003366, 0.028637405579972835, 0.030164709244293327, 0.10106298280388316, 0.07845836172394904, 0.5265092666223362, 0.050053415952209974, 0.001006118655722064, 0.3513011979935271, 0.18398925391999338, 0.005606046807310586, 0.41786186164616484, 0.5952627101374175, 0.6881451560271501, 0.19046132311297334, 6.501672658691201, 1.8596334410927395, 1.4502075100360554, 2.31690077760511, 1.9610040187872642, 0.833114372177264, 1.7858073931395124, 0.8633731957181829, 4.305647304373192, 1.2888493400883851, 1.3179077374339703, 3.8948978002585415, 1.2763204222204088, 6.628279175895663, 6.3605147608954695, 1.4443716179723884, 2.4486966388852514, 3.3440119391037313, 2.734369854371422, 8.461545970466418, 1.5115259429403538, 0.7200448675713229, 1.3822593926024627, 1.5031723131106478, 1.2228323808803367, 0.8027917712149002]
APTIDAO: 
25.80952004695672
GEN: 4600
Individuo: 
[0.9362058652383233, 1.8836644448678381, 2.289267646329497, 2.433526984209771, 1.6605017840854996, 0.8093183249443806, 0.5262238150953563, 0.17570957951597696, 1.1606281994301733, 0.06297013857526683, 0.44201934451022906, 1.0021924670003366, 0.028637405579972835, 0.030164709244293327, 0.10106298280388316, 0.07845836172394904, 0.5265092666223362, 0.050053415952209974, 0.001006118655722064, 0.3513011979935271, 0.18398925391999338, 0.0027330481933818653, 0.41786186164616484, 0.5952627101374175, 0.6881451560271501, 0.19046132311297334, 6.501672658691201, 1.8596334410927395, 1.4502075100360554, 2.31690077760511, 1.9610040187872642, 0.833114372177264, 1.7858073931395124, 0.8633731957181829, 4.305647304373192, 1.2888493400883851, 1.3179077374339703, 3.8948978002585415, 1.2763204222204088, 6.628279175895663, 6.3605147608954695, 1.4443716179723884, 2.4486966388852514, 3.3440119391037313, 2.734369854371422, 8.461545970466418, 1.5115259429403538, 1.0513741267154988, 1.3822593926024627, 1.5031723131106478, 1.2228323808803367, 0.8027917712149002]
APTIDAO: 
25.81010537003337
GEN: 4700
Individuo: 
[0.9362058652383233, 1.8836644448678381, 2.289267646329497, 2.433526984209771, 1.6605017840854996, 0.8093183249443806, 0.5262238150953563, 0.17570957951597696, 1.1606281994301733, 0.06297013857526683, 0.44201934451022906, 1.0021924670003366, 0.028637405579972835, 0.030164709244293327, 0.10106298280388316, 0.07845836172394904, 0.5265092666223362, 0.050053415952209974, 0.001004172982562859, 0.3513011979935271, 0.18398925391999338, 0.0050833516990405996, 0.41786186164616484, 0.5952627101374175, 0.6881451560271501, 0.19046132311297334, 6.501672658691201, 1.8596334410927395, 1.4502075100360554, 2.31690077760511, 1.9610040187872642, 0.833114372177264, 1.7858073931395124, 0.8633731957181829, 4.305647304373192, 1.2888493400883851, 1.3179077374339703, 3.8948978002585415, 1.2763204222204088, 6.628279175895663, 6.3605147608954695, 1.4443716179723884, 2.4486966388852514, 3.3440119391037313, 1.4428407137006942, 8.461545970466418, 1.5115259429403538, 0.6785217575583815, 1.3822593926024627, 1.5031723131106478, 1.2228323808803367, 0.8027917712149002]
APTIDAO: 
25.809277937250606
GEN: 4800
Individuo: 
[0.9362058652383233, 1.8836644448678381, 2.289267646329497, 2.433526984209771, 1.6605017840854996, 0.8093183249443806, 0.5262238150953563, 0.17570957951597696, 1.1606281994301733, 0.06297013857526683, 0.44201934451022906, 1.0021924670003366, 0.028637405579972835, 0.030164709244293327, 0.10106298280388316, 0.07845836172394904, 0.5265092666223362, 0.050053415952209974, 0.0010000505721182063, 0.3513011979935271, 0.18398925391999338, 0.001016090129834346, 0.41786186164616484, 0.5952627101374175, 0.6758546384037337, 0.19046132311297334, 6.501672658691201, 1.8596334410927395, 1.4502075100360554, 2.31690077760511, 1.9610040187872642, 0.833114372177264, 1.7858073931395124, 0.8633731957181829, 4.305647304373192, 1.2888493400883851, 1.3179077374339703, 3.8948978002585415, 1.2763204222204088, 6.628279175895663, 6.3605147608954695, 1.4443716179723884, 2.4486966388852514, 3.3440119391037313, 0.5621569249866724, 8.461545970466418, 1.5115259429403538, 0.6213456720928103, 1.3822593926024627, 1.5031723131106478, 1.5385811188780736, 0.8027917712149002]
APTIDAO: 
25.822589947086307
GEN: 4900
Individuo: 
[0.9362058652383233, 1.8836644448678381, 2.289267646329497, 2.433526984209771, 1.6605017840854996, 0.8093183249443806, 0.5262238150953563, 0.17570957951597696, 1.1606281994301733, 0.0626435347224107, 0.44201934451022906, 1.0021924670003366, 0.028637405579972835, 0.030164709244293327, 0.10106298280388316, 0.07845836172394904, 0.5265092666223362, 0.050053415952209974, 0.0010000505721182063, 0.3513011979935271, 0.18398925391999338, 0.001016090129834346, 0.41786186164616484, 0.5952627101374175, 0.6758546384037337, 0.19046132311297334, 6.501672658691201, 1.8596334410927395, 1.4502075100360554, 2.31690077760511, 1.9610040187872642, 0.833114372177264, 1.7858073931395124, 0.8633731957181829, 4.305647304373192, 1.1853598456449266, 1.3179077374339703, 3.8948978002585415, 1.2763204222204088, 6.628279175895663, 6.3605147608954695, 1.4443716179723884, 2.4486966388852514, 3.3440119391037313, 0.5621569249866724, 8.461545970466418, 1.5115259429403538, 0.6213456720928103, 1.3822593926024627, 1.5031723131106478, 1.5385811188780736, 0.8027917712149002]
APTIDAO: 
25.824391639837003
GEN: 5000
Individuo: 
[0.9385195707585566, 1.8836644448678381, 2.289267646329497, 2.433526984209771, 1.6605017840854996, 0.8093183249443806, 0.5262238150953563, 0.17570957951597696, 1.1606281994301733, 0.011175695260509159, 0.44201934451022906, 1.0021924670003366, 0.033015950432973874, 0.030164709244293327, 0.10106298280388316, 0.007374444470672613, 0.5265092666223362, 0.19529120199375, 0.0010000505721182063, 0.3513011979935271, 0.3086469949764572, 0.0010048154112877966, 0.41786186164616484, 0.5952627101374175, 0.6758546384037337, 0.19046132311297334, 10.0, 1.8596334410927395, 1.4502075100360554, 2.31690077760511, 1.9610040187872642, 0.833114372177264, 1.7858073931395124, 0.8633731957181829, 4.305647304373192, 1.034391212160184, 1.3179077374339703, 3.8948978002585415, 0.8628824172884725, 6.628279175895663, 6.3605147608954695, 1.3643814292522223, 2.4486966388852514, 5.573542647962506, 0.5621569249866724, 8.461545970466418, 0.978680373240435, 0.547903422605288, 1.3822593926024627, 1.5031723131106478, 1.5385811188780736, 0.8027917712149002]
APTIDAO: 
29.536989459046357
GEN: 5100
Individuo: 
[0.9385195707585566, 1.8836644448678381, 2.289267646329497, 2.433526984209771, 1.6605017840854996, 0.8093183249443806, 0.5262238150953563, 0.17570957951597696, 1.1606281994301733, 0.021658546317548846, 0.44201934451022906, 1.0021924670003366, 0.033015950432973874, 0.030164709244293327, 0.059778728247938034, 0.02164761313188728, 0.6722970968350614, 0.19529120199375, 0.0010254765922023147, 0.3513011979935271, 0.3607402113622203, 0.0016113091403928458, 0.41786186164616484, 0.586919739767074, 0.6758546384037337, 0.1995479123384885, 10.0, 1.8596334410927395, 1.4502075100360554, 2.31690077760511, 1.9610040187872642, 0.833114372177264, 1.7858073931395124, 0.8633731957181829, 4.305647304373192, 0.9507327077189456, 1.3179077374339703, 3.8948978002585415, 0.8628824172884725, 6.628279175895663, 6.303691963530172, 1.0532797960908138, 4.278055801877812, 5.573542647962506, 0.9803178377999449, 8.461545970466418, 1.7668393592943799, 1.1187288619088676, 1.3822593926024627, 0.9805236214358333, 1.5385811188780736, 0.6581920105013989]
APTIDAO: 
26.685478754102906
GEN: 5200
Individuo: 
[0.9385195707585566, 1.8836644448678381, 2.289267646329497, 2.433526984209771, 1.6605017840854996, 0.8093183249443806, 0.5262238150953563, 0.17570957951597696, 1.1606281994301733, 0.025395304931955277, 0.44201934451022906, 1.0021924670003366, 0.032922085464533186, 0.030164709244293327, 0.062238259297872085, 0.02164761313188728, 0.6722970968350614, 0.19529120199375, 0.0010132082803924892, 0.3513011979935271, 0.3664428306569023, 0.010370057834680771, 0.41786186164616484, 0.586919739767074, 0.6758546384037337, 0.1995479123384885, 10.0, 1.8596334410927395, 1.4502075100360554, 2.31690077760511, 1.9610040187872642, 0.833114372177264, 1.7858073931395124, 0.8633731957181829, 4.305647304373192, 0.9370771081819406, 1.3179077374339703, 3.8948978002585415, 0.801365891737646, 6.628279175895663, 4.029839014652411, 1.0532797960908138, 4.278055801877812, 5.573542647962506, 1.1861610711891073, 8.461545970466418, 0.5163781328529581, 1.7523073247785532, 1.3822593926024627, 0.9805236214358333, 1.5385811188780736, 0.6581920105013989]
APTIDAO: 
26.582111257723923
GEN: 5300
Individuo: 
[0.9385195707585566, 1.8836644448678381, 2.289267646329497, 2.433526984209771, 1.6605017840854996, 0.8093183249443806, 0.5262238150953563, 0.17570957951597696, 1.1606281994301733, 0.025395304931955277, 0.44201934451022906, 1.0021924670003366, 0.032922085464533186, 0.030164709244293327, 0.062238259297872085, 0.024311139887931835, 0.6722970968350614, 0.19529120199375, 0.0010132082803924892, 0.3513011979935271, 0.3664428306569023, 0.021076115315152417, 0.41786186164616484, 0.586919739767074, 0.6758546384037337, 0.1995479123384885, 10.0, 1.8596334410927395, 1.4502075100360554, 2.31690077760511, 1.9610040187872642, 0.833114372177264, 1.7858073931395124, 0.8633731957181829, 4.305647304373192, 0.9370771081819406, 1.3179077374339703, 3.8948978002585415, 0.801365891737646, 6.628279175895663, 4.029839014652411, 1.0867285848816644, 4.278055801877812, 5.573542647962506, 1.1861610711891073, 8.461545970466418, 0.5163781328529581, 3.437817764228791, 1.3822593926024627, 0.9805236214358333, 1.5385811188780736, 0.6581920105013989]
APTIDAO: 
26.558372665281368
GEN: 5400
Individuo: 
[0.9385195707585566, 1.8836644448678381, 2.289267646329497, 2.433526984209771, 1.6605017840854996, 0.8064684426275764, 0.5262238150953563, 0.17570957951597696, 1.1606281994301733, 0.025395304931955277, 0.44201934451022906, 1.0021924670003366, 0.032922085464533186, 0.030164709244293327, 0.06547024415740457, 0.024320316564522486, 0.6722970968350614, 0.19529120199375, 0.0010076592214958502, 0.3513011979935271, 0.3664428306569023, 0.024666186613154242, 0.41786186164616484, 0.586919739767074, 0.6758546384037337, 0.1995479123384885, 10.0, 1.8596334410927395, 1.4502075100360554, 2.31690077760511, 1.9610040187872642, 0.5432830807802812, 1.7858073931395124, 0.8633731957181829, 4.305647304373192, 0.9370771081819406, 1.3179077374339703, 3.8948978002585415, 0.801365891737646, 6.628279175895663, 5.75285334936509, 1.369922990037128, 4.278055801877812, 5.573542647962506, 1.0405738867856011, 8.461545970466418, 0.5163781328529581, 2.411117952932061, 1.3822593926024627, 0.9805236214358333, 1.5385811188780736, 0.6581920105013989]
APTIDAO: 
26.472688497034746
GEN: 5500
Individuo: 
[0.9385195707585566, 1.8836644448678381, 2.289267646329497, 2.433526984209771, 1.6605017840854996, 0.8064684426275764, 0.5262238150953563, 0.17570957951597696, 1.1606281994301733, 0.025395304931955277, 0.44201934451022906, 1.0021924670003366, 0.032922085464533186, 0.030164709244293327, 0.06547024415740457, 0.024311139887931835, 0.6722970968350614, 0.19529120199375, 0.0010076592214958502, 0.3513011979935271, 0.3664428306569023, 0.03558938726501545, 0.41786186164616484, 0.586919739767074, 0.6758546384037337, 0.1995479123384885, 10.0, 1.8596334410927395, 1.4502075100360554, 2.31690077760511, 1.9610040187872642, 0.5432830807802812, 1.7858073931395124, 0.8633731957181829, 4.305647304373192, 0.9370771081819406, 1.3179077374339703, 3.8948978002585415, 0.801365891737646, 6.628279175895663, 5.75285334936509, 1.0867285848816644, 4.278055801877812, 5.573542647962506, 1.0405738867856011, 8.461545970466418, 0.5163781328529581, 1.7594733782084229, 1.3822593926024627, 0.9805236214358333, 1.5385811188780736, 0.6581920105013989]
APTIDAO: 
26.473292085764193
GEN: 5600
Individuo: 
[0.9385195707585566, 1.8836644448678381, 2.289267646329497, 2.433526984209771, 1.6605017840854996, 0.8064684426275764, 0.5262238150953563, 0.17570957951597696, 1.1606281994301733, 0.025395304931955277, 0.4523648719432319, 1.0021924670003366, 0.032922085464533186, 0.030164709244293327, 0.06736576572009703, 0.024449045664584224, 0.6685554888321948, 0.19529120199375, 0.0010076592214958502, 0.3559634194857411, 0.3664428306569023, 0.004987086532974738, 0.41786186164616484, 0.586919739767074, 0.6758546384037337, 0.1995479123384885, 10.0, 1.8596334410927395, 1.4502075100360554, 2.31690077760511, 1.9610040187872642, 0.5432830807802812, 1.7858073931395124, 0.8633731957181829, 4.305647304373192, 0.9370771081819406, 0.7905989626540095, 3.8948978002585415, 0.801365891737646, 6.628279175895663, 3.873343247264266, 1.8136479913096706, 5.354286702169698, 5.573542647962506, 1.0405738867856011, 6.47628484540575, 0.5163781328529581, 0.8930923599888381, 1.3822593926024627, 0.9805236214358333, 1.5385811188780736, 0.6581920105013989]
APTIDAO: 
26.419463388018247
GEN: 5700
Individuo: 
[0.9385195707585566, 1.9145522483364668, 2.289267646329497, 2.433526984209771, 1.6523542250186372, 0.8064684426275764, 0.5262238150953563, 0.17570957951597696, 1.1606281994301733, 0.018882825386939278, 0.451801985551952, 0.8806939098095917, 0.01803155559173953, 0.030655478953679295, 0.06736576572009703, 0.03315637736353282, 0.6685554888321948, 0.19529120199375, 0.0010076592214958502, 0.3559634194857411, 0.29174770526211863, 0.006732734259827033, 0.41786186164616484, 0.586919739767074, 0.9392748570871192, 0.13938369182941468, 10.0, 1.7264122283864163, 1.4502075100360554, 2.31690077760511, 1.8072299991273457, 0.5432830807802812, 1.7858073931395124, 0.8633731957181829, 4.305647304373192, 0.7363651207429521, 1.2015618718007166, 2.0917004569639737, 1.3298719063367226, 10.0, 3.873343247264266, 2.1585254389966906, 5.354286702169698, 5.573542647962506, 1.0405738867856011, 6.47628484540575, 0.44966178357097675, 0.7929317057694614, 1.3822593926024627, 0.9805236214358333, 1.0353209188978612, 0.6893232359699472]
APTIDAO: 
26.088019796635784
GEN: 5800
Individuo: 
[0.9385195707585566, 1.9145522483364668, 2.289267646329497, 2.433526984209771, 1.6523542250186372, 0.8064684426275764, 0.5262238150953563, 0.1761344854523721, 1.1606281994301733, 0.020366161044394305, 0.451801985551952, 0.8806939098095917, 0.01803155559173953, 0.030164709244293327, 0.06736576572009703, 0.02721892417487287, 0.6685554888321948, 0.19529120199375, 0.00108329033608843, 0.3559634194857411, 0.29174770526211863, 0.0010697581997257339, 0.41786186164616484, 0.586919739767074, 0.928011694763529, 0.13389806809016355, 10.0, 1.7264122283864163, 1.4502075100360554, 2.31690077760511, 1.8072299991273457, 0.5432830807802812, 1.7858073931395124, 1.0066007651659956, 4.305647304373192, 0.6621121167565637, 1.2015618718007166, 2.0917004569639737, 1.3298719063367226, 6.628279175895663, 3.873343247264266, 3.179725826111027, 5.354286702169698, 5.573542647962506, 0.6742892183471138, 6.47628484540575, 0.44966178357097675, 0.3899546035896664, 1.3822593926024627, 0.9805236214358333, 1.2179629027192231, 0.778961498200416]
APTIDAO: 
26.06525529575597
GEN: 5900
Individuo: 
[0.9385195707585566, 1.9145522483364668, 2.289267646329497, 2.433526984209771, 1.6523542250186372, 0.8064684426275764, 0.5262238150953563, 0.1761344854523721, 1.1606281994301733, 0.020366161044394305, 0.451801985551952, 0.8806939098095917, 0.01803155559173953, 0.030786589581174237, 0.06736576572009703, 0.02721892417487287, 0.6685554888321948, 0.19529120199375, 0.0010579618566467427, 0.3559634194857411, 0.29174770526211863, 0.0010467174613475777, 0.41786186164616484, 0.586919739767074, 0.9131401977157652, 0.13389806809016355, 10.0, 1.7264122283864163, 1.4502075100360554, 2.31690077760511, 1.8072299991273457, 0.5432830807802812, 1.7858073931395124, 1.0066007651659956, 4.305647304373192, 0.6621121167565637, 1.2015618718007166, 2.0917004569639737, 1.3298719063367226, 4.123936447534717, 3.873343247264266, 3.179725826111027, 5.354286702169698, 5.573542647962506, 0.7672363473124703, 6.47628484540575, 0.44966178357097675, 0.39232151061041565, 1.3822593926024627, 0.9805236214358333, 1.1327816067036025, 0.778961498200416]
APTIDAO: 
26.020222451281164
GEN: 6000
Individuo: 
[0.9385195707585566, 1.9145522483364668, 2.289267646329497, 2.433526984209771, 1.6523542250186372, 0.8064684426275764, 0.5262238150953563, 0.1761344854523721, 1.1606281994301733, 0.020366161044394305, 0.451801985551952, 0.8755397407349499, 0.017450623513841076, 0.030786589581174237, 0.06736576572009703, 0.02721892417487287, 0.6685554888321948, 0.19529120199375, 0.0014461452796525952, 0.3559634194857411, 0.29174770526211863, 0.0010467174613475777, 0.41786186164616484, 0.586919739767074, 0.9131401977157652, 0.13389806809016355, 10.0, 1.7264122283864163, 1.4502075100360554, 2.31690077760511, 1.8072299991273457, 0.5432830807802812, 1.7858073931395124, 1.0066007651659956, 4.305647304373192, 0.6621121167565637, 1.2015618718007166, 1.2415229804149204, 1.4983570008530318, 4.123936447534717, 3.873343247264266, 3.179725826111027, 5.354286702169698, 5.573542647962506, 0.7296893813346913, 6.47628484540575, 0.44966178357097675, 0.39232151061041565, 1.3822593926024627, 0.9805236214358333, 1.1327816067036025, 0.778961498200416]
APTIDAO: 
26.095646355253
GEN: 6100
Individuo: 
[0.9385195707585566, 1.9145522483364668, 2.289267646329497, 2.433526984209771, 1.6523542250186372, 0.8064684426275764, 0.5262238150953563, 0.17838148833572368, 1.1603199814430416, 0.020366161044394305, 0.451801985551952, 0.8755397407349499, 0.01670487405666082, 0.030786589581174237, 0.06736576572009703, 0.02721892417487287, 0.6685554888321948, 0.19529120199375, 0.0010000324837375553, 0.3559634194857411, 0.29174770526211863, 0.0010088104389802603, 0.41786186164616484, 0.586919739767074, 0.9131401977157652, 0.13389806809016355, 10.0, 1.7264122283864163, 1.4502075100360554, 2.31690077760511, 1.8072299991273457, 0.5432830807802812, 1.7858073931395124, 0.5913896108703286, 6.4454029611582575, 0.6621121167565637, 1.2015618718007166, 1.2415229804149204, 1.4234372580694805, 4.123936447534717, 3.873343247264266, 3.179725826111027, 5.354286702169698, 5.573542647962506, 0.39710294826545767, 6.47628484540575, 0.44966178357097675, 0.7364618487512344, 1.3822593926024627, 0.9805236214358333, 1.1327816067036025, 0.778961498200416]
APTIDAO: 
25.97510173787403
GEN: 6200
Individuo: 
[0.9385195707585566, 1.9145522483364668, 2.289267646329497, 2.433526984209771, 1.6523542250186372, 0.8064684426275764, 0.5262238150953563, 0.17838148833572368, 1.1603199814430416, 0.020366161044394305, 0.451801985551952, 0.8755397407349499, 0.01670487405666082, 0.030786589581174237, 0.06736576572009703, 0.02721892417487287, 0.6685554888321948, 0.19529120199375, 0.0010000324837375553, 0.3559634194857411, 0.29174770526211863, 0.0010285139342088615, 0.41786186164616484, 0.590928699075242, 0.9131401977157652, 0.1286716353806787, 10.0, 1.7264122283864163, 1.4502075100360554, 2.31690077760511, 1.8072299991273457, 0.5432830807802812, 1.7858073931395124, 0.5913896108703286, 6.4454029611582575, 0.6621121167565637, 1.2015618718007166, 1.2415229804149204, 1.4234372580694805, 4.123936447534717, 3.873343247264266, 3.179725826111027, 5.354286702169698, 5.573542647962506, 0.39710294826545767, 6.47628484540575, 0.44966178357097675, 0.9087742160882147, 1.3822593926024627, 0.8144501267458524, 1.1327816067036025, 0.5235031450449289]
APTIDAO: 
25.946224458501018
GEN: 6300
Individuo: 
[0.9385195707585566, 1.9145522483364668, 2.289267646329497, 2.405557626831402, 1.6523542250186372, 0.8064684426275764, 0.5262238150953563, 0.17838148833572368, 1.1603199814430416, 0.036324995529611576, 0.451801985551952, 0.8755397407349499, 0.01670487405666082, 0.030786589581174237, 0.06736576572009703, 0.03451017421870016, 0.6670032340916975, 0.19529120199375, 0.0011648331563808997, 0.3559634194857411, 0.10609364548097719, 0.013174517181973029, 0.41786186164616484, 0.590928699075242, 0.9131401977157652, 0.1207282692077683, 10.0, 1.7264122283864163, 1.4502075100360554, 1.7385728424902445, 1.8072299991273457, 0.5432830807802812, 1.7858073931395124, 0.5913896108703286, 6.4454029611582575, 0.9145572227279177, 1.2015618718007166, 1.2415229804149204, 1.4234372580694805, 4.123936447534717, 3.873343247264266, 3.257225092228044, 9.72595828273751, 5.573542647962506, 0.8001127915420205, 6.47628484540575, 0.37231772225226933, 1.7895016748099863, 1.3822593926024627, 0.8144501267458524, 1.1327816067036025, 0.843442235186082]
APTIDAO: 
25.99519024199439
GEN: 6400
Individuo: 
[0.9385195707585566, 1.9145522483364668, 2.289267646329497, 2.405557626831402, 1.6523542250186372, 0.8064684426275764, 0.5262238150953563, 0.1791193274576412, 1.1603199814430416, 0.03704147527825978, 0.451801985551952, 0.8755397407349499, 0.01670487405666082, 0.03429074643963138, 0.06881892337232894, 0.03451017421870016, 0.6744665680091649, 0.19529120199375, 0.0011520861115506698, 0.3559634194857411, 0.10609364548097719, 0.0013531087279379805, 0.41786186164616484, 0.590928699075242, 0.9092594001957138, 0.1207282692077683, 10.0, 1.7264122283864163, 1.4502075100360554, 1.7385728424902445, 1.8072299991273457, 0.5432830807802812, 1.7858073931395124, 0.9966185521125663, 6.4454029611582575, 0.9351875236388432, 1.2015618718007166, 1.2415229804149204, 1.4234372580694805, 2.7980495573484725, 3.149721585895064, 3.257225092228044, 8.641382893652315, 5.573542647962506, 1.1293415837810785, 6.47628484540575, 0.37231772225226933, 1.5727787997198364, 1.3822593926024627, 0.8144501267458524, 1.283547953677183, 0.843442235186082]
APTIDAO: 
25.81826955758908
GEN: 6500
Individuo: 
[0.9385195707585566, 1.9145522483364668, 2.289267646329497, 2.405557626831402, 1.6523542250186372, 0.8064684426275764, 0.5262238150953563, 0.1791193274576412, 1.1603199814430416, 0.10585561892081101, 0.451801985551952, 0.8755397407349499, 0.015215466144769492, 0.03429074643963138, 0.06881892337232894, 0.03325761850544158, 0.6744665680091649, 0.19529120199375, 0.0010211096470798763, 0.3559634194857411, 0.005733966689126069, 0.0013531087279379805, 0.41786186164616484, 0.590928699075242, 0.9092594001957138, 0.1023489165622907, 10.0, 1.7264122283864163, 1.4502075100360554, 1.7385728424902445, 1.8072299991273457, 0.5432830807802812, 1.7858073931395124, 0.9966185521125663, 6.4454029611582575, 1.4136385662226147, 1.2015618718007166, 1.2415229804149204, 0.9495480724829322, 2.7980495573484725, 3.149721585895064, 2.790137138149284, 8.641382893652315, 5.573542647962506, 1.4070082693191277, 6.47628484540575, 0.31528396254511293, 1.5727787997198364, 1.3822593926024627, 0.8144501267458524, 1.283547953677183, 0.8989347206711169]
APTIDAO: 
25.986086588938292
GEN: 6600
Individuo: 
[0.9385195707585566, 1.9145522483364668, 2.2521178377513977, 2.405557626831402, 1.6523542250186372, 0.8064684426275764, 0.5262238150953563, 0.1791193274576412, 1.1603199814430416, 0.1007606832924246, 0.451801985551952, 0.8755397407349499, 0.015215466144769492, 0.03429074643963138, 0.05997351151983028, 0.03325761850544158, 0.6744665680091649, 0.19529120199375, 0.0010170054404026634, 0.3559634194857411, 0.005733966689126069, 0.001796633318584204, 0.41786186164616484, 0.5715750667887464, 0.9092594001957138, 0.1023489165622907, 10.0, 1.7264122283864163, 0.9769278963183877, 1.7385728424902445, 1.8072299991273457, 0.5432830807802812, 1.7858073931395124, 0.9966185521125663, 6.4454029611582575, 1.5530955492214178, 1.2015618718007166, 1.2415229804149204, 0.9495480724829322, 2.7980495573484725, 2.9196079261612122, 2.790137138149284, 8.641382893652315, 5.573542647962506, 1.027205730135216, 6.47628484540575, 0.31528396254511293, 1.501502983752368, 1.3822593926024627, 0.600802716873381, 1.283547953677183, 0.8989347206711169]
APTIDAO: 
25.91782073992101
GEN: 6700
Individuo: 
[0.9385195707585566, 1.9145522483364668, 2.2521178377513977, 2.405557626831402, 1.6523542250186372, 0.8064684426275764, 0.5332424923921552, 0.17944358514298325, 1.1603199814430416, 0.11717639438266614, 0.451801985551952, 0.8755397407349499, 0.015215466144769492, 0.03429074643963138, 0.05997351151983028, 0.0281995686760002, 0.6744665680091649, 0.19031567170774083, 0.0018929435191597803, 0.3559634194857411, 0.002008899655720884, 0.001267297887779059, 0.41786186164616484, 0.5715750667887464, 0.8419320605553271, 0.1023489165622907, 10.0, 1.7264122283864163, 0.9769278963183877, 1.7385728424902445, 1.8072299991273457, 0.5432830807802812, 1.4284164209964254, 1.3687808583218344, 6.4454029611582575, 1.773900293822184, 1.2015618718007166, 1.2415229804149204, 0.9495480724829322, 2.7980495573484725, 2.9196079261612122, 1.962203093011363, 8.641382893652315, 7.676781224036998, 1.3747140497723531, 6.47628484540575, 0.6539924748947641, 0.8353103595911078, 1.3822593926024627, 0.600802716873381, 0.9740079435837857, 0.8989347206711169]
APTIDAO: 
25.620642358118488
GEN: 6800
Individuo: 
[0.9385195707585566, 1.9145522483364668, 2.2521178377513977, 2.405557626831402, 1.6523542250186372, 0.8064684426275764, 0.5332424923921552, 0.17944358514298325, 1.1603199814430416, 0.11717639438266614, 0.451801985551952, 0.8755397407349499, 0.015215466144769492, 0.03429074643963138, 0.05997351151983028, 0.028417000925882216, 0.6744665680091649, 0.19031567170774083, 0.001018299184211715, 0.3559634194857411, 0.0012024731892884618, 0.0010355641431564002, 0.41786186164616484, 0.5635220484304974, 0.8419320605553271, 0.1023489165622907, 10.0, 1.7264122283864163, 0.9769278963183877, 1.7385728424902445, 1.8072299991273457, 0.5432830807802812, 1.4284164209964254, 1.3687808583218344, 6.4454029611582575, 1.773900293822184, 1.2015618718007166, 1.2415229804149204, 0.9495480724829322, 2.7980495573484725, 2.9196079261612122, 1.8041745729646192, 8.641382893652315, 7.676781224036998, 0.5076838887826068, 6.47628484540575, 1.0232064282114832, 0.892580373138639, 1.3822593926024627, 0.972759845763217, 0.9740079435837857, 0.8989347206711169]
APTIDAO: 
25.407466577828874
GEN: 6900
Individuo: 
[0.9385195707585566, 1.9167308334322435, 2.2521178377513977, 2.405557626831402, 1.6523542250186372, 0.8064684426275764, 0.5332424923921552, 0.17944358514298325, 1.1603199814430416, 0.11717639438266614, 0.451801985551952, 0.8755397407349499, 0.015215466144769492, 0.03429074643963138, 0.05997351151983028, 0.028417000925882216, 0.6744665680091649, 0.19031567170774083, 0.001018299184211715, 0.3559634194857411, 0.001422690737635749, 0.0010014333727892788, 0.41786186164616484, 0.5635220484304974, 0.8331942942094941, 0.1023489165622907, 10.0, 2.122318917106836, 0.9769278963183877, 1.7385728424902445, 1.8072299991273457, 0.5432830807802812, 1.4284164209964254, 1.3687808583218344, 6.4454029611582575, 1.773900293822184, 1.2015618718007166, 1.2415229804149204, 0.9495480724829322, 2.7980495573484725, 2.9196079261612122, 1.8041745729646192, 8.641382893652315, 7.676781224036998, 0.5076838887826068, 6.47628484540575, 0.8613299467964819, 1.1918846405595926, 1.3822593926024627, 0.972759845763217, 1.3997856829025166, 0.8989347206711169]
APTIDAO: 
25.396233750414545
GEN: 7000
Individuo: 
[0.9385195707585566, 1.962720782008019, 2.2521178377513977, 2.405557626831402, 1.6523542250186372, 0.8064684426275764, 0.5332424923921552, 0.17944358514298325, 1.1603199814430416, 0.11717639438266614, 0.451801985551952, 1.2683232883232884, 0.005053811662188071, 0.03429074643963138, 0.06394458814098215, 0.028417000925882216, 0.6744665680091649, 0.19031567170774083, 0.0010028015693068601, 0.3559634194857411, 0.0015017528162038721, 0.0010014333727892788, 0.41786186164616484, 0.5635220484304974, 0.8331942942094941, 0.1023489165622907, 10.0, 2.3936260133975193, 0.9769278963183877, 1.7385728424902445, 1.8072299991273457, 0.5432830807802812, 1.4284164209964254, 1.3687808583218344, 6.4454029611582575, 1.773900293822184, 1.2015618718007166, 1.824449164819002, 0.5588352438345839, 2.7980495573484725, 3.2158576504079455, 1.8041745729646192, 8.641382893652315, 7.676781224036998, 0.5976051674909871, 6.47628484540575, 0.832467509692857, 1.1918846405595926, 1.3822593926024627, 0.972759845763217, 1.3997856829025166, 0.8989347206711169]
APTIDAO: 
26.81144683978241
GEN: 7100
Individuo: 
[0.9385195707585566, 1.9167308334322435, 2.2521178377513977, 2.405557626831402, 1.6523542250186372, 0.8064684426275764, 0.5332424923921552, 0.17944358514298325, 1.1603199814430416, 0.12313628696537264, 0.451801985551952, 0.8591288258103433, 0.014520205093063643, 0.03429074643963138, 0.06394458814098215, 0.028417000925882216, 0.6744665680091649, 0.19031567170774083, 0.0010631836500599092, 0.3559634194857411, 0.0010038585095336493, 0.0032968924064261714, 0.4150812403522516, 0.5635220484304974, 0.7959086566318455, 0.09208065872713844, 10.0, 2.122318917106836, 0.9769278963183877, 1.7385728424902445, 1.8072299991273457, 0.5432830807802812, 1.4284164209964254, 1.3687808583218344, 6.4454029611582575, 1.2134332593186026, 1.2015618718007166, 0.7180855165271476, 0.9621668784297684, 2.7980495573484725, 3.2158576504079455, 1.8041745729646192, 8.641382893652315, 7.676781224036998, 0.6347048266062177, 6.47628484540575, 1.0374653292035418, 2.1281861411734844, 2.037004316558495, 0.972759845763217, 1.294683179737117, 1.1601015651907054]
APTIDAO: 
25.340440085885298
GEN: 7200
Individuo: 
[0.9385195707585566, 1.9167308334322435, 2.2521178377513977, 2.405557626831402, 1.6523542250186372, 0.8064684426275764, 0.5332424923921552, 0.17944358514298325, 1.1603199814430416, 0.1209185676888093, 0.451801985551952, 0.8591288258103433, 0.014520205093063643, 0.03429074643963138, 0.06394458814098215, 0.031301175477378845, 0.6744665680091649, 0.19031567170774083, 0.0010119265750884753, 0.3559634194857411, 0.0010038585095336493, 0.0012733490164730616, 0.4150812403522516, 0.5635220484304974, 0.7959086566318455, 0.09208065872713844, 10.0, 2.122318917106836, 0.9769278963183877, 1.7385728424902445, 1.8072299991273457, 0.5432830807802812, 1.4284164209964254, 1.3687808583218344, 6.4454029611582575, 1.0290960112609695, 1.2015618718007166, 0.7180855165271476, 0.9621668784297684, 2.7980495573484725, 3.2158576504079455, 1.496068883814237, 8.641382893652315, 7.676781224036998, 1.1727303996301395, 6.47628484540575, 1.0374653292035418, 2.2464401194193213, 2.037004316558495, 0.972759845763217, 1.294683179737117, 1.1601015651907054]
APTIDAO: 
25.265837873540818
GEN: 7300
Individuo: 
[0.9385195707585566, 1.9167308334322435, 2.2521178377513977, 2.405557626831402, 1.6523542250186372, 0.8064684426275764, 0.5379127168908083, 0.17944358514298325, 1.1603199814430416, 0.1209185676888093, 0.451801985551952, 0.8591288258103433, 0.014520205093063643, 0.03429074643963138, 0.06394458814098215, 0.031301175477378845, 0.6744665680091649, 0.19031567170774083, 0.0010119265750884753, 0.3559634194857411, 0.0010038585095336493, 0.0010361909422278827, 0.4150812403522516, 0.5635220484304974, 0.7959086566318455, 0.09208065872713844, 10.0, 2.122318917106836, 0.9769278963183877, 1.7385728424902445, 1.8072299991273457, 0.5432830807802812, 1.4532138043373732, 1.3687808583218344, 6.4454029611582575, 1.0290960112609695, 1.2015618718007166, 0.7180855165271476, 0.9621668784297684, 2.7980495573484725, 3.2158576504079455, 1.496068883814237, 8.641382893652315, 7.676781224036998, 1.1727303996301395, 6.47628484540575, 1.0374653292035418, 1.9622753162932964, 2.037004316558495, 0.972759845763217, 1.294683179737117, 1.1601015651907054]
APTIDAO: 
25.244533951516402
GEN: 7400
Individuo: 
[0.9385195707585566, 1.9167308334322435, 2.2521178377513977, 2.4090018076836057, 1.6523542250186372, 0.8064684426275764, 0.5379127168908083, 0.17944358514298325, 1.1603199814430416, 0.1209185676888093, 0.451801985551952, 0.8641225795630144, 0.013648694614021614, 0.03429074643963138, 0.06394458814098215, 0.03446935018733311, 0.6744665680091649, 0.19031567170774083, 0.001096651708051914, 0.3559634194857411, 0.0014010931072990082, 0.0010361909422278827, 0.4150812403522516, 0.5635220484304974, 0.7959086566318455, 0.09208065872713844, 10.0, 2.122318917106836, 0.9769278963183877, 1.4689540875931697, 1.8072299991273457, 0.5432830807802812, 1.4532138043373732, 1.3687808583218344, 6.4454029611582575, 1.0290960112609695, 1.2015618718007166, 0.6421177132442482, 1.0334647303867563, 2.7980495573484725, 3.2158576504079455, 0.741120782849123, 8.641382893652315, 7.676781224036998, 0.8770256268674499, 6.47628484540575, 1.0057998548312876, 1.9622753162932964, 2.037004316558495, 0.972759845763217, 1.294683179737117, 1.1601015651907054]
APTIDAO: 
25.28101374033073
GEN: 7500
Individuo: 
[0.9385195707585566, 1.9167308334322435, 2.2521178377513977, 2.4090018076836057, 1.6523542250186372, 0.8064684426275764, 0.5379127168908083, 0.17944358514298325, 1.1603199814430416, 0.1209185676888093, 0.451801985551952, 0.8641225795630144, 0.013648694614021614, 0.03429074643963138, 0.06394458814098215, 0.03446935018733311, 0.6744665680091649, 0.19031567170774083, 0.0010355158486195942, 0.3559634194857411, 0.0013744812233535124, 0.0010361909422278827, 0.4150812403522516, 0.5635220484304974, 0.8156566672976842, 0.09208065872713844, 10.0, 2.122318917106836, 0.9769278963183877, 1.4689540875931697, 1.8072299991273457, 0.5432830807802812, 1.4532138043373732, 1.3687808583218344, 6.4454029611582575, 1.0290960112609695, 1.2015618718007166, 0.6421177132442482, 1.0334647303867563, 2.7980495573484725, 3.2158576504079455, 0.741120782849123, 8.641382893652315, 7.676781224036998, 0.6562559809952205, 6.47628484540575, 1.067799420850036, 1.9622753162932964, 2.037004316558495, 0.972759845763217, 0.8669390072594659, 1.1601015651907054]
APTIDAO: 
25.26519398951942
GEN: 7600
Individuo: 
[0.9385195707585566, 1.9167308334322435, 2.2521178377513977, 2.4090018076836057, 1.6523542250186372, 0.8064684426275764, 0.5379127168908083, 0.1795872372979442, 1.1603199814430416, 0.1209185676888093, 0.451801985551952, 0.8641225795630144, 0.01366788016199816, 0.03429074643963138, 0.06394458814098215, 0.03446935018733311, 0.6744665680091649, 0.19031567170774083, 0.0010055317010114547, 0.3559634194857411, 0.001513283976734532, 0.0010361909422278827, 0.4150812403522516, 0.5635220484304974, 0.8039403750105143, 0.09208065872713844, 10.0, 2.122318917106836, 0.9769278963183877, 1.4689540875931697, 1.8072299991273457, 0.5432830807802812, 1.4532138043373732, 1.6366308939437777, 6.4454029611582575, 1.0290960112609695, 1.2015618718007166, 0.6421177132442482, 1.5228195424868258, 2.7980495573484725, 3.2158576504079455, 0.741120782849123, 8.641382893652315, 7.676781224036998, 0.6435453160843098, 6.47628484540575, 0.8515043441074492, 1.9622753162932964, 2.037004316558495, 0.972759845763217, 1.3884748633532182, 1.1601015651907054]
APTIDAO: 
25.249276909887623
GEN: 7700
Individuo: 
[0.9385195707585566, 1.9167308334322435, 2.2521178377513977, 2.4090018076836057, 1.6523542250186372, 0.8064684426275764, 0.5379127168908083, 0.1795872372979442, 1.1603199814430416, 0.1209185676888093, 0.451801985551952, 0.8641225795630144, 0.01366788016199816, 0.03429074643963138, 0.06394458814098215, 0.03451489630449305, 0.6744665680091649, 0.19031567170774083, 0.0010055317010114547, 0.3559634194857411, 0.001513283976734532, 0.0010214485721448503, 0.4150812403522516, 0.5635220484304974, 0.8039403750105143, 0.09208065872713844, 10.0, 2.122318917106836, 0.9769278963183877, 1.4689540875931697, 1.8072299991273457, 0.5432830807802812, 1.4532138043373732, 1.6366308939437777, 6.4454029611582575, 1.0290960112609695, 1.2015618718007166, 0.6421177132442482, 1.5228195424868258, 2.7980495573484725, 3.2158576504079455, 0.46668375799285566, 8.641382893652315, 7.676781224036998, 0.6435453160843098, 6.47628484540575, 0.8515043441074492, 1.7750601256795837, 2.037004316558495, 0.972759845763217, 1.3884748633532182, 1.1601015651907054]
APTIDAO: 
25.249011853589483
GEN: 7800
Individuo: 
[0.9385195707585566, 1.9167308334322435, 2.2521178377513977, 2.4090018076836057, 1.6523542250186372, 0.8064684426275764, 0.5380724370755862, 0.1795872372979442, 1.1603199814430416, 0.1209185676888093, 0.451801985551952, 0.8641225795630144, 0.01366788016199816, 0.03429074643963138, 0.06394458814098215, 0.03451489630449305, 0.6744665680091649, 0.19031567170774083, 0.0010055317010114547, 0.3559634194857411, 0.001513283976734532, 0.0010214485721448503, 0.4150812403522516, 0.5635220484304974, 0.8039403750105143, 0.09208065872713844, 10.0, 2.122318917106836, 0.9769278963183877, 1.4689540875931697, 1.8072299991273457, 0.5432830807802812, 1.3143734079726688, 1.6366308939437777, 6.4454029611582575, 1.0290960112609695, 1.2015618718007166, 0.6421177132442482, 1.5228195424868258, 2.7980495573484725, 3.2158576504079455, 0.46668375799285566, 8.641382893652315, 7.676781224036998, 0.6435453160843098, 6.47628484540575, 0.8515043441074492, 1.7750601256795837, 2.037004316558495, 0.972759845763217, 1.3884748633532182, 1.1601015651907054]
APTIDAO: 
25.24815283578352
GEN: 7900
Individuo: 
[0.9385195707585566, 1.9167308334322435, 2.2521178377513977, 2.4090018076836057, 1.6523542250186372, 0.8064684426275764, 0.5380724370755862, 0.1795872372979442, 1.1603199814430416, 0.1209185676888093, 0.451801985551952, 0.8641225795630144, 0.01366788016199816, 0.03429074643963138, 0.06394458814098215, 0.03451489630449305, 0.6744665680091649, 0.18402736453910973, 0.0010055317010114547, 0.3559634194857411, 0.0025181484208643, 0.0010214485721448503, 0.4150812403522516, 0.5635220484304974, 0.8039403750105143, 0.09263457337533866, 10.0, 2.122318917106836, 0.9769278963183877, 1.4689540875931697, 1.8072299991273457, 0.5432830807802812, 1.3143734079726688, 1.6366308939437777, 6.4454029611582575, 1.0290960112609695, 1.2015618718007166, 0.6421177132442482, 1.5228195424868258, 2.7980495573484725, 3.2158576504079455, 0.46668375799285566, 8.641382893652315, 3.3823591625608276, 0.6435453160843098, 6.47628484540575, 1.2159832373002997, 1.7750601256795837, 2.037004316558495, 0.972759845763217, 1.3884748633532182, 1.4960873321443386]
APTIDAO: 
25.26790995200979
GEN: 8000
Individuo: 
[0.9385195707585566, 1.9167308334322435, 2.2521178377513977, 2.4090018076836057, 1.6523542250186372, 0.8064684426275764, 0.5380724370755862, 0.1795872372979442, 1.1603199814430416, 0.12604520217270768, 0.451801985551952, 0.8641225795630144, 0.015444035322484943, 0.03429074643963138, 0.06036559042413535, 0.03451489630449305, 0.6744665680091649, 0.18402736453910973, 0.0010055317010114547, 0.3559634194857411, 0.0011048472549120482, 0.0010214485721448503, 0.4150812403522516, 0.5635220484304974, 0.8039403750105143, 0.09429478509543111, 10.0, 2.122318917106836, 0.9769278963183877, 1.4689540875931697, 1.8072299991273457, 0.5432830807802812, 1.3143734079726688, 1.6366308939437777, 6.4454029611582575, 1.0777941019508472, 1.2015618718007166, 0.6421177132442482, 1.2223679799210494, 2.7980495573484725, 3.033255656276429, 0.46668375799285566, 8.641382893652315, 3.3823591625608276, 0.6435453160843098, 6.47628484540575, 0.5039185835456146, 1.7750601256795837, 2.037004316558495, 0.972759845763217, 1.3884748633532182, 1.5051235948052921]
APTIDAO: 
25.152698111485858
GEN: 8100
Individuo: 
[0.9385195707585566, 1.9167308334322435, 2.2521178377513977, 2.4090018076836057, 1.6523542250186372, 0.8064684426275764, 0.5380724370755862, 0.1795872372979442, 1.1603199814430416, 0.12604520217270768, 0.451801985551952, 0.8641225795630144, 0.014898656225716959, 0.03429074643963138, 0.06036559042413535, 0.03451489630449305, 0.6744665680091649, 0.18402736453910973, 0.0010632075204453652, 0.3559634194857411, 0.001057536912193689, 0.0013113233722354058, 0.4150812403522516, 0.5635220484304974, 0.7360027058356851, 0.08936696702022787, 10.0, 2.122318917106836, 0.9769278963183877, 1.4689540875931697, 1.8072299991273457, 0.5432830807802812, 1.3143734079726688, 1.6366308939437777, 6.4454029611582575, 1.0777941019508472, 1.2015618718007166, 0.6421177132442482, 1.3018169135650066, 2.7980495573484725, 3.033255656276429, 0.46668375799285566, 8.641382893652315, 3.3823591625608276, 0.7222874825396898, 6.47628484540575, 0.8407711690497677, 2.5380914856272963, 2.037004316558495, 0.972759845763217, 0.7305923112349778, 2.320610572357661]
APTIDAO: 
25.170086998096526
GEN: 8200
Individuo: 
[0.9385195707585566, 1.9167308334322435, 2.2521178377513977, 2.4090018076836057, 1.6523542250186372, 0.8064684426275764, 0.5380724370755862, 0.1795872372979442, 1.1603199814430416, 0.12604520217270768, 0.451801985551952, 0.8641225795630144, 0.014898656225716959, 0.03429074643963138, 0.06036559042413535, 0.03451489630449305, 0.6744665680091649, 0.18402736453910973, 0.0010632075204453652, 0.3559634194857411, 0.0010200645127082593, 0.0013113233722354058, 0.4150812403522516, 0.5635220484304974, 0.7360027058356851, 0.08936696702022787, 10.0, 2.122318917106836, 0.9769278963183877, 1.4689540875931697, 1.8072299991273457, 0.5432830807802812, 1.3143734079726688, 1.6366308939437777, 6.4454029611582575, 1.0777941019508472, 1.2015618718007166, 0.6421177132442482, 1.3018169135650066, 2.7980495573484725, 3.033255656276429, 0.46668375799285566, 8.641382893652315, 3.3823591625608276, 0.7222874825396898, 6.47628484540575, 1.0549891752253926, 2.5380914856272963, 2.037004316558495, 0.972759845763217, 0.7305923112349778, 2.320610572357661]
APTIDAO: 
25.168402949510746
GEN: 8300
Individuo: 
[0.9385195707585566, 1.9167308334322435, 2.2521178377513977, 2.4090018076836057, 1.6523542250186372, 0.8064684426275764, 0.5380724370755862, 0.1795872372979442, 1.1603199814430416, 0.12604520217270768, 0.451801985551952, 0.8641225795630144, 0.01545639231480774, 0.03429074643963138, 0.06036559042413535, 0.03451489630449305, 0.6744665680091649, 0.18402736453910973, 0.0010271975244054055, 0.3559634194857411, 0.0014507603792590956, 0.0013113233722354058, 0.4150812403522516, 0.5635220484304974, 0.7360027058356851, 0.08936696702022787, 10.0, 2.122318917106836, 0.9769278963183877, 1.4689540875931697, 1.8072299991273457, 0.5432830807802812, 1.3143734079726688, 1.6366308939437777, 6.4454029611582575, 1.0777941019508472, 1.2015618718007166, 0.6421177132442482, 1.4590871753390542, 2.7980495573484725, 3.033255656276429, 0.46668375799285566, 8.641382893652315, 3.3823591625608276, 0.7629098490449513, 6.47628484540575, 0.8214995660804149, 2.5380914856272963, 2.037004316558495, 0.972759845763217, 0.7305923112349778, 2.320610572357661]
APTIDAO: 
25.141386558079194
GEN: 8400
Individuo: 
[0.9385195707585566, 1.9167308334322435, 2.2521178377513977, 2.4090018076836057, 1.6523542250186372, 0.8064684426275764, 0.5380724370755862, 0.1795872372979442, 1.1603199814430416, 0.12604520217270768, 0.451801985551952, 0.8641225795630144, 0.01545639231480774, 0.03429074643963138, 0.06036559042413535, 0.03451489630449305, 0.6744665680091649, 0.18402736453910973, 0.0010271975244054055, 0.3559634194857411, 0.001480901666591226, 0.0010114773090099218, 0.4150812403522516, 0.5635220484304974, 0.7360027058356851, 0.08936696702022787, 10.0, 2.122318917106836, 0.9769278963183877, 1.4689540875931697, 1.8072299991273457, 0.5432830807802812, 1.3143734079726688, 1.6366308939437777, 6.4454029611582575, 1.0777941019508472, 1.2015618718007166, 0.6421177132442482, 1.4590871753390542, 2.7980495573484725, 3.033255656276429, 0.46668375799285566, 8.641382893652315, 3.3823591625608276, 0.7629098490449513, 6.47628484540575, 1.0697756277538424, 2.0989504194314534, 2.037004316558495, 0.972759845763217, 0.7305923112349778, 2.320610572357661]
APTIDAO: 
25.139472246236622
GEN: 8500
Individuo: 
[0.9385195707585566, 1.9167308334322435, 2.2521178377513977, 2.4090018076836057, 1.6523542250186372, 0.8064684426275764, 0.5380724370755862, 0.1795872372979442, 1.1603199814430416, 0.12604520217270768, 0.451801985551952, 0.8641225795630144, 0.01545639231480774, 0.03429074643963138, 0.06036559042413535, 0.03451489630449305, 0.6744665680091649, 0.18402736453910973, 0.0010271975244054055, 0.3559634194857411, 0.0013899740067463745, 0.0010154972442797294, 0.4150812403522516, 0.5635220484304974, 0.7360027058356851, 0.08936696702022787, 10.0, 2.122318917106836, 0.9769278963183877, 1.4689540875931697, 1.8072299991273457, 0.5432830807802812, 1.3143734079726688, 1.6366308939437777, 6.4454029611582575, 1.0777941019508472, 1.2015618718007166, 0.6421177132442482, 1.4590871753390542, 2.7980495573484725, 3.033255656276429, 0.46668375799285566, 8.641382893652315, 3.3823591625608276, 0.7629098490449513, 6.47628484540575, 0.9607513393768259, 1.1659868163142293, 2.037004316558495, 0.972759845763217, 0.7305923112349778, 2.320610572357661]
APTIDAO: 
25.13576362137854
GEN: 8600
Individuo: 
[0.9385195707585566, 1.9167308334322435, 2.2521178377513977, 2.4090018076836057, 1.6523542250186372, 0.8064684426275764, 0.5380724370755862, 0.1795872372979442, 1.1603199814430416, 0.12604520217270768, 0.451801985551952, 0.8641225795630144, 0.01545639231480774, 0.03429074643963138, 0.06036559042413535, 0.03451489630449305, 0.6744665680091649, 0.18402736453910973, 0.0010063259382558651, 0.3559634194857411, 0.0013899740067463745, 0.0010154972442797294, 0.4150812403522516, 0.5635220484304974, 0.7360027058356851, 0.08936696702022787, 10.0, 2.122318917106836, 0.9769278963183877, 1.4689540875931697, 1.8072299991273457, 0.5432830807802812, 1.3143734079726688, 1.6366308939437777, 6.4454029611582575, 1.0777941019508472, 1.2015618718007166, 0.6421177132442482, 1.4590871753390542, 2.7980495573484725, 3.033255656276429, 0.46668375799285566, 8.641382893652315, 3.3823591625608276, 0.8095243796588122, 6.47628484540575, 0.9607513393768259, 1.1659868163142293, 2.037004316558495, 0.972759845763217, 0.7305923112349778, 2.320610572357661]
APTIDAO: 
25.133233591357797
GEN: 8700
Individuo: 
[0.9385195707585566, 1.9167308334322435, 2.2521178377513977, 2.4090018076836057, 1.6523542250186372, 0.8064684426275764, 0.5380724370755862, 0.1795872372979442, 1.1603199814430416, 0.12604520217270768, 0.451801985551952, 0.8641225795630144, 0.01545639231480774, 0.03429074643963138, 0.06036559042413535, 0.03451489630449305, 0.6744665680091649, 0.18402736453910973, 0.0010063259382558651, 0.3559634194857411, 0.0012959848924197685, 0.0010154972442797294, 0.4150812403522516, 0.5635220484304974, 0.7350067398312622, 0.08936696702022787, 10.0, 2.122318917106836, 0.9769278963183877, 1.4689540875931697, 1.8072299991273457, 0.5432830807802812, 1.3143734079726688, 1.6366308939437777, 6.4454029611582575, 1.0777941019508472, 1.2015618718007166, 0.6421177132442482, 1.4590871753390542, 2.7980495573484725, 3.033255656276429, 0.46668375799285566, 8.641382893652315, 3.3823591625608276, 0.8095243796588122, 6.47628484540575, 0.6709501483942586, 1.1659868163142293, 2.037004316558495, 0.972759845763217, 0.8130223142857163, 2.320610572357661]
APTIDAO: 
25.13119497437614
GEN: 8800
Individuo: 
[0.9385195707585566, 1.9167308334322435, 2.2521178377513977, 2.4090018076836057, 1.6523542250186372, 0.8064684426275764, 0.5380724370755862, 0.1795872372979442, 1.1603199814430416, 0.12604520217270768, 0.451801985551952, 0.8641225795630144, 0.01545639231480774, 0.03429074643963138, 0.06036559042413535, 0.03451489630449305, 0.6744665680091649, 0.18402736453910973, 0.0010063259382558651, 0.3559634194857411, 0.0013078487044229188, 0.0010154972442797294, 0.4150812403522516, 0.5635220484304974, 0.7350067398312622, 0.08936696702022787, 10.0, 2.122318917106836, 0.9769278963183877, 1.4689540875931697, 1.8072299991273457, 0.5432830807802812, 1.3143734079726688, 1.6366308939437777, 6.4454029611582575, 1.0777941019508472, 1.2015618718007166, 0.6421177132442482, 1.4590871753390542, 2.7980495573484725, 3.033255656276429, 0.46668375799285566, 8.641382893652315, 3.3823591625608276, 0.8095243796588122, 6.47628484540575, 0.9484310347287295, 1.1659868163142293, 2.037004316558495, 0.972759845763217, 0.8130223142857163, 2.320610572357661]
APTIDAO: 
25.130868985084895
GEN: 8900
Individuo: 
[0.9385195707585566, 1.9167308334322435, 2.2521178377513977, 2.4090018076836057, 1.6523542250186372, 0.8064684426275764, 0.5380724370755862, 0.1795872372979442, 1.1603199814430416, 0.12604520217270768, 0.451801985551952, 0.8641225795630144, 0.01545639231480774, 0.03429074643963138, 0.061084254005815825, 0.03451489630449305, 0.6744665680091649, 0.18402736453910973, 0.0010063259382558651, 0.3559634194857411, 0.0013164131449604182, 0.0010154972442797294, 0.4150812403522516, 0.5635220484304974, 0.7350067398312622, 0.08936696702022787, 10.0, 2.122318917106836, 0.9769278963183877, 1.4689540875931697, 1.8072299991273457, 0.5432830807802812, 1.3143734079726688, 1.6366308939437777, 6.4454029611582575, 1.0777941019508472, 1.2015618718007166, 0.6421177132442482, 1.4590871753390542, 2.7980495573484725, 2.7670751227685324, 0.46668375799285566, 8.641382893652315, 3.3823591625608276, 0.8095243796588122, 6.47628484540575, 1.0040009980115547, 1.1659868163142293, 2.037004316558495, 0.972759845763217, 0.8130223142857163, 2.320610572357661]
APTIDAO: 
25.12812139892669
GEN: 9000
Individuo: 
[0.9385195707585566, 1.9167308334322435, 2.2521178377513977, 2.4090018076836057, 1.6523542250186372, 0.8064684426275764, 0.5380724370755862, 0.1795872372979442, 1.1603199814430416, 0.12604520217270768, 0.451801985551952, 0.8641225795630144, 0.01545639231480774, 0.03429074643963138, 0.06036559042413535, 0.03451489630449305, 0.6744665680091649, 0.18402736453910973, 0.0010063259382558651, 0.3559634194857411, 0.0013164131449604182, 0.0010012847443291073, 0.4150812403522516, 0.5635220484304974, 0.7350067398312622, 0.08936696702022787, 10.0, 2.122318917106836, 0.9769278963183877, 1.4689540875931697, 1.8072299991273457, 0.5432830807802812, 1.3143734079726688, 1.6366308939437777, 6.4454029611582575, 1.0777941019508472, 1.2015618718007166, 0.6421177132442482, 1.4590871753390542, 2.7980495573484725, 3.033255656276429, 0.46668375799285566, 8.641382893652315, 3.3823591625608276, 0.8095243796588122, 6.47628484540575, 1.0040009980115547, 1.3941560399516144, 2.037004316558495, 0.972759845763217, 0.8130223142857163, 2.320610572357661]
APTIDAO: 
25.130364396016038
GEN: 9100
Individuo: 
[0.9385195707585566, 1.9167308334322435, 2.2521178377513977, 2.4090018076836057, 1.6523542250186372, 0.8064684426275764, 0.5380724370755862, 0.1795872372979442, 1.1603199814430416, 0.12604520217270768, 0.451801985551952, 0.8641225795630144, 0.016585726146764953, 0.03429074643963138, 0.06036559042413535, 0.03451489630449305, 0.6744665680091649, 0.18402736453910973, 0.001054753601563479, 0.35974909153381585, 0.0010045055406266757, 0.0022702729206647964, 0.4150812403522516, 0.5635220484304974, 0.7238311692154182, 0.08936696702022787, 10.0, 2.122318917106836, 0.9769278963183877, 1.4689540875931697, 1.8072299991273457, 0.5432830807802812, 1.3143734079726688, 1.6366308939437777, 6.4454029611582575, 1.0777941019508472, 1.2015618718007166, 0.6421177132442482, 1.4896279531920045, 2.7980495573484725, 3.033255656276429, 0.46668375799285566, 8.641382893652315, 3.3823591625608276, 2.619741119372078, 7.5831330165343225, 1.2239831650324862, 1.1677276154353535, 2.037004316558495, 0.972759845763217, 0.8846926960693259, 2.320610572357661]
APTIDAO: 
25.122909576594438
GEN: 9200
Individuo: 
[0.9385195707585566, 1.9167308334322435, 2.2521178377513977, 2.4090018076836057, 1.6523542250186372, 0.8064684426275764, 0.5380724370755862, 0.1795872372979442, 1.1603199814430416, 0.12604520217270768, 0.451801985551952, 0.8641225795630144, 0.016585726146764953, 0.03429074643963138, 0.0621826040356198, 0.03451489630449305, 0.6744665680091649, 0.18402736453910973, 0.0010158647659955684, 0.35974909153381585, 0.0010045055406266757, 0.0010930001213591376, 0.4150812403522516, 0.5635220484304974, 0.7207846432282804, 0.08936696702022787, 10.0, 2.122318917106836, 0.9769278963183877, 1.4689540875931697, 1.8072299991273457, 0.5432830807802812, 1.3143734079726688, 1.6366308939437777, 6.4454029611582575, 1.0777941019508472, 1.2015618718007166, 0.6421177132442482, 1.4896279531920045, 2.7980495573484725, 5.694911412562586, 0.46668375799285566, 8.641382893652315, 3.3823591625608276, 1.3795781466948795, 7.5831330165343225, 1.2239831650324862, 1.3809487305316468, 2.037004316558495, 0.972759845763217, 0.48760744710167137, 2.320610572357661]
APTIDAO: 
25.07358087547392
GEN: 9300
Individuo: 
[0.9385195707585566, 1.9167308334322435, 2.2521178377513977, 2.4090018076836057, 1.6523542250186372, 0.8064684426275764, 0.5380724370755862, 0.1795872372979442, 1.1603199814430416, 0.12604520217270768, 0.451801985551952, 0.8641225795630144, 0.016585726146764953, 0.03429074643963138, 0.0621826040356198, 0.03451489630449305, 0.6744665680091649, 0.18402736453910973, 0.0010158647659955684, 0.35974909153381585, 0.0010045055406266757, 0.0010218935905909226, 0.4150812403522516, 0.5635220484304974, 0.7349701281138957, 0.08936696702022787, 10.0, 2.122318917106836, 0.9769278963183877, 1.4689540875931697, 1.8072299991273457, 0.5432830807802812, 1.3143734079726688, 1.6366308939437777, 6.4454029611582575, 1.0777941019508472, 1.2015618718007166, 0.6421177132442482, 1.4896279531920045, 2.7980495573484725, 5.694911412562586, 0.46668375799285566, 8.641382893652315, 3.3823591625608276, 1.3795781466948795, 7.5831330165343225, 1.2239831650324862, 0.7252873863333513, 2.037004316558495, 0.972759845763217, 0.4826506104777316, 2.320610572357661]
APTIDAO: 
25.07166288757492
GEN: 9400
Individuo: 
[0.9385195707585566, 1.9167308334322435, 2.2521178377513977, 2.4090018076836057, 1.6523542250186372, 0.8064684426275764, 0.5414189867555966, 0.1795872372979442, 1.1603199814430416, 0.12604520217270768, 0.451801985551952, 0.8641225795630144, 0.017533521091615236, 0.03429074643963138, 0.0621826040356198, 0.03451489630449305, 0.6744665680091649, 0.18402736453910973, 0.001122895544724669, 0.35974909153381585, 0.002660564649158833, 0.0010771447754655177, 0.4150812403522516, 0.5635220484304974, 0.6771696158542396, 0.08936696702022787, 10.0, 2.122318917106836, 0.9769278963183877, 1.4689540875931697, 1.8072299991273457, 0.5432830807802812, 0.7007250758300972, 1.6366308939437777, 6.4454029611582575, 1.0777941019508472, 1.2015618718007166, 0.6421177132442482, 1.7785572652577821, 2.7980495573484725, 5.694911412562586, 0.46668375799285566, 8.641382893652315, 3.3823591625608276, 0.6670243992542758, 7.5831330165343225, 1.0395086590599836, 1.3646867239051323, 2.037004316558495, 0.972759845763217, 0.4982832430528054, 2.320610572357661]
APTIDAO: 
25.085541918210446
GEN: 9500
Individuo: 
[0.9385195707585566, 1.9167308334322435, 2.2521178377513977, 2.4090018076836057, 1.6523542250186372, 0.8064684426275764, 0.5414189867555966, 0.1795872372979442, 1.1603199814430416, 0.12604520217270768, 0.451801985551952, 0.8641225795630144, 0.017533521091615236, 0.03429074643963138, 0.0621826040356198, 0.03451489630449305, 0.6744665680091649, 0.18402736453910973, 0.0010118629547688348, 0.35974909153381585, 0.001737113187194594, 0.0010327190703387193, 0.4150812403522516, 0.5635220484304974, 0.6771696158542396, 0.08936696702022787, 10.0, 2.122318917106836, 0.9769278963183877, 1.4689540875931697, 1.8072299991273457, 0.5432830807802812, 0.7007250758300972, 1.6366308939437777, 6.4454029611582575, 1.0777941019508472, 1.2015618718007166, 0.6421177132442482, 1.7785572652577821, 2.7980495573484725, 5.694911412562586, 0.46668375799285566, 8.641382893652315, 3.3823591625608276, 0.7671339624436124, 7.5831330165343225, 1.0655528872202662, 1.336016696914762, 2.037004316558495, 0.972759845763217, 0.4982832430528054, 2.320610572357661]
APTIDAO: 
25.04166622958847
GEN: 9600
Individuo: 
[0.9385195707585566, 1.9167308334322435, 2.2521178377513977, 2.4090018076836057, 1.6523542250186372, 0.8064684426275764, 0.5414189867555966, 0.1795872372979442, 1.1603199814430416, 0.12604520217270768, 0.451801985551952, 0.8667127519013736, 0.017175465541943852, 0.03429074643963138, 0.0621826040356198, 0.03451489630449305, 0.6744665680091649, 0.18402736453910973, 0.0011688921368327354, 0.35974909153381585, 0.0017460018644939576, 0.0010327190703387193, 0.4150812403522516, 0.5635220484304974, 0.6771696158542396, 0.08936696702022787, 10.0, 2.122318917106836, 0.9769278963183877, 1.4689540875931697, 1.8072299991273457, 0.5432830807802812, 0.7007250758300972, 1.6366308939437777, 6.4454029611582575, 1.0777941019508472, 1.2015618718007166, 0.6263654746717341, 2.7834112453858304, 2.7980495573484725, 5.694911412562586, 0.46668375799285566, 8.641382893652315, 3.3823591625608276, 1.5371104604338253, 7.5831330165343225, 0.9153860988959042, 1.336016696914762, 2.037004316558495, 0.972759845763217, 0.4982832430528054, 2.320610572357661]
APTIDAO: 
25.074824878439852
GEN: 9700
Individuo: 
[0.9385195707585566, 1.9167308334322435, 2.2521178377513977, 2.4090018076836057, 1.6523542250186372, 0.8064684426275764, 0.5414189867555966, 0.1795872372979442, 1.1603199814430416, 0.12604520217270768, 0.451801985551952, 0.8641225795630144, 0.017533521091615236, 0.03429074643963138, 0.06286557057306079, 0.03451489630449305, 0.6744665680091649, 0.18402736453910973, 0.0010474220586398542, 0.35974909153381585, 0.002476030628858533, 0.0011738209370953621, 0.4150812403522516, 0.5635220484304974, 0.6771696158542396, 0.08936696702022787, 10.0, 2.122318917106836, 0.9769278963183877, 1.4689540875931697, 1.8072299991273457, 0.5432830807802812, 0.7007250758300972, 1.6366308939437777, 6.4454029611582575, 1.0777941019508472, 1.2015618718007166, 0.6421177132442482, 1.7785572652577821, 2.7980495573484725, 4.6599702747257385, 0.46668375799285566, 8.641382893652315, 3.3823591625608276, 1.0672915629051003, 7.5831330165343225, 0.8849788285383873, 1.7539948818268885, 2.037004316558495, 0.972759845763217, 0.4982832430528054, 2.320610572357661]
APTIDAO: 
25.062036264455177
GEN: 9800
Individuo: 
[0.9385195707585566, 1.9167308334322435, 2.2521178377513977, 2.4090018076836057, 1.6523542250186372, 0.8064684426275764, 0.5414189867555966, 0.1795872372979442, 1.1603199814430416, 0.12604520217270768, 0.451801985551952, 0.8641225795630144, 0.018118559341025957, 0.03429074643963138, 0.06286557057306079, 0.03451489630449305, 0.6744665680091649, 0.18402736453910973, 0.0010203686631005365, 0.35974909153381585, 0.0027783288891634972, 0.0011607128019824936, 0.4150812403522516, 0.5635220484304974, 0.6771696158542396, 0.08936696702022787, 10.0, 2.122318917106836, 0.9769278963183877, 1.4689540875931697, 1.8072299991273457, 0.5432830807802812, 0.7007250758300972, 1.6366308939437777, 6.4454029611582575, 1.0777941019508472, 1.2015618718007166, 0.6421177132442482, 1.416544505386268, 2.7980495573484725, 4.6599702747257385, 0.46668375799285566, 8.641382893652315, 3.3823591625608276, 1.1166605522746393, 7.5831330165343225, 1.3727674155884002, 1.2684732160928942, 2.037004316558495, 0.972759845763217, 0.4982832430528054, 2.320610572357661]
APTIDAO: 
25.03527601529348
GEN: 9900
Individuo: 
[0.9385195707585566, 1.9167308334322435, 2.2521178377513977, 2.4090018076836057, 1.6523542250186372, 0.8064684426275764, 0.5414189867555966, 0.1795872372979442, 1.1603199814430416, 0.12604520217270768, 0.451801985551952, 0.8641225795630144, 0.018118559341025957, 0.03429074643963138, 0.06286557057306079, 0.03451489630449305, 0.6744665680091649, 0.18402736453910973, 0.0010203686631005365, 0.35974909153381585, 0.0026223902277648075, 0.001025118228777292, 0.4150812403522516, 0.5635220484304974, 0.6771696158542396, 0.08936696702022787, 10.0, 2.122318917106836, 0.9769278963183877, 1.4689540875931697, 1.8072299991273457, 0.5432830807802812, 0.7007250758300972, 1.6366308939437777, 6.4454029611582575, 1.0777941019508472, 1.2015618718007166, 0.6421177132442482, 1.416544505386268, 2.7980495573484725, 4.6599702747257385, 0.46668375799285566, 8.641382893652315, 3.3823591625608276, 1.1166605522746393, 7.5831330165343225, 1.2509003337156455, 3.032155729063177, 2.037004316558495, 0.972759845763217, 0.4982832430528054, 2.320610572357661]
APTIDAO: 
25.034173262367368
GEN: 10000
Individuo: 
[0.9385195707585566, 1.9167308334322435, 2.2521178377513977, 2.4090018076836057, 1.6523542250186372, 0.8064684426275764, 0.5414189867555966, 0.1795872372979442, 1.1603199814430416, 0.12604520217270768, 0.451801985551952, 0.8641225795630144, 0.018118559341025957, 0.03429074643963138, 0.06286557057306079, 0.03451489630449305, 0.6744665680091649, 0.18402736453910973, 0.0010203686631005365, 0.35974909153381585, 0.003018692440254794, 0.0019860191577694437, 0.4150812403522516, 0.5635220484304974, 0.6771696158542396, 0.08936696702022787, 10.0, 2.122318917106836, 0.9769278963183877, 1.4689540875931697, 1.8072299991273457, 0.5432830807802812, 0.7007250758300972, 1.6366308939437777, 6.4454029611582575, 1.0777941019508472, 1.2015618718007166, 0.6421177132442482, 1.416544505386268, 2.7980495573484725, 4.6599702747257385, 0.46668375799285566, 8.641382893652315, 3.3823591625608276, 1.1166605522746393, 7.5831330165343225, 0.8180485693069136, 2.2856754615830384, 2.037004316558495, 0.972759845763217, 0.4982832430528054, 2.320610572357661]
APTIDAO: 
25.04922208516386

--- RESULTADO FINAL ---
Erro (norma-1): 25.04922208516386
Parâmetros: [0.9385195707585566, 1.9167308334322435, 2.2521178377513977, 2.4090018076836057, 1.6523542250186372, 0.8064684426275764, 0.5414189867555966, 0.1795872372979442, 1.1603199814430416, 0.12604520217270768, 0.451801985551952, 0.8641225795630144, 0.018118559341025957, 0.03429074643963138, 0.06286557057306079, 0.03451489630449305, 0.6744665680091649, 0.18402736453910973, 0.0010203686631005365, 0.35974909153381585, 0.003018692440254794, 0.0019860191577694437, 0.4150812403522516, 0.5635220484304974, 0.6771696158542396, 0.08936696702022787]
Tempo total: 05h 17m 03s
