SEED: 1778719796
BOUNDS: tau=[0.1, 5.0]  v2=[0.01, 1.5]  J=[0.001, 0.99]
GEN: 0
Individuo: 
[3.7379614775114587, 2.0180008778399383, 2.669353957940373, 2.3950021650750757, 4.928590899409344, 1.2669943441651434, 0.5351846510444793, 1.2252791815467747, 0.11430749828367018, 0.7367651619793204, 1.1379583344903066, 0.14533194877388067, 0.3256795173163579, 0.8945252559857925, 0.9818767113336422, 0.5300054704919246, 0.6371623942638027, 0.818325744547615, 0.7010829088224252, 0.7720235608439602, 0.9698651213690059, 0.5064856670299124, 0.24207938526557057, 0.5585471694533188, 0.9205352214510284, 0.8436555089416069, 3.462147427091192, 8.344994072574064, 7.731571416674348, 4.516741070271642, 3.9158037700454122, 6.179920870134847, 6.56105401592064, 4.699490125637915, 2.0263265260328027, 10.0, 7.951521486984691, 1.0409447120069766, 4.524096872599461, 0.24995557028933413, 0.8543664638260493, 7.00272136798495, 1.966995530157063, 5.45933413639197, 3.625877159173233, 6.1842422878626016, 6.797963082771469, 5.435917030961686, 9.796620330782355, 6.286818162722036, 3.2579654872431196, 1.0139922966980683]
APTIDAO: 
119.81302895277318
GEN: 100
Individuo: 
[0.5288748590824925, 0.7507390167418454, 3.039823981139763, 2.9644810976648164, 3.9235713085735084, 1.2229239205032245, 0.3331109158910797, 0.6903724018612875, 1.4729045798856524, 0.28385045405357456, 0.9375054245430618, 0.5557770855663278, 0.006745827404315821, 0.3025646914778835, 0.4074627890388538, 0.19274708124138912, 0.2251145588776011, 0.6435124948148431, 0.0021995723882508866, 0.8959845718971168, 0.001028075364210167, 0.4644781062279348, 0.3431893297883674, 0.6528987267850852, 0.4327407765640924, 0.7079196911637771, 1.276327488789961, 4.953768643462118, 7.284234380062922, 5.2304470322917584, 10.0, 5.804583071688294, 2.110479378380042, 2.37721395704473, 1.483986934950643, 7.122072362617616, 5.41495264959968, 0.9108528092811471, 0.45494960073785506, 0.36131146830556315, 5.320796687910299, 2.1894350549496666, 10.0, 3.359096811149545, 4.375328514851756, 0.9672213260997811, 0.41962910187249575, 8.125877187860567, 2.1531525370534044, 3.346954398423931, 9.397378908819073, 8.656329109297412]
APTIDAO: 
42.88811875746179
GEN: 200
Individuo: 
[0.5292146640992264, 0.7507390167418454, 3.039823981139763, 2.9644810976648164, 3.9235713085735084, 1.2229239205032245, 0.3331109158910797, 0.6903724018612875, 1.4729045798856524, 0.28385045405357456, 0.9375054245430618, 0.5557770855663278, 0.003648897346293826, 0.3025646914778835, 0.4074627890388538, 0.1442118684578176, 0.2251145588776011, 0.6427904328961803, 0.0021995723882508866, 0.8959845718971168, 0.0014036730252782285, 0.5055446939047538, 0.3431893297883674, 0.6528987267850852, 0.4327407765640924, 0.6306769019313975, 1.3899759713390643, 4.953768643462118, 7.284234380062922, 5.2304470322917584, 10.0, 5.804583071688294, 2.110479378380042, 2.37721395704473, 1.483986934950643, 7.122072362617616, 5.41495264959968, 0.9108528092811471, 0.3233149018335251, 0.36131146830556315, 5.320796687910299, 1.2780186967606901, 10.0, 2.6031242763094524, 4.375328514851756, 0.9672213260997811, 0.6460325532163151, 5.804525383755626, 2.1531525370534044, 3.346954398423931, 9.397378908819073, 6.637344680323225]
APTIDAO: 
42.04342313731832
GEN: 300
Individuo: 
[0.5292146640992264, 0.7507390167418454, 3.039823981139763, 2.9644810976648164, 3.9235713085735084, 1.2229239205032245, 0.3331109158910797, 0.6903724018612875, 1.4729045798856524, 0.28385045405357456, 0.9375054245430618, 0.5557391697369439, 0.003648897346293826, 0.3025646914778835, 0.4074627890388538, 0.1442118684578176, 0.2251145588776011, 0.6427904328961803, 0.0021995723882508866, 0.8959845718971168, 0.0010457309446694743, 0.5214865443240222, 0.3431893297883674, 0.6528987267850852, 0.4327407765640924, 0.6407931732537212, 1.3899759713390643, 4.953768643462118, 7.284234380062922, 5.2304470322917584, 10.0, 5.804583071688294, 2.110479378380042, 2.37721395704473, 1.483986934950643, 7.122072362617616, 5.41495264959968, 0.7312102067156361, 0.3233149018335251, 0.36131146830556315, 5.320796687910299, 1.2780186967606901, 10.0, 2.6031242763094524, 4.375328514851756, 0.9672213260997811, 1.1765972425480424, 5.224353593320303, 2.1531525370534044, 3.346954398423931, 9.397378908819073, 4.762395163360024]
APTIDAO: 
41.96375775537462
GEN: 400
Individuo: 
[0.5292146640992264, 0.7507390167418454, 3.039823981139763, 2.9644810976648164, 3.9235713085735084, 1.2229239205032245, 0.3331109158910797, 0.6903724018612875, 1.4729045798856524, 0.28385045405357456, 0.9375054245430618, 0.5557391697369439, 0.0011890353784513037, 0.3025646914778835, 0.4074627890388538, 0.12660431305672884, 0.2251145588776011, 0.6427904328961803, 0.003844118424553047, 0.8959845718971168, 0.001007727914868041, 0.5055446939047538, 0.3431893297883674, 0.6528987267850852, 0.4327407765640924, 0.6407931732537212, 1.3899759713390643, 4.953768643462118, 7.284234380062922, 5.2304470322917584, 10.0, 5.804583071688294, 2.110479378380042, 2.37721395704473, 1.483986934950643, 7.122072362617616, 5.41495264959968, 0.7312102067156361, 0.8489992900391246, 0.36131146830556315, 5.320796687910299, 1.0189540031545024, 10.0, 2.6031242763094524, 5.48399971041141, 0.9672213260997811, 0.5176170327944166, 5.804525383755626, 2.1531525370534044, 3.346954398423931, 9.397378908819073, 4.762395163360024]
APTIDAO: 
42.49584460434222
GEN: 500
Individuo: 
[0.5292146640992264, 0.7507390167418454, 3.039823981139763, 2.932814380510556, 3.9235713085735084, 1.2229239205032245, 0.3331109158910797, 0.6903724018612875, 1.4729045798856524, 0.2570185240481732, 0.9375054245430618, 0.5557391697369439, 0.001364581915944051, 0.3025646914778835, 0.4074627890388538, 0.1257963235773379, 0.2251145588776011, 0.6427904328961803, 0.003844118424553047, 0.8959845718971168, 0.0010802396263786364, 0.5556708162424248, 0.3431893297883674, 0.6528987267850852, 0.4327407765640924, 0.6979798330703527, 1.3899759713390643, 4.953768643462118, 7.284234380062922, 5.584965411128299, 10.0, 5.804583071688294, 2.110479378380042, 2.37721395704473, 1.483986934950643, 7.741308951054373, 5.41495264959968, 0.7312102067156361, 2.155232728849326, 0.36131146830556315, 5.320796687910299, 1.3498109690318674, 10.0, 2.6031242763094524, 5.48399971041141, 0.9672213260997811, 0.5238355174366158, 4.569367367201453, 2.1531525370534044, 3.346954398423931, 9.397378908819073, 1.9060885695285747]
APTIDAO: 
42.06810249543755
GEN: 600
Individuo: 
[0.5292146640992264, 0.7507390167418454, 3.039823981139763, 2.941060418115238, 3.9235713085735084, 1.2229239205032245, 0.31270367998755616, 0.6903724018612875, 1.47350910792634, 0.2570185240481732, 0.9375054245430618, 0.5557391697369439, 0.004437864853497878, 0.3025646914778835, 0.4074627890388538, 0.10939684136789839, 0.2251145588776011, 0.6427904328961803, 0.003844118424553047, 0.8959845718971168, 0.0010756767382574391, 0.5523452301880697, 0.3431893297883674, 0.6528987267850852, 0.40636704529878165, 0.685818213220962, 1.3899759713390643, 4.953768643462118, 7.284234380062922, 2.8650410824869623, 10.0, 5.804583071688294, 1.8905404809767394, 2.37721395704473, 1.6910336501732088, 7.741308951054373, 5.41495264959968, 0.7312102067156361, 1.5579233587544659, 0.36131146830556315, 5.320796687910299, 0.9515650130687489, 10.0, 2.6031242763094524, 5.48399971041141, 0.9672213260997811, 0.921055980208763, 4.333121170731965, 2.1531525370534044, 3.346954398423931, 6.197168562644466, 3.817416756037054]
APTIDAO: 
41.858270249805265
GEN: 700
Individuo: 
[0.5292146640992264, 0.7602255613995844, 3.039823981139763, 2.941060418115238, 3.9235713085735084, 1.2229239205032245, 0.31270367998755616, 0.6903724018612875, 1.47350910792634, 0.2585836537403677, 0.9375054245430618, 0.5557391697369439, 0.004437864853497878, 0.3025646914778835, 0.4074627890388538, 0.10939684136789839, 0.2251145588776011, 0.6427904328961803, 0.003844118424553047, 0.8959845718971168, 0.008029705965343125, 0.5523452301880697, 0.3431893297883674, 0.6528987267850852, 0.40636704529878165, 0.685818213220962, 1.3899759713390643, 3.2524343491371037, 7.284234380062922, 2.8650410824869623, 10.0, 5.804583071688294, 1.8905404809767394, 2.37721395704473, 1.6910336501732088, 6.364793758871812, 5.41495264959968, 0.7312102067156361, 1.5579233587544659, 0.36131146830556315, 5.320796687910299, 0.9515650130687489, 10.0, 2.6031242763094524, 5.48399971041141, 0.9672213260997811, 3.3296647028889006, 4.333121170731965, 2.1531525370534044, 3.346954398423931, 6.197168562644466, 3.817416756037054]
APTIDAO: 
41.74092604175566
GEN: 800
Individuo: 
[0.5292146640992264, 0.7602255613995844, 3.039823981139763, 2.941060418115238, 3.9235713085735084, 1.2229239205032245, 0.31270367998755616, 0.6903724018612875, 1.47350910792634, 0.2585836537403677, 0.9375054245430618, 0.6825883778925756, 0.004437864853497878, 0.3025646914778835, 0.4074627890388538, 0.10939684136789839, 0.2251145588776011, 0.6427904328961803, 0.003763750547394492, 0.8959845718971168, 0.0160296883170619, 0.5681333563595894, 0.3431893297883674, 0.6528987267850852, 0.2645960684042064, 0.6904671695815741, 1.3899759713390643, 3.2524343491371037, 7.284234380062922, 2.8650410824869623, 10.0, 5.804583071688294, 1.8905404809767394, 2.37721395704473, 1.6910336501732088, 6.364793758871812, 5.41495264959968, 0.9150749865401152, 1.5579233587544659, 0.36131146830556315, 5.320796687910299, 0.9515650130687489, 10.0, 2.6031242763094524, 4.772235729311558, 0.9672213260997811, 1.244906184498048, 2.685561120195914, 2.1531525370534044, 3.346954398423931, 4.068603117771799, 4.534703972531298]
APTIDAO: 
41.63237550884047
GEN: 900
Individuo: 
[0.7573099376712856, 1.6061571218719388, 2.176728185904358, 2.4281769427265703, 2.1017109075889824, 1.2229239205032245, 0.31270367998755616, 0.6903724018612875, 1.47350910792634, 0.2585836537403677, 0.9375054245430618, 0.6825883778925756, 0.010421001825563046, 0.3025646914778835, 0.4074627890388538, 0.07476349617255809, 0.22162423897323846, 0.6684750751282162, 0.003763750547394492, 0.6012464603078833, 0.0160296883170619, 0.7863973036967798, 0.19851172909957043, 0.6707992708940402, 0.16132243530974033, 0.7060783015231136, 1.1295623249974238, 3.997840038388304, 8.036578104425733, 5.407686893601439, 9.400843601862238, 5.804583071688294, 1.8905404809767394, 2.37721395704473, 1.6910336501732088, 6.364793758871812, 5.41495264959968, 0.9150749865401152, 2.3984713442287653, 0.36131146830556315, 5.320796687910299, 1.9900968418825506, 8.13994015765123, 3.770205097220173, 4.772235729311558, 1.040022346272691, 1.244906184498048, 1.263307484577549, 2.884665978786759, 6.854954153343824, 2.9313048287075048, 3.5472686619743476]
APTIDAO: 
35.21546280004821
GEN: 1000
Individuo: 
[0.7573099376712856, 1.6061571218719388, 2.176728185904358, 2.4281769427265703, 2.0813966858287047, 1.2229239205032245, 0.31270367998755616, 0.6903724018612875, 1.47350910792634, 0.2585836537403677, 0.9375054245430618, 0.6825883778925756, 0.010421001825563046, 0.3025646914778835, 0.4074627890388538, 0.07591187871933386, 0.22162423897323846, 0.9359463950334201, 0.0064602013545736565, 0.6012464603078833, 0.06744381898465428, 0.7863973036967798, 0.19851172909957043, 0.6707992708940402, 0.5333397392227011, 0.7060783015231136, 1.1295623249974238, 3.997840038388304, 8.036578104425733, 5.407686893601439, 5.186547531569446, 5.804583071688294, 1.8905404809767394, 2.37721395704473, 1.6910336501732088, 6.364793758871812, 5.41495264959968, 0.9150749865401152, 2.3984713442287653, 0.36131146830556315, 5.320796687910299, 1.7125773934072042, 8.13994015765123, 3.364505171684938, 3.0460779705640024, 1.040022346272691, 1.578867436108519, 1.263307484577549, 2.884665978786759, 6.854954153343824, 3.2339740803509383, 3.5472686619743476]
APTIDAO: 
32.90333326730367
GEN: 1100
Individuo: 
[0.7573099376712856, 1.6061571218719388, 2.176728185904358, 2.4882759939243093, 2.0813966858287047, 1.2229239205032245, 0.31270367998755616, 0.6903724018612875, 1.47350910792634, 0.2585836537403677, 0.9375054245430618, 0.6855584369443857, 0.010421001825563046, 0.3025646914778835, 0.4074627890388538, 0.07591187871933386, 0.22162423897323846, 0.9359463950334201, 0.0064602013545736565, 0.600582078840306, 0.06744381898465428, 0.6364552891799571, 0.19851172909957043, 0.6707992708940402, 0.5333397392227011, 0.7060783015231136, 1.1295623249974238, 3.997840038388304, 8.036578104425733, 2.9612716614749903, 5.186547531569446, 5.804583071688294, 1.8905404809767394, 2.37721395704473, 1.6910336501732088, 6.364793758871812, 5.41495264959968, 0.737925609355969, 2.3984713442287653, 0.36131146830556315, 5.320796687910299, 1.7125773934072042, 8.13994015765123, 3.364505171684938, 3.0460779705640024, 1.1880679447187183, 1.578867436108519, 0.7441114218540087, 2.884665978786759, 6.854954153343824, 3.2339740803509383, 3.5472686619743476]
APTIDAO: 
32.951060351995835
GEN: 1200
Individuo: 
[0.7711889886567139, 1.6061571218719388, 2.176728185904358, 2.4882759939243093, 2.0813966858287047, 1.2229239205032245, 0.31270367998755616, 0.6903724018612875, 1.47350910792634, 0.2585836537403677, 0.9375054245430618, 0.6855584369443857, 0.010421001825563046, 0.2846680179075546, 0.4074627890388538, 0.07195699307327921, 0.22162423897323846, 0.9359463950334201, 0.002979645931619682, 0.600582078840306, 0.06973736728746682, 0.6364552891799571, 0.19851172909957043, 0.6707992708940402, 0.5333397392227011, 0.7060783015231136, 0.8001206718877746, 3.997840038388304, 8.036578104425733, 2.9612716614749903, 5.186547531569446, 5.804583071688294, 1.8905404809767394, 2.37721395704473, 1.6910336501732088, 6.364793758871812, 5.41495264959968, 0.737925609355969, 2.3984713442287653, 0.6356787404930352, 5.320796687910299, 2.156997296443883, 8.13994015765123, 3.364505171684938, 1.2284916038201443, 1.1880679447187183, 1.641760867482797, 0.7441114218540087, 2.884665978786759, 6.854954153343824, 3.2339740803509383, 3.5472686619743476]
APTIDAO: 
32.29734449002922
GEN: 1300
Individuo: 
[0.7784268043893015, 1.6061571218719388, 2.176728185904358, 2.4882759939243093, 2.0813966858287047, 1.2737390494773864, 0.31270367998755616, 0.6903724018612875, 1.47350910792634, 0.2585836537403677, 0.9375054245430618, 0.6855584369443857, 0.010421001825563046, 0.2846680179075546, 0.4074627890388538, 0.07591187871933386, 0.22162423897323846, 0.9509708721398682, 0.002979645931619682, 0.600582078840306, 0.06973736728746682, 0.6364552891799571, 0.19851172909957043, 0.7142785308710612, 0.5333397392227011, 0.672838567323668, 0.6855598184468799, 3.997840038388304, 8.036578104425733, 2.9612716614749903, 5.186547531569446, 3.022258159066008, 1.8905404809767394, 2.37721395704473, 1.6910336501732088, 6.364793758871812, 5.41495264959968, 0.737925609355969, 2.3984713442287653, 0.6356787404930352, 5.320796687910299, 1.7125773934072042, 8.13994015765123, 2.2038174975089238, 1.2284916038201443, 1.1880679447187183, 1.641760867482797, 0.7441114218540087, 2.884665978786759, 5.354918806996629, 3.2339740803509383, 2.7757899259359]
APTIDAO: 
32.61422001556874
GEN: 1400
Individuo: 
[0.7784268043893015, 1.6061571218719388, 2.176728185904358, 2.4882759939243093, 2.0813966858287047, 1.2737390494773864, 0.31270367998755616, 0.6903724018612875, 1.47350910792634, 0.2585836537403677, 0.9375054245430618, 0.6855584369443857, 0.010421001825563046, 0.2846680179075546, 0.4074627890388538, 0.07193676327644045, 0.22162423897323846, 0.9509708721398682, 0.002979645931619682, 0.600582078840306, 0.06973736728746682, 0.6364552891799571, 0.19851172909957043, 0.7142785308710612, 0.5297106675363692, 0.672838567323668, 0.6855598184468799, 3.997840038388304, 8.036578104425733, 2.9612716614749903, 5.186547531569446, 3.022258159066008, 1.8905404809767394, 2.37721395704473, 1.6910336501732088, 6.364793758871812, 5.41495264959968, 0.737925609355969, 2.3984713442287653, 0.6356787404930352, 5.320796687910299, 1.454895618378326, 8.13994015765123, 2.2038174975089238, 1.2284916038201443, 1.1880679447187183, 1.641760867482797, 0.7441114218540087, 2.884665978786759, 5.354918806996629, 5.395574517045177, 2.7757899259359]
APTIDAO: 
32.589796106055005
GEN: 1500
Individuo: 
[0.7784268043893015, 1.6061571218719388, 2.176728185904358, 2.4882759939243093, 2.0813966858287047, 1.2737390494773864, 0.31270367998755616, 0.6903724018612875, 1.47350910792634, 0.2585836537403677, 0.9375054245430618, 0.6855584369443857, 0.010421001825563046, 0.2846680179075546, 0.4074627890388538, 0.07193676327644045, 0.22162423897323846, 0.9509708721398682, 0.0028518488351743795, 0.600582078840306, 0.0676751468336254, 0.6364552891799571, 0.19851172909957043, 0.7142785308710612, 0.5297106675363692, 0.672838567323668, 0.6855598184468799, 3.997840038388304, 8.036578104425733, 2.9612716614749903, 5.186547531569446, 3.022258159066008, 1.8905404809767394, 2.37721395704473, 1.6910336501732088, 6.364793758871812, 5.41495264959968, 0.737925609355969, 2.3984713442287653, 0.6356787404930352, 5.320796687910299, 1.454895618378326, 8.13994015765123, 2.2038174975089238, 1.3877039967020643, 1.1880679447187183, 2.2610506654179683, 0.7441114218540087, 2.884665978786759, 5.354918806996629, 5.395574517045177, 2.7757899259359]
APTIDAO: 
32.59839503301156
GEN: 1600
Individuo: 
[0.7784268043893015, 1.6061571218719388, 2.176728185904358, 2.4882759939243093, 2.0813966858287047, 1.2737390494773864, 0.31270367998755616, 0.6903724018612875, 1.47350910792634, 0.2585836537403677, 0.9375054245430618, 0.8375648273266916, 0.009914178880052006, 0.2846680179075546, 0.4074627890388538, 0.07193676327644045, 0.22162423897323846, 0.9509708721398682, 0.0022089328124499687, 0.6400058391332829, 0.0676751468336254, 0.6364552891799571, 0.19851172909957043, 0.7142785308710612, 0.5297106675363692, 0.672838567323668, 0.6855598184468799, 3.997840038388304, 8.036578104425733, 2.9612716614749903, 5.186547531569446, 3.022258159066008, 1.8905404809767394, 2.37721395704473, 1.6910336501732088, 6.364793758871812, 5.41495264959968, 1.01631250916553, 2.0332467443438187, 0.6356787404930352, 5.320796687910299, 1.454895618378326, 8.13994015765123, 2.2038174975089238, 1.0649278077002737, 2.2460589767416343, 2.2610506654179683, 0.7441114218540087, 2.884665978786759, 5.354918806996629, 5.395574517045177, 2.7757899259359]
APTIDAO: 
31.936832260135667
GEN: 1700
Individuo: 
[0.7784268043893015, 1.98853905806984, 2.176728185904358, 2.4882759939243093, 2.0813966858287047, 1.2737390494773864, 0.31270367998755616, 0.6903724018612875, 1.47350910792634, 0.2585836537403677, 0.9375054245430618, 0.6639475173568528, 0.0035996819691471275, 0.2846680179075546, 0.41364546615340164, 0.033570224618640794, 0.22162423897323846, 0.9509708721398682, 0.00112050308989735, 0.7140643264603347, 0.5486686953170947, 0.809346086917871, 0.19851172909957043, 0.7142785308710612, 0.5297106675363692, 0.5187316957569984, 0.6855598184468799, 2.8091040476132023, 8.036578104425733, 2.9612716614749903, 5.186547531569446, 3.022258159066008, 1.8905404809767394, 2.37721395704473, 1.6910336501732088, 6.364793758871812, 5.41495264959968, 0.5572739838401263, 0.8492568194064781, 0.6356787404930352, 6.093435367796056, 0.9816608416698556, 8.13994015765123, 2.2038174975089238, 0.9719651860935423, 1.1318645867607426, 1.654269604021599, 1.0610490143129707, 2.884665978786759, 5.354918806996629, 5.395574517045177, 2.6670505064427172]
APTIDAO: 
31.060203986727473
GEN: 1800
Individuo: 
[0.7862927350707524, 1.98853905806984, 2.176728185904358, 2.4882759939243093, 2.0813966858287047, 1.2737390494773864, 0.31270367998755616, 0.6903724018612875, 1.47350910792634, 0.2585836537403677, 0.9420920334666961, 0.6639475173568528, 0.005021300308289964, 0.2846680179075546, 0.41364546615340164, 0.03363404584447046, 0.22162423897323846, 0.9509708721398682, 0.0010137222777889525, 0.7140643264603347, 0.5238656027218025, 0.7938773117149852, 0.19851172909957043, 0.7142785308710612, 0.5297106675363692, 0.5187316957569984, 0.45866646837998487, 2.8091040476132023, 8.036578104425733, 2.9612716614749903, 5.186547531569446, 3.022258159066008, 1.8905404809767394, 2.37721395704473, 1.6910336501732088, 6.364793758871812, 5.53219221404485, 0.5572739838401263, 0.838024717073214, 0.6356787404930352, 6.093435367796056, 1.424275620596181, 8.13994015765123, 2.2038174975089238, 0.9432464378562386, 1.1318645867607426, 1.7055173816122493, 1.0164575200820678, 2.884665978786759, 5.354918806996629, 5.395574517045177, 2.6670505064427172]
APTIDAO: 
30.498767771712103
GEN: 1900
Individuo: 
[0.7862927350707524, 1.98853905806984, 2.176728185904358, 2.4882759939243093, 2.0813966858287047, 1.2737390494773864, 0.31270367998755616, 0.6953075665851088, 1.47350910792634, 0.2585836537403677, 0.9420920334666961, 0.6639475173568528, 0.0033541472096697634, 0.28480722557553073, 0.41364546615340164, 0.03363404584447046, 0.22162423897323846, 0.9509708721398682, 0.00103677910328856, 0.7140643264603347, 0.5238656027218025, 0.7938773117149852, 0.19851172909957043, 0.7142785308710612, 0.5297106675363692, 0.5187316957569984, 0.45866646837998487, 2.8091040476132023, 8.036578104425733, 2.9612716614749903, 5.186547531569446, 3.022258159066008, 1.8905404809767394, 1.466741082236082, 1.6910336501732088, 6.364793758871812, 5.53219221404485, 0.5572739838401263, 0.6713463070806471, 0.8857739574216094, 6.093435367796056, 1.424275620596181, 8.13994015765123, 2.2038174975089238, 1.3215333580872919, 1.1318645867607426, 1.7055173816122493, 1.0164575200820678, 2.884665978786759, 5.354918806996629, 5.395574517045177, 2.6670505064427172]
APTIDAO: 
30.752148022380602
GEN: 2000
Individuo: 
[0.7862927350707524, 1.98853905806984, 2.154873565126968, 2.4882759939243093, 2.0813966858287047, 1.2737390494773864, 0.31270367998755616, 0.6953075665851088, 1.47350910792634, 0.26203598871654776, 0.9420920334666961, 0.6639475173568528, 0.003949383827147269, 0.28480722557553073, 0.41364546615340164, 0.03363404584447046, 0.22162423897323846, 0.9509708721398682, 0.0012097132382589307, 0.7140643264603347, 0.5238656027218025, 0.7786050963811798, 0.19851172909957043, 0.7142785308710612, 0.5297106675363692, 0.5187316957569984, 0.45866646837998487, 2.8091040476132023, 9.72871352742644, 2.9612716614749903, 5.186547531569446, 3.022258159066008, 1.8905404809767394, 1.466741082236082, 1.6910336501732088, 5.158922836498173, 5.53219221404485, 0.5572739838401263, 0.7328982418520696, 0.8857739574216094, 6.093435367796056, 1.424275620596181, 8.13994015765123, 2.2038174975089238, 1.5089596276325807, 1.1318645867607426, 1.7055173816122493, 0.8938601752967901, 2.884665978786759, 5.354918806996629, 5.395574517045177, 2.6670505064427172]
APTIDAO: 
30.567733894321922
GEN: 2100
Individuo: 
[0.7862927350707524, 1.98853905806984, 2.154873565126968, 2.4882759939243093, 2.0813966858287047, 1.2737390494773864, 0.31270367998755616, 0.6953075665851088, 1.47350910792634, 0.26203598871654776, 1.0365454082373893, 0.543627599412166, 0.003949383827147269, 0.28480722557553073, 0.3776867579120497, 0.025411070342503422, 0.22162423897323846, 0.9513358367286817, 0.0010183914398979666, 0.7140643264603347, 0.5238656027218025, 0.8472539419261623, 0.19851172909957043, 0.7142785308710612, 0.5297106675363692, 0.5187316957569984, 0.45866646837998487, 2.8091040476132023, 9.72871352742644, 2.9612716614749903, 5.186547531569446, 3.022258159066008, 1.8905404809767394, 1.466741082236082, 1.6910336501732088, 5.158922836498173, 4.100235568544466, 0.6223557876977845, 0.7328982418520696, 0.8857739574216094, 4.986583143481988, 3.809426207532505, 8.13994015765123, 1.2570800983056207, 1.2332708817592857, 1.1318645867607426, 1.7055173816122493, 1.05960970290342, 2.884665978786759, 5.354918806996629, 5.395574517045177, 2.6670505064427172]
APTIDAO: 
30.320852408419874
GEN: 2200
Individuo: 
[0.7862927350707524, 1.98853905806984, 2.154873565126968, 2.567927558527518, 2.0813966858287047, 1.2737390494773864, 0.31270367998755616, 0.6953075665851088, 1.47350910792634, 0.26203598871654776, 1.0365454082373893, 0.543627599412166, 0.00596448480535233, 0.28480722557553073, 0.3537991682726129, 0.018921722772414294, 0.22162423897323846, 0.9513358367286817, 0.0011604588607191215, 0.7140643264603347, 0.5238656027218025, 0.8472539419261623, 0.19851172909957043, 0.6943056850944272, 0.45273955433531216, 0.523508035170616, 0.45866646837998487, 2.8091040476132023, 9.72871352742644, 2.329586689622856, 5.186547531569446, 3.022258159066008, 1.8905404809767394, 1.466741082236082, 1.6910336501732088, 5.158922836498173, 4.100235568544466, 0.6223557876977845, 1.163349355511006, 0.8857739574216094, 4.91561632702114, 3.4557425035720546, 8.13994015765123, 1.2570800983056207, 1.545610495211962, 1.1318645867607426, 1.7055173816122493, 1.05960970290342, 2.884665978786759, 6.496455255779037, 2.403165151338193, 2.3005061381908547]
APTIDAO: 
29.895831623855916
GEN: 2300
Individuo: 
[0.7862927350707524, 1.98853905806984, 2.154873565126968, 2.567927558527518, 2.0813966858287047, 1.2737390494773864, 0.31270367998755616, 0.6953075665851088, 1.47350910792634, 0.26203598871654776, 1.0365454082373893, 0.543627599412166, 0.007187529277776904, 0.285930603316355, 0.3537991682726129, 0.019964039582030656, 0.22162423897323846, 0.9513358367286817, 0.00133118466951824, 0.7140643264603347, 0.5238656027218025, 0.8472539419261623, 0.19851172909957043, 0.6943056850944272, 0.45273955433531216, 0.523508035170616, 0.45866646837998487, 2.8091040476132023, 9.72871352742644, 2.329586689622856, 5.186547531569446, 3.022258159066008, 1.8905404809767394, 1.466741082236082, 1.6910336501732088, 5.158922836498173, 4.100235568544466, 0.6223557876977845, 1.5465747068195845, 0.5854025755253107, 4.91561632702114, 3.1037189354103227, 8.13994015765123, 1.2570800983056207, 2.266033036407573, 1.1318645867607426, 1.7055173816122493, 1.05960970290342, 2.884665978786759, 6.496455255779037, 2.403165151338193, 2.3005061381908547]
APTIDAO: 
29.807247941229345
GEN: 2400
Individuo: 
[0.7862927350707524, 1.98853905806984, 2.154873565126968, 2.567927558527518, 2.0813966858287047, 1.2737390494773864, 0.31270367998755616, 0.6953075665851088, 1.47350910792634, 0.25465964027321925, 1.0365454082373893, 0.543627599412166, 0.007187529277776904, 0.285930603316355, 0.3537991682726129, 0.019964039582030656, 0.22162423897323846, 0.9513358367286817, 0.0012380099412046836, 0.7140643264603347, 0.5238656027218025, 0.8418563379120682, 0.19851172909957043, 0.6943056850944272, 0.4587179326800545, 0.523508035170616, 0.45866646837998487, 2.8091040476132023, 9.72871352742644, 2.329586689622856, 5.186547531569446, 3.022258159066008, 1.8905404809767394, 1.466741082236082, 1.6910336501732088, 10.0, 4.100235568544466, 0.6223557876977845, 1.5465747068195845, 0.5854025755253107, 4.91561632702114, 3.1037189354103227, 8.13994015765123, 1.2570800983056207, 1.723469582900824, 1.1318645867607426, 1.7055173816122493, 1.3216141820524971, 2.884665978786759, 6.496455255779037, 3.2175841545422954, 2.3005061381908547]
APTIDAO: 
29.84824429533572
GEN: 2500
Individuo: 
[0.7862927350707524, 1.98853905806984, 2.154873565126968, 2.567927558527518, 2.0813966858287047, 1.2737390494773864, 0.31270367998755616, 0.6953075665851088, 1.47350910792634, 0.25465964027321925, 1.0365454082373893, 0.543627599412166, 0.007187529277776904, 0.285930603316355, 0.3537991682726129, 0.019964039582030656, 0.22162423897323846, 0.9513358367286817, 0.0010987200698105556, 0.7140643264603347, 0.5238656027218025, 0.8321233927615812, 0.19851172909957043, 0.6943056850944272, 0.456617655030641, 0.523508035170616, 0.45866646837998487, 2.8091040476132023, 9.72871352742644, 2.329586689622856, 5.186547531569446, 3.022258159066008, 1.8905404809767394, 1.466741082236082, 1.6910336501732088, 10.0, 4.100235568544466, 0.6223557876977845, 1.5465747068195845, 0.5854025755253107, 4.91561632702114, 3.1037189354103227, 8.13994015765123, 1.2570800983056207, 2.3128442217962877, 1.1318645867607426, 1.7055173816122493, 1.1279365154660181, 2.884665978786759, 6.496455255779037, 3.8482684466439916, 2.3005061381908547]
APTIDAO: 
29.76469726384851
GEN: 2600
Individuo: 
[0.7862927350707524, 1.98853905806984, 2.154873565126968, 2.567927558527518, 2.0813966858287047, 1.2737390494773864, 0.31270367998755616, 0.6953075665851088, 1.47350910792634, 0.25465964027321925, 1.0365454082373893, 0.543627599412166, 0.007187529277776904, 0.285930603316355, 0.3537991682726129, 0.019964039582030656, 0.22162423897323846, 0.9513358367286817, 0.0010987200698105556, 0.7140643264603347, 0.5238656027218025, 0.8321233927615812, 0.19851172909957043, 0.6943056850944272, 0.456617655030641, 0.523508035170616, 0.45866646837998487, 2.8091040476132023, 9.72871352742644, 2.329586689622856, 5.186547531569446, 3.022258159066008, 1.8905404809767394, 1.466741082236082, 1.6910336501732088, 10.0, 4.100235568544466, 0.6223557876977845, 1.5465747068195845, 0.5854025755253107, 4.91561632702114, 3.1037189354103227, 8.13994015765123, 1.2570800983056207, 2.3128442217962877, 1.1318645867607426, 1.7055173816122493, 1.1279365154660181, 2.884665978786759, 6.496455255779037, 3.8482684466439916, 2.3005061381908547]
APTIDAO: 
29.76469726384851
GEN: 2700
Individuo: 
[0.7862927350707524, 1.98853905806984, 2.154873565126968, 2.567927558527518, 2.0813966858287047, 1.2737390494773864, 0.31270367998755616, 0.6953075665851088, 1.47350910792634, 0.25465964027321925, 1.0365454082373893, 0.543627599412166, 0.011058476138600436, 0.302373752147595, 0.3537991682726129, 0.013313744363352031, 0.22162423897323846, 0.9513358367286817, 0.0010987200698105556, 0.7140643264603347, 0.33159282751676333, 0.6312612386196759, 0.19851172909957043, 0.6864025110290155, 0.48389792105143775, 0.523508035170616, 0.45866646837998487, 2.8091040476132023, 9.72871352742644, 2.329586689622856, 5.186547531569446, 3.022258159066008, 1.8905404809767394, 1.466741082236082, 1.6910336501732088, 10.0, 4.100235568544466, 0.6223557876977845, 1.297698461998569, 0.7393779596253145, 4.91561632702114, 7.420717640418963, 8.13994015765123, 1.2570800983056207, 2.3128442217962877, 1.1318645867607426, 1.3521637763420764, 1.6026128942452607, 2.884665978786759, 10.0, 2.794140989096454, 2.3005061381908547]
APTIDAO: 
29.917306840409964
GEN: 2800
Individuo: 
[0.7862927350707524, 1.98853905806984, 2.154873565126968, 2.567927558527518, 2.0813966858287047, 1.2737390494773864, 0.31270367998755616, 0.6953075665851088, 1.47350910792634, 0.25465964027321925, 1.0365454082373893, 0.543627599412166, 0.011058476138600436, 0.302373752147595, 0.3537991682726129, 0.019972095713438234, 0.22162423897323846, 0.9513358367286817, 0.0013943911438626345, 0.7140643264603347, 0.33159282751676333, 0.6312612386196759, 0.19851172909957043, 0.6864025110290155, 0.48389792105143775, 0.523508035170616, 0.45866646837998487, 2.8091040476132023, 9.72871352742644, 2.329586689622856, 5.186547531569446, 3.022258159066008, 1.8905404809767394, 1.466741082236082, 1.6910336501732088, 10.0, 4.100235568544466, 0.6223557876977845, 1.297698461998569, 0.7393779596253145, 4.91561632702114, 10.0, 8.13994015765123, 1.2570800983056207, 2.7885933752107794, 1.1318645867607426, 1.3521637763420764, 1.6026128942452607, 2.884665978786759, 10.0, 2.794140989096454, 2.3005061381908547]
APTIDAO: 
29.838638377221894
GEN: 2900
Individuo: 
[0.7862927350707524, 1.98853905806984, 2.154873565126968, 2.5150813166994617, 2.0813966858287047, 1.2737390494773864, 0.31270367998755616, 0.6953075665851088, 1.47350910792634, 0.25465964027321925, 1.0375621275829225, 0.543627599412166, 0.010907349764538846, 0.302373752147595, 0.3537991682726129, 0.019972095713438234, 0.22162423897323846, 0.9513358367286817, 0.0025109901291891744, 0.7140643264603347, 0.28171924205562765, 0.6312612386196759, 0.19851172909957043, 0.6864025110290155, 0.48389792105143775, 0.523508035170616, 0.45866646837998487, 2.8091040476132023, 9.72871352742644, 5.202841980507884, 5.186547531569446, 3.022258159066008, 1.8905404809767394, 1.466741082236082, 1.6910336501732088, 10.0, 1.8571283046678129, 0.6223557876977845, 0.9114835170818067, 0.7393779596253145, 4.91561632702114, 10.0, 8.13994015765123, 1.2570800983056207, 1.2064629551562642, 1.1318645867607426, 1.286956687292491, 1.6026128942452607, 2.884665978786759, 10.0, 2.794140989096454, 2.3005061381908547]
APTIDAO: 
29.960894809509544
GEN: 3000
Individuo: 
[0.7862927350707524, 1.98853905806984, 2.154873565126968, 2.5150813166994617, 2.0813966858287047, 1.2737390494773864, 0.31270367998755616, 0.6953075665851088, 1.47350910792634, 0.25465964027321925, 1.0375621275829225, 0.543627599412166, 0.008482470726198569, 0.302373752147595, 0.3537991682726129, 0.019972095713438234, 0.22162423897323846, 0.9513358367286817, 0.0010754164564153346, 0.7046583300854946, 0.3434969120240176, 0.653245376583893, 0.19851172909957043, 0.6864025110290155, 0.48389792105143775, 0.523508035170616, 0.45866646837998487, 2.8091040476132023, 9.72871352742644, 5.202841980507884, 5.186547531569446, 3.022258159066008, 1.8905404809767394, 1.466741082236082, 1.6910336501732088, 10.0, 1.8571283046678129, 0.6223557876977845, 0.474107600135652, 0.7393779596253145, 4.91561632702114, 10.0, 8.13994015765123, 1.2570800983056207, 1.8564485586152684, 1.4216412723412948, 1.4312845246356882, 1.4839457669412297, 2.884665978786759, 10.0, 2.794140989096454, 2.3005061381908547]
APTIDAO: 
29.811393490270387
GEN: 3100
Individuo: 
[0.7862927350707524, 1.98853905806984, 2.154873565126968, 2.5150813166994617, 2.09264712704893, 1.2737390494773864, 0.31270367998755616, 0.6953075665851088, 1.47350910792634, 0.25465964027321925, 1.0375621275829225, 0.543627599412166, 0.008482470726198569, 0.302373752147595, 0.3537991682726129, 0.018416221707580695, 0.22162423897323846, 0.9513358367286817, 0.0010310160221916071, 0.7046583300854946, 0.3434969120240176, 0.6312612386196759, 0.19851172909957043, 0.6864025110290155, 0.48389792105143775, 0.523508035170616, 0.45866646837998487, 2.8091040476132023, 9.72871352742644, 5.202841980507884, 6.274593145199811, 3.022258159066008, 1.8905404809767394, 1.466741082236082, 1.6910336501732088, 10.0, 1.8571283046678129, 0.6223557876977845, 0.474107600135652, 0.7393779596253145, 4.91561632702114, 10.0, 8.13994015765123, 1.2570800983056207, 1.4843628702889187, 1.4216412723412948, 1.4312845246356882, 1.6026128942452607, 2.884665978786759, 10.0, 2.794140989096454, 2.3005061381908547]
APTIDAO: 
29.715160240868713
GEN: 3200
Individuo: 
[0.7862927350707524, 1.98853905806984, 2.129876870189003, 2.5150813166994617, 2.09264712704893, 1.2737390494773864, 0.31270367998755616, 0.6953075665851088, 1.47350910792634, 0.25465964027321925, 1.0375621275829225, 0.543627599412166, 0.008847813861616476, 0.302373752147595, 0.3537991682726129, 0.018416221707580695, 0.22162423897323846, 0.9513358367286817, 0.0014720062145961682, 0.7046583300854946, 0.3434969120240176, 0.9211087174455864, 0.19851172909957043, 0.6072093033786854, 0.25884486689994063, 0.523508035170616, 0.45866646837998487, 2.8091040476132023, 10.0, 5.202841980507884, 6.274593145199811, 3.022258159066008, 1.8905404809767394, 1.466741082236082, 1.6910336501732088, 10.0, 1.8571283046678129, 0.6223557876977845, 0.7985682692493625, 0.7393779596253145, 4.91561632702114, 10.0, 8.13994015765123, 1.2570800983056207, 2.091403980835137, 1.4216412723412948, 1.4312845246356882, 1.0189013286259248, 2.884665978786759, 10.0, 6.5305691852621965, 2.3005061381908547]
APTIDAO: 
30.63432594774429
GEN: 3300
Individuo: 
[0.7862927350707524, 1.98853905806984, 2.129876870189003, 2.5150813166994617, 2.09264712704893, 1.2737390494773864, 0.31270367998755616, 0.6953075665851088, 1.47350910792634, 0.25465964027321925, 1.0375621275829225, 0.543627599412166, 0.002563878178048287, 0.302373752147595, 0.3537991682726129, 0.018416221707580695, 0.22162423897323846, 0.9513358367286817, 0.00515706816338403, 0.7046583300854946, 0.36147795470336763, 0.6811075557995893, 0.19851172909957043, 0.6072093033786854, 0.25884486689994063, 0.523508035170616, 0.45866646837998487, 2.8091040476132023, 10.0, 5.202841980507884, 6.274593145199811, 3.022258159066008, 1.8905404809767394, 1.466741082236082, 1.6910336501732088, 10.0, 1.8571283046678129, 0.6223557876977845, 0.9192566722657994, 0.7393779596253145, 4.91561632702114, 10.0, 8.13994015765123, 1.2570800983056207, 1.805113954344043, 1.4216412723412948, 1.2131005662767311, 1.0045666835473999, 2.884665978786759, 10.0, 6.5305691852621965, 2.3005061381908547]
APTIDAO: 
30.685978385273398
GEN: 3400
Individuo: 
[0.7862927350707524, 1.98853905806984, 2.129876870189003, 2.4467206781687882, 2.09264712704893, 1.2737390494773864, 0.31270367998755616, 0.6953075665851088, 1.47350910792634, 0.25465964027321925, 1.0375621275829225, 0.543627599412166, 0.0045121206355150925, 0.302373752147595, 0.3537991682726129, 0.018416221707580695, 0.22162423897323846, 0.9513358367286817, 0.0065787933036229075, 0.7046583300854946, 0.35488136896991823, 0.6811075557995893, 0.19851172909957043, 0.6072093033786854, 0.25884486689994063, 0.523508035170616, 0.45866646837998487, 2.8091040476132023, 10.0, 2.8939306790281623, 6.274593145199811, 3.022258159066008, 1.8905404809767394, 1.466741082236082, 1.6910336501732088, 10.0, 1.8571283046678129, 0.6223557876977845, 1.0915334563230537, 0.7393779596253145, 4.91561632702114, 10.0, 8.13994015765123, 1.2570800983056207, 1.3245727531648994, 1.4216412723412948, 1.1871410080450848, 1.0045666835473999, 2.884665978786759, 10.0, 6.5305691852621965, 2.3005061381908547]
APTIDAO: 
30.675356107715903
GEN: 3500
Individuo: 
[0.7862927350707524, 1.98853905806984, 2.129876870189003, 2.4467206781687882, 2.09264712704893, 1.2737390494773864, 0.311706210148071, 0.6953075665851088, 1.4722240758224723, 0.25465964027321925, 1.0375621275829225, 0.543627599412166, 0.0055868235957955035, 0.302373752147595, 0.3497953724378093, 0.018416221707580695, 0.22162423897323846, 0.9513358367286817, 0.006356323350363754, 0.7046583300854946, 0.3001026004137711, 0.6811075557995893, 0.19851172909957043, 0.6072093033786854, 0.25884486689994063, 0.523508035170616, 0.45866646837998487, 2.8091040476132023, 10.0, 2.8939306790281623, 6.274593145199811, 3.022258159066008, 1.3935726760255989, 1.466741082236082, 1.570833544380803, 10.0, 1.8571283046678129, 0.6223557876977845, 0.9841266953965807, 0.7393779596253145, 3.109308838203992, 10.0, 8.13994015765123, 1.2570800983056207, 1.5893654925475338, 1.4216412723412948, 0.8501807796196521, 1.0045666835473999, 2.884665978786759, 10.0, 6.5305691852621965, 2.3005061381908547]
APTIDAO: 
30.087607523600056
GEN: 3600
Individuo: 
[0.7862927350707524, 1.98853905806984, 2.2060798994708914, 2.4467206781687882, 2.09264712704893, 1.2737390494773864, 0.311706210148071, 0.6953075665851088, 1.4722240758224723, 0.25465964027321925, 1.0375621275829225, 0.543627599412166, 0.005649380038659162, 0.302373752147595, 0.3497953724378093, 0.01460945281453963, 0.22162423897323846, 0.9513358367286817, 0.0033560298309537346, 0.7046583300854946, 0.41802938748256496, 0.6918109990666622, 0.19851172909957043, 0.6072093033786854, 0.25884486689994063, 0.523508035170616, 0.45866646837998487, 2.8091040476132023, 8.257128924788969, 2.8939306790281623, 6.274593145199811, 3.022258159066008, 1.3935726760255989, 1.466741082236082, 1.570833544380803, 10.0, 1.8571283046678129, 0.6223557876977845, 1.116471796996989, 0.7393779596253145, 3.109308838203992, 6.047069452744828, 8.13994015765123, 1.2570800983056207, 0.8085452260931526, 1.4216412723412948, 1.162950329019531, 1.241936918995865, 2.884665978786759, 10.0, 6.5305691852621965, 2.3005061381908547]
APTIDAO: 
30.18527860409253
GEN: 3700
Individuo: 
[0.7862927350707524, 1.98853905806984, 2.2060798994708914, 2.4467206781687882, 2.09264712704893, 1.2737390494773864, 0.3155828112886046, 0.6953075665851088, 1.4722240758224723, 0.25465964027321925, 1.0375621275829225, 0.543627599412166, 0.005649380038659162, 0.302373752147595, 0.3497953724378093, 0.01460945281453963, 0.22162423897323846, 0.9513358367286817, 0.002771614018562572, 0.7046583300854946, 0.41802938748256496, 0.6918109990666622, 0.19851172909957043, 0.6072093033786854, 0.25884486689994063, 0.523508035170616, 0.45866646837998487, 2.8091040476132023, 8.257128924788969, 2.8939306790281623, 6.274593145199811, 3.022258159066008, 0.9416290926778651, 1.466741082236082, 1.570833544380803, 10.0, 1.8571283046678129, 0.6223557876977845, 1.116471796996989, 0.7393779596253145, 3.109308838203992, 6.047069452744828, 8.13994015765123, 1.2570800983056207, 1.020802867340715, 1.4216412723412948, 1.162950329019531, 1.241936918995865, 2.884665978786759, 10.0, 6.5305691852621965, 2.3005061381908547]
APTIDAO: 
30.224381338291014
GEN: 3800
Individuo: 
[0.7862927350707524, 1.98853905806984, 2.2060798994708914, 2.4467206781687882, 2.09264712704893, 1.2737390494773864, 0.3155828112886046, 0.6953075665851088, 1.4722240758224723, 0.24228680238600653, 1.0375621275829225, 0.543627599412166, 0.00935341885409047, 0.302373752147595, 0.3497953724378093, 0.01460945281453963, 0.22162423897323846, 0.9513358367286817, 0.002771614018562572, 0.7046583300854946, 0.33692872994965983, 0.6769378426111091, 0.19851172909957043, 0.6072093033786854, 0.25884486689994063, 0.523508035170616, 0.45866646837998487, 2.8091040476132023, 8.257128924788969, 2.8939306790281623, 6.274593145199811, 3.022258159066008, 0.9416290926778651, 1.466741082236082, 1.570833544380803, 9.51656572420842, 1.8571283046678129, 0.6223557876977845, 0.9342561802732924, 0.7393779596253145, 3.109308838203992, 6.047069452744828, 8.13994015765123, 1.2570800983056207, 1.020802867340715, 1.4216412723412948, 1.0497957044383666, 0.979553369507718, 2.884665978786759, 10.0, 6.5305691852621965, 2.3005061381908547]
APTIDAO: 
30.174850407749986
GEN: 3900
Individuo: 
[0.7862927350707524, 1.98853905806984, 2.2060798994708914, 2.4467206781687882, 2.09264712704893, 1.2697594342000857, 0.3155828112886046, 0.6953075665851088, 1.4722240758224723, 0.24228680238600653, 1.0375621275829225, 0.543627599412166, 0.00935341885409047, 0.302373752147595, 0.3497953724378093, 0.01460945281453963, 0.22162423897323846, 0.9634520951019943, 0.0028548056708811755, 0.7046583300854946, 0.33692872994965983, 0.6769378426111091, 0.19873155486692218, 0.6072093033786854, 0.25884486689994063, 0.523508035170616, 0.45866646837998487, 2.8091040476132023, 8.257128924788969, 2.8939306790281623, 6.274593145199811, 4.3388467260193, 0.9416290926778651, 1.466741082236082, 1.570833544380803, 9.51656572420842, 1.8571283046678129, 0.6223557876977845, 0.9342561802732924, 0.7393779596253145, 3.109308838203992, 6.047069452744828, 8.13994015765123, 1.4300154031524468, 2.165329520900443, 1.4216412723412948, 1.0497957044383666, 0.979553369507718, 3.3541194302609503, 10.0, 6.5305691852621965, 2.3005061381908547]
APTIDAO: 
30.057322250571552
GEN: 4000
Individuo: 
[0.7862927350707524, 1.98853905806984, 2.2060798994708914, 2.4467206781687882, 2.09264712704893, 1.2697594342000857, 0.3155828112886046, 0.6953075665851088, 1.4722240758224723, 0.24228680238600653, 1.0375621275829225, 0.543627599412166, 0.00935341885409047, 0.302373752147595, 0.3497953724378093, 0.017618661403732364, 0.22162423897323846, 0.9638877862236538, 0.0028548056708811755, 0.7023767725195132, 0.33692872994965983, 0.6536783216236872, 0.19873155486692218, 0.6072093033786854, 0.25884486689994063, 0.523508035170616, 0.45866646837998487, 2.8091040476132023, 8.257128924788969, 2.8939306790281623, 6.274593145199811, 4.3388467260193, 0.9416290926778651, 1.466741082236082, 1.570833544380803, 9.51656572420842, 1.8571283046678129, 0.6223557876977845, 0.9342561802732924, 0.7393779596253145, 3.109308838203992, 4.277160254588036, 8.13994015765123, 1.0018566032475027, 2.165329520900443, 2.2396469493173177, 1.0497957044383666, 0.6279667128112619, 3.3541194302609503, 10.0, 6.5305691852621965, 2.3005061381908547]
APTIDAO: 
29.975187821050945
GEN: 4100
Individuo: 
[0.7862927350707524, 1.98853905806984, 2.2060798994708914, 2.4467206781687882, 2.09264712704893, 1.2697594342000857, 0.3155828112886046, 0.6953075665851088, 1.4722240758224723, 0.24228680238600653, 1.0375621275829225, 0.543627599412166, 0.010240895203319233, 0.302373752147595, 0.3497953724378093, 0.020195805788440702, 0.22162423897323846, 0.9638877862236538, 0.0028548056708811755, 0.7023767725195132, 0.33692872994965983, 0.6536783216236872, 0.19873155486692218, 0.6072093033786854, 0.25884486689994063, 0.523508035170616, 0.45866646837998487, 2.8091040476132023, 8.257128924788969, 2.8939306790281623, 6.274593145199811, 4.3388467260193, 0.9416290926778651, 1.466741082236082, 1.570833544380803, 9.51656572420842, 1.8571283046678129, 0.6223557876977845, 1.2441341043235454, 0.7393779596253145, 3.109308838203992, 3.2092018028834968, 8.13994015765123, 1.0018566032475027, 2.165329520900443, 2.2396469493173177, 1.0497957044383666, 0.6279667128112619, 3.3541194302609503, 10.0, 6.5305691852621965, 2.3005061381908547]
APTIDAO: 
29.915017536158338
GEN: 4200
Individuo: 
[0.7924715269615632, 1.98853905806984, 2.2060798994708914, 2.077152392274227, 2.09264712704893, 1.2697594342000857, 0.3155828112886046, 0.6953075665851088, 1.4722240758224723, 0.24228680238600653, 1.0375621275829225, 0.36839552162922157, 0.010796504881904668, 0.3391037487404546, 0.34527292018271694, 0.017618661403732364, 0.22162423897323846, 0.9441387514093831, 0.0028548056708811755, 0.7023767725195132, 0.33692872994965983, 0.5095616377135607, 0.19873155486692218, 0.6072093033786854, 0.25884486689994063, 0.09997082923616919, 0.6930704619106663, 2.8091040476132023, 8.257128924788969, 3.0763205045293542, 6.274593145199811, 4.3388467260193, 0.9416290926778651, 1.466741082236082, 1.570833544380803, 9.51656572420842, 1.8571283046678129, 0.5999377865839112, 1.6348346643412306, 0.5791694685837033, 2.363333363014684, 4.277160254588036, 8.13994015765123, 1.2398332893162465, 2.165329520900443, 2.2396469493173177, 1.0497957044383666, 0.7966287639605567, 3.3541194302609503, 10.0, 6.5305691852621965, 1.5821902258907432]
APTIDAO: 
29.73691431346305
GEN: 4300
Individuo: 
[0.7862927350707524, 1.98853905806984, 2.2060798994708914, 2.074329671481725, 2.09264712704893, 1.2697594342000857, 0.3155828112886046, 0.7786080910134616, 1.4722240758224723, 0.1680089290727663, 1.0375621275829225, 0.36839552162922157, 0.017120681861408037, 0.3391037487404546, 0.34527292018271694, 0.045706421566947424, 0.22162423897323846, 0.9441387514093831, 0.016047216293181205, 0.7023767725195132, 0.4253437971173475, 0.5095616377135607, 0.19873155486692218, 0.7335016791515531, 0.25884486689994063, 0.20200322808094398, 0.45866646837998487, 2.8091040476132023, 8.257128924788969, 4.593962540264756, 6.274593145199811, 4.3388467260193, 0.9416290926778651, 2.1177336063798564, 1.570833544380803, 9.348200978992717, 1.8571283046678129, 0.5999377865839112, 1.5386033954318177, 0.5791694685837033, 2.363333363014684, 3.9012659904156406, 8.13994015765123, 1.2398332893162465, 2.9113251270786336, 2.2396469493173177, 1.374918548951816, 0.7966287639605567, 3.3541194302609503, 5.278009267166408, 6.5305691852621965, 1.342142513717744]
APTIDAO: 
32.68038190877666
GEN: 4400
Individuo: 
[0.7862927350707524, 1.98853905806984, 2.2060798994708914, 1.9729591247081704, 2.09264712704893, 1.2697594342000857, 0.3155828112886046, 0.7786080910134616, 1.4933747818754821, 0.1680089290727663, 1.0375621275829225, 0.36839552162922157, 0.007430183137143344, 0.3391037487404546, 0.34527292018271694, 0.045706421566947424, 0.20316431888054604, 0.9441387514093831, 0.011028546131407755, 0.7023767725195132, 0.4253437971173475, 0.5095616377135607, 0.2142321921838887, 0.7335016791515531, 0.2931800053886561, 0.15349071062880898, 0.45866646837998487, 2.8091040476132023, 8.257128924788969, 4.604535444607982, 6.274593145199811, 4.3388467260193, 0.9416290926778651, 2.1177336063798564, 1.5672393873683883, 9.348200978992717, 1.8571283046678129, 0.5999377865839112, 0.9712864690143244, 0.5791694685837033, 2.363333363014684, 3.9012659904156406, 6.758914288338314, 1.2398332893162465, 2.1192961021960364, 2.2396469493173177, 1.374918548951816, 0.7966287639605567, 3.443008930007439, 5.278009267166408, 4.875495910077888, 1.2128969670859189]
APTIDAO: 
31.055695018914925
GEN: 4500
Individuo: 
[0.7862927350707524, 1.98853905806984, 2.2060798994708914, 1.9729591247081704, 2.09264712704893, 1.2697594342000857, 0.3155828112886046, 0.7786080910134616, 1.4933747818754821, 0.12813344920210432, 1.0375621275829225, 0.3735620309395727, 0.007006393643665988, 0.3391037487404546, 0.34527292018271694, 0.03160806716681661, 0.22162423897323846, 0.9441387514093831, 0.011180747612748176, 0.8756386718190039, 0.3931360899610156, 0.5523543207001392, 0.34147608836885546, 0.7335016791515531, 0.2931800053886561, 0.19605712226513775, 0.45866646837998487, 2.8091040476132023, 8.257128924788969, 4.604535444607982, 6.274593145199811, 4.3388467260193, 0.9416290926778651, 2.1177336063798564, 1.5672393873683883, 7.335097787770288, 1.8571283046678129, 0.734705815108815, 1.2347179846557266, 0.5791694685837033, 2.363333363014684, 1.4692586653250335, 8.13994015765123, 1.2398332893162465, 2.136727694472435, 1.7403622589108676, 1.2865385022481834, 0.7337854786088632, 3.449781967604722, 5.278009267166408, 4.875495910077888, 1.2586531704798676]
APTIDAO: 
29.521154642909963
GEN: 4600
Individuo: 
[0.7862927350707524, 1.98853905806984, 2.2060798994708914, 1.9729591247081704, 2.09264712704893, 1.2697594342000857, 0.3155828112886046, 0.7786080910134616, 1.4933747818754821, 0.12813344920210432, 1.0375621275829225, 0.3735620309395727, 0.006443539629129421, 0.3391037487404546, 0.3371880034434681, 0.024460409833889883, 0.22162423897323846, 0.9441387514093831, 0.011180747612748176, 0.8756386718190039, 0.3931360899610156, 0.5975061595226226, 0.34147608836885546, 0.7335016791515531, 0.2931800053886561, 0.19605712226513775, 0.45866646837998487, 2.8091040476132023, 8.257128924788969, 4.604535444607982, 6.274593145199811, 4.3388467260193, 0.9416290926778651, 2.1177336063798564, 1.5672393873683883, 7.335097787770288, 1.8571283046678129, 0.734705815108815, 1.1737423355546979, 0.5791694685837033, 3.2721281767401136, 1.117733063570722, 8.13994015765123, 1.2398332893162465, 2.136727694472435, 1.7403622589108676, 1.2865385022481834, 0.6160491610019786, 3.449781967604722, 5.278009267166408, 4.875495910077888, 1.2586531704798676]
APTIDAO: 
29.415647322641252
GEN: 4700
Individuo: 
[0.7862927350707524, 1.98853905806984, 2.2060798994708914, 1.8383210601185658, 2.09264712704893, 1.2697594342000857, 0.3155828112886046, 0.7786080910134616, 1.4933747818754821, 0.11890300754987913, 1.0375621275829225, 0.3735620309395727, 0.0062615336807916675, 0.3391037487404546, 0.2992848718510505, 0.016476615016912666, 0.22162423897323846, 0.9441387514093831, 0.010172792703709676, 0.8756386718190039, 0.4074947329828186, 0.5975061595226226, 0.34147608836885546, 0.7335016791515531, 0.38651874523949603, 0.19605712226513775, 0.45866646837998487, 2.8091040476132023, 8.257128924788969, 4.7415682734644475, 6.274593145199811, 4.3388467260193, 0.9416290926778651, 2.1177336063798564, 1.5672393873683883, 5.0591807487852964, 1.8571283046678129, 0.734705815108815, 0.9408724471552818, 0.5791694685837033, 2.235902091482922, 0.8540931149895103, 8.13994015765123, 1.2398332893162465, 1.1846040434174867, 1.7403622589108676, 0.7236058428481977, 0.6160491610019786, 3.449781967604722, 5.278009267166408, 4.17075599208554, 1.2586531704798676]
APTIDAO: 
29.016166951726426
GEN: 4800
Individuo: 
[0.7862927350707524, 1.98853905806984, 2.2060798994708914, 1.8383210601185658, 2.1393269763883143, 1.2697594342000857, 0.3155828112886046, 0.7786080910134616, 1.4933747818754821, 0.10985321559042222, 1.0375621275829225, 0.3735620309395727, 0.00597640994590837, 0.3391037487404546, 0.2992848718510505, 0.0022928535144965496, 0.22162423897323846, 0.9441387514093831, 0.010172792703709676, 0.8756386718190039, 0.18122916677405615, 0.0789604078134736, 0.34147608836885546, 0.7335016791515531, 0.38651874523949603, 0.19605712226513775, 0.45866646837998487, 2.8091040476132023, 8.257128924788969, 4.7415682734644475, 6.1600981470674325, 4.3388467260193, 0.9416290926778651, 2.1177336063798564, 1.5672393873683883, 6.126821073346432, 1.8571283046678129, 0.734705815108815, 1.3679008888679398, 0.5791694685837033, 2.235902091482922, 0.5524690561716074, 8.13994015765123, 1.2398332893162465, 1.1846040434174867, 1.7403622589108676, 0.733235230598635, 0.7450326812825321, 3.449781967604722, 5.278009267166408, 4.17075599208554, 1.2586531704798676]
APTIDAO: 
29.103509829522846
GEN: 4900
Individuo: 
[0.7862927350707524, 1.98853905806984, 2.2060798994708914, 1.8383210601185658, 2.1393269763883143, 1.2697594342000857, 0.3155828112886046, 0.7786080910134616, 1.4933747818754821, 0.11890300754987913, 1.0375621275829225, 0.3752781988144609, 0.005944019158178412, 0.3391037487404546, 0.2992848718510505, 0.008258796574842865, 0.22162423897323846, 0.9441387514093831, 0.010172792703709676, 0.8756386718190039, 0.18122916677405615, 0.12727089477961356, 0.34147608836885546, 0.7335016791515531, 0.38651874523949603, 0.19605712226513775, 0.45866646837998487, 2.8091040476132023, 8.257128924788969, 4.7415682734644475, 6.1600981470674325, 4.3388467260193, 0.9416290926778651, 2.1177336063798564, 1.5672393873683883, 5.0591807487852964, 1.8571283046678129, 0.6044855717457905, 0.7917938466546071, 0.5791694685837033, 2.235902091482922, 0.9945511770144274, 8.13994015765123, 1.2398332893162465, 1.1846040434174867, 1.7403622589108676, 0.733235230598635, 0.7333312271785939, 3.449781967604722, 5.278009267166408, 4.17075599208554, 1.2586531704798676]
APTIDAO: 
28.978752650838768
GEN: 5000
Individuo: 
[0.7862927350707524, 1.98853905806984, 2.2060798994708914, 1.8383210601185658, 2.1393269763883143, 1.2697594342000857, 0.3155828112886046, 0.7786080910134616, 1.4933747818754821, 0.11890300754987913, 1.0375621275829225, 0.3752781988144609, 0.004167492978153248, 0.3391037487404546, 0.2992848718510505, 0.0018515840738022526, 0.19723476287069008, 0.8481082045536732, 0.010172792703709676, 0.8756386718190039, 0.18122916677405615, 0.11480334245431324, 0.34147608836885546, 0.7335016791515531, 0.38651874523949603, 0.19605712226513775, 0.45866646837998487, 2.8091040476132023, 8.257128924788969, 4.7415682734644475, 6.1600981470674325, 4.3388467260193, 0.9416290926778651, 2.1177336063798564, 1.5672393873683883, 5.0591807487852964, 1.8571283046678129, 0.6044855717457905, 1.3541171038747466, 0.5791694685837033, 2.235902091482922, 1.8344545673073092, 10.0, 1.5659913475849798, 1.1846040434174867, 1.7403622589108676, 0.733235230598635, 0.5115585330900223, 3.449781967604722, 5.278009267166408, 4.17075599208554, 1.2586531704798676]
APTIDAO: 
28.826271311996866
GEN: 5100
Individuo: 
[0.7862927350707524, 1.98853905806984, 2.2060798994708914, 1.8383210601185658, 2.1393269763883143, 1.2697594342000857, 0.3155828112886046, 0.7786080910134616, 1.4933747818754821, 0.11890300754987913, 1.0375621275829225, 0.3752781988144609, 0.004578266139549101, 0.3391037487404546, 0.2992848718510505, 0.005901082665866116, 0.19723476287069008, 0.8410121537072587, 0.010172792703709676, 0.8756386718190039, 0.18122916677405615, 0.06399836788748782, 0.34147608836885546, 0.7335016791515531, 0.38651874523949603, 0.19605712226513775, 0.45866646837998487, 2.8091040476132023, 8.257128924788969, 4.7415682734644475, 6.1600981470674325, 4.3388467260193, 0.9416290926778651, 2.1177336063798564, 1.5672393873683883, 5.0591807487852964, 1.8571283046678129, 0.6044855717457905, 0.8946128115854427, 0.5791694685837033, 2.235902091482922, 3.6707261972106955, 10.0, 1.4274124012882226, 1.1846040434174867, 1.7403622589108676, 0.733235230598635, 0.8911929411269085, 3.449781967604722, 5.278009267166408, 4.17075599208554, 1.2586531704798676]
APTIDAO: 
28.62160478001556
GEN: 5200
Individuo: 
[0.7862927350707524, 1.98853905806984, 2.2060798994708914, 1.8383210601185658, 2.1393269763883143, 1.2697594342000857, 0.3155828112886046, 0.7786080910134616, 1.4933747818754821, 0.11890300754987913, 1.0375621275829225, 0.3752781988144609, 0.005210416841905547, 0.3391037487404546, 0.2992848718510505, 0.0067632696445170054, 0.19723476287069008, 0.8410121537072587, 0.010172792703709676, 0.8756386718190039, 0.18122916677405615, 0.06399836788748782, 0.34147608836885546, 0.7335016791515531, 0.38651874523949603, 0.19838752736113405, 0.45866646837998487, 2.8091040476132023, 8.257128924788969, 4.7415682734644475, 6.1600981470674325, 4.3388467260193, 0.9416290926778651, 2.1177336063798564, 1.5672393873683883, 5.0591807487852964, 1.8571283046678129, 0.6044855717457905, 0.7825504887792158, 0.5791694685837033, 2.235902091482922, 3.4230919859516615, 10.0, 1.4274124012882226, 1.1846040434174867, 1.7403622589108676, 0.733235230598635, 0.8911929411269085, 3.449781967604722, 5.278009267166408, 4.17075599208554, 0.9029242138449711]
APTIDAO: 
28.61442924672187
GEN: 5300
Individuo: 
[0.7862927350707524, 1.98853905806984, 2.2060798994708914, 1.8383210601185658, 2.1393269763883143, 1.2697594342000857, 0.3155828112886046, 0.7786080910134616, 1.4933747818754821, 0.11890300754987913, 1.0375621275829225, 0.3752781988144609, 0.004640801889578069, 0.3391037487404546, 0.2992848718510505, 0.007682760577230944, 0.19723476287069008, 0.8410121537072587, 0.010172792703709676, 0.8756386718190039, 0.1978737259520956, 0.06399836788748782, 0.34147608836885546, 0.7335016791515531, 0.38651874523949603, 0.19838752736113405, 0.45866646837998487, 2.8091040476132023, 8.257128924788969, 4.7415682734644475, 6.1600981470674325, 4.3388467260193, 0.9416290926778651, 2.1177336063798564, 1.5672393873683883, 5.0591807487852964, 1.8571283046678129, 0.6044855717457905, 1.2505856265524737, 0.5791694685837033, 2.235902091482922, 2.1745724625077587, 10.0, 1.4274124012882226, 1.1846040434174867, 1.7403622589108676, 0.7974303173538627, 0.8911929411269085, 3.449781967604722, 5.278009267166408, 4.17075599208554, 0.9029242138449711]
APTIDAO: 
28.606398717935456
GEN: 5400
Individuo: 
[0.7862927350707524, 1.98853905806984, 2.2060798994708914, 1.8383210601185658, 2.1393269763883143, 1.2697594342000857, 0.3155828112886046, 0.7786080910134616, 1.4933747818754821, 0.11890300754987913, 1.0375621275829225, 0.40904528517792643, 0.006098626142527429, 0.3562184826342417, 0.2992848718510505, 0.0094543388220502, 0.19723476287069008, 0.8410121537072587, 0.007488602548181899, 0.8756386718190039, 0.17578434819433195, 0.002082079565275031, 0.34147608836885546, 0.7335016791515531, 0.38651874523949603, 0.19838752736113405, 0.45866646837998487, 2.8091040476132023, 8.257128924788969, 4.7415682734644475, 6.1600981470674325, 4.3388467260193, 0.9416290926778651, 2.1177336063798564, 1.5672393873683883, 5.0591807487852964, 1.8571283046678129, 0.6517417907181828, 1.3393088082504188, 1.339988406797078, 2.235902091482922, 1.627376356912778, 10.0, 1.4274124012882226, 1.13202561223836, 1.7403622589108676, 0.9217331643969854, 0.36370509532406753, 3.449781967604722, 5.278009267166408, 4.17075599208554, 0.9029242138449711]
APTIDAO: 
28.674737552107345
GEN: 5500
Individuo: 
[0.7862927350707524, 1.98853905806984, 2.2060798994708914, 1.8383210601185658, 2.037553053854032, 1.2697594342000857, 0.3155828112886046, 0.7786080910134616, 1.4933747818754821, 0.11890300754987913, 1.0375621275829225, 0.40904528517792643, 0.005610988805298792, 0.3562184826342417, 0.2992848718510505, 0.010957969702555182, 0.19723476287069008, 0.8410121537072587, 0.007488602548181899, 0.8756386718190039, 0.10477715467797293, 0.0011936800562441369, 0.34147608836885546, 0.7335016791515531, 0.41669382156658685, 0.18939158261627695, 0.45866646837998487, 2.8091040476132023, 8.257128924788969, 4.7415682734644475, 5.852197926713086, 4.3388467260193, 0.9416290926778651, 2.1177336063798564, 1.5672393873683883, 5.0591807487852964, 1.8571283046678129, 0.6517417907181828, 2.0370375357204527, 1.339988406797078, 2.235902091482922, 2.6403368676418424, 10.0, 1.4274124012882226, 1.13202561223836, 1.7403622589108676, 0.6415153555376581, 2.2131493433519447, 3.449781967604722, 5.278009267166408, 3.4231292312189137, 0.8324374568779241]
APTIDAO: 
29.019714578467465
GEN: 5600
Individuo: 
[0.7862927350707524, 1.98853905806984, 2.2060798994708914, 1.8383210601185658, 2.037553053854032, 1.2697594342000857, 0.3100980066644254, 0.7786080910134616, 1.4933747818754821, 0.11890300754987913, 1.0375621275829225, 0.4132539945316615, 0.005397339089910763, 0.3562184826342417, 0.2992848718510505, 0.0011199452230552902, 0.19723476287069008, 0.8410121537072587, 0.007488602548181899, 0.8756386718190039, 0.07615030253117866, 0.0012782515978537361, 0.34147608836885546, 0.7335016791515531, 0.41669382156658685, 0.18939158261627695, 0.45866646837998487, 2.8091040476132023, 8.257128924788969, 4.7415682734644475, 5.852197926713086, 4.3388467260193, 0.7983735445323669, 2.1177336063798564, 1.5672393873683883, 5.0591807487852964, 1.8571283046678129, 0.8268592368804327, 2.268491654095264, 1.339988406797078, 2.235902091482922, 2.0907486484601154, 10.0, 1.4274124012882226, 1.13202561223836, 1.7403622589108676, 0.8330428516766931, 1.7816842958865104, 3.449781967604722, 5.278009267166408, 3.4231292312189137, 0.8324374568779241]
APTIDAO: 
29.202514325563538
GEN: 5700
Individuo: 
[0.7862927350707524, 1.98853905806984, 2.2060798994708914, 1.8383210601185658, 2.037553053854032, 1.2697594342000857, 0.3100980066644254, 0.7786080910134616, 1.4933747818754821, 0.11890300754987913, 1.0375621275829225, 0.4132539945316615, 0.007089249587521857, 0.3562184826342417, 0.2992848718510505, 0.0010795475600481786, 0.19723476287069008, 0.8410121537072587, 0.007448345160820315, 0.8756386718190039, 0.07568019891118269, 0.0012782515978537361, 0.34147608836885546, 0.7335016791515531, 0.41669382156658685, 0.19056999673672395, 0.45866646837998487, 2.8091040476132023, 8.257128924788969, 4.7415682734644475, 5.852197926713086, 4.3388467260193, 0.7983735445323669, 2.1177336063798564, 1.5672393873683883, 5.0591807487852964, 1.8571283046678129, 0.8268592368804327, 1.1887244133476647, 1.339988406797078, 2.235902091482922, 2.4963388343302926, 10.0, 1.4274124012882226, 1.4891688676626347, 1.7403622589108676, 0.685648874506852, 1.7816842958865104, 3.449781967604722, 5.278009267166408, 3.4231292312189137, 0.9235776318369049]
APTIDAO: 
28.95905675189031
GEN: 5800
Individuo: 
[0.7862927350707524, 1.98853905806984, 2.2060798994708914, 1.8383210601185658, 2.037553053854032, 1.2697594342000857, 0.3100980066644254, 0.7786080910134616, 1.4933747818754821, 0.11890300754987913, 1.0375621275829225, 0.4132539945316615, 0.007089249587521857, 0.3562184826342417, 0.2992848718510505, 0.006650709098065131, 0.19723476287069008, 0.8410121537072587, 0.007448345160820315, 0.8756386718190039, 0.13160389764955965, 0.0056633627992793934, 0.34147608836885546, 0.7335016791515531, 0.41669382156658685, 0.19056999673672395, 0.45866646837998487, 2.8091040476132023, 8.257128924788969, 4.7415682734644475, 5.852197926713086, 4.3388467260193, 0.7983735445323669, 2.1177336063798564, 1.5672393873683883, 5.0591807487852964, 1.8571283046678129, 0.8268592368804327, 1.1887244133476647, 1.339988406797078, 2.235902091482922, 1.2758238518985219, 10.0, 1.4274124012882226, 1.4891688676626347, 1.7403622589108676, 1.397005460536117, 2.902527100573047, 3.449781967604722, 5.278009267166408, 3.4231292312189137, 0.9235776318369049]
APTIDAO: 
28.772662488972767
GEN: 5900
Individuo: 
[0.7862927350707524, 1.98853905806984, 2.2060798994708914, 1.8383210601185658, 2.0486412915575656, 1.2697594342000857, 0.3100980066644254, 0.7786080910134616, 1.4933747818754821, 0.11890300754987913, 1.0375621275829225, 0.3120447569221215, 0.005138731825038569, 0.3562184826342417, 0.2992848718510505, 0.008862954080963681, 0.19723476287069008, 0.8410121537072587, 0.007448345160820315, 0.8756386718190039, 0.12630913008750072, 0.04373241851576422, 0.34147608836885546, 0.7335016791515531, 0.7179317617710744, 0.19056999673672395, 0.45866646837998487, 2.8091040476132023, 8.257128924788969, 4.7415682734644475, 7.607166387211367, 4.3388467260193, 0.7983735445323669, 2.1177336063798564, 1.5672393873683883, 5.0591807487852964, 1.8571283046678129, 0.7222907296076087, 0.7490561885380957, 1.339988406797078, 2.235902091482922, 1.9852507799763632, 10.0, 1.4274124012882226, 1.4891688676626347, 1.7403622589108676, 1.1815515492873443, 2.095574358550529, 3.449781967604722, 5.278009267166408, 1.7179615316682761, 0.9235776318369049]
APTIDAO: 
28.844651839012897
GEN: 6000
Individuo: 
[0.7862927350707524, 1.98853905806984, 2.2060798994708914, 1.8383210601185658, 2.0486412915575656, 1.2697594342000857, 0.3100980066644254, 0.7786080910134616, 1.4933747818754821, 0.12093715855972588, 1.0375621275829225, 0.3120447569221215, 0.005138731825038569, 0.3562184826342417, 0.2992848718510505, 0.007339115995871231, 0.19723476287069008, 0.8410121537072587, 0.007448345160820315, 0.8756386718190039, 0.12630913008750072, 0.04373241851576422, 0.34147608836885546, 0.7335016791515531, 0.7179317617710744, 0.19056999673672395, 0.45866646837998487, 2.8091040476132023, 8.257128924788969, 4.7415682734644475, 7.607166387211367, 4.3388467260193, 0.7983735445323669, 2.1177336063798564, 1.5672393873683883, 5.676531523717939, 1.8571283046678129, 0.7222907296076087, 0.7490561885380957, 1.339988406797078, 2.235902091482922, 2.053723822658325, 10.0, 1.4274124012882226, 1.4891688676626347, 1.7403622589108676, 1.1815515492873443, 2.095574358550529, 3.449781967604722, 5.278009267166408, 1.7179615316682761, 0.9235776318369049]
APTIDAO: 
28.81949127561419
GEN: 6100
Individuo: 
[0.7862927350707524, 1.98853905806984, 2.2060798994708914, 1.8383210601185658, 2.0486412915575656, 1.2697594342000857, 0.3100980066644254, 0.7786080910134616, 1.4933747818754821, 0.12093715855972588, 1.0375621275829225, 0.3120447569221215, 0.004800182726995326, 0.3562184826342417, 0.2992848718510505, 0.007021211777710716, 0.19723476287069008, 0.8410121537072587, 0.007448345160820315, 0.8756386718190039, 0.12630913008750072, 0.04727708680264643, 0.34147608836885546, 0.7335016791515531, 0.7179317617710744, 0.19056999673672395, 0.45866646837998487, 2.8091040476132023, 8.257128924788969, 4.7415682734644475, 7.607166387211367, 4.3388467260193, 0.7983735445323669, 2.1177336063798564, 1.5672393873683883, 5.676531523717939, 1.8571283046678129, 0.7222907296076087, 1.0436207256540935, 1.339988406797078, 2.235902091482922, 1.7336272586878883, 10.0, 1.4274124012882226, 1.4891688676626347, 1.7403622589108676, 1.1815515492873443, 1.6485822271944677, 3.449781967604722, 5.278009267166408, 1.7179615316682761, 0.9235776318369049]
APTIDAO: 
28.813139522523944
GEN: 6200
Individuo: 
[0.7862927350707524, 1.98853905806984, 2.229059324124665, 1.8383210601185658, 2.0486412915575656, 1.2697594342000857, 0.3100980066644254, 0.7786080910134616, 1.4933747818754821, 0.12093715855972588, 1.0375621275829225, 0.3120447569221215, 0.004800182726995326, 0.3562184826342417, 0.2992848718510505, 0.003418181452016887, 0.19723476287069008, 0.8410121537072587, 0.0070554543383772855, 0.8756386718190039, 0.12857313222927666, 0.06672213927888147, 0.34147608836885546, 0.7335016791515531, 0.7179317617710744, 0.19056999673672395, 0.45866646837998487, 2.8091040476132023, 10.0, 4.7415682734644475, 7.607166387211367, 4.3388467260193, 0.7983735445323669, 2.1177336063798564, 1.5672393873683883, 5.676531523717939, 1.8571283046678129, 0.7222907296076087, 1.0436207256540935, 1.339988406797078, 2.235902091482922, 0.8265756962907993, 10.0, 1.4274124012882226, 0.8727657886174482, 1.7403622589108676, 0.5500496361058888, 0.5458972733172258, 3.449781967604722, 5.278009267166408, 1.7179615316682761, 0.9235776318369049]
APTIDAO: 
28.815827438964853
GEN: 6300
Individuo: 
[0.7862927350707524, 1.98853905806984, 2.229059324124665, 1.8383210601185658, 2.0486412915575656, 1.2697594342000857, 0.2782082790666607, 0.7786080910134616, 1.4933747818754821, 0.13024722473667094, 1.0375621275829225, 0.3120447569221215, 0.01011571825859839, 0.3562184826342417, 0.2992848718510505, 0.0011889496987227948, 0.19723476287069008, 0.8011810361431029, 0.006704103006078033, 0.8756386718190039, 0.03822596001369122, 0.001758541908577915, 0.34147608836885546, 0.7335016791515531, 0.693130925765602, 0.19056999673672395, 0.45866646837998487, 2.8091040476132023, 10.0, 4.7415682734644475, 7.607166387211367, 4.3388467260193, 0.6541042234189267, 2.1177336063798564, 1.5672393873683883, 3.8110241054114073, 1.8571283046678129, 0.7222907296076087, 2.0574052502665503, 1.339988406797078, 2.235902091482922, 0.31662103719896517, 10.0, 1.0821243284372657, 0.857877142385964, 1.7403622589108676, 0.5278099820030496, 0.5385199520889533, 3.449781967604722, 5.278009267166408, 1.416633789087308, 0.9235776318369049]
APTIDAO: 
29.593619671563147
GEN: 6400
Individuo: 
[0.7862927350707524, 1.98853905806984, 2.229059324124665, 1.8383210601185658, 2.0486412915575656, 1.2697594342000857, 0.28386889414314426, 0.7786080910134616, 1.4933747818754821, 0.13024722473667094, 1.0375621275829225, 0.3120447569221215, 0.008530062635827621, 0.3562184826342417, 0.3103348322935052, 0.001050785564943339, 0.19723476287069008, 0.8011810361431029, 0.006704103006078033, 0.8756386718190039, 0.054542440267125195, 0.0020114720433902617, 0.34147608836885546, 0.7335016791515531, 0.693130925765602, 0.19056999673672395, 0.45866646837998487, 2.8091040476132023, 10.0, 4.7415682734644475, 7.607166387211367, 4.3388467260193, 0.9163667913925089, 2.1177336063798564, 1.5672393873683883, 3.8110241054114073, 1.8571283046678129, 0.7222907296076087, 2.6248527481851935, 1.339988406797078, 1.4856251603436148, 0.45169479342461855, 10.0, 1.0821243284372657, 0.857877142385964, 1.7403622589108676, 0.9459573266952439, 1.2732986047137544, 3.449781967604722, 5.278009267166408, 1.416633789087308, 0.9235776318369049]
APTIDAO: 
29.122524643487655
GEN: 6500
Individuo: 
[0.7862927350707524, 1.98853905806984, 2.229059324124665, 1.8383210601185658, 2.0486412915575656, 1.2697594342000857, 0.28397578661888423, 0.7786080910134616, 1.4933747818754821, 0.13024722473667094, 1.0375621275829225, 0.3120447569221215, 0.008559420750523338, 0.3562184826342417, 0.3144347202373411, 0.0010106624442686575, 0.19723476287069008, 0.8011810361431029, 0.006704103006078033, 0.8756386718190039, 0.054542440267125195, 0.0058593946493349525, 0.34147608836885546, 0.7335016791515531, 0.693130925765602, 0.19056999673672395, 0.45866646837998487, 2.8091040476132023, 10.0, 4.7415682734644475, 7.607166387211367, 4.3388467260193, 0.833385276386127, 2.1177336063798564, 1.5672393873683883, 3.8110241054114073, 1.8571283046678129, 0.7222907296076087, 2.01743505984994, 1.339988406797078, 1.7242052827849097, 0.6106653474259807, 10.0, 1.0821243284372657, 0.857877142385964, 1.7403622589108676, 0.9459573266952439, 1.420582988712043, 3.449781967604722, 5.278009267166408, 1.416633789087308, 0.9235776318369049]
APTIDAO: 
29.049191041946457
GEN: 6600
Individuo: 
[0.7862927350707524, 1.98853905806984, 2.229059324124665, 1.8383210601185658, 2.0486412915575656, 1.2697594342000857, 0.28397578661888423, 0.7786080910134616, 1.4933747818754821, 0.13024722473667094, 1.0375621275829225, 0.3120447569221215, 0.008559420750523338, 0.3562184826342417, 0.31541656107475435, 0.0010106624442686575, 0.19723476287069008, 0.8011810361431029, 0.004383633377172257, 0.8756386718190039, 0.06930415169895321, 0.04572740115574679, 0.34147608836885546, 0.7354148482675783, 0.7292691108494869, 0.19056999673672395, 0.45866646837998487, 2.8091040476132023, 10.0, 4.7415682734644475, 7.607166387211367, 4.3388467260193, 0.833385276386127, 2.1177336063798564, 1.5672393873683883, 3.8110241054114073, 1.8571283046678129, 0.7222907296076087, 2.01743505984994, 1.339988406797078, 2.256423977496745, 0.6106653474259807, 10.0, 1.0821243284372657, 1.0705097454447157, 1.7403622589108676, 1.2998404613319576, 2.3500258224062476, 3.449781967604722, 3.502606608007097, 1.3042669659501465, 0.9235776318369049]
APTIDAO: 
29.101559624706283
GEN: 6700
Individuo: 
[0.7862927350707524, 1.98853905806984, 2.229059324124665, 1.8383210601185658, 2.0486412915575656, 1.2697594342000857, 0.3004546789504879, 0.7786080910134616, 1.4933747818754821, 0.13024722473667094, 1.0375621275829225, 0.3120447569221215, 0.007413943445649494, 0.3562184826342417, 0.31541656107475435, 0.0010703591350862472, 0.19723476287069008, 0.8045379997512286, 0.004383633377172257, 0.8756386718190039, 0.07402847578441588, 0.04942658901471549, 0.34147608836885546, 0.7354148482675783, 0.7632498581446214, 0.22136431538214005, 0.45866646837998487, 2.8091040476132023, 10.0, 4.7415682734644475, 7.607166387211367, 4.3388467260193, 0.8735046318390479, 2.1177336063798564, 1.5672393873683883, 3.8110241054114073, 1.8571283046678129, 0.7222907296076087, 0.8986593389623294, 1.339988406797078, 2.256423977496745, 0.6194797234023505, 10.0, 0.8055334017621277, 1.0705097454447157, 1.7403622589108676, 1.5276353185407248, 2.4233673560753846, 3.449781967604722, 3.502606608007097, 1.0861756575083785, 0.8719255895241501]
APTIDAO: 
29.095877077531288
GEN: 6800
Individuo: 
[0.8001769823757432, 1.98853905806984, 2.229059324124665, 1.8383210601185658, 2.0486412915575656, 1.270488986687208, 0.3004546789504879, 0.7786080910134616, 1.4933747818754821, 0.1212968291211743, 1.0375621275829225, 0.3120447569221215, 0.007413943445649494, 0.3562184826342417, 0.31541656107475435, 0.007863560554594294, 0.19723476287069008, 0.8045379997512286, 0.004383633377172257, 0.8756386718190039, 0.11453699579717422, 0.021753612817162954, 0.34147608836885546, 0.7354148482675783, 0.7632498581446214, 0.22136431538214005, 0.9661928122149708, 2.8091040476132023, 10.0, 4.7415682734644475, 7.607166387211367, 2.9263037614201304, 0.8735046318390479, 2.1177336063798564, 1.5672393873683883, 2.0377985083681214, 1.8571283046678129, 0.7222907296076087, 0.8986593389623294, 1.339988406797078, 2.256423977496745, 2.872921666740367, 10.0, 0.8055334017621277, 1.0705097454447157, 1.7403622589108676, 0.98350714255993, 0.8949822149642601, 3.449781967604722, 3.502606608007097, 1.0861756575083785, 0.8719255895241501]
APTIDAO: 
28.511954544048756
GEN: 6900
Individuo: 
[0.8001769823757432, 1.98853905806984, 2.229059324124665, 1.8383210601185658, 2.0486412915575656, 1.270488986687208, 0.3004546789504879, 0.7786080910134616, 1.4933747818754821, 0.1212968291211743, 1.0375621275829225, 0.3120447569221215, 0.007314479915827886, 0.3562184826342417, 0.31541656107475435, 0.007863560554594294, 0.19723476287069008, 0.8045379997512286, 0.004383633377172257, 0.8756386718190039, 0.09755091967274038, 0.0037050576568329907, 0.34147608836885546, 0.7354148482675783, 0.7632498581446214, 0.22136431538214005, 0.9661928122149708, 2.8091040476132023, 10.0, 4.7415682734644475, 7.607166387211367, 2.9263037614201304, 0.8735046318390479, 2.1177336063798564, 1.5672393873683883, 2.0377985083681214, 1.8571283046678129, 0.7222907296076087, 1.5311139776961282, 1.339988406797078, 2.256423977496745, 2.872921666740367, 10.0, 0.8055334017621277, 1.0705097454447157, 1.7403622589108676, 0.9791730320948008, 0.7700241620582001, 3.449781967604722, 3.502606608007097, 1.0861756575083785, 0.8719255895241501]
APTIDAO: 
28.4700106277199
GEN: 7000
Individuo: 
[0.8001769823757432, 1.98853905806984, 2.229059324124665, 1.8383210601185658, 2.0486412915575656, 1.270488986687208, 0.3004546789504879, 0.7786080910134616, 1.4933747818754821, 0.1212968291211743, 1.0375621275829225, 0.3120447569221215, 0.007514776646687414, 0.3562184826342417, 0.31541656107475435, 0.007023112784812723, 0.19723476287069008, 0.8045379997512286, 0.004383633377172257, 0.8756386718190039, 0.09755091967274038, 0.006159846771660241, 0.34147608836885546, 0.7354148482675783, 0.7632498581446214, 0.22136431538214005, 0.9661928122149708, 2.8091040476132023, 10.0, 4.7415682734644475, 7.607166387211367, 2.9263037614201304, 0.8735046318390479, 2.1177336063798564, 1.5672393873683883, 2.0377985083681214, 1.8571283046678129, 0.7222907296076087, 1.5045840976822908, 1.339988406797078, 2.256423977496745, 2.5233125256045716, 10.0, 0.8055334017621277, 1.0705097454447157, 1.7403622589108676, 0.9791730320948008, 2.279203154295004, 3.449781967604722, 3.502606608007097, 1.0861756575083785, 0.8719255895241501]
APTIDAO: 
28.464603967641505
GEN: 7100
Individuo: 
[0.8001769823757432, 1.98853905806984, 2.229059324124665, 1.8383210601185658, 2.0486412915575656, 1.270488986687208, 0.3004546789504879, 0.7786080910134616, 1.4933747818754821, 0.1212968291211743, 1.0375621275829225, 0.3120447569221215, 0.007514776646687414, 0.3562184826342417, 0.31541656107475435, 0.006780483503061196, 0.19723476287069008, 0.8045379997512286, 0.004383633377172257, 0.8756386718190039, 0.09755091967274038, 0.0056858211497190225, 0.34147608836885546, 0.7354148482675783, 0.7632498581446214, 0.22136431538214005, 0.9661928122149708, 2.8091040476132023, 10.0, 4.7415682734644475, 7.607166387211367, 2.9263037614201304, 0.8735046318390479, 2.1177336063798564, 1.5672393873683883, 2.0377985083681214, 1.8571283046678129, 0.7222907296076087, 1.5045840976822908, 1.339988406797078, 2.256423977496745, 2.6260794085838324, 10.0, 0.8055334017621277, 1.0705097454447157, 1.7403622589108676, 0.9791730320948008, 3.681356420494208, 3.449781967604722, 3.502606608007097, 1.0861756575083785, 0.8719255895241501]
APTIDAO: 
28.461276728513187
GEN: 7200
Individuo: 
[0.8001769823757432, 1.98853905806984, 2.229059324124665, 1.8383210601185658, 2.0486412915575656, 1.270488986687208, 0.3004546789504879, 0.7786080910134616, 1.4933747818754821, 0.1212968291211743, 1.0375621275829225, 0.3120447569221215, 0.007514776646687414, 0.3562184826342417, 0.31541656107475435, 0.006780483503061196, 0.19723476287069008, 0.8045379997512286, 0.004383633377172257, 0.8756386718190039, 0.09755091967274038, 0.0056858211497190225, 0.34147608836885546, 0.7354148482675783, 0.7632498581446214, 0.22136431538214005, 0.9661928122149708, 2.8091040476132023, 10.0, 4.7415682734644475, 7.607166387211367, 2.9263037614201304, 0.8735046318390479, 2.1177336063798564, 1.5672393873683883, 2.0377985083681214, 1.8571283046678129, 0.7222907296076087, 1.5045840976822908, 1.339988406797078, 2.256423977496745, 2.6260794085838324, 10.0, 0.8055334017621277, 1.0705097454447157, 1.7403622589108676, 0.9791730320948008, 3.681356420494208, 3.449781967604722, 3.502606608007097, 1.0861756575083785, 0.8719255895241501]
APTIDAO: 
28.461276728513187
GEN: 7300
Individuo: 
[0.8001769823757432, 1.98853905806984, 2.229059324124665, 1.8383210601185658, 2.0486412915575656, 1.270488986687208, 0.3004546789504879, 0.7786080910134616, 1.4933747818754821, 0.1212968291211743, 1.0375621275829225, 0.3120447569221215, 0.007514776646687414, 0.3562184826342417, 0.31541656107475435, 0.006780483503061196, 0.19723476287069008, 0.8045379997512286, 0.002243543743864873, 0.8508392123036334, 0.09755091967274038, 0.0056858211497190225, 0.3414758352774848, 0.7354148482675783, 0.7632498581446214, 0.22136431538214005, 0.9661928122149708, 2.8091040476132023, 10.0, 4.7415682734644475, 7.607166387211367, 2.9263037614201304, 0.8735046318390479, 2.1177336063798564, 1.5672393873683883, 2.0377985083681214, 1.8571283046678129, 0.7222907296076087, 1.5045840976822908, 1.339988406797078, 2.256423977496745, 2.6260794085838324, 10.0, 0.8055334017621277, 1.0428680801987715, 2.494793665879486, 0.9791730320948008, 3.681356420494208, 4.25989785997258, 3.502606608007097, 1.0861756575083785, 0.8719255895241501]
APTIDAO: 
28.326422807993158
GEN: 7400
Individuo: 
[0.8001769823757432, 1.98853905806984, 2.229059324124665, 1.8383210601185658, 2.0486412915575656, 1.270488986687208, 0.3004546789504879, 0.7786080910134616, 1.4933747818754821, 0.1212968291211743, 1.0375621275829225, 0.3120447569221215, 0.008917145474436493, 0.3562184826342417, 0.31541656107475435, 0.006780483503061196, 0.19723476287069008, 0.8045379997512286, 0.001621994611353692, 0.8508392123036334, 0.09755091967274038, 0.004498622307940585, 0.3414758352774848, 0.7354148482675783, 0.7632498581446214, 0.22136431538214005, 0.9661928122149708, 2.8091040476132023, 10.0, 4.7415682734644475, 7.607166387211367, 2.9263037614201304, 0.8735046318390479, 2.1177336063798564, 1.5672393873683883, 2.0377985083681214, 1.8571283046678129, 0.7222907296076087, 1.9397133819962975, 1.339988406797078, 2.256423977496745, 2.6260794085838324, 10.0, 0.8055334017621277, 0.9538753588080015, 2.494793665879486, 0.9791730320948008, 1.1747453547174267, 4.25989785997258, 3.502606608007097, 1.0861756575083785, 0.8719255895241501]
APTIDAO: 
28.238809804867014
GEN: 7500
Individuo: 
[0.803721955199722, 1.98853905806984, 2.229059324124665, 1.8383210601185658, 2.0486412915575656, 1.270488986687208, 0.3004546789504879, 0.7786080910134616, 1.4933747818754821, 0.1212968291211743, 1.0375621275829225, 0.3120447569221215, 0.008917145474436493, 0.3562184826342417, 0.31541656107475435, 0.006780483503061196, 0.19723476287069008, 0.8045379997512286, 0.0016242178003495864, 0.8508392123036334, 0.09755091967274038, 0.0031218445179553617, 0.3414758352774848, 0.7354148482675783, 0.7632498581446214, 0.22136431538214005, 0.8742396307582532, 2.8091040476132023, 10.0, 4.7415682734644475, 7.607166387211367, 2.9263037614201304, 0.8735046318390479, 2.1177336063798564, 1.5672393873683883, 2.0377985083681214, 1.8571283046678129, 0.7222907296076087, 1.9397133819962975, 1.339988406797078, 2.256423977496745, 2.6260794085838324, 10.0, 0.8055334017621277, 1.8120759988363868, 2.494793665879486, 0.9791730320948008, 1.3611635248072882, 4.25989785997258, 3.502606608007097, 1.0861756575083785, 0.8719255895241501]
APTIDAO: 
28.211821525748288
GEN: 7600
Individuo: 
[0.803721955199722, 1.98853905806984, 2.229059324124665, 1.8383210601185658, 2.0486412915575656, 1.270488986687208, 0.3004546789504879, 0.7786080910134616, 1.4933747818754821, 0.1212968291211743, 1.0375621275829225, 0.3120447569221215, 0.008917145474436493, 0.3562184826342417, 0.31541656107475435, 0.006780483503061196, 0.19723476287069008, 0.8045379997512286, 0.0016242178003495864, 0.8508392123036334, 0.10267116877432185, 0.0015807156307221374, 0.3414758352774848, 0.7354148482675783, 0.7632498581446214, 0.22136431538214005, 0.8742396307582532, 2.8091040476132023, 10.0, 4.7415682734644475, 7.607166387211367, 2.9263037614201304, 0.8735046318390479, 2.1177336063798564, 1.5672393873683883, 2.0377985083681214, 1.8571283046678129, 0.7222907296076087, 1.9397133819962975, 1.339988406797078, 2.256423977496745, 2.6260794085838324, 10.0, 0.8055334017621277, 1.8120759988363868, 2.494793665879486, 1.103546916761587, 0.880372425230521, 4.25989785997258, 3.502606608007097, 1.0861756575083785, 0.8719255895241501]
APTIDAO: 
28.180791561343785
GEN: 7700
Individuo: 
[0.803721955199722, 1.98853905806984, 2.229059324124665, 1.8383210601185658, 2.0486412915575656, 1.270488986687208, 0.3004546789504879, 0.7786080910134616, 1.4933747818754821, 0.1212968291211743, 1.0375621275829225, 0.3120447569221215, 0.008892238239999236, 0.3562184826342417, 0.31541656107475435, 0.006780483503061196, 0.19723476287069008, 0.8045379997512286, 0.0016242178003495864, 0.8508392123036334, 0.10267116877432185, 0.0015807156307221374, 0.3414758352774848, 0.7354148482675783, 0.7632498581446214, 0.22136431538214005, 0.8742396307582532, 2.8091040476132023, 10.0, 4.7415682734644475, 7.607166387211367, 2.9263037614201304, 0.8735046318390479, 2.1177336063798564, 1.5672393873683883, 2.0377985083681214, 1.8571283046678129, 0.7222907296076087, 0.9440213649657035, 1.339988406797078, 2.256423977496745, 2.6260794085838324, 10.0, 0.8055334017621277, 1.8120759988363868, 2.494793665879486, 1.103546916761587, 0.880372425230521, 4.25989785997258, 3.502606608007097, 1.0861756575083785, 0.8719255895241501]
APTIDAO: 
28.180594007749058
GEN: 7800
Individuo: 
[0.803721955199722, 1.98853905806984, 2.229059324124665, 1.8383210601185658, 2.0486412915575656, 1.270488986687208, 0.3004546789504879, 0.7778217757845589, 1.4933747818754821, 0.1212968291211743, 1.0375621275829225, 0.3120447569221215, 0.008692870680298519, 0.3562184826342417, 0.31541656107475435, 0.006780483503061196, 0.19723476287069008, 0.8045379997512286, 0.0016242178003495864, 0.8508392123036334, 0.10267116877432185, 0.0032110856642576166, 0.3414758352774848, 0.7354148482675783, 0.7632498581446214, 0.22136431538214005, 0.8742396307582532, 2.8091040476132023, 10.0, 4.7415682734644475, 7.607166387211367, 2.9263037614201304, 0.8735046318390479, 2.0201070299999166, 1.5672393873683883, 2.0377985083681214, 1.8571283046678129, 0.7222907296076087, 1.2501995862878426, 1.339988406797078, 2.256423977496745, 2.6260794085838324, 10.0, 0.8055334017621277, 1.8120759988363868, 2.494793665879486, 1.103546916761587, 1.9051892808136575, 4.25989785997258, 3.502606608007097, 1.0861756575083785, 0.8719255895241501]
APTIDAO: 
28.194016253222618
GEN: 7900
Individuo: 
[0.803721955199722, 1.98853905806984, 2.229059324124665, 1.8383210601185658, 2.0486412915575656, 1.270488986687208, 0.3004546789504879, 0.7778217757845589, 1.4933747818754821, 0.1212968291211743, 1.0375621275829225, 0.3120447569221215, 0.008692870680298519, 0.3562184826342417, 0.31541656107475435, 0.006780483503061196, 0.19793291267443244, 0.8045379997512286, 0.0016242178003495864, 0.8508392123036334, 0.10267116877432185, 0.0020663490493933482, 0.3414758352774848, 0.7354148482675783, 0.7632498581446214, 0.22136431538214005, 0.8742396307582532, 2.8091040476132023, 10.0, 4.7415682734644475, 7.607166387211367, 2.9263037614201304, 0.8735046318390479, 2.0201070299999166, 1.5672393873683883, 2.0377985083681214, 1.8571283046678129, 0.7222907296076087, 1.2501995862878426, 1.339988406797078, 2.256423977496745, 2.6260794085838324, 6.185822382587314, 0.8055334017621277, 1.8120759988363868, 2.494793665879486, 1.103546916761587, 3.321414997862151, 4.25989785997258, 3.502606608007097, 1.0861756575083785, 0.8719255895241501]
APTIDAO: 
28.1784875374559
GEN: 8000
Individuo: 
[0.803721955199722, 1.98853905806984, 2.229059324124665, 1.8383210601185658, 2.0486412915575656, 1.270488986687208, 0.3004546789504879, 0.7778217757845589, 1.4933747818754821, 0.14355941485046753, 1.0375621275829225, 0.3120447569221215, 0.011781552777655616, 0.3562184826342417, 0.31541656107475435, 0.004625382603057147, 0.19793291267443244, 0.8045379997512286, 0.0016242178003495864, 0.8508392123036334, 0.07024471684805617, 0.0026249928195466207, 0.3414758352774848, 0.7354148482675783, 0.7632498581446214, 0.22136431538214005, 0.8742396307582532, 2.8091040476132023, 10.0, 4.7415682734644475, 7.607166387211367, 2.9263037614201304, 0.8735046318390479, 2.0201070299999166, 1.5672393873683883, 1.3723185409846856, 1.8571283046678129, 0.7222907296076087, 0.9935676821961518, 1.339988406797078, 2.256423977496745, 2.171514945096998, 6.185822382587314, 0.8055334017621277, 1.8120759988363868, 2.494793665879486, 0.883524847479394, 2.3545822380524615, 4.25989785997258, 3.502606608007097, 1.0861756575083785, 0.8719255895241501]
APTIDAO: 
28.981565552567606
GEN: 8100
Individuo: 
[1.0043766799790075, 2.0218033842210055, 2.2321238394516034, 1.2730764295885098, 2.0486412915575656, 1.270488986687208, 0.3004546789504879, 0.7778217757845589, 1.4933747818754821, 0.14355941485046753, 1.0375621275829225, 0.3120447569221215, 0.005896776584462856, 0.3562184826342417, 0.311676550541156, 0.003930133514951342, 0.19793291267443244, 0.8045379997512286, 0.0015013312669135872, 0.8508392123036334, 0.009717119623186273, 0.0010603542327057782, 0.3414758352774848, 0.7354148482675783, 0.7781604982277369, 0.2274572918196559, 1.10733258357341, 2.841187691406499, 6.960066117770076, 4.680933835060956, 7.607166387211367, 2.9263037614201304, 0.8735046318390479, 2.0201070299999166, 1.5672393873683883, 1.3723185409846856, 1.8571283046678129, 0.7222907296076087, 0.8407799858728467, 1.339988406797078, 1.560597677445314, 2.862775640232954, 6.185822382587314, 0.8055334017621277, 1.303333868868658, 2.494793665879486, 0.454183851121216, 1.1057266374927184, 4.25989785997258, 3.502606608007097, 1.2512377255045866, 0.9210942334048551]
APTIDAO: 
26.67176168986796
GEN: 8200
Individuo: 
[1.0043766799790075, 2.0218033842210055, 2.2321238394516034, 1.2730764295885098, 2.0486412915575656, 1.270488986687208, 0.3004546789504879, 0.7778217757845589, 1.4933747818754821, 0.14355941485046753, 1.0375621275829225, 0.3120447569221215, 0.005190549494716024, 0.3562184826342417, 0.311676550541156, 0.003898382405540043, 0.19793291267443244, 0.8045379997512286, 0.0015877100593614999, 0.8508392123036334, 0.0011621822263603446, 0.0014230982105629595, 0.3414758352774848, 0.6717894446993873, 0.5994912854422363, 0.2274572918196559, 1.10733258357341, 2.841187691406499, 6.960066117770076, 4.680933835060956, 7.607166387211367, 2.9263037614201304, 0.8735046318390479, 2.0201070299999166, 1.5672393873683883, 1.3723185409846856, 1.8571283046678129, 0.7222907296076087, 1.8491688235385648, 1.339988406797078, 1.560597677445314, 2.015122387621466, 6.185822382587314, 0.8055334017621277, 0.912363626239388, 2.494793665879486, 0.594175416982976, 0.8994396677529678, 4.25989785997258, 1.8363420818607468, 1.5108788107091569, 0.9210942334048551]
APTIDAO: 
26.477291730699875
GEN: 8300
Individuo: 
[1.0043766799790075, 2.0218033842210055, 2.2321238394516034, 1.2730764295885098, 2.0486412915575656, 1.270488986687208, 0.3004546789504879, 0.7778217757845589, 1.4933747818754821, 0.14355941485046753, 1.0375621275829225, 0.3120447569221215, 0.005506991202094808, 0.3562184826342417, 0.311676550541156, 0.00464045302266366, 0.19793291267443244, 0.8045379997512286, 0.001631146817108248, 0.8508392123036334, 0.004407621964297297, 0.0020304153665760337, 0.3414758352774848, 0.6717894446993873, 0.5994912854422363, 0.2274572918196559, 1.10733258357341, 2.841187691406499, 6.960066117770076, 4.680933835060956, 7.607166387211367, 2.9263037614201304, 0.8735046318390479, 2.0201070299999166, 1.5672393873683883, 1.3723185409846856, 1.8571283046678129, 0.7222907296076087, 1.0486485511388877, 1.339988406797078, 1.560597677445314, 1.496455377091068, 6.185822382587314, 0.8055334017621277, 0.43590384493278816, 2.494793665879486, 1.1887193410355281, 1.2685166713809461, 4.25989785997258, 1.8363420818607468, 1.5108788107091569, 0.9210942334048551]
APTIDAO: 
26.408717198078826
GEN: 8400
Individuo: 
[1.0043766799790075, 2.0218033842210055, 2.2321238394516034, 1.2730764295885098, 2.0486412915575656, 1.270488986687208, 0.3004546789504879, 0.7778217757845589, 1.4933747818754821, 0.14355941485046753, 1.0375621275829225, 0.3120447569221215, 0.005535135016268989, 0.3562184826342417, 0.311676550541156, 0.008477558780044478, 0.19793291267443244, 0.8045379997512286, 0.0016376374201319695, 0.8508392123036334, 0.01150899856174121, 0.0033051280483474355, 0.3414758352774848, 0.6717894446993873, 0.5994912854422363, 0.2274572918196559, 1.10733258357341, 2.841187691406499, 6.960066117770076, 4.680933835060956, 7.607166387211367, 2.9263037614201304, 0.8735046318390479, 2.0201070299999166, 1.5672393873683883, 1.3723185409846856, 1.8571283046678129, 0.7222907296076087, 0.7655398098463051, 1.339988406797078, 1.560597677445314, 1.6061854817707395, 6.185822382587314, 0.8055334017621277, 0.6322112759559545, 2.494793665879486, 1.1013939932340213, 1.0529853350395357, 4.25989785997258, 1.8363420818607468, 1.5108788107091569, 0.9210942334048551]
APTIDAO: 
26.363290426103358
GEN: 8500
Individuo: 
[0.9908724541913358, 2.0218033842210055, 2.2321238394516034, 1.2730764295885098, 2.0486412915575656, 1.270488986687208, 0.3004546789504879, 0.7778217757845589, 1.4933747818754821, 0.14355941485046753, 1.0375621275829225, 0.3120447569221215, 0.004822266549394347, 0.3562184826342417, 0.311676550541156, 0.008477558780044478, 0.19793291267443244, 0.8045379997512286, 0.0024688940299502776, 0.8508392123036334, 0.01150899856174121, 0.0033051280483474355, 0.3414758352774848, 0.6717894446993873, 0.6057006794534512, 0.2274572918196559, 2.004512827256192, 2.841187691406499, 6.960066117770076, 4.680933835060956, 7.607166387211367, 2.9263037614201304, 0.8735046318390479, 2.0201070299999166, 1.5672393873683883, 1.3723185409846856, 1.8571283046678129, 0.7222907296076087, 0.9183645865500588, 1.339988406797078, 1.560597677445314, 1.6061854817707395, 6.185822382587314, 0.8055334017621277, 0.7482068624484172, 2.494793665879486, 1.1013939932340213, 1.0529853350395357, 4.25989785997258, 1.8363420818607468, 1.3412853672596443, 0.9210942334048551]
APTIDAO: 
26.44135586168878
GEN: 8600
Individuo: 
[0.9908724541913358, 2.0218033842210055, 2.2321238394516034, 1.2730764295885098, 2.0486412915575656, 1.270488986687208, 0.3004546789504879, 0.7778217757845589, 1.4933747818754821, 0.14355941485046753, 1.0375621275829225, 0.3120447569221215, 0.004822266549394347, 0.3562184826342417, 0.311676550541156, 0.008477558780044478, 0.19793291267443244, 0.8045379997512286, 0.0024688940299502776, 0.8508392123036334, 0.01150899856174121, 0.0012714684483848152, 0.3414758352774848, 0.6717894446993873, 0.6057006794534512, 0.2274572918196559, 2.004512827256192, 2.841187691406499, 6.960066117770076, 4.680933835060956, 7.607166387211367, 2.9263037614201304, 0.8735046318390479, 2.0201070299999166, 1.5672393873683883, 1.3723185409846856, 1.8571283046678129, 0.7222907296076087, 0.9183645865500588, 1.339988406797078, 1.560597677445314, 1.6061854817707395, 6.185822382587314, 0.8055334017621277, 0.7482068624484172, 2.494793665879486, 1.1013939932340213, 0.9844666428509373, 4.25989785997258, 1.8363420818607468, 1.3412853672596443, 0.9210942334048551]
APTIDAO: 
26.441037358019535
GEN: 8700
Individuo: 
[0.9908724541913358, 2.0218033842210055, 2.2321238394516034, 1.2730764295885098, 2.0486412915575656, 1.270488986687208, 0.3004546789504879, 0.7778217757845589, 1.4933747818754821, 0.14355941485046753, 1.0375621275829225, 0.3120447569221215, 0.004822266549394347, 0.3562184826342417, 0.311676550541156, 0.008477558780044478, 0.19793291267443244, 0.8045379997512286, 0.0024688940299502776, 0.8508392123036334, 0.013805372063051104, 0.0010118103267783426, 0.3414758352774848, 0.6717894446993873, 0.6057006794534512, 0.22639459058708028, 2.004512827256192, 2.841187691406499, 6.960066117770076, 4.680933835060956, 7.607166387211367, 2.9263037614201304, 0.8735046318390479, 2.0201070299999166, 1.5672393873683883, 1.3723185409846856, 1.8571283046678129, 0.7222907296076087, 0.9183645865500588, 1.339988406797078, 1.560597677445314, 1.6061854817707395, 6.185822382587314, 0.8055334017621277, 0.7482068624484172, 2.494793665879486, 1.0582207568253676, 0.660639641079089, 4.25989785997258, 1.8363420818607468, 1.3412853672596443, 0.6267599349410751]
APTIDAO: 
26.439514595457865
GEN: 8800
Individuo: 
[0.9937524044640764, 2.0218033842210055, 2.2321238394516034, 1.2730764295885098, 2.0486412915575656, 1.270488986687208, 0.3004546789504879, 0.7778217757845589, 1.4933747818754821, 0.14355941485046753, 1.0375621275829225, 0.3120447569221215, 0.004822266549394347, 0.3562184826342417, 0.311676550541156, 0.008477558780044478, 0.19793291267443244, 0.8045379997512286, 0.0023968485263189563, 0.8508392123036334, 0.014590149383841185, 0.002234747540052784, 0.3414758352774848, 0.6717894446993873, 0.6057006794534512, 0.22639459058708028, 1.9877702587141062, 2.841187691406499, 6.960066117770076, 4.680933835060956, 7.607166387211367, 2.9263037614201304, 0.8735046318390479, 2.0201070299999166, 1.5672393873683883, 1.3723185409846856, 1.8571283046678129, 0.7222907296076087, 0.9183645865500588, 1.339988406797078, 1.560597677445314, 1.6061854817707395, 6.185822382587314, 0.8055334017621277, 1.1965648987445652, 2.494793665879486, 1.2795175504959853, 1.201075010301393, 4.25989785997258, 1.8363420818607468, 1.3412853672596443, 0.6267599349410751]
APTIDAO: 
26.415873545455188
GEN: 8900
Individuo: 
[0.9937524044640764, 2.0218033842210055, 2.2321238394516034, 1.2730764295885098, 2.0486412915575656, 1.270488986687208, 0.3004546789504879, 0.7778217757845589, 1.4933747818754821, 0.14355941485046753, 1.0375621275829225, 0.3120447569221215, 0.004822266549394347, 0.3562184826342417, 0.311676550541156, 0.007323196494854962, 0.19793291267443244, 0.8045379997512286, 0.0023968485263189563, 0.8508392123036334, 0.022884959864876837, 0.005923552284955465, 0.3414758352774848, 0.6717894446993873, 0.6057006794534512, 0.22639459058708028, 1.9877702587141062, 2.841187691406499, 6.960066117770076, 4.680933835060956, 7.607166387211367, 2.9263037614201304, 0.8735046318390479, 2.0201070299999166, 1.5672393873683883, 1.3723185409846856, 1.8571283046678129, 0.7222907296076087, 0.9183645865500588, 1.339988406797078, 1.560597677445314, 1.4343489104376375, 6.185822382587314, 0.8055334017621277, 1.1965648987445652, 2.494793665879486, 0.8235118253219905, 1.133533097688655, 4.25989785997258, 1.8363420818607468, 1.3412853672596443, 0.6267599349410751]
APTIDAO: 
26.40662088847077
GEN: 9000
Individuo: 
[0.9937524044640764, 2.0218033842210055, 2.2321238394516034, 1.2730764295885098, 2.0486412915575656, 1.270488986687208, 0.3004546789504879, 0.7778217757845589, 1.4933747818754821, 0.14355941485046753, 1.0375621275829225, 0.3120447569221215, 0.00420597150051227, 0.3562184826342417, 0.3123021508765327, 0.007323196494854962, 0.19793291267443244, 0.8045379997512286, 0.0023968485263189563, 0.8508392123036334, 0.019734758993376976, 0.005947380898166514, 0.3414758352774848, 0.6717894446993873, 0.6057006794534512, 0.22639459058708028, 1.9877702587141062, 2.841187691406499, 6.960066117770076, 4.680933835060956, 7.607166387211367, 2.9263037614201304, 0.8735046318390479, 2.0201070299999166, 1.5672393873683883, 1.3723185409846856, 1.8571283046678129, 0.7222907296076087, 0.7051452943694246, 1.339988406797078, 1.2198920746751676, 1.4343489104376375, 6.185822382587314, 0.8055334017621277, 1.1965648987445652, 2.494793665879486, 1.7800363862505577, 1.2551386726822347, 4.25989785997258, 1.8363420818607468, 1.3412853672596443, 0.6267599349410751]
APTIDAO: 
26.396886632602932
GEN: 9100
Individuo: 
[0.9937524044640764, 2.0218033842210055, 2.2321238394516034, 1.3189221526654156, 2.0486412915575656, 1.270488986687208, 0.3004546789504879, 0.7778217757845589, 1.4933747818754821, 0.14355941485046753, 1.0375621275829225, 0.3120447569221215, 0.004822266549394347, 0.3562184826342417, 0.3123021508765327, 0.007323196494854962, 0.19793291267443244, 0.8045379997512286, 0.0015237425710771012, 0.8508392123036334, 0.04131664601228311, 0.019000818686062036, 0.3414758352774848, 0.6717894446993873, 0.6057006794534512, 0.22639459058708028, 1.9877702587141062, 2.841187691406499, 6.960066117770076, 3.5680698777897537, 7.607166387211367, 2.9263037614201304, 0.8735046318390479, 2.0201070299999166, 1.5672393873683883, 1.3723185409846856, 1.8571283046678129, 0.7222907296076087, 0.9183645865500588, 1.339988406797078, 1.2198920746751676, 1.4343489104376375, 6.185822382587314, 0.8055334017621277, 0.9692376890578732, 2.494793665879486, 1.622404623468845, 0.8812027669245865, 4.25989785997258, 1.8363420818607468, 1.3412853672596443, 0.6267599349410751]
APTIDAO: 
26.289340742227413
GEN: 9200
Individuo: 
[0.9937524044640764, 2.0218033842210055, 2.2321238394516034, 1.3189221526654156, 2.0486412915575656, 1.066779425199459, 0.3004546789504879, 0.7778217757845589, 1.4933747818754821, 0.14355941485046753, 1.0375621275829225, 0.3120447569221215, 0.005139019710382766, 0.1738829128188566, 0.3123021508765327, 0.00624682529628241, 0.19793291267443244, 0.8045379997512286, 0.0015237425710771012, 0.8508392123036334, 0.030094648568792164, 0.0014430055930373287, 0.3414758352774848, 0.6717894446993873, 0.6057006794534512, 0.22639459058708028, 1.9877702587141062, 2.841187691406499, 6.960066117770076, 3.5680698777897537, 7.607166387211367, 4.469556218976141, 0.8735046318390479, 2.0201070299999166, 1.5672393873683883, 1.3723185409846856, 1.8571283046678129, 0.7222907296076087, 1.2522843514600026, 1.7545540936484134, 1.2198920746751676, 1.321544995957591, 6.185822382587314, 0.8055334017621277, 0.9692376890578732, 2.494793665879486, 1.0910394915829136, 1.4177109053363366, 4.25989785997258, 1.8363420818607468, 1.3412853672596443, 0.6267599349410751]
APTIDAO: 
26.084153785550335
GEN: 9300
Individuo: 
[0.9937524044640764, 2.0218033842210055, 2.2321238394516034, 1.3189221526654156, 2.0486412915575656, 1.066779425199459, 0.3004546789504879, 0.7778217757845589, 1.4933747818754821, 0.142554141748846, 1.0375621275829225, 0.3120447569221215, 0.005418331117601516, 0.1740303265356963, 0.3123021508765327, 0.00624682529628241, 0.19793291267443244, 0.8045379997512286, 0.0013926478876241219, 0.8508392123036334, 0.03231297530047885, 0.005128551263018523, 0.3414758352774848, 0.6717894446993873, 0.6057006794534512, 0.22639459058708028, 1.9877702587141062, 2.841187691406499, 6.960066117770076, 3.5680698777897537, 7.607166387211367, 4.469556218976141, 0.8735046318390479, 2.0201070299999166, 1.5672393873683883, 0.8925271681320871, 1.8571283046678129, 0.7222907296076087, 1.2109146021714898, 1.3673492668732024, 1.2198920746751676, 1.321544995957591, 6.185822382587314, 0.8055334017621277, 0.8570461715141516, 2.494793665879486, 0.7810934307856267, 2.348728763160838, 4.25989785997258, 1.8363420818607468, 1.3412853672596443, 0.6267599349410751]
APTIDAO: 
26.045393019766376
GEN: 9400
Individuo: 
[0.9937524044640764, 2.0218033842210055, 2.2321238394516034, 1.3189221526654156, 2.0486412915575656, 1.066779425199459, 0.3004546789504879, 0.7778217757845589, 1.4933747818754821, 0.14681155694674555, 1.0375621275829225, 0.3120447569221215, 0.007148450874883552, 0.1740303265356963, 0.3123021508765327, 0.005837496708440558, 0.19793291267443244, 0.809636118022582, 0.0010518589937681207, 0.8508392123036334, 0.008675030612695827, 0.0015139182035261954, 0.3414758352774848, 0.6717894446993873, 0.6057006794534512, 0.22639459058708028, 1.9877702587141062, 2.841187691406499, 6.960066117770076, 3.5680698777897537, 7.607166387211367, 4.469556218976141, 0.8735046318390479, 2.0201070299999166, 1.5672393873683883, 0.9040163424044085, 1.8571283046678129, 0.7222907296076087, 0.7858738251423039, 1.3673492668732024, 1.2198920746751676, 0.9418439540610037, 6.185822382587314, 0.7471479453936928, 1.3905150335847403, 2.494793665879486, 1.3783397066351357, 0.9260011643411435, 4.25989785997258, 1.8363420818607468, 1.3412853672596443, 0.6267599349410751]
APTIDAO: 
25.864304563987922
GEN: 9500
Individuo: 
[0.9937524044640764, 2.0218033842210055, 2.2321238394516034, 1.3189221526654156, 2.0486412915575656, 1.066779425199459, 0.30006897695501594, 0.7778217757845589, 1.4933747818754821, 0.14681155694674555, 1.0375621275829225, 0.3120447569221215, 0.007883621099028643, 0.1740303265356963, 0.3123021508765327, 0.005837496708440558, 0.19793291267443244, 0.809636118022582, 0.001055291787762243, 0.8508392123036334, 0.018637704791608138, 0.002717501737641226, 0.3414758352774848, 0.6717894446993873, 0.5998930441005424, 0.22639459058708028, 1.9877702587141062, 2.841187691406499, 6.960066117770076, 3.5680698777897537, 7.607166387211367, 4.469556218976141, 0.9414851589830496, 2.0201070299999166, 1.5672393873683883, 0.9040163424044085, 1.8571283046678129, 0.7222907296076087, 0.8263897898740677, 1.3673492668732024, 1.2198920746751676, 0.9418439540610037, 6.185822382587314, 0.7471479453936928, 1.0839609072623753, 2.494793665879486, 1.8280263220097572, 1.9832224001978187, 4.25989785997258, 1.8363420818607468, 1.4289497716565371, 0.6267599349410751]
APTIDAO: 
25.791772561747596
GEN: 9600
Individuo: 
[0.9937524044640764, 2.0218033842210055, 2.2321238394516034, 1.3189221526654156, 2.0486412915575656, 1.066779425199459, 0.30006897695501594, 0.7778217757845589, 1.4933747818754821, 0.14681155694674555, 1.0375621275829225, 0.3120447569221215, 0.007883621099028643, 0.1740303265356963, 0.3123021508765327, 0.007660323015285216, 0.19793291267443244, 0.809636118022582, 0.001055291787762243, 0.8508392123036334, 0.01719503529768386, 0.0012620183674681821, 0.3414758352774848, 0.6717894446993873, 0.5998930441005424, 0.22639459058708028, 1.9877702587141062, 2.841187691406499, 6.960066117770076, 3.5680698777897537, 7.607166387211367, 4.469556218976141, 0.9414851589830496, 2.0201070299999166, 1.5672393873683883, 0.9040163424044085, 1.8571283046678129, 0.7222907296076087, 0.8263897898740677, 1.3673492668732024, 1.2198920746751676, 1.3796696113376006, 6.185822382587314, 0.7471479453936928, 1.0839609072623753, 2.494793665879486, 3.0564777191144428, 0.8705974271109286, 4.25989785997258, 1.8363420818607468, 1.4289497716565371, 0.6267599349410751]
APTIDAO: 
25.783106790622334
GEN: 9700
Individuo: 
[0.9937524044640764, 2.0218033842210055, 2.2321238394516034, 1.3189221526654156, 2.0486412915575656, 1.066779425199459, 0.30006897695501594, 0.7778217757845589, 1.4933747818754821, 0.14681155694674555, 1.0375621275829225, 0.3120447569221215, 0.007883621099028643, 0.1740303265356963, 0.3123021508765327, 0.007660323015285216, 0.19793291267443244, 0.809636118022582, 0.001055291787762243, 0.8508392123036334, 0.01719503529768386, 0.0012620183674681821, 0.3414758352774848, 0.6717894446993873, 0.5998930441005424, 0.22639459058708028, 1.9877702587141062, 2.841187691406499, 6.960066117770076, 3.5680698777897537, 7.607166387211367, 4.469556218976141, 0.9414851589830496, 2.0201070299999166, 1.5672393873683883, 0.9040163424044085, 1.8571283046678129, 0.7222907296076087, 0.8263897898740677, 1.3673492668732024, 1.2198920746751676, 1.3796696113376006, 6.185822382587314, 0.7471479453936928, 1.0839609072623753, 2.494793665879486, 3.0564777191144428, 0.8705974271109286, 4.25989785997258, 1.8363420818607468, 1.4289497716565371, 0.6267599349410751]
APTIDAO: 
25.783106790622334
GEN: 9800
Individuo: 
[0.9937524044640764, 2.0218033842210055, 2.2321238394516034, 1.3189221526654156, 2.0486412915575656, 1.066779425199459, 0.30006897695501594, 0.7778217757845589, 1.4933747818754821, 0.14681155694674555, 1.0375621275829225, 0.3120447569221215, 0.007883621099028643, 0.1740303265356963, 0.3123021508765327, 0.007660323015285216, 0.19793291267443244, 0.809636118022582, 0.001055291787762243, 0.8508392123036334, 0.01719503529768386, 0.0012916124904199763, 0.3414758352774848, 0.6717894446993873, 0.5998930441005424, 0.22639459058708028, 1.9877702587141062, 2.841187691406499, 6.960066117770076, 3.5680698777897537, 7.607166387211367, 4.469556218976141, 0.9414851589830496, 2.0201070299999166, 1.5672393873683883, 0.9040163424044085, 1.8571283046678129, 0.7222907296076087, 0.8263897898740677, 1.3673492668732024, 1.2198920746751676, 1.3796696113376006, 6.185822382587314, 0.7471479453936928, 1.0839609072623753, 2.494793665879486, 3.0564777191144428, 0.8411140007457201, 4.25989785997258, 1.8363420818607468, 1.4289497716565371, 0.6267599349410751]
APTIDAO: 
25.78308955934856
GEN: 9900
Individuo: 
[1.0286251592379116, 2.0128969198491067, 2.2321238394516034, 1.3189221526654156, 2.0486412915575656, 1.066779425199459, 0.30006897695501594, 0.7778217757845589, 1.4933747818754821, 0.14681155694674555, 1.0248885232301956, 0.3120447569221215, 0.010825762430391975, 0.1740303265356963, 0.3123021508765327, 0.006503907831213009, 0.19793291267443244, 0.809636118022582, 0.001055291787762243, 0.8508392123036334, 0.02169714408651855, 0.0039016167405355024, 0.3414758352774848, 0.6805287523259699, 0.5952741469815604, 0.22639459058708028, 1.2405516882866328, 4.187584118867411, 6.960066117770076, 3.5680698777897537, 7.607166387211367, 4.469556218976141, 0.9414851589830496, 2.0201070299999166, 1.5672393873683883, 0.9040163424044085, 1.3586255413373878, 0.7222907296076087, 0.772437046224941, 1.3673492668732024, 1.2198920746751676, 2.0643835788897458, 6.185822382587314, 0.7471479453936928, 1.0839609072623753, 2.494793665879486, 0.7658836602813366, 2.7920332596115287, 4.25989785997258, 2.974095917332146, 2.5994226925374977, 0.6267599349410751]
APTIDAO: 
25.372656588595145
GEN: 10000
Individuo: 
[1.0286251592379116, 2.0128969198491067, 2.2321238394516034, 1.3189221526654156, 2.0486412915575656, 1.066779425199459, 0.30006897695501594, 0.7778217757845589, 1.4933747818754821, 0.14681155694674555, 1.0248885232301956, 0.3120447569221215, 0.010825762430391975, 0.1740303265356963, 0.3123021508765327, 0.006503907831213009, 0.19793291267443244, 0.809636118022582, 0.001065046260874762, 0.8508392123036334, 0.02169714408651855, 0.0039016167405355024, 0.3414758352774848, 0.6805287523259699, 0.5952741469815604, 0.22639459058708028, 1.2405516882866328, 4.187584118867411, 6.960066117770076, 3.5680698777897537, 7.607166387211367, 4.469556218976141, 0.9414851589830496, 2.0201070299999166, 1.5672393873683883, 0.9040163424044085, 1.3586255413373878, 0.7222907296076087, 0.772437046224941, 1.3673492668732024, 1.2198920746751676, 2.0643835788897458, 6.185822382587314, 0.7471479453936928, 1.6766294640670194, 2.494793665879486, 0.7658836602813366, 2.7920332596115287, 4.25989785997258, 2.974095917332146, 2.5994226925374977, 0.6267599349410751]
APTIDAO: 
25.374430120667505

--- RESULTADO FINAL ---
Erro (norma-1): 25.374430120667505
Parâmetros: [1.0286251592379116, 2.0128969198491067, 2.2321238394516034, 1.3189221526654156, 2.0486412915575656, 1.066779425199459, 0.30006897695501594, 0.7778217757845589, 1.4933747818754821, 0.14681155694674555, 1.0248885232301956, 0.3120447569221215, 0.010825762430391975, 0.1740303265356963, 0.3123021508765327, 0.006503907831213009, 0.19793291267443244, 0.809636118022582, 0.001065046260874762, 0.8508392123036334, 0.02169714408651855, 0.0039016167405355024, 0.3414758352774848, 0.6805287523259699, 0.5952741469815604, 0.22639459058708028]
Tempo total: 04h 15m 06s
