SEED: 1778981565
BOUNDS: tau=[0.1, 5.0]  v2=[0.01, 1.5]  J=[0.001, 0.99]
GEN: 0
Individuo: 
[0.894998343802734, 3.507531658007065, 0.9181468921126481, 4.939363953747047, 0.6902955850295507, 0.46841571894038, 0.11316361748669047, 1.0987334399614481, 0.5854683830092297, 0.6407525696473436, 1.2098236865114056, 0.14724465230227798, 0.24097471559213274, 0.6600189341081215, 0.5570196125288867, 0.23429270608020256, 0.040050740265317235, 0.660313313095821, 0.7283638685891984, 0.13929432580271214, 0.22300694280911978, 0.8837209690700065, 0.20198753281404824, 0.5468475656914078, 0.961557475127313, 0.23908331384041834, 8.241805004785922, 7.1594969070859635, 9.799147521154511, 2.682523399929348, 2.0436270099845855, 2.6876615721672437, 8.343996306657612, 1.543099417320083, 8.20483546708466, 7.441075201167205, 7.279753917915522, 2.7661988187919557, 9.68638223839623, 5.8567106575242285, 9.826131725312424, 8.35681328352969, 1.955788819658645, 7.645683589635008, 7.826005143593309, 1.2081996765464238, 3.600040576229074, 9.184500733742723, 3.300354974367366, 6.872722509721071, 2.49371240829273, 4.40131036259613]
APTIDAO: 
122.01532756396122
GEN: 100
Individuo: 
[1.2188757064591602, 3.984410587107459, 1.8292070625775154, 1.0997268202541397, 0.8197683351749936, 0.7074879072323536, 0.5790041382962, 0.30619080957584355, 0.5985528770816207, 1.0087294818620163, 0.5387410961235299, 0.5920086296300232, 0.25045650302595784, 0.7125597938615995, 0.5505448926336671, 0.4685595885373375, 0.18088153712269692, 0.17363618773414158, 0.6250923360515783, 0.5630998009222993, 0.18710493160677036, 0.8428851954415686, 0.02866085246607511, 0.03478658523780399, 0.3138030322084664, 0.46446806214773306, 3.6495757021036264, 1.2774037405873584, 4.71967919543244, 3.0657133042114912, 5.404627624302615, 5.333662979276693, 3.414168355121279, 7.460685441221824, 1.1895740096655691, 3.8264660317132004, 1.7243148869495066, 8.744105392558916, 7.159573475382994, 3.577767964087861, 2.632653762133809, 8.0753608290617, 2.5290174700058596, 2.4618504866363056, 3.3911931276502028, 9.360300409072947, 0.3932004750253712, 1.7323977245268716, 1.769431265403026, 0.5009423226683215, 2.9805910188766473, 3.054298297876335]
APTIDAO: 
59.421064733110796
GEN: 200
Individuo: 
[1.2205636689980686, 3.984410587107459, 1.8292070625775154, 1.0997268202541397, 0.8197683351749936, 0.6854561726837299, 0.5790041382962, 0.30650608777417304, 0.5985528770816207, 0.42973887471758865, 0.5387410961235299, 0.5920086296300232, 0.17412632652614415, 0.47749320501089004, 0.44397215205056717, 0.43573684547821956, 0.4216838558213065, 0.4594010927802763, 0.6250923360515783, 0.5630998009222993, 0.9709751692178977, 0.6513645978723598, 0.02866085246607511, 0.03478658523780399, 0.3187824614396267, 0.46446806214773306, 8.143447162744685, 1.2774037405873584, 4.71967919543244, 3.0657133042114912, 5.404627624302615, 7.518708904325291, 3.414168355121279, 4.321164076623405, 1.1895740096655691, 4.641890333882856, 1.7243148869495066, 8.744105392558916, 8.454674743940275, 5.77813182104373, 0.9647205567416244, 8.141357312591566, 6.65772051433159, 3.0639084637609533, 3.3911931276502028, 9.360300409072947, 0.43458069149403555, 2.2636181400918094, 1.769431265403026, 0.5009423226683215, 2.6337101072392994, 3.054298297876335]
APTIDAO: 
56.921626629687786
GEN: 300
Individuo: 
[1.2205636689980686, 3.9665425601649904, 1.8292070625775154, 1.0997268202541397, 0.8197683351749936, 0.7351642618266954, 0.496524556000702, 0.31247603074828845, 0.5985528770816207, 0.42973887471758865, 0.5387410961235299, 0.5920086296300232, 0.11208363266588472, 0.411050808084153, 0.5054423389332039, 0.43573684547821956, 0.3505829665111308, 0.4594010927802763, 0.6250923360515783, 0.5630998009222993, 0.9709751692178977, 0.493302571546499, 0.0342497682323477, 0.03478658523780399, 0.3187824614396267, 0.46446806214773306, 8.143447162744685, 1.201643369988404, 4.71967919543244, 3.0657133042114912, 5.404627624302615, 5.638931009906301, 2.8605832859890534, 2.795004061023568, 1.1895740096655691, 4.641890333882856, 1.7243148869495066, 8.744105392558916, 7.875597996797947, 4.236559678669927, 3.573263148964521, 8.141357312591566, 3.4888749082206214, 3.0639084637609533, 3.3911931276502028, 9.360300409072947, 0.43458069149403555, 1.915946735761109, 2.0683659737069093, 0.5009423226683215, 2.6337101072392994, 3.054298297876335]
APTIDAO: 
55.99342792792142
GEN: 400
Individuo: 
[1.2205636689980686, 3.9665425601649904, 1.8292070625775154, 1.0997268202541397, 0.8197683351749936, 0.7351642618266954, 0.5234142518058719, 0.31247603074828845, 0.5865642285334444, 0.42973887471758865, 0.5387410961235299, 0.5920086296300232, 0.11208363266588472, 0.3362896396316083, 0.498592617389763, 0.38906284658683643, 0.3505829665111308, 0.40188091874170123, 0.6250923360515783, 0.5630998009222993, 0.9709751692178977, 0.493302571546499, 0.029929320963449246, 0.03478658523780399, 0.3187824614396267, 0.46446806214773306, 8.143447162744685, 1.201643369988404, 4.71967919543244, 3.0657133042114912, 5.404627624302615, 5.638931009906301, 3.218645329052998, 2.795004061023568, 0.8333471403220565, 4.641890333882856, 1.7243148869495066, 8.744105392558916, 7.875597996797947, 2.5615278549230367, 2.2144857324398646, 9.966170133909184, 3.4888749082206214, 2.64939407028067, 3.3911931276502028, 9.360300409072947, 0.43458069149403555, 1.915946735761109, 2.75831974090999, 0.5009423226683215, 2.6337101072392994, 3.054298297876335]
APTIDAO: 
54.798075489431966
GEN: 500
Individuo: 
[1.2205636689980686, 3.9665425601649904, 1.8292070625775154, 1.0997268202541397, 0.8197683351749936, 0.7351642618266954, 0.5234142518058719, 0.31247603074828845, 0.5908894248416612, 0.42973887471758865, 0.5387410961235299, 0.4982631941665078, 0.11208363266588472, 0.3362896396316083, 0.498592617389763, 0.32034609711756373, 0.3505829665111308, 0.415220293873253, 0.6250923360515783, 0.6353944415122206, 0.9709751692178977, 0.35132734560494683, 0.029929320963449246, 0.03700360930504031, 0.3187824614396267, 0.46446806214773306, 8.143447162744685, 1.201643369988404, 4.71967919543244, 3.0657133042114912, 5.404627624302615, 5.638931009906301, 3.218645329052998, 2.795004061023568, 1.3244315953907357, 4.641890333882856, 1.7243148869495066, 9.000239849742487, 7.875597996797947, 2.5615278549230367, 2.2144857324398646, 9.811974868758446, 3.4888749082206214, 4.544105525087596, 3.3911931276502028, 10.0, 0.43458069149403555, 0.9563007383967518, 2.75831974090999, 0.5680393492760606, 2.6337101072392994, 3.054298297876335]
APTIDAO: 
54.08709863188153
GEN: 600
Individuo: 
[1.2205636689980686, 3.9170210619939154, 1.8292070625775154, 1.0997268202541397, 0.8197683351749936, 0.6551578284392788, 0.5234142518058719, 0.31247603074828845, 0.5908894248416612, 0.42973887471758865, 0.5387410961235299, 0.4982631941665078, 0.05656470079270459, 0.047332591432812675, 0.5202413152380422, 0.32034609711756373, 0.2944965639699102, 0.415220293873253, 0.6250923360515783, 0.6353944415122206, 0.9709751692178977, 0.334578473898225, 0.029929320963449246, 0.03700360930504031, 0.40213427211319114, 0.4397273068045901, 8.143447162744685, 1.3999224543763502, 4.71967919543244, 3.0657133042114912, 5.404627624302615, 4.967307762460078, 3.218645329052998, 2.795004061023568, 1.3244315953907357, 4.641890333882856, 1.7243148869495066, 9.000239849742487, 10.0, 1.8226521065635781, 2.5404204397771664, 9.811974868758446, 2.2881161291633, 4.544105525087596, 3.3911931276502028, 10.0, 0.43458069149403555, 1.07329760052378, 2.75831974090999, 0.5680393492760606, 3.31078905255591, 3.570775249409966]
APTIDAO: 
51.89472457645848
GEN: 700
Individuo: 
[1.2205636689980686, 3.9170210619939154, 2.005493232243686, 1.1888586358221798, 0.8197683351749936, 0.6071984106814025, 0.4868086609375121, 0.31247603074828845, 0.5908894248416612, 0.42973887471758865, 0.5279291836981097, 0.4982631941665078, 0.05656470079270459, 0.07126523634191202, 0.41534250453674576, 0.35392449205229676, 0.4837567582238625, 0.415220293873253, 0.5647257192203501, 0.5929444060796611, 0.9709751692178977, 0.334578473898225, 0.03424575213744989, 0.03700360930504031, 0.4392111964718542, 0.4397273068045901, 8.143447162744685, 1.3999224543763502, 3.1585463620405587, 3.1537972323308523, 5.404627624302615, 4.886470212298806, 2.992668068105165, 2.795004061023568, 1.3244315953907357, 4.641890333882856, 2.4199433808554622, 9.000239849742487, 10.0, 1.3816878228266056, 2.24068755542488, 10.0, 1.810120610805423, 4.544105525087596, 2.4887835687901285, 6.826749621002155, 0.43458069149403555, 1.07329760052378, 2.691068125489132, 0.5680393492760606, 3.282299409242701, 3.570775249409966]
APTIDAO: 
50.349321509625625
GEN: 800
Individuo: 
[1.2205636689980686, 3.8183775873890617, 1.9584688997015232, 1.1888586358221798, 0.8569141707763923, 0.6071984106814025, 0.4868086609375121, 0.31247603074828845, 0.5908894248416612, 0.42973887471758865, 0.5279291836981097, 0.507230063340149, 0.05656470079270459, 0.03762841941263375, 0.41534250453674576, 0.35392449205229676, 0.4837567582238625, 0.415220293873253, 0.5647257192203501, 0.5929444060796611, 0.9709751692178977, 0.334578473898225, 0.03424575213744989, 0.03700360930504031, 0.4392111964718542, 0.4397273068045901, 8.143447162744685, 1.0924215461597866, 2.106835516250981, 3.1537972323308523, 5.558092720375404, 4.886470212298806, 2.992668068105165, 2.795004061023568, 1.3244315953907357, 4.641890333882856, 2.4199433808554622, 6.86848265526214, 10.0, 0.8455863419084921, 2.24068755542488, 10.0, 1.810120610805423, 4.544105525087596, 2.4887835687901285, 6.826749621002155, 0.43458069149403555, 1.07329760052378, 2.691068125489132, 0.5680393492760606, 3.282299409242701, 3.570775249409966]
APTIDAO: 
49.36490611516692
GEN: 900
Individuo: 
[1.2205636689980686, 3.8183775873890617, 0.9923768011558626, 1.0075386152809225, 1.3040673477685782, 0.6071984106814025, 0.4868086609375121, 0.31247603074828845, 0.5820380849152572, 0.42973887471758865, 0.5279291836981097, 0.507230063340149, 0.05656470079270459, 0.030452580350817604, 0.41534250453674576, 0.26341240833350327, 0.34628149885969683, 0.415220293873253, 0.5647257192203501, 0.5929444060796611, 0.9709751692178977, 0.334578473898225, 0.03424575213744989, 0.03950218811578728, 0.4567777989912099, 0.4397273068045901, 8.143447162744685, 1.0924215461597866, 2.0883274278166457, 4.357023747852004, 6.78600205720841, 4.886470212298806, 2.992668068105165, 2.795004061023568, 1.3373034463217512, 4.641890333882856, 2.4199433808554622, 6.86848265526214, 10.0, 0.8609024191547934, 2.24068755542488, 7.448723390149912, 1.6624653541787533, 4.544105525087596, 2.4887835687901285, 6.826749621002155, 0.43458069149403555, 1.07329760052378, 2.691068125489132, 0.914605721610008, 5.046637284116846, 3.570775249409966]
APTIDAO: 
46.69378995483883
GEN: 1000
Individuo: 
[1.2205636689980686, 3.6050847680130405, 1.0902869867912577, 1.0497664984953334, 1.3040673477685782, 0.6071984106814025, 0.4868086609375121, 0.3228330460698273, 0.5820380849152572, 0.42973887471758865, 0.5279291836981097, 0.507230063340149, 0.05656470079270459, 0.02734032055214429, 0.41534250453674576, 0.26341240833350327, 0.34628149885969683, 0.415220293873253, 0.5647257192203501, 0.55119504100684, 0.9709751692178977, 0.3477127832277548, 0.04782864221225875, 0.08391074115141735, 0.4567777989912099, 0.4397273068045901, 8.143447162744685, 0.7809834982028768, 1.7648530030920084, 8.1526874594862, 6.78600205720841, 4.886470212298806, 2.992668068105165, 1.8969712056107415, 1.3373034463217512, 4.641890333882856, 2.4199433808554622, 6.86848265526214, 10.0, 0.6300019142058162, 2.24068755542488, 7.448723390149912, 1.6624653541787533, 4.544105525087596, 2.4887835687901285, 5.777672683585682, 0.43458069149403555, 0.4691085308517975, 3.13929398014173, 0.6838730520548412, 5.046637284116846, 3.570775249409966]
APTIDAO: 
44.98553767029771
GEN: 1100
Individuo: 
[1.2205636689980686, 3.6050847680130405, 1.0902869867912577, 1.1047009142937216, 1.3040673477685782, 0.6071984106814025, 0.4868086609375121, 0.5021567072127888, 0.5820380849152572, 0.42973887471758865, 0.5279291836981097, 0.507230063340149, 0.05656470079270459, 0.01219620181908167, 0.41534250453674576, 0.21756444255850685, 0.07739033902272617, 0.37492325053694125, 0.5339141981841593, 0.8512184146050888, 0.9709751692178977, 0.3364190092179793, 0.04782864221225875, 0.022296639571670978, 0.4567777989912099, 0.4397273068045901, 8.143447162744685, 0.7809834982028768, 1.7648530030920084, 8.672640269758405, 6.78600205720841, 4.886470212298806, 2.992668068105165, 0.9533498399532904, 1.3373034463217512, 4.641890333882856, 2.4199433808554622, 6.86848265526214, 10.0, 0.5211778726115822, 2.24068755542488, 7.87011399127297, 1.120450677345004, 2.722575633406249, 1.8064637077816805, 3.5346697782481518, 0.43458069149403555, 0.9285892737214878, 3.13929398014173, 0.7877657617277771, 5.046637284116846, 3.570775249409966]
APTIDAO: 
42.21273373208367
GEN: 1200
Individuo: 
[1.2200502144343517, 3.6050847680130405, 1.0902869867912577, 0.22013498407734655, 1.7293836351473917, 0.6071984106814025, 0.4868086609375121, 0.56268154824552, 0.5820380849152572, 0.42973887471758865, 0.5279291836981097, 0.507230063340149, 0.05656470079270459, 0.011101790102479081, 0.41534250453674576, 0.21756444255850685, 0.06101122404421136, 0.37492325053694125, 0.5768793987565923, 0.9049674195594629, 0.9709751692178977, 0.3364190092179793, 0.04782864221225875, 0.0973051791304895, 0.4750739766051036, 0.4560902077961636, 9.784323881171922, 0.7809834982028768, 1.7648530030920084, 6.393937985277171, 4.870603155130953, 4.886470212298806, 2.992668068105165, 1.4807414592604773, 1.3373034463217512, 4.641890333882856, 2.4199433808554622, 6.86848265526214, 10.0, 0.7298822320589178, 2.24068755542488, 7.87011399127297, 1.200475270922649, 2.722575633406249, 1.6164658883319478, 4.847997071476798, 0.43458069149403555, 0.9285892737214878, 3.13929398014173, 1.0188449600630782, 5.184880936390525, 2.807406853375898]
APTIDAO: 
40.25899818034799
GEN: 1300
Individuo: 
[1.2200502144343517, 3.6050847680130405, 1.0902869867912577, 0.3235039463605433, 1.7293836351473917, 0.6235272725199783, 0.4868086609375121, 0.56268154824552, 0.5820380849152572, 0.42973887471758865, 0.5279291836981097, 0.507230063340149, 0.042879366382533105, 0.007558188519171197, 0.4042775546004043, 0.21756444255850685, 0.06101122404421136, 0.37492325053694125, 0.5768793987565923, 0.9049674195594629, 0.9709751692178977, 0.3364190092179793, 0.04782864221225875, 0.0973051791304895, 0.4750739766051036, 0.4621622081210051, 9.784323881171922, 0.7809834982028768, 1.7648530030920084, 7.286045987124948, 4.870603155130953, 3.5723232293652147, 2.992668068105165, 1.4807414592604773, 1.3373034463217512, 4.641890333882856, 2.4199433808554622, 6.86848265526214, 8.116567414352948, 1.2276702851789985, 1.9885585706614093, 7.87011399127297, 1.200475270922649, 2.722575633406249, 1.6164658883319478, 4.847997071476798, 0.43458069149403555, 0.9285892737214878, 3.13929398014173, 1.0188449600630782, 5.184880936390525, 2.927779584025877]
APTIDAO: 
39.83267700651471
GEN: 1400
Individuo: 
[1.2200502144343517, 3.6050847680130405, 1.0902869867912577, 0.3329601536585126, 1.7293836351473917, 0.6235272725199783, 0.4868086609375121, 0.56268154824552, 0.5820380849152572, 0.42973887471758865, 0.5279291836981097, 0.507230063340149, 0.042879366382533105, 0.011119590259348954, 0.4042775546004043, 0.21756444255850685, 0.06101122404421136, 0.35145364629665404, 0.5768793987565923, 0.8913268090200346, 0.9709751692178977, 0.328747447569243, 0.04782864221225875, 0.10236279997162194, 0.4750739766051036, 0.4621622081210051, 9.784323881171922, 0.7809834982028768, 1.7648530030920084, 9.099813602557758, 4.870603155130953, 3.5723232293652147, 2.992668068105165, 1.4807414592604773, 1.3373034463217512, 4.641890333882856, 2.4199433808554622, 6.86848265526214, 8.116567414352948, 1.100733816864695, 1.9885585706614093, 7.87011399127297, 1.200475270922649, 5.060730558040992, 1.6164658883319478, 4.5075239443474375, 0.43458069149403555, 0.9833510333786568, 3.13929398014173, 1.0364026777316397, 5.184880936390525, 2.927779584025877]
APTIDAO: 
39.54950351199503
GEN: 1500
Individuo: 
[1.1991563614257499, 3.6050847680130405, 1.0902869867912577, 0.3329601536585126, 1.7293836351473917, 0.6235272725199783, 0.4868086609375121, 0.56268154824552, 0.6637299201272028, 0.42973887471758865, 0.5279291836981097, 0.507230063340149, 0.042879366382533105, 0.009852765114059634, 0.4042775546004043, 0.21756444255850685, 0.05820308865370521, 0.35145364629665404, 0.5768793987565923, 0.9642975777163593, 0.9709751692178977, 0.328747447569243, 0.04782864221225875, 0.12621541012529292, 0.4750739766051036, 0.45977283122052603, 6.694091923340731, 0.7809834982028768, 1.7648530030920084, 9.099813602557758, 4.870603155130953, 3.5723232293652147, 2.992668068105165, 1.4807414592604773, 1.6805504504055504, 4.641890333882856, 2.4199433808554622, 6.86848265526214, 8.116567414352948, 1.0026912486248707, 1.9885585706614093, 7.87011399127297, 1.1599164782881644, 5.060730558040992, 1.6164658883319478, 1.6096172735017455, 0.43458069149403555, 0.9833510333786568, 3.13929398014173, 0.971023853122261, 5.184880936390525, 3.2679728357830715]
APTIDAO: 
40.05178078659837
GEN: 1600
Individuo: 
[1.1991563614257499, 3.6050847680130405, 0.5345614261466386, 1.0030759204717123, 1.7293836351473917, 0.6235272725199783, 0.4868086609375121, 0.56268154824552, 0.6180657718452464, 0.42973887471758865, 0.5112025136294315, 0.507230063340149, 0.042879366382533105, 0.005664154003813728, 0.4042775546004043, 0.21756444255850685, 0.05820308865370521, 0.347845679898713, 0.5768793987565923, 0.9642975777163593, 0.9709751692178977, 0.328747447569243, 0.05346572285875068, 0.14024966444812415, 0.4750739766051036, 0.45977283122052603, 6.694091923340731, 0.7809834982028768, 3.220660560158858, 8.716401303373617, 4.870603155130953, 3.5723232293652147, 2.992668068105165, 1.4807414592604773, 0.8451720980268638, 4.641890333882856, 3.3404937242951758, 6.86848265526214, 8.116567414352948, 0.45159176847714305, 1.9885585706614093, 7.87011399127297, 1.1599164782881644, 3.3746825136976706, 1.6164658883319478, 1.6096172735017455, 0.43458069149403555, 0.9833510333786568, 2.509536164918378, 2.6158454705620504, 5.184880936390525, 3.2679728357830715]
APTIDAO: 
39.27835095590004
GEN: 1700
Individuo: 
[1.1991563614257499, 3.6050847680130405, 0.5345614261466386, 1.0665340783892119, 1.7293836351473917, 0.6235272725199783, 0.4868086609375121, 0.56268154824552, 0.6442470147209389, 0.49269534945081944, 0.5112025136294315, 0.507230063340149, 0.042879366382533105, 0.005664154003813728, 0.4042775546004043, 0.21756444255850685, 0.04161697824782225, 0.347845679898713, 0.3811414682585247, 0.5470913047397399, 0.7816016129610192, 0.32516552267975224, 0.05346572285875068, 0.21661195648484277, 0.4750739766051036, 0.45977283122052603, 6.694091923340731, 0.7809834982028768, 3.220660560158858, 4.191363151687695, 4.870603155130953, 3.5723232293652147, 2.992668068105165, 1.4807414592604773, 1.1200679743186372, 4.255547609084745, 3.3404937242951758, 6.86848265526214, 8.116567414352948, 0.45159176847714305, 1.9885585706614093, 7.87011399127297, 1.0016270094401838, 3.3746825136976706, 1.3124417924625196, 0.8508068305170222, 0.511801441059677, 0.7846298814357423, 2.509536164918378, 2.685338932398403, 5.184880936390525, 3.2679728357830715]
APTIDAO: 
38.838553794723325
GEN: 1800
Individuo: 
[1.1991563614257499, 3.6050847680130405, 0.5345614261466386, 1.0665340783892119, 1.7293836351473917, 0.6290444662569082, 0.42994628887563663, 0.5721113981284274, 0.6442470147209389, 0.49269534945081944, 0.5112025136294315, 0.507230063340149, 0.042879366382533105, 0.005664154003813728, 0.4042775546004043, 0.21756444255850685, 0.06198047991062972, 0.347845679898713, 0.317981093888539, 0.5470913047397399, 0.7816016129610192, 0.32516552267975224, 0.05346572285875068, 0.21661195648484277, 0.5702317644854077, 0.45977283122052603, 6.694091923340731, 0.7809834982028768, 3.220660560158858, 4.191363151687695, 4.870603155130953, 3.5453804119160486, 1.7902098895096856, 1.0665241941844583, 1.1200679743186372, 4.255547609084745, 3.3404937242951758, 6.86848265526214, 8.116567414352948, 0.45159176847714305, 1.9885585706614093, 7.87011399127297, 0.8554947930728491, 3.3746825136976706, 1.2507104534998426, 0.8508068305170222, 0.511801441059677, 0.7846298814357423, 2.509536164918378, 2.685338932398403, 5.219504599920061, 3.2679728357830715]
APTIDAO: 
37.88500199520566
GEN: 1900
Individuo: 
[1.1991563614257499, 3.6050847680130405, 0.5345614261466386, 1.2605596737894957, 1.7293836351473917, 0.6290444662569082, 0.42994628887563663, 0.5721113981284274, 0.6442470147209389, 0.49269534945081944, 0.5112025136294315, 0.507230063340149, 0.042879366382533105, 0.007936167262870523, 0.4042775546004043, 0.21756444255850685, 0.07669686034325787, 0.30851063577395244, 0.317981093888539, 0.5470913047397399, 0.7816016129610192, 0.32516552267975224, 0.05409000146717951, 0.21661195648484277, 0.5702317644854077, 0.47900723754033586, 6.694091923340731, 0.7809834982028768, 3.220660560158858, 4.09750646820038, 4.870603155130953, 3.5453804119160486, 1.7902098895096856, 1.0665241941844583, 1.1200679743186372, 4.255547609084745, 3.3404937242951758, 6.86848265526214, 8.116567414352948, 0.6017430441206453, 1.9885585706614093, 7.87011399127297, 0.7652320814133821, 2.2018999319242067, 1.2507104534998426, 0.8508068305170222, 0.511801441059677, 0.7846298814357423, 2.121915616899362, 2.685338932398403, 5.219504599920061, 3.032391965228628]
APTIDAO: 
37.00966738809887
GEN: 2000
Individuo: 
[1.1991563614257499, 3.6050847680130405, 0.5345614261466386, 1.2605596737894957, 1.7293836351473917, 0.6290444662569082, 0.42994628887563663, 0.5721113981284274, 0.6681465035194022, 0.49269534945081944, 0.5112025136294315, 0.507230063340149, 0.042879366382533105, 0.0027875922835353195, 0.4042775546004043, 0.21756444255850685, 0.07286221616310198, 0.30851063577395244, 0.29691079080949473, 0.5470913047397399, 0.7816016129610192, 0.32516552267975224, 0.05409000146717951, 0.21661195648484277, 0.5702317644854077, 0.47900723754033586, 6.694091923340731, 0.7809834982028768, 3.220660560158858, 4.09750646820038, 4.870603155130953, 3.5453804119160486, 1.7902098895096856, 1.0665241941844583, 1.511349420658011, 4.255547609084745, 3.3404937242951758, 6.86848265526214, 8.116567414352948, 0.9321611638542813, 1.9885585706614093, 7.87011399127297, 1.3926033283938444, 2.2018999319242067, 0.5639384372034854, 0.8508068305170222, 0.511801441059677, 0.7846298814357423, 2.121915616899362, 2.685338932398403, 5.219504599920061, 3.032391965228628]
APTIDAO: 
37.0890526171204
GEN: 2100
Individuo: 
[1.1991563614257499, 3.6050847680130405, 0.5345614261466386, 1.2605596737894957, 1.7293836351473917, 0.6290444662569082, 0.42994628887563663, 0.5721113981284274, 0.6052405849282668, 0.49269534945081944, 0.5112025136294315, 0.507230063340149, 0.03397253216485993, 0.0013846706426175516, 0.3327659149358854, 0.16489555610007306, 0.07286221616310198, 0.30851063577395244, 0.28168747255361853, 0.47909352067552075, 0.7816016129610192, 0.30631602577912376, 0.07831238881066682, 0.21661195648484277, 0.5702317644854077, 0.47900723754033586, 6.694091923340731, 0.7809834982028768, 3.220660560158858, 4.09750646820038, 4.870603155130953, 3.5453804119160486, 1.7902098895096856, 1.0665241941844583, 1.719229970378059, 4.255547609084745, 3.3404937242951758, 6.86848265526214, 5.6195898803651385, 1.081062682083846, 1.1158980976426274, 1.0151071157246492, 1.3926033283938444, 2.2018999319242067, 1.2146537297930289, 0.9381322575828115, 0.511801441059677, 0.9624214897233593, 1.983137203696352, 2.685338932398403, 5.219504599920061, 3.032391965228628]
APTIDAO: 
36.048343537679756
GEN: 2200
Individuo: 
[1.1991563614257499, 3.4856065310433686, 0.5629970313435899, 1.2605596737894957, 1.7293836351473917, 0.6290444662569082, 0.42994628887563663, 0.5721113981284274, 0.6161023888597564, 0.49269534945081944, 0.4581651941437363, 0.507230063340149, 0.039382156163104476, 0.010090600937127442, 0.3441327587032046, 0.16489555610007306, 0.07356124411934116, 0.30851063577395244, 0.2649740722267918, 0.47909352067552075, 0.7816016129610192, 0.3091685891942948, 0.11416829555724836, 0.22880737031919482, 0.5702317644854077, 0.47900723754033586, 6.694091923340731, 1.1510955940958865, 2.833417171631913, 4.09750646820038, 4.870603155130953, 3.5453804119160486, 1.7902098895096856, 1.0665241941844583, 1.0068440544786212, 4.255547609084745, 3.3581849359450695, 6.86848265526214, 3.8896480354516294, 3.6977748350083193, 0.8947419121911983, 1.0151071157246492, 1.2215954006393959, 2.2018999319242067, 0.9484361387670579, 0.9381322575828115, 0.511801441059677, 0.8420125696875836, 1.4515055752334063, 4.720917648354829, 5.219504599920061, 3.032391965228628]
APTIDAO: 
35.32029619874557
GEN: 2300
Individuo: 
[1.203581601828897, 3.4856065310433686, 0.5629970313435899, 1.2605596737894957, 1.7293836351473917, 0.6290444662569082, 0.42994628887563663, 0.5721113981284274, 0.6161023888597564, 0.49269534945081944, 0.4581651941437363, 0.507230063340149, 0.039382156163104476, 0.010090600937127442, 0.33171082797250884, 0.1688982227635392, 0.08942493187431934, 0.30851063577395244, 0.2649740722267918, 0.47909352067552075, 0.7816016129610192, 0.3091685891942948, 0.11416829555724836, 0.26541525259291976, 0.5823722311574941, 0.45508153411071645, 5.5030095067648315, 1.1510955940958865, 2.833417171631913, 4.09750646820038, 4.870603155130953, 3.5453804119160486, 1.7902098895096856, 1.0665241941844583, 1.0068440544786212, 4.255547609084745, 3.3581849359450695, 6.86848265526214, 3.8896480354516294, 3.6977748350083193, 1.4796031100127158, 1.3179178612169926, 0.8673305631624065, 2.2018999319242067, 0.9484361387670579, 0.9381322575828115, 0.511801441059677, 0.8420125696875836, 1.4515055752334063, 9.755801108391214, 5.042970635572405, 1.417971655937952]
APTIDAO: 
35.068986372584476
GEN: 2400
Individuo: 
[1.203581601828897, 3.4856065310433686, 0.5629970313435899, 1.2605596737894957, 1.7293836351473917, 0.6290444662569082, 0.42165389726351615, 0.5721113981284274, 0.6161023888597564, 0.49269534945081944, 0.36912199878062624, 0.507230063340149, 0.039382156163104476, 0.0057020128659827285, 0.3212063764781975, 0.1688982227635392, 0.08942493187431934, 0.30851063577395244, 0.22201125914210082, 0.4523575723978903, 0.7816016129610192, 0.3091685891942948, 0.18373332519583285, 0.26541525259291976, 0.5862116086776676, 0.45508153411071645, 5.5030095067648315, 1.1510955940958865, 2.833417171631913, 4.09750646820038, 4.870603155130953, 3.5453804119160486, 3.7320759239546706, 1.0665241941844583, 1.0068440544786212, 4.255547609084745, 7.730088057135115, 6.86848265526214, 3.8896480354516294, 3.151061868310736, 1.2056195948928017, 1.3179178612169926, 0.8673305631624065, 2.2018999319242067, 1.0285496997737376, 0.8905977368470961, 0.511801441059677, 0.8420125696875836, 1.0609289236575536, 9.755801108391214, 5.416494256661486, 1.417971655937952]
APTIDAO: 
34.65549768106343
GEN: 2500
Individuo: 
[1.203581601828897, 3.4856065310433686, 0.5629970313435899, 1.2605596737894957, 1.7293836351473917, 0.6290444662569082, 0.42165389726351615, 0.5768945811387898, 0.6281860347308327, 0.49269534945081944, 0.36912199878062624, 0.507230063340149, 0.039382156163104476, 0.0063615282273212686, 0.3212063764781975, 0.1688982227635392, 0.08942493187431934, 0.29835420188034234, 0.22201125914210082, 0.4523575723978903, 0.7816016129610192, 0.3091685891942948, 0.18373332519583285, 0.26541525259291976, 0.6018120176224735, 0.45508153411071645, 5.5030095067648315, 1.1510955940958865, 2.833417171631913, 4.09750646820038, 4.870603155130953, 3.5453804119160486, 3.7320759239546706, 0.8085797665038442, 0.8794578547238932, 4.255547609084745, 7.730088057135115, 6.86848265526214, 3.8896480354516294, 2.431542319015474, 1.2056195948928017, 1.3179178612169926, 0.8673305631624065, 1.7714577281459478, 1.0285496997737376, 0.8905977368470961, 0.511801441059677, 0.8420125696875836, 1.0609289236575536, 9.755801108391214, 4.417381988415863, 1.417971655937952]
APTIDAO: 
34.47290299938903
GEN: 2600
Individuo: 
[1.203581601828897, 3.4856065310433686, 0.5629970313435899, 1.2605596737894957, 1.7293836351473917, 0.6290444662569082, 0.42165389726351615, 0.5768945811387898, 0.6281860347308327, 0.49269534945081944, 0.36912199878062624, 0.507230063340149, 0.039382156163104476, 0.004932516639779049, 0.31482620870278283, 0.1688982227635392, 0.07839798898976849, 0.29835420188034234, 0.22201125914210082, 0.4523575723978903, 0.7816016129610192, 0.3091685891942948, 0.1736486133383615, 0.24270195774408523, 0.6018120176224735, 0.45508153411071645, 5.5030095067648315, 1.1510955940958865, 2.833417171631913, 4.09750646820038, 4.870603155130953, 3.5453804119160486, 3.7320759239546706, 0.8085797665038442, 0.8794578547238932, 4.255547609084745, 7.730088057135115, 6.86848265526214, 3.8896480354516294, 1.2933263477996646, 1.0263974283650443, 1.3179178612169926, 0.6801262552473096, 1.7714577281459478, 1.0285496997737376, 0.8905977368470961, 0.511801441059677, 0.8420125696875836, 1.1033094484468087, 10.0, 4.417381988415863, 1.417971655937952]
APTIDAO: 
34.36859554711525
GEN: 2700
Individuo: 
[1.203581601828897, 3.4856065310433686, 0.5629970313435899, 1.2605596737894957, 1.7293836351473917, 0.6290444662569082, 0.42165389726351615, 0.5768945811387898, 0.6281860347308327, 0.49269534945081944, 0.36912199878062624, 0.507230063340149, 0.039382156163104476, 0.007868608837156864, 0.31482620870278283, 0.1688982227635392, 0.07839798898976849, 0.28852929657438275, 0.22201125914210082, 0.408121361654112, 0.7816016129610192, 0.3078258649581542, 0.1736486133383615, 0.24270195774408523, 0.6018120176224735, 0.45508153411071645, 5.5030095067648315, 1.1510955940958865, 2.833417171631913, 4.09750646820038, 4.870603155130953, 3.5453804119160486, 3.7320759239546706, 0.8085797665038442, 0.8794578547238932, 4.255547609084745, 7.730088057135115, 6.86848265526214, 3.8896480354516294, 0.8795248676642271, 1.0263974283650443, 1.3179178612169926, 0.6801262552473096, 2.1128041322682654, 1.0285496997737376, 0.799418778521409, 0.511801441059677, 0.7107289609954758, 1.1033094484468087, 10.0, 4.417381988415863, 1.417971655937952]
APTIDAO: 
34.351655177255736
GEN: 2800
Individuo: 
[1.2019966371884552, 2.8802565662677884, 0.5629970313435899, 2.4445485330170205, 1.7293836351473917, 0.6290444662569082, 0.42165389726351615, 0.5768945811387898, 0.6281860347308327, 0.5151306183331563, 0.4182731927837637, 0.507230063340149, 0.04708594751340348, 0.003882187383849317, 0.2656401713905907, 0.13961725453416923, 0.07839798898976849, 0.28852929657438275, 0.23523156455295777, 0.408121361654112, 0.7816016129610192, 0.3078258649581542, 0.11574295484095375, 0.24270195774408523, 0.6018120176224735, 0.45508153411071645, 6.495253153654379, 0.7748651615082591, 2.833417171631913, 4.078390726740898, 4.870603155130953, 3.5453804119160486, 3.7320759239546706, 0.8085797665038442, 0.8794578547238932, 4.058494550547371, 5.709452296375095, 6.86848265526214, 1.4958497127332075, 0.6392793148557446, 0.8207017662833379, 0.623544923702771, 0.6801262552473096, 2.1128041322682654, 0.5569159325990273, 0.799418778521409, 0.511801441059677, 0.7107289609954758, 1.032479170038467, 10.0, 4.417381988415863, 1.417971655937952]
APTIDAO: 
30.80524286800826
GEN: 2900
Individuo: 
[1.2019966371884552, 2.8802565662677884, 0.5706355751743709, 2.4445485330170205, 1.7293836351473917, 0.6290444662569082, 0.42165389726351615, 0.5768945811387898, 0.6281860347308327, 0.5151306183331563, 0.4182731927837637, 0.507230063340149, 0.04708594751340348, 0.002456318000561525, 0.2656401713905907, 0.13795547290672103, 0.10431221484967418, 0.30340384148168587, 0.23523156455295777, 0.408121361654112, 0.7816016129610192, 0.3078258649581542, 0.11574295484095375, 0.24270195774408523, 0.6018120176224735, 0.45508153411071645, 6.495253153654379, 0.7748651615082591, 2.3724135404587843, 4.078390726740898, 4.870603155130953, 3.5453804119160486, 3.7320759239546706, 0.8085797665038442, 0.8794578547238932, 4.058494550547371, 5.709452296375095, 6.86848265526214, 1.4958497127332075, 0.6401996174691483, 0.8207017662833379, 0.6329871952845538, 0.5711149928977934, 2.7463326757147013, 0.5569159325990273, 0.799418778521409, 0.511801441059677, 0.7107289609954758, 1.032479170038467, 10.0, 4.417381988415863, 1.417971655937952]
APTIDAO: 
30.750598620079614
GEN: 3000
Individuo: 
[1.2019966371884552, 2.4175568132100365, 1.4630702879998596, 2.270217884933719, 1.7293836351473917, 0.6290444662569082, 0.42165389726351615, 0.5768945811387898, 0.6281860347308327, 0.5151306183331563, 0.4182731927837637, 0.507230063340149, 0.04708594751340348, 0.004432085083028695, 0.2656401713905907, 0.13795547290672103, 0.09850230103652843, 0.30340384148168587, 0.26304086563406914, 0.36432529598751395, 0.7816016129610192, 0.3078258649581542, 0.11574295484095375, 0.24270195774408523, 0.6018120176224735, 0.45508153411071645, 6.495253153654379, 1.436485279354791, 3.3042688850709845, 3.154437212522441, 4.870603155130953, 3.5453804119160486, 3.7320759239546706, 0.8085797665038442, 0.8794578547238932, 4.058494550547371, 5.709452296375095, 6.86848265526214, 1.4958497127332075, 1.2114502808822696, 0.8207017662833379, 0.6329871952845538, 0.8214744872007134, 2.7463326757147013, 0.7769098656858916, 1.0014566381463756, 0.511801441059677, 0.7107289609954758, 1.032479170038467, 10.0, 4.417381988415863, 1.417971655937952]
APTIDAO: 
27.96163223709233
GEN: 3100
Individuo: 
[1.2019966371884552, 2.4175568132100365, 1.4630702879998596, 2.2652537406109348, 1.7293836351473917, 0.6290444662569082, 0.42165389726351615, 0.5768945811387898, 0.6281860347308327, 0.5151306183331563, 0.4182731927837637, 0.507230063340149, 0.04708594751340348, 0.008492555428250519, 0.2656401713905907, 0.13795547290672103, 0.09850230103652843, 0.30340384148168587, 0.23673135325678185, 0.36432529598751395, 0.7816016129610192, 0.3078258649581542, 0.11574295484095375, 0.24270195774408523, 0.6018120176224735, 0.45508153411071645, 6.495253153654379, 1.436485279354791, 3.3042688850709845, 3.5020889204237697, 4.870603155130953, 3.5453804119160486, 3.7320759239546706, 0.8085797665038442, 0.8794578547238932, 4.058494550547371, 5.709452296375095, 6.86848265526214, 1.4958497127332075, 1.5693163412972684, 0.8207017662833379, 0.6329871952845538, 0.8214744872007134, 2.7463326757147013, 0.6757229920888244, 1.0014566381463756, 0.511801441059677, 0.7107289609954758, 1.032479170038467, 10.0, 4.417381988415863, 1.417971655937952]
APTIDAO: 
27.854285475305964
GEN: 3200
Individuo: 
[1.2019966371884552, 2.325449701952507, 1.4630702879998596, 2.53714236440426, 1.7293836351473917, 0.6254538320226602, 0.42165389726351615, 0.5768945811387898, 0.6281860347308327, 0.5151306183331563, 0.4182731927837637, 0.507230063340149, 0.04651740821925017, 0.008492555428250519, 0.2656401713905907, 0.12492371407948279, 0.09548659034014756, 0.30340384148168587, 0.23673135325678185, 0.36432529598751395, 0.7816016129610192, 0.3078258649581542, 0.11574295484095375, 0.24270195774408523, 0.6018120176224735, 0.45508153411071645, 6.495253153654379, 2.357893100331678, 3.3042688850709845, 2.5362870459332316, 4.870603155130953, 2.0171548260854304, 3.7320759239546706, 0.8085797665038442, 0.8794578547238932, 4.058494550547371, 5.709452296375095, 6.86848265526214, 1.203104651895343, 1.5693163412972684, 0.8207017662833379, 0.807301834595751, 1.1487761716503742, 2.7463326757147013, 0.6757229920888244, 1.0014566381463756, 0.511801441059677, 0.7107289609954758, 1.032479170038467, 10.0, 4.417381988415863, 1.417971655937952]
APTIDAO: 
27.98781223928144
GEN: 3300
Individuo: 
[1.2019966371884552, 2.325449701952507, 1.4630702879998596, 2.53714236440426, 1.7293836351473917, 0.6254538320226602, 0.42165389726351615, 0.5768945811387898, 0.6281860347308327, 0.5151306183331563, 0.4182731927837637, 0.507230063340149, 0.04651740821925017, 0.008492555428250519, 0.2656401713905907, 0.12492371407948279, 0.09548659034014756, 0.30340384148168587, 0.23673135325678185, 0.36432529598751395, 0.7816016129610192, 0.3078258649581542, 0.11574295484095375, 0.24270195774408523, 0.6018120176224735, 0.4280703448439263, 6.495253153654379, 2.357893100331678, 3.3042688850709845, 2.5362870459332316, 4.870603155130953, 2.0171548260854304, 3.7320759239546706, 0.8085797665038442, 0.8794578547238932, 4.058494550547371, 5.709452296375095, 6.86848265526214, 1.203104651895343, 1.5693163412972684, 0.8207017662833379, 0.807301834595751, 1.1487761716503742, 2.7463326757147013, 0.6757229920888244, 1.0014566381463756, 0.511801441059677, 0.7107289609954758, 1.032479170038467, 10.0, 4.417381988415863, 1.7214691984053903]
APTIDAO: 
27.614301496778182
GEN: 3400
Individuo: 
[1.2019966371884552, 2.325449701952507, 1.4630702879998596, 2.53714236440426, 1.7293836351473917, 0.6539914577342615, 0.42165389726351615, 0.5768945811387898, 0.6202254184870086, 0.5151306183331563, 0.4182731927837637, 0.507230063340149, 0.04880797656521538, 0.00994336605345708, 0.2656401713905907, 0.12547196903556648, 0.09548659034014756, 0.30340384148168587, 0.21673225223892864, 0.36432529598751395, 0.7816016129610192, 0.3078258649581542, 0.11574295484095375, 0.24270195774408523, 0.5905377912350716, 0.4292135317136583, 6.495253153654379, 2.357893100331678, 3.3042688850709845, 2.5362870459332316, 4.870603155130953, 1.4453899405317416, 3.7320759239546706, 0.8085797665038442, 1.1142334892575843, 4.058494550547371, 5.709452296375095, 6.86848265526214, 1.095749966456208, 1.719979508583288, 0.8207017662833379, 1.1485701785405154, 1.1487761716503742, 2.7463326757147013, 0.7545114337683957, 1.0014566381463756, 0.511801441059677, 0.7107289609954758, 1.032479170038467, 10.0, 3.332729044667982, 1.530051637830677]
APTIDAO: 
27.33292413465157
GEN: 3500
Individuo: 
[1.2019966371884552, 2.325449701952507, 1.4630702879998596, 2.53714236440426, 1.7293836351473917, 0.6254538320226602, 0.42165389726351615, 0.5768945811387898, 0.6202254184870086, 0.5151306183331563, 0.4182731927837637, 0.507230063340149, 0.04880797656521538, 0.010896653779500387, 0.2656401713905907, 0.12547196903556648, 0.09598841633652608, 0.32285372166170373, 0.14217050979693618, 0.2522586800362333, 0.7816016129610192, 0.3078258649581542, 0.13186239612041384, 0.24270195774408523, 0.6018120176224735, 0.4292135317136583, 6.495253153654379, 2.357893100331678, 3.3042688850709845, 2.5362870459332316, 4.870603155130953, 2.0171548260854304, 3.7320759239546706, 0.8085797665038442, 1.1142334892575843, 4.058494550547371, 5.709452296375095, 6.86848265526214, 1.095749966456208, 1.858406112375366, 0.8207017662833379, 1.1485701785405154, 1.0903080805675844, 1.7257981754760812, 0.5328887002781642, 1.1185397458814665, 0.511801441059677, 0.7107289609954758, 0.5338292293804519, 10.0, 4.417381988415863, 1.530051637830677]
APTIDAO: 
27.186433925935106
GEN: 3600
Individuo: 
[1.2019966371884552, 2.325449701952507, 1.4630702879998596, 2.53714236440426, 1.7293836351473917, 0.6254538320226602, 0.42165389726351615, 0.5768945811387898, 0.6202254184870086, 0.5151306183331563, 0.4182731927837637, 0.507230063340149, 0.04880797656521538, 0.00967128750580992, 0.2656401713905907, 0.12547196903556648, 0.09598841633652608, 0.32285372166170373, 0.14217050979693618, 0.2522586800362333, 0.7816016129610192, 0.3078258649581542, 0.13186239612041384, 0.24270195774408523, 0.6018120176224735, 0.4292135317136583, 6.495253153654379, 2.357893100331678, 3.3042688850709845, 2.5362870459332316, 4.870603155130953, 2.0171548260854304, 3.7320759239546706, 0.8085797665038442, 1.1142334892575843, 4.058494550547371, 5.709452296375095, 6.86848265526214, 1.095749966456208, 2.9662182772516457, 0.8207017662833379, 1.1485701785405154, 1.0903080805675844, 1.7257981754760812, 0.5328887002781642, 1.1185397458814665, 0.511801441059677, 0.7107289609954758, 0.5338292293804519, 10.0, 4.417381988415863, 1.530051637830677]
APTIDAO: 
27.176222808306306
GEN: 3700
Individuo: 
[1.2019966371884552, 2.325449701952507, 1.4630702879998596, 2.53714236440426, 1.7293836351473917, 0.6254538320226602, 0.42165389726351615, 0.5768945811387898, 0.6202254184870086, 0.5151306183331563, 0.3837652578349485, 0.507230063340149, 0.058173563621439495, 0.01101232424113044, 0.2656401713905907, 0.12547196903556648, 0.09598841633652608, 0.30747482547774446, 0.14217050979693618, 0.2522586800362333, 0.7816016129610192, 0.3078258649581542, 0.13338004525112637, 0.3127330883484582, 0.6018120176224735, 0.39459396393902163, 6.495253153654379, 2.357893100331678, 3.3042688850709845, 2.5362870459332316, 4.870603155130953, 2.0171548260854304, 3.7320759239546706, 0.8085797665038442, 1.1142334892575843, 4.058494550547371, 3.460458765437132, 6.86848265526214, 0.9368436487585053, 2.0987347579138786, 0.8207017662833379, 1.1485701785405154, 1.0903080805675844, 0.5653696815033135, 0.5328887002781642, 1.1185397458814665, 0.511801441059677, 0.7107289609954758, 0.8605391838298068, 10.0, 4.417381988415863, 2.545763493698745]
APTIDAO: 
26.90683228712982
GEN: 3800
Individuo: 
[1.2019966371884552, 2.325449701952507, 1.5196273590020768, 2.53714236440426, 1.7293836351473917, 0.6264550218335452, 0.42165389726351615, 0.5768945811387898, 0.6202254184870086, 0.5151306183331563, 0.3837652578349485, 0.507230063340149, 0.06232753238771305, 0.00967128750580992, 0.2493897603826377, 0.12547196903556648, 0.10360797822889853, 0.30747482547774446, 0.14217050979693618, 0.2522586800362333, 0.7816016129610192, 0.3078258649581542, 0.0811520842575402, 0.3127330883484582, 0.6018120176224735, 0.329383844861492, 6.495253153654379, 2.357893100331678, 4.410911502531454, 2.5362870459332316, 4.870603155130953, 1.9326774320026001, 3.7320759239546706, 0.8085797665038442, 1.1142334892575843, 4.058494550547371, 3.460458765437132, 6.86848265526214, 0.899778242642386, 2.9662182772516457, 0.877199195747363, 1.1485701785405154, 1.1433997857395617, 0.5653696815033135, 0.5328887002781642, 1.1185397458814665, 0.511801441059677, 0.7107289609954758, 0.9808205121417595, 10.0, 4.417381988415863, 0.9973561295078643]
APTIDAO: 
26.48025324861448
GEN: 3900
Individuo: 
[1.2019966371884552, 2.325449701952507, 1.5196273590020768, 2.440688892845721, 1.7293836351473917, 0.6264550218335452, 0.42165389726351615, 0.5768945811387898, 0.6202254184870086, 0.5151306183331563, 0.3837652578349485, 0.507230063340149, 0.06232753238771305, 0.00967128750580992, 0.2493897603826377, 0.12547196903556648, 0.10360797822889853, 0.30747482547774446, 0.14734506230592806, 0.2522586800362333, 0.7816016129610192, 0.3078258649581542, 0.08942610108246182, 0.3127330883484582, 0.6018120176224735, 0.329383844861492, 6.495253153654379, 2.357893100331678, 4.410911502531454, 2.212696229623897, 4.870603155130953, 1.9326774320026001, 3.7320759239546706, 0.8085797665038442, 1.1142334892575843, 4.058494550547371, 3.460458765437132, 6.86848265526214, 0.899778242642386, 2.9662182772516457, 0.877199195747363, 1.1485701785405154, 1.1433997857395617, 0.5653696815033135, 1.2825499483576122, 1.1185397458814665, 0.511801441059677, 0.7107289609954758, 0.8836655451635023, 10.0, 4.417381988415863, 0.9973561295078643]
APTIDAO: 
26.326674937482817
GEN: 4000
Individuo: 
[1.2019966371884552, 2.325449701952507, 1.5196273590020768, 2.440688892845721, 1.7293836351473917, 0.6264550218335452, 0.42165389726351615, 0.5768945811387898, 0.6202254184870086, 0.5151306183331563, 0.3837652578349485, 0.507230063340149, 0.06232753238771305, 0.00967128750580992, 0.2493897603826377, 0.12547196903556648, 0.10360797822889853, 0.30747482547774446, 0.14734506230592806, 0.2522586800362333, 0.7816016129610192, 0.3078258649581542, 0.08942610108246182, 0.3127330883484582, 0.6018120176224735, 0.3277511874252366, 6.495253153654379, 2.357893100331678, 4.410911502531454, 2.212696229623897, 4.870603155130953, 1.9326774320026001, 3.7320759239546706, 0.8085797665038442, 1.1142334892575843, 4.058494550547371, 3.460458765437132, 6.86848265526214, 0.899778242642386, 2.9662182772516457, 0.877199195747363, 1.1485701785405154, 1.1433997857395617, 0.5653696815033135, 1.2825499483576122, 1.1185397458814665, 0.511801441059677, 0.7107289609954758, 0.8836655451635023, 10.0, 4.417381988415863, 0.7260202916533999]
APTIDAO: 
26.32634486436331
GEN: 4100
Individuo: 
[1.2019966371884552, 2.325449701952507, 1.5196273590020768, 2.440688892845721, 1.7293836351473917, 0.6264550218335452, 0.43456658199397014, 0.6067544794237536, 0.6141334058140451, 0.5151306183331563, 0.3837652578349485, 0.507230063340149, 0.061463359915588225, 0.00967128750580992, 0.2493897603826377, 0.0784463684102201, 0.04288677480443719, 0.30747482547774446, 0.09212649216465961, 0.2481681983312766, 0.7816016129610192, 0.2950933024261627, 0.07373807674189023, 0.3127330883484582, 0.5619117993597721, 0.3277511874252366, 6.495253153654379, 2.357893100331678, 4.410911502531454, 2.212696229623897, 4.870603155130953, 1.9326774320026001, 2.6157184782888367, 0.8649128004169517, 1.1907931687075737, 4.058494550547371, 3.460458765437132, 6.86848265526214, 2.1726371349960516, 2.9662182772516457, 0.877199195747363, 1.3077256683758334, 0.8152379251299837, 0.5653696815033135, 0.9062519737041902, 1.077846213433827, 0.511801441059677, 1.0308152578784149, 0.931179021707389, 10.0, 3.096958999087401, 0.7260202916533999]
APTIDAO: 
28.724870865321343
GEN: 4200
Individuo: 
[1.2019966371884552, 2.325449701952507, 1.5196273590020768, 2.2637220097784105, 1.7293836351473917, 0.6264550218335452, 0.42849426375281935, 0.6067544794237536, 0.6141334058140451, 0.5151306183331563, 0.3837652578349485, 0.507230063340149, 0.061463359915588225, 0.0017063042871038104, 0.2493897603826377, 0.1252645428424299, 0.0911479184363124, 0.30747482547774446, 0.09481428035939642, 0.22899716835087608, 0.7816016129610192, 0.2950933024261627, 0.04972008373406652, 0.3127330883484582, 0.6018120176224735, 0.2961813657105239, 6.495253153654379, 2.357893100331678, 4.410911502531454, 2.0434059105897884, 4.870603155130953, 1.9326774320026001, 3.320505922771798, 0.8649128004169517, 1.1907931687075737, 4.058494550547371, 3.460458765437132, 6.86848265526214, 2.1726371349960516, 1.8040926917147024, 0.877199195747363, 1.199267454678487, 0.8068879443887684, 0.5653696815033135, 1.1207677846961173, 1.7685940848785253, 0.511801441059677, 1.0308152578784149, 0.5602411518862404, 10.0, 4.417381988415863, 0.5711898705546636]
APTIDAO: 
26.410457899489458
GEN: 4300
Individuo: 
[1.2019966371884552, 2.325449701952507, 1.5196273590020768, 2.2637220097784105, 1.7293836351473917, 0.6264550218335452, 0.42849426375281935, 0.6232869085561925, 0.6141334058140451, 0.5151306183331563, 0.3837652578349485, 0.507230063340149, 0.061463359915588225, 0.007725414957693875, 0.23186114182361636, 0.1168256461928712, 0.0911479184363124, 0.30747482547774446, 0.09481428035939642, 0.20594490502008905, 0.7816016129610192, 0.2950933024261627, 0.056541337467224485, 0.3311704164709954, 0.6018120176224735, 0.2961813657105239, 6.495253153654379, 2.357893100331678, 4.410911502531454, 2.0434059105897884, 4.870603155130953, 1.9326774320026001, 3.320505922771798, 0.6296054072546208, 1.1907931687075737, 4.058494550547371, 3.460458765437132, 6.86848265526214, 2.1726371349960516, 2.631064256086301, 1.4155086772767482, 0.8792944625861394, 0.8068879443887684, 0.5653696815033135, 1.1207677846961173, 2.197953106926282, 0.511801441059677, 1.0308152578784149, 0.6384125644422662, 6.584505111014466, 4.417381988415863, 0.5711898705546636]
APTIDAO: 
26.059417434333163
GEN: 4400
Individuo: 
[1.2019966371884552, 2.325449701952507, 1.5196273590020768, 2.2637220097784105, 1.7293836351473917, 0.6264550218335452, 0.42849426375281935, 0.6232869085561925, 0.6141334058140451, 0.5151306183331563, 0.3837652578349485, 0.507230063340149, 0.061463359915588225, 0.007725414957693875, 0.23186114182361636, 0.1094364571547877, 0.08563716462930969, 0.30747482547774446, 0.1121741624792923, 0.20594490502008905, 0.7816016129610192, 0.2950933024261627, 0.05591876461072277, 0.3311704164709954, 0.6018120176224735, 0.2961813657105239, 6.495253153654379, 2.357893100331678, 4.410911502531454, 2.0434059105897884, 4.870603155130953, 1.9326774320026001, 3.320505922771798, 0.6296054072546208, 1.1907931687075737, 4.058494550547371, 3.460458765437132, 6.86848265526214, 2.1726371349960516, 2.631064256086301, 1.4155086772767482, 0.8809773850214294, 0.57410161320217, 0.5653696815033135, 0.8522189993361391, 2.197953106926282, 0.511801441059677, 1.0308152578784149, 1.1102192448128296, 6.584505111014466, 4.417381988415863, 0.5711898705546636]
APTIDAO: 
25.93411566651805
GEN: 4500
Individuo: 
[1.2019966371884552, 2.325449701952507, 1.5196273590020768, 2.2637220097784105, 1.7293836351473917, 0.6264550218335452, 0.42849426375281935, 0.6232869085561925, 0.6456650347114442, 0.5151306183331563, 0.3837652578349485, 0.507230063340149, 0.061463359915588225, 0.0050392904669113595, 0.23186114182361636, 0.1094364571547877, 0.07985704460952094, 0.3309740630259024, 0.10597907501089616, 0.20594490502008905, 0.7816016129610192, 0.2920069164295315, 0.049978524023187525, 0.3311704164709954, 0.6018120176224735, 0.2961813657105239, 6.495253153654379, 2.357893100331678, 4.410911502531454, 2.0434059105897884, 4.870603155130953, 1.9326774320026001, 3.320505922771798, 0.6296054072546208, 1.7940090039966732, 4.058494550547371, 3.460458765437132, 6.86848265526214, 2.1726371349960516, 0.7339135424439017, 1.4155086772767482, 0.8809773850214294, 0.34621972113056665, 0.6026566311256868, 0.8178207047397348, 2.197953106926282, 0.511801441059677, 1.2786571982111472, 1.877660386309834, 6.584505111014466, 4.417381988415863, 0.5711898705546636]
APTIDAO: 
25.761485678849176
GEN: 4600
Individuo: 
[1.2019966371884552, 2.325449701952507, 1.5196273590020768, 2.2637220097784105, 1.7293836351473917, 0.6264550218335452, 0.42631454320763995, 0.6232869085561925, 0.6456650347114442, 0.5151306183331563, 0.3837652578349485, 0.507230063340149, 0.061463359915588225, 0.005892641254995803, 0.23186114182361636, 0.1094364571547877, 0.07985704460952094, 0.3309740630259024, 0.10520267259360351, 0.20594490502008905, 0.7816016129610192, 0.29069539660032473, 0.049978524023187525, 0.3311704164709954, 0.6018120176224735, 0.2961813657105239, 6.495253153654379, 2.357893100331678, 4.410911502531454, 2.0434059105897884, 4.870603155130953, 1.9326774320026001, 2.4929663566037066, 0.6296054072546208, 1.7940090039966732, 4.058494550547371, 3.460458765437132, 6.86848265526214, 2.1726371349960516, 0.6845577874685296, 1.4155086772767482, 0.8809773850214294, 0.34621972113056665, 0.6026566311256868, 1.548871924022452, 2.197953106926282, 0.511801441059677, 1.6558106253651008, 1.877660386309834, 6.584505111014466, 4.417381988415863, 0.5711898705546636]
APTIDAO: 
25.7334727387035
GEN: 4700
Individuo: 
[1.2019966371884552, 2.325449701952507, 1.5196273590020768, 2.2637220097784105, 1.7293836351473917, 0.6309883173546006, 0.42631454320763995, 0.6232869085561925, 0.6456650347114442, 0.5151306183331563, 0.3837652578349485, 0.507230063340149, 0.061463359915588225, 0.00683576974843545, 0.23186114182361636, 0.1094364571547877, 0.07985704460952094, 0.3309740630259024, 0.10504906117765653, 0.20594490502008905, 0.7816016129610192, 0.29069539660032473, 0.02407044713271079, 0.3311704164709954, 0.6018120176224735, 0.27092425111651186, 6.495253153654379, 2.357893100331678, 4.410911502531454, 2.0434059105897884, 4.870603155130953, 1.9405445631911944, 2.4929663566037066, 0.6296054072546208, 1.7940090039966732, 4.058494550547371, 3.460458765437132, 6.86848265526214, 2.1726371349960516, 0.7765591197065569, 1.4155086772767482, 0.8809773850214294, 0.34621972113056665, 0.6026566311256868, 2.019429519570567, 2.197953106926282, 0.511801441059677, 1.6558106253651008, 1.306617286390406, 6.584505111014466, 4.417381988415863, 0.977141728640411]
APTIDAO: 
25.68397239498731
GEN: 4800
Individuo: 
[1.2019966371884552, 2.325449701952507, 1.5196273590020768, 2.2637220097784105, 1.7293836351473917, 0.6264550218335452, 0.42631454320763995, 0.6232869085561925, 0.6373081309867051, 0.5151306183331563, 0.3837652578349485, 0.507230063340149, 0.061463359915588225, 0.004184104214389194, 0.23186114182361636, 0.1094364571547877, 0.07985704460952094, 0.3309740630259024, 0.10504906117765653, 0.20594490502008905, 0.7816016129610192, 0.29069539660032473, 0.030682206666269425, 0.3311704164709954, 0.6018120176224735, 0.2733603719792331, 6.495253153654379, 2.357893100331678, 4.410911502531454, 2.0434059105897884, 4.870603155130953, 1.9326774320026001, 2.4929663566037066, 0.6296054072546208, 2.3632823258332714, 4.058494550547371, 3.460458765437132, 6.86848265526214, 2.1726371349960516, 0.9401258744702672, 1.4155086772767482, 0.8809773850214294, 0.34621972113056665, 0.6026566311256868, 2.019429519570567, 2.197953106926282, 0.511801441059677, 1.6558106253651008, 1.6494236709290504, 6.584505111014466, 4.417381988415863, 0.8159949691219018]
APTIDAO: 
25.653746247450083
GEN: 4900
Individuo: 
[1.2019966371884552, 2.325449701952507, 1.5196273590020768, 2.2637220097784105, 1.7293836351473917, 0.6371670204734062, 0.42631454320763995, 0.6232869085561925, 0.6262827905964792, 0.5151306183331563, 0.3837652578349485, 0.507230063340149, 0.061463359915588225, 0.009394135124745132, 0.23186114182361636, 0.1094364571547877, 0.07985704460952094, 0.3309740630259024, 0.10504906117765653, 0.20594490502008905, 0.7816016129610192, 0.29069539660032473, 0.030344790817818313, 0.3311704164709954, 0.6018120176224735, 0.2733603719792331, 6.495253153654379, 2.357893100331678, 4.410911502531454, 2.0434059105897884, 4.870603155130953, 2.125096506878608, 2.4929663566037066, 0.6296054072546208, 2.962331515536312, 4.058494550547371, 3.460458765437132, 6.86848265526214, 2.1726371349960516, 1.6817361407153113, 1.4155086772767482, 0.8809773850214294, 0.34621972113056665, 0.6026566311256868, 2.019429519570567, 2.197953106926282, 0.511801441059677, 1.6558106253651008, 1.2359369561747704, 6.584505111014466, 4.417381988415863, 0.8159949691219018]
APTIDAO: 
25.634533666168146
GEN: 5000
Individuo: 
[1.2019966371884552, 2.325449701952507, 1.5196273590020768, 2.2637220097784105, 1.7293836351473917, 0.6371670204734062, 0.42631454320763995, 0.6232869085561925, 0.6262827905964792, 0.5151306183331563, 0.3885999270556247, 0.507230063340149, 0.061463359915588225, 0.009394135124745132, 0.23186114182361636, 0.1094364571547877, 0.07985704460952094, 0.3309740630259024, 0.10504906117765653, 0.20594490502008905, 0.7816016129610192, 0.29069539660032473, 0.030344790817818313, 0.3311704164709954, 0.6018120176224735, 0.2733603719792331, 6.495253153654379, 2.357893100331678, 4.410911502531454, 2.0434059105897884, 4.870603155130953, 2.125096506878608, 2.4929663566037066, 0.6296054072546208, 2.962331515536312, 4.058494550547371, 3.030828517855429, 6.86848265526214, 2.1726371349960516, 1.6817361407153113, 1.4155086772767482, 0.8809773850214294, 0.34621972113056665, 0.6026566311256868, 2.019429519570567, 2.197953106926282, 0.511801441059677, 1.6558106253651008, 1.2359369561747704, 6.584505111014466, 4.417381988415863, 0.8159949691219018]
APTIDAO: 
25.632707339901586
GEN: 5100
Individuo: 
[1.2019966371884552, 2.325449701952507, 1.5196273590020768, 2.2730167203378806, 1.7293836351473917, 0.6371670204734062, 0.43061479855000495, 0.6232869085561925, 0.6262827905964792, 0.5151306183331563, 0.3885999270556247, 0.507230063340149, 0.061463359915588225, 0.010355537990260323, 0.22654425744092832, 0.1094364571547877, 0.07985704460952094, 0.33370287483317135, 0.10504906117765653, 0.20594490502008905, 0.7816016129610192, 0.29069539660032473, 0.023923981776185956, 0.3311704164709954, 0.6018120176224735, 0.2733603719792331, 6.495253153654379, 2.357893100331678, 4.410911502531454, 1.3281669603181514, 4.870603155130953, 2.125096506878608, 2.8958122565202573, 0.6296054072546208, 2.962331515536312, 4.058494550547371, 3.030828517855429, 6.86848265526214, 2.1726371349960516, 1.1038762229752537, 1.2082581049544143, 0.8809773850214294, 0.34621972113056665, 0.720129096569342, 2.019429519570567, 2.197953106926282, 0.511801441059677, 1.6558106253651008, 1.6111120888641077, 6.584505111014466, 4.417381988415863, 0.8159949691219018]
APTIDAO: 
25.57570182117676
GEN: 5200
Individuo: 
[1.2019966371884552, 2.325449701952507, 1.5196273590020768, 2.5444627871976464, 1.7293836351473917, 0.6371670204734062, 0.43061479855000495, 0.6232869085561925, 0.6311729833518199, 0.5151306183331563, 0.3918983397917088, 0.507230063340149, 0.061463359915588225, 0.007747548970108178, 0.15455131242550202, 0.1094364571547877, 0.06242909531665921, 0.33370287483317135, 0.10504906117765653, 0.09739254223332772, 0.7816016129610192, 0.29069539660032473, 0.04504980480158964, 0.3311704164709954, 0.6018120176224735, 0.2733603719792331, 6.495253153654379, 2.357893100331678, 4.410911502531454, 1.5588153078408629, 4.870603155130953, 2.125096506878608, 2.8958122565202573, 0.6296054072546208, 4.276053696944596, 4.058494550547371, 2.1528525463897275, 6.86848265526214, 2.1726371349960516, 1.2317861698841885, 0.9707057177511303, 0.8809773850214294, 0.5468704990258312, 0.720129096569342, 2.019429519570567, 1.283684847643982, 0.511801441059677, 1.6558106253651008, 1.3435470641343454, 6.584505111014466, 4.417381988415863, 0.8159949691219018]
APTIDAO: 
27.081442286832996
GEN: 5300
Individuo: 
[1.2037150835673358, 2.325449701952507, 1.5196273590020768, 2.5444627871976464, 1.7293836351473917, 0.6371670204734062, 0.4809129176621967, 0.6232869085561925, 0.6311729833518199, 0.5151306183331563, 0.3918983397917088, 0.507230063340149, 0.061463359915588225, 0.01738098179035003, 0.15371082975126052, 0.12607427074604208, 0.06242909531665921, 0.33370287483317135, 0.093381902918981, 0.08927413289414057, 0.6931159348614367, 0.24512814011964465, 0.022050516433957102, 0.31114565027652324, 0.6018120176224735, 0.2733603719792331, 4.167933894479019, 2.357893100331678, 4.410911502531454, 1.5588153078408629, 4.870603155130953, 2.125096506878608, 2.069351312200731, 0.6296054072546208, 4.276053696944596, 4.058494550547371, 2.1528525463897275, 6.86848265526214, 2.1726371349960516, 1.9264908717935447, 0.7956270727627375, 0.4950635210689853, 0.5468704990258312, 0.720129096569342, 2.253305071762625, 1.0168012482727824, 0.8750892539970729, 2.4424339483781408, 1.2724913658824333, 6.59054977668415, 4.417381988415863, 0.8159949691219018]
APTIDAO: 
26.284450852734658
GEN: 5400
Individuo: 
[1.2037150835673358, 2.325449701952507, 1.5196273590020768, 2.5444627871976464, 1.7293836351473917, 0.6371670204734062, 0.4809129176621967, 0.6232869085561925, 0.6311729833518199, 0.5151306183331563, 0.4237391722004151, 0.507230063340149, 0.061463359915588225, 0.01738098179035003, 0.15371082975126052, 0.12607427074604208, 0.06382254367025417, 0.33370287483317135, 0.07236606396743982, 0.08663577479945671, 0.6931159348614367, 0.24512814011964465, 0.020560778875347567, 0.31114565027652324, 0.6018120176224735, 0.2733603719792331, 4.167933894479019, 2.357893100331678, 4.410911502531454, 1.5588153078408629, 4.870603155130953, 2.125096506878608, 2.069351312200731, 0.6296054072546208, 4.276053696944596, 4.058494550547371, 1.505597045658943, 6.86848265526214, 2.1726371349960516, 1.9264908717935447, 0.7956270727627375, 0.4950635210689853, 0.9522049262158694, 0.720129096569342, 2.5939287797988384, 0.8362098840094501, 0.8750892539970729, 2.4424339483781408, 1.0424648213508507, 6.59054977668415, 4.417381988415863, 0.8159949691219018]
APTIDAO: 
25.98639380999656
GEN: 5500
Individuo: 
[1.2037150835673358, 2.325449701952507, 1.5196273590020768, 2.5444627871976464, 1.7476096298118335, 0.6371670204734062, 0.4809129176621967, 0.6232869085561925, 0.6311729833518199, 0.5151306183331563, 0.4237391722004151, 0.5084255633718084, 0.061463359915588225, 0.01738098179035003, 0.15371082975126052, 0.12547118512753566, 0.06242909531665921, 0.33370287483317135, 0.06538955104031591, 0.08663577479945671, 0.6931159348614367, 0.24512814011964465, 0.020560778875347567, 0.31114565027652324, 0.6018120176224735, 0.2733603719792331, 4.167933894479019, 2.357893100331678, 4.410911502531454, 1.5588153078408629, 3.8954071786894717, 2.125096506878608, 2.069351312200731, 0.6296054072546208, 4.276053696944596, 4.058494550547371, 1.505597045658943, 6.5860946524969775, 2.1726371349960516, 1.9264908717935447, 0.7956270727627375, 0.45023999052992436, 0.5468704990258312, 0.720129096569342, 1.7781561436912818, 0.8362098840094501, 0.8750892539970729, 2.4424339483781408, 1.0424648213508507, 6.59054977668415, 4.417381988415863, 0.8159949691219018]
APTIDAO: 
25.98224089966925
GEN: 5600
Individuo: 
[1.2037150835673358, 2.325449701952507, 1.5196273590020768, 2.5444627871976464, 1.7476096298118335, 0.6371670204734062, 0.4809129176621967, 0.6232869085561925, 0.6311729833518199, 0.5151306183331563, 0.37481019957023654, 0.5084255633718084, 0.061463359915588225, 0.022174739854333745, 0.15371082975126052, 0.12547118512753566, 0.07242200566790782, 0.33370287483317135, 0.06247627591603294, 0.08663577479945671, 0.6931159348614367, 0.24512814011964465, 0.03434065172016911, 0.31114565027652324, 0.6018120176224735, 0.2733603719792331, 4.167933894479019, 2.357893100331678, 4.410911502531454, 1.5588153078408629, 3.8954071786894717, 2.125096506878608, 2.069351312200731, 0.6296054072546208, 4.276053696944596, 4.058494550547371, 2.2046153725800144, 6.5860946524969775, 2.1726371349960516, 2.530934176383315, 0.7956270727627375, 0.45023999052992436, 0.9799295381517265, 0.720129096569342, 1.517385603197345, 0.8362098840094501, 0.8750892539970729, 2.4424339483781408, 1.6997331739400425, 6.59054977668415, 4.417381988415863, 0.8159949691219018]
APTIDAO: 
25.641779385086156
GEN: 5700
Individuo: 
[1.2037150835673358, 2.325449701952507, 1.5196273590020768, 2.5444627871976464, 1.7476096298118335, 0.6371670204734062, 0.4809129176621967, 0.6232869085561925, 0.6311729833518199, 0.5151306183331563, 0.36697351623699564, 0.5084255633718084, 0.059743166478615446, 0.021983004850155037, 0.15371082975126052, 0.12547118512753566, 0.07242200566790782, 0.33370287483317135, 0.06351028308005871, 0.08663577479945671, 0.6931159348614367, 0.24512814011964465, 0.03849740025992137, 0.31114565027652324, 0.6018120176224735, 0.2733603719792331, 4.167933894479019, 2.357893100331678, 4.410911502531454, 1.5588153078408629, 3.8954071786894717, 2.125096506878608, 2.069351312200731, 0.6296054072546208, 4.276053696944596, 4.058494550547371, 1.5040773206403317, 6.5860946524969775, 1.7033687899273005, 2.4590210201942457, 0.7956270727627375, 0.45023999052992436, 0.9799295381517265, 0.720129096569342, 1.3735969305718887, 0.8362098840094501, 0.8750892539970729, 2.4424339483781408, 1.9344055382402072, 6.59054977668415, 4.417381988415863, 0.8159949691219018]
APTIDAO: 
25.58007203104538
GEN: 5800
Individuo: 
[1.2037150835673358, 2.325449701952507, 1.5196273590020768, 2.5444627871976464, 1.7476096298118335, 0.6371670204734062, 0.49732363297613225, 0.6232869085561925, 0.6311729833518199, 0.5151306183331563, 0.36697351623699564, 0.5084255633718084, 0.05783389270996351, 0.012810491129019776, 0.15371082975126052, 0.12547118512753566, 0.07242200566790782, 0.33370287483317135, 0.06351028308005871, 0.08663577479945671, 0.6931159348614367, 0.24162322501549577, 0.03849740025992137, 0.31114565027652324, 0.6018120176224735, 0.2809380968753402, 4.167933894479019, 2.357893100331678, 4.410911502531454, 1.5588153078408629, 3.8954071786894717, 2.125096506878608, 3.247900354942686, 0.6296054072546208, 4.276053696944596, 4.058494550547371, 1.5040773206403317, 6.5860946524969775, 1.5566497519691054, 2.4851837640842467, 0.7956270727627375, 0.45023999052992436, 0.9799295381517265, 0.720129096569342, 1.3735969305718887, 0.8362098840094501, 0.8750892539970729, 2.5031150635002843, 1.9344055382402072, 6.59054977668415, 4.417381988415863, 0.9150879438233186]
APTIDAO: 
25.63911812983703
GEN: 5900
Individuo: 
[1.2037150835673358, 2.325449701952507, 1.5196273590020768, 2.5444627871976464, 1.7476096298118335, 0.6371670204734062, 0.49732363297613225, 0.6232869085561925, 0.6311729833518199, 0.5151306183331563, 0.36697351623699564, 0.5084255633718084, 0.05783389270996351, 0.012810491129019776, 0.15096236831095802, 0.12547118512753566, 0.07242200566790782, 0.3325158180552429, 0.06351028308005871, 0.08812638357970862, 0.6931159348614367, 0.24162322501549577, 0.03849740025992137, 0.3184420792384128, 0.6018120176224735, 0.2809380968753402, 4.167933894479019, 2.357893100331678, 4.410911502531454, 1.5588153078408629, 3.8954071786894717, 2.125096506878608, 3.247900354942686, 0.6296054072546208, 4.276053696944596, 4.058494550547371, 1.5040773206403317, 6.5860946524969775, 1.5566497519691054, 2.4851837640842467, 1.0590296681001472, 0.45023999052992436, 0.9799295381517265, 1.1216915814281216, 1.3735969305718887, 1.2054976440199001, 0.8750892539970729, 2.5031150635002843, 1.9344055382402072, 8.128717223843987, 4.417381988415863, 0.9150879438233186]
APTIDAO: 
25.52568349958818
GEN: 6000
Individuo: 
[1.2037150835673358, 2.325449701952507, 1.5196273590020768, 2.537934648580408, 1.7476096298118335, 0.6371670204734062, 0.49732363297613225, 0.6232869085561925, 0.6311729833518199, 0.5151306183331563, 0.36697351623699564, 0.5084255633718084, 0.05783389270996351, 0.012810491129019776, 0.15096236831095802, 0.12547118512753566, 0.07862072718602445, 0.3325158180552429, 0.06351028308005871, 0.11690260730548131, 0.6931159348614367, 0.24162322501549577, 0.04573184092575186, 0.3184420792384128, 0.5794199128877601, 0.2809380968753402, 4.167933894479019, 2.357893100331678, 4.410911502531454, 1.9556362504282676, 3.8954071786894717, 2.125096506878608, 3.247900354942686, 0.6296054072546208, 4.276053696944596, 4.058494550547371, 1.5040773206403317, 6.5860946524969775, 1.5566497519691054, 2.4851837640842467, 1.0590296681001472, 0.45023999052992436, 1.376952007109155, 1.1216915814281216, 1.3735969305718887, 2.071683301539427, 0.8750892539970729, 2.5031150635002843, 1.9585375887012835, 8.128717223843987, 3.3742227860507676, 0.9150879438233186]
APTIDAO: 
25.378279959112994
GEN: 6100
Individuo: 
[1.2037150835673358, 2.325449701952507, 1.5196273590020768, 2.537934648580408, 1.7476096298118335, 0.6371670204734062, 0.49732363297613225, 0.6232869085561925, 0.6311729833518199, 0.5151306183331563, 0.36697351623699564, 0.5084255633718084, 0.05783389270996351, 0.01761434824417413, 0.15096236831095802, 0.12547118512753566, 0.07862072718602445, 0.3325158180552429, 0.07161994798317667, 0.11690260730548131, 0.6931159348614367, 0.24162322501549577, 0.05381698191893284, 0.3787092782348224, 0.5794199128877601, 0.2809380968753402, 4.167933894479019, 2.357893100331678, 4.410911502531454, 1.9556362504282676, 3.8954071786894717, 2.125096506878608, 3.247900354942686, 0.6296054072546208, 4.276053696944596, 4.058494550547371, 1.5040773206403317, 6.5860946524969775, 1.5566497519691054, 2.134190669954022, 1.0590296681001472, 0.45023999052992436, 1.376952007109155, 1.1216915814281216, 1.5283039475763291, 2.071683301539427, 0.8750892539970729, 2.5031150635002843, 1.46351100774549, 9.24669927945273, 3.3742227860507676, 0.9150879438233186]
APTIDAO: 
25.186033939309933
GEN: 6200
Individuo: 
[1.2037150835673358, 2.325449701952507, 1.556904737012804, 2.537934648580408, 1.7476096298118335, 0.6371670204734062, 0.49732363297613225, 0.6232869085561925, 0.6311729833518199, 0.5151306183331563, 0.36697351623699564, 0.5084255633718084, 0.05783389270996351, 0.01761434824417413, 0.15096236831095802, 0.12547118512753566, 0.07483473426164917, 0.3325158180552429, 0.07657856567860041, 0.11690260730548131, 0.6931159348614367, 0.24162322501549577, 0.04109998520529943, 0.4028147931625928, 0.5794199128877601, 0.26551524033394464, 4.167933894479019, 2.357893100331678, 3.1311689775535796, 1.9556362504282676, 3.8954071786894717, 2.125096506878608, 3.247900354942686, 0.6296054072546208, 4.276053696944596, 4.058494550547371, 1.5040773206403317, 6.5860946524969775, 1.5566497519691054, 2.134190669954022, 1.0590296681001472, 0.45023999052992436, 1.2448774322899572, 1.1216915814281216, 1.5399311861055824, 2.071683301539427, 0.8750892539970729, 2.5031150635002843, 0.5788875656582282, 6.582576668589126, 3.3742227860507676, 0.9779596367909776]
APTIDAO: 
25.072043871336124
GEN: 6300
Individuo: 
[1.2037150835673358, 2.325449701952507, 1.556904737012804, 2.537934648580408, 1.7476096298118335, 0.6371670204734062, 0.49732363297613225, 0.6232869085561925, 0.6311729833518199, 0.5151306183331563, 0.36697351623699564, 0.5084255633718084, 0.05783389270996351, 0.01706765775287349, 0.15096236831095802, 0.12547118512753566, 0.07483473426164917, 0.3325158180552429, 0.07657856567860041, 0.11690260730548131, 0.6931159348614367, 0.24162322501549577, 0.04296309813144857, 0.40878626616453745, 0.5794199128877601, 0.26551524033394464, 4.167933894479019, 2.357893100331678, 3.1311689775535796, 1.9556362504282676, 3.8954071786894717, 2.125096506878608, 3.247900354942686, 0.6296054072546208, 4.276053696944596, 4.058494550547371, 1.5040773206403317, 6.5860946524969775, 1.5566497519691054, 2.370423859454801, 1.0590296681001472, 0.45023999052992436, 1.2448774322899572, 1.1216915814281216, 1.5399311861055824, 2.071683301539427, 0.8750892539970729, 2.5031150635002843, 0.4660681459081951, 9.397000545800985, 3.3742227860507676, 0.9779596367909776]
APTIDAO: 
25.059352435089487
GEN: 6400
Individuo: 
[1.2407830348628102, 2.325449701952507, 1.556904737012804, 2.537934648580408, 1.7476096298118335, 0.6371670204734062, 0.49732363297613225, 0.6232869085561925, 0.6311729833518199, 0.5151306183331563, 0.3390004292502735, 0.5084255633718084, 0.05783389270996351, 0.017111094784146755, 0.14786043689297143, 0.12547118512753566, 0.07483473426164917, 0.3325158180552429, 0.07947276512062788, 0.11690260730548131, 0.7173121005790821, 0.24162322501549577, 0.034417437002653734, 0.567988975138041, 0.5825271274823705, 0.26551524033394464, 3.427638353074415, 2.357893100331678, 3.1311689775535796, 1.9556362504282676, 3.8954071786894717, 2.125096506878608, 3.247900354942686, 0.6296054072546208, 4.276053696944596, 4.058494550547371, 1.661076148840539, 6.5860946524969775, 1.5566497519691054, 3.3575435554310245, 0.6725611096573656, 0.45023999052992436, 1.2448774322899572, 1.1216915814281216, 1.253132709738374, 2.071683301539427, 0.8894988232841455, 2.5031150635002843, 1.4754342368481332, 6.826279364595354, 3.031472844220403, 0.9779596367909776]
APTIDAO: 
24.870978628336005
GEN: 6500
Individuo: 
[1.2407830348628102, 2.325449701952507, 1.556904737012804, 2.537934648580408, 1.7476096298118335, 0.6371670204734062, 0.49732363297613225, 0.6232869085561925, 0.6311729833518199, 0.5151306183331563, 0.36697351623699564, 0.5084255633718084, 0.052402321430318664, 0.012004181245797555, 0.14786043689297143, 0.12547118512753566, 0.08788691415690836, 0.3325158180552429, 0.060011106507102265, 0.11690260730548131, 0.7173121005790821, 0.2364712239514589, 0.03453266577185726, 0.6736219068501527, 0.5825271274823705, 0.26551524033394464, 3.427638353074415, 2.357893100331678, 3.1311689775535796, 1.9556362504282676, 3.8954071786894717, 2.125096506878608, 3.247900354942686, 0.6296054072546208, 4.276053696944596, 4.058494550547371, 1.5040773206403317, 6.5860946524969775, 2.2090670573799267, 3.7330946719531957, 0.6725611096573656, 0.45023999052992436, 0.901378597918161, 1.1216915814281216, 1.4389911890319014, 2.071683301539427, 0.8894988232841455, 1.7094297501229363, 1.8276817928016789, 8.545878496819967, 3.031472844220403, 0.9779596367909776]
APTIDAO: 
24.684498776164084
GEN: 6600
Individuo: 
[1.2407830348628102, 2.325449701952507, 1.6582126828710084, 2.692539944043587, 1.7476096298118335, 0.6371670204734062, 0.49732363297613225, 0.6232869085561925, 0.6311729833518199, 0.5151306183331563, 0.36697351623699564, 0.5084255633718084, 0.03739148241497562, 0.009239481513411701, 0.14786043689297143, 0.12547118512753566, 0.08788691415690836, 0.3325158180552429, 0.060011106507102265, 0.11690260730548131, 0.7360440619740956, 0.2364712239514589, 0.051602698796662794, 0.6736219068501527, 0.5825271274823705, 0.26551524033394464, 3.427638353074415, 2.357893100331678, 3.8735813306049938, 5.835248075769458, 3.8954071786894717, 2.125096506878608, 3.247900354942686, 0.6296054072546208, 4.276053696944596, 4.058494550547371, 1.5040773206403317, 6.5860946524969775, 2.0319383816356025, 6.058428451560462, 0.6725611096573656, 0.45023999052992436, 0.901378597918161, 1.1216915814281216, 1.4389911890319014, 2.071683301539427, 0.8291424247881192, 1.7094297501229363, 1.9514996361801917, 8.545878496819967, 3.031472844220403, 0.9779596367909776]
APTIDAO: 
24.93398986137439
GEN: 6700
Individuo: 
[1.2407830348628102, 2.325449701952507, 1.6582126828710084, 2.552962589095035, 1.7476096298118335, 0.6371670204734062, 0.49732363297613225, 0.6232869085561925, 0.6311729833518199, 0.5151306183331563, 0.36818603679418327, 0.5084255633718084, 0.029960741855012137, 0.008422083061534245, 0.14786043689297143, 0.12547118512753566, 0.09141051310118811, 0.3325158180552429, 0.060011106507102265, 0.11690260730548131, 0.7360440619740956, 0.2364712239514589, 0.051602698796662794, 0.6487381568335387, 0.5825271274823705, 0.26551524033394464, 3.427638353074415, 2.357893100331678, 3.8735813306049938, 5.513121822826516, 3.8954071786894717, 2.125096506878608, 3.247900354942686, 0.6296054072546208, 4.276053696944596, 4.058494550547371, 2.1371218673403174, 6.5860946524969775, 1.5764863721686992, 2.19803256992201, 0.6725611096573656, 0.45023999052992436, 0.6431310830185755, 1.1216915814281216, 1.4389911890319014, 2.071683301539427, 0.8291424247881192, 1.7094297501229363, 1.9514996361801917, 10.0, 3.031472844220403, 0.9779596367909776]
APTIDAO: 
25.233857946474924
GEN: 6800
Individuo: 
[1.2407830348628102, 2.325449701952507, 1.6582126828710084, 2.552962589095035, 1.7476096298118335, 0.6676596488097938, 0.49732363297613225, 0.6232869085561925, 0.6311729833518199, 0.5151306183331563, 0.36818603679418327, 0.5084255633718084, 0.03355027910501628, 0.006801872395114364, 0.14786043689297143, 0.12547118512753566, 0.09141051310118811, 0.3325158180552429, 0.064778249229925, 0.11690260730548131, 0.7360440619740956, 0.25300785610108845, 0.06151795472678442, 0.6273309401451129, 0.5822715425692094, 0.26551524033394464, 3.427638353074415, 2.357893100331678, 3.8735813306049938, 5.513121822826516, 3.8954071786894717, 1.3879389525928687, 3.247900354942686, 0.6296054072546208, 4.276053696944596, 4.058494550547371, 2.1371218673403174, 6.5860946524969775, 0.8852130615075664, 1.8072907537321232, 0.6725611096573656, 0.45023999052992436, 0.6431310830185755, 1.1216915814281216, 1.3318016335873015, 2.071683301539427, 0.8291424247881192, 1.5589888071789324, 0.9406470229979625, 10.0, 3.3446116957196432, 0.9779596367909776]
APTIDAO: 
24.817556974411566
GEN: 6900
Individuo: 
[1.234185482057746, 2.325449701952507, 1.6582126828710084, 2.552962589095035, 1.7476096298118335, 0.6676596488097938, 0.49732363297613225, 0.6232869085561925, 0.6311729833518199, 0.5151306183331563, 0.36818603679418327, 0.5084255633718084, 0.03448640221270669, 0.010496245986222832, 0.14786043689297143, 0.12547118512753566, 0.09141051310118811, 0.3325158180552429, 0.060011106507102265, 0.11690260730548131, 0.7360440619740956, 0.25300785610108845, 0.05262200442036124, 0.6273309401451129, 0.5791128397470943, 0.26551524033394464, 6.072655066322005, 2.357893100331678, 3.8735813306049938, 5.513121822826516, 3.8954071786894717, 1.3879389525928687, 3.247900354942686, 0.6296054072546208, 4.276053696944596, 4.058494550547371, 2.1371218673403174, 6.5860946524969775, 1.1288273504088007, 1.012354222232946, 0.6725611096573656, 0.45023999052992436, 0.6431310830185755, 1.1216915814281216, 1.4389911890319014, 2.071683301539427, 0.8291424247881192, 1.5589888071789324, 0.5538811616009311, 10.0, 3.8127567511083833, 0.9779596367909776]
APTIDAO: 
24.556454618803418
GEN: 7000
Individuo: 
[1.234185482057746, 2.325449701952507, 1.6611892306201375, 2.552962589095035, 1.7476096298118335, 0.6676596488097938, 0.49732363297613225, 0.6232869085561925, 0.6311729833518199, 0.5151306183331563, 0.36818603679418327, 0.5084255633718084, 0.034746699124123814, 0.010496245986222832, 0.14786043689297143, 0.12547118512753566, 0.09141051310118811, 0.3325158180552429, 0.060011106507102265, 0.11690260730548131, 0.7360440619740956, 0.25300785610108845, 0.05262200442036124, 0.6273309401451129, 0.5791128397470943, 0.26551524033394464, 6.072655066322005, 2.357893100331678, 3.9664243588758685, 5.513121822826516, 3.8954071786894717, 1.3879389525928687, 3.247900354942686, 0.6296054072546208, 4.276053696944596, 4.058494550547371, 2.1371218673403174, 6.5860946524969775, 1.057483515400359, 1.012354222232946, 0.6725611096573656, 0.45023999052992436, 0.6431310830185755, 1.1216915814281216, 1.4389911890319014, 2.071683301539427, 0.8291424247881192, 1.5589888071789324, 0.5538811616009311, 10.0, 3.8127567511083833, 0.9779596367909776]
APTIDAO: 
24.546238567507793
GEN: 7100
Individuo: 
[1.234185482057746, 2.325449701952507, 1.5099043701381085, 2.552962589095035, 1.7476096298118335, 0.6676596488097938, 0.49732363297613225, 0.6232869085561925, 0.6311729833518199, 0.5151306183331563, 0.36818603679418327, 0.5084255633718084, 0.05715472514802607, 0.018662675574393994, 0.14786043689297143, 0.12547118512753566, 0.09141051310118811, 0.3325158180552429, 0.060011106507102265, 0.11690260730548131, 0.7360440619740956, 0.27780427492456833, 0.05262200442036124, 0.6273309401451129, 0.5791128397470943, 0.26551524033394464, 6.072655066322005, 2.357893100331678, 3.9368602825332752, 5.513121822826516, 3.8954071786894717, 1.3879389525928687, 3.247900354942686, 0.6296054072546208, 4.276053696944596, 4.058494550547371, 2.1371218673403174, 6.5860946524969775, 1.1292770992578707, 1.3243448312634527, 0.6725611096573656, 0.45023999052992436, 0.6431310830185755, 1.1216915814281216, 1.4389911890319014, 2.071683301539427, 0.8291424247881192, 2.3365959831627707, 0.5538811616009311, 10.0, 3.8127567511083833, 0.9779596367909776]
APTIDAO: 
25.110800988457527
GEN: 7200
Individuo: 
[1.234185482057746, 2.325449701952507, 1.5099043701381085, 2.552962589095035, 1.7476096298118335, 0.6676596488097938, 0.4992074261983076, 0.6232869085561925, 0.6459553590195644, 0.5151306183331563, 0.36818603679418327, 0.5084255633718084, 0.05715472514802607, 0.018662675574393994, 0.14786043689297143, 0.12057642766614358, 0.09141051310118811, 0.3325158180552429, 0.061839535881467164, 0.10599908242121232, 0.7360440619740956, 0.27780427492456833, 0.06490079264088976, 0.7861222396540228, 0.5791128397470943, 0.26551524033394464, 6.072655066322005, 2.357893100331678, 3.9368602825332752, 5.513121822826516, 3.8954071786894717, 1.3879389525928687, 4.669589009361098, 0.6296054072546208, 3.6197613029068645, 4.058494550547371, 2.1371218673403174, 6.5860946524969775, 1.1292770992578707, 1.3243448312634527, 0.6725611096573656, 0.6290836528127997, 0.6431310830185755, 1.1216915814281216, 0.9616239623768429, 2.859371508727399, 0.8291424247881192, 2.3365959831627707, 0.5834540071627966, 10.0, 3.8127567511083833, 0.9779596367909776]
APTIDAO: 
25.097698353998304
GEN: 7300
Individuo: 
[1.234185482057746, 2.325449701952507, 1.5099043701381085, 2.552962589095035, 1.7476096298118335, 0.6676596488097938, 0.4992074261983076, 0.6232869085561925, 0.6459553590195644, 0.5151306183331563, 0.36818603679418327, 0.5084255633718084, 0.05715472514802607, 0.021136731441230096, 0.14786043689297143, 0.12610270547447358, 0.09141051310118811, 0.3325158180552429, 0.061839535881467164, 0.10599908242121232, 0.7360440619740956, 0.27780427492456833, 0.0784037369272599, 0.7861222396540228, 0.5791128397470943, 0.26551524033394464, 6.072655066322005, 2.357893100331678, 3.9368602825332752, 5.513121822826516, 3.8954071786894717, 1.3879389525928687, 4.669589009361098, 0.6296054072546208, 3.6197613029068645, 4.058494550547371, 2.1371218673403174, 6.5860946524969775, 1.1292770992578707, 1.1225750356953, 0.6725611096573656, 0.6430526032993956, 0.6431310830185755, 1.1216915814281216, 0.9616239623768429, 2.859371508727399, 0.8291424247881192, 2.3365959831627707, 1.2074422188739158, 10.0, 3.8127567511083833, 0.9779596367909776]
APTIDAO: 
24.889360502803104
GEN: 7400
Individuo: 
[1.234185482057746, 2.325449701952507, 1.5099043701381085, 2.552962589095035, 1.7476096298118335, 0.6676596488097938, 0.4992074261983076, 0.6232869085561925, 0.6459553590195644, 0.5151306183331563, 0.36901324179063194, 0.5084255633718084, 0.052925081050213776, 0.0220757781188942, 0.14786043689297143, 0.12610270547447358, 0.09141051310118811, 0.3325158180552429, 0.05943120887202144, 0.10599908242121232, 0.7360440619740956, 0.27780427492456833, 0.0784037369272599, 0.7676512406804086, 0.5791128397470943, 0.2598795779712082, 6.072655066322005, 2.357893100331678, 3.9368602825332752, 5.513121822826516, 3.8954071786894717, 1.3879389525928687, 4.669589009361098, 0.6296054072546208, 3.6197613029068645, 4.058494550547371, 3.1939058650941017, 6.5860946524969775, 0.6748971912760573, 1.131511140582614, 0.6725611096573656, 0.6430526032993956, 0.6431310830185755, 1.1216915814281216, 0.5931246490591918, 2.859371508727399, 0.8291424247881192, 2.3365959831627707, 1.2074422188739158, 10.0, 3.8127567511083833, 0.8188240791029875]
APTIDAO: 
24.725927115474313
GEN: 7500
Individuo: 
[1.234185482057746, 2.325449701952507, 1.5099043701381085, 2.552962589095035, 1.7476096298118335, 0.6676596488097938, 0.4992074261983076, 0.6232869085561925, 0.6459553590195644, 0.5181273471812246, 0.36901324179063194, 0.5084255633718084, 0.052925081050213776, 0.021120925307134088, 0.14786043689297143, 0.12610270547447358, 0.10052177192327738, 0.33321010847885185, 0.043500272514262216, 0.10599908242121232, 0.7360440619740956, 0.27780427492456833, 0.10050384150278745, 0.7676512406804086, 0.5791128397470943, 0.2598795779712082, 6.072655066322005, 2.357893100331678, 3.9368602825332752, 5.513121822826516, 3.8954071786894717, 1.3879389525928687, 4.669589009361098, 0.6296054072546208, 3.6197613029068645, 2.7196757955113875, 3.1939058650941017, 6.5860946524969775, 0.6748971912760573, 1.5118486745208133, 0.6725611096573656, 0.6430526032993956, 0.6884357621738655, 2.0876427854437396, 1.1312159261283212, 2.859371508727399, 0.8291424247881192, 2.3365959831627707, 1.7668067293441494, 10.0, 3.8127567511083833, 0.8188240791029875]
APTIDAO: 
24.943329980523888
GEN: 7600
Individuo: 
[1.234185482057746, 2.325449701952507, 1.5099043701381085, 2.552962589095035, 1.7476096298118335, 0.6676596488097938, 0.4992074261983076, 0.6232869085561925, 0.6459553590195644, 0.5181273471812246, 0.36901324179063194, 0.5084255633718084, 0.05149247222574834, 0.021120925307134088, 0.14684215256397545, 0.12326858635463518, 0.10052177192327738, 0.33321010847885185, 0.043500272514262216, 0.10599908242121232, 0.7360440619740956, 0.27780427492456833, 0.0832677327295011, 0.7676512406804086, 0.5791128397470943, 0.2598795779712082, 6.072655066322005, 2.357893100331678, 3.9368602825332752, 5.513121822826516, 3.8954071786894717, 1.3879389525928687, 4.669589009361098, 0.6296054072546208, 3.6197613029068645, 2.7196757955113875, 3.1939058650941017, 6.5860946524969775, 0.8048849688999968, 1.5118486745208133, 0.8718667190331151, 0.8397624063362104, 0.6884357621738655, 2.0876427854437396, 1.1312159261283212, 2.859371508727399, 0.8291424247881192, 2.3365959831627707, 2.1848574747030285, 10.0, 3.8127567511083833, 0.8188240791029875]
APTIDAO: 
24.7122648264119
GEN: 7700
Individuo: 
[1.234185482057746, 2.325449701952507, 1.5099043701381085, 2.4410334269603142, 1.7476096298118335, 0.6676596488097938, 0.4992074261983076, 0.6232869085561925, 0.6459553590195644, 0.5181273471812246, 0.36901324179063194, 0.5084255633718084, 0.05149247222574834, 0.015082174677477914, 0.14786043689297143, 0.12986223081354137, 0.10052177192327738, 0.33321010847885185, 0.043500272514262216, 0.10599908242121232, 0.7360440619740956, 0.27780427492456833, 0.0832677327295011, 0.7676512406804086, 0.5791128397470943, 0.2598795779712082, 6.072655066322005, 2.357893100331678, 3.9368602825332752, 7.556661772385391, 3.8954071786894717, 1.3879389525928687, 4.669589009361098, 0.6296054072546208, 3.6197613029068645, 2.7196757955113875, 3.1939058650941017, 6.5860946524969775, 0.8048849688999968, 1.9535694246971618, 0.6725611096573656, 0.8904604628395014, 0.6884357621738655, 2.0876427854437396, 1.1312159261283212, 2.859371508727399, 0.8291424247881192, 2.3365959831627707, 2.1848574747030285, 10.0, 3.8127567511083833, 0.8188240791029875]
APTIDAO: 
25.080416927605988
GEN: 7800
Individuo: 
[1.234185482057746, 2.325449701952507, 1.5099043701381085, 2.6336293147681507, 1.7476096298118335, 0.6676596488097938, 0.4992074261983076, 0.6232869085561925, 0.6459553590195644, 0.5181273471812246, 0.36901324179063194, 0.5084255633718084, 0.05149247222574834, 0.02185938940070343, 0.14786043689297143, 0.12986223081354137, 0.09844824489915355, 0.33321010847885185, 0.043500272514262216, 0.10599908242121232, 0.7360440619740956, 0.27780427492456833, 0.0832677327295011, 0.7931737585007411, 0.5791128397470943, 0.2598795779712082, 6.072655066322005, 2.357893100331678, 3.9368602825332752, 9.176492682249307, 3.8954071786894717, 1.3879389525928687, 4.669589009361098, 0.6296054072546208, 3.6197613029068645, 2.7196757955113875, 3.1939058650941017, 6.5860946524969775, 0.8048849688999968, 2.146280755102058, 0.6725611096573656, 0.8904604628395014, 0.6712049328448658, 2.0876427854437396, 1.1312159261283212, 2.859371508727399, 0.8291424247881192, 2.3365959831627707, 2.1848574747030285, 10.0, 3.8127567511083833, 0.8188240791029875]
APTIDAO: 
24.663430525066815
GEN: 7900
Individuo: 
[1.234185482057746, 2.325449701952507, 1.5099043701381085, 2.6336293147681507, 1.7476096298118335, 0.6676596488097938, 0.4992074261983076, 0.6232869085561925, 0.6459553590195644, 0.5181273471812246, 0.36901324179063194, 0.5084255633718084, 0.05149247222574834, 0.02185938940070343, 0.14786043689297143, 0.12986223081354137, 0.09844824489915355, 0.33321010847885185, 0.0482042228344297, 0.10599908242121232, 0.7338856071358925, 0.27780427492456833, 0.08760719176476568, 0.7931737585007411, 0.5791128397470943, 0.2598795779712082, 6.072655066322005, 2.357893100331678, 3.9368602825332752, 9.176492682249307, 3.8954071786894717, 1.3879389525928687, 4.669589009361098, 0.6296054072546208, 3.6197613029068645, 2.7196757955113875, 3.1939058650941017, 6.5860946524969775, 0.8048849688999968, 2.146280755102058, 0.6725611096573656, 0.8904604628395014, 0.6712049328448658, 2.0876427854437396, 1.485792213350803, 2.859371508727399, 0.9805266874230191, 2.3365959831627707, 2.6717251224243963, 10.0, 3.8127567511083833, 0.8188240791029875]
APTIDAO: 
24.634473086714035
GEN: 8000
Individuo: 
[1.234185482057746, 2.325449701952507, 1.5099043701381085, 2.6336293147681507, 1.7476096298118335, 0.6676596488097938, 0.4992074261983076, 0.6232869085561925, 0.6459553590195644, 0.5181273471812246, 0.42784935697701, 0.5084255633718084, 0.045216109249118, 0.02185938940070343, 0.14786043689297143, 0.12986223081354137, 0.09020739380831565, 0.33321010847885185, 0.0482042228344297, 0.10446029511293405, 0.7338856071358925, 0.27780427492456833, 0.0832677327295011, 0.8897308853106134, 0.5791128397470943, 0.25682929225486084, 6.072655066322005, 2.357893100331678, 3.9368602825332752, 9.176492682249307, 3.8954071786894717, 1.3879389525928687, 4.669589009361098, 0.6296054072546208, 3.6197613029068645, 2.7196757955113875, 3.3444327552293602, 6.5860946524969775, 0.5323385822738899, 2.146280755102058, 0.6725611096573656, 0.8904604628395014, 0.66262304216451, 2.0876427854437396, 1.485792213350803, 2.924798387904732, 0.9805266874230191, 2.3365959831627707, 2.1848574747030285, 7.487702572821042, 3.8127567511083833, 0.8037013633479467]
APTIDAO: 
24.592718365162618
GEN: 8100
Individuo: 
[1.234185482057746, 2.325449701952507, 1.825062432898497, 2.394746380335862, 1.7476096298118335, 0.6676596488097938, 0.4992074261983076, 0.6232869085561925, 0.6459553590195644, 0.5181273471812246, 0.42784935697701, 0.5084255633718084, 0.04670375414199806, 0.02185938940070343, 0.14786043689297143, 0.12986223081354137, 0.08640098656986112, 0.33321010847885185, 0.05482346405637879, 0.1278682039997238, 0.7338856071358925, 0.27780427492456833, 0.05662059277855191, 0.8897308853106134, 0.5833726665125969, 0.25682929225486084, 6.072655066322005, 2.357893100331678, 3.331367702653552, 9.708853819101892, 3.8954071786894717, 1.3879389525928687, 4.669589009361098, 0.6296054072546208, 3.6197613029068645, 2.7196757955113875, 3.3444327552293602, 6.5860946524969775, 0.43839743786196866, 2.146280755102058, 0.6725611096573656, 0.8904604628395014, 0.7169674073256849, 2.0876427854437396, 2.029261789220077, 3.1494958324602704, 0.9805266874230191, 2.3365959831627707, 1.7779408336819795, 7.487702572821042, 6.344660438800108, 0.8037013633479467]
APTIDAO: 
24.44437989055085
GEN: 8200
Individuo: 
[1.234185482057746, 2.325449701952507, 1.825062432898497, 2.368346675135336, 1.7476096298118335, 0.6676596488097938, 0.4992074261983076, 0.6232869085561925, 0.6459553590195644, 0.5181273471812246, 0.42784935697701, 0.5084255633718084, 0.04670375414199806, 0.021599645619698366, 0.14786043689297143, 0.11157659376411637, 0.08640098656986112, 0.33321010847885185, 0.0632092358664102, 0.1278682039997238, 0.7338856071358925, 0.27780427492456833, 0.049581219691042754, 0.8897308853106134, 0.5833726665125969, 0.25682929225486084, 6.072655066322005, 2.357893100331678, 3.331367702653552, 10.0, 3.8954071786894717, 1.3879389525928687, 4.669589009361098, 0.6296054072546208, 3.6197613029068645, 2.7196757955113875, 3.3444327552293602, 6.5860946524969775, 0.43839743786196866, 2.368642708398411, 0.6725611096573656, 1.3560291731915266, 0.7169674073256849, 2.0876427854437396, 1.5025106114001985, 3.1494958324602704, 0.9805266874230191, 2.3365959831627707, 1.4746086601416577, 7.487702572821042, 6.344660438800108, 0.8037013633479467]
APTIDAO: 
24.428111226605502
GEN: 8300
Individuo: 
[1.234185482057746, 2.325449701952507, 1.825062432898497, 2.368346675135336, 1.7476096298118335, 0.6676596488097938, 0.4992074261983076, 0.6232869085561925, 0.6459553590195644, 0.5181273471812246, 0.42784935697701, 0.5084255633718084, 0.04670375414199806, 0.021599645619698366, 0.14786043689297143, 0.11157659376411637, 0.08640098656986112, 0.33321010847885185, 0.0632092358664102, 0.1278682039997238, 0.7338856071358925, 0.27780427492456833, 0.049581219691042754, 0.8897308853106134, 0.5833726665125969, 0.25682929225486084, 6.072655066322005, 2.357893100331678, 3.331367702653552, 10.0, 3.8954071786894717, 1.3879389525928687, 4.669589009361098, 0.6296054072546208, 3.6197613029068645, 2.7196757955113875, 3.3444327552293602, 6.5860946524969775, 0.43839743786196866, 2.368642708398411, 0.6725611096573656, 1.3560291731915266, 0.7169674073256849, 2.0876427854437396, 1.5025106114001985, 3.1494958324602704, 0.9805266874230191, 2.3365959831627707, 1.4746086601416577, 7.487702572821042, 6.344660438800108, 0.8037013633479467]
APTIDAO: 
24.428111226605502
GEN: 8400
Individuo: 
[1.234185482057746, 2.325449701952507, 1.825062432898497, 2.368346675135336, 1.7476096298118335, 0.6676596488097938, 0.4992074261983076, 0.6232869085561925, 0.6459553590195644, 0.5181273471812246, 0.42784935697701, 0.5084255633718084, 0.04670375414199806, 0.021599645619698366, 0.14524217323467056, 0.12391712537294461, 0.08640098656986112, 0.33321010847885185, 0.0632092358664102, 0.1278682039997238, 0.7338856071358925, 0.27780427492456833, 0.049581219691042754, 0.8897308853106134, 0.5833726665125969, 0.25682929225486084, 6.072655066322005, 2.357893100331678, 3.331367702653552, 10.0, 3.8954071786894717, 1.3879389525928687, 4.669589009361098, 0.6296054072546208, 3.6197613029068645, 2.7196757955113875, 3.3444327552293602, 6.5860946524969775, 0.43839743786196866, 2.368642708398411, 0.6113001347950746, 0.9022863419096652, 0.7169674073256849, 2.0876427854437396, 1.5025106114001985, 3.1494958324602704, 0.9805266874230191, 2.3365959831627707, 1.4746086601416577, 7.487702572821042, 6.344660438800108, 0.8037013633479467]
APTIDAO: 
24.37181334101215
GEN: 8500
Individuo: 
[1.234185482057746, 2.325449701952507, 1.825062432898497, 2.368346675135336, 1.7476096298118335, 0.6676596488097938, 0.4992074261983076, 0.6232869085561925, 0.6459553590195644, 0.5181273471812246, 0.42784935697701, 0.5084255633718084, 0.04670375414199806, 0.021599645619698366, 0.14524217323467056, 0.10500340773269022, 0.08806578380867601, 0.33321010847885185, 0.0632092358664102, 0.1278682039997238, 0.7338856071358925, 0.27780427492456833, 0.05664172852392969, 0.8992124671157313, 0.5823029169391912, 0.25682929225486084, 6.072655066322005, 2.357893100331678, 3.331367702653552, 10.0, 3.8954071786894717, 1.3879389525928687, 4.669589009361098, 0.6296054072546208, 3.6197613029068645, 2.7196757955113875, 3.3444327552293602, 6.5860946524969775, 0.43839743786196866, 2.368642708398411, 0.6113001347950746, 1.1413497243716662, 0.6942441187335732, 2.0876427854437396, 1.5025106114001985, 3.1494958324602704, 0.9805266874230191, 2.3365959831627707, 1.1114886420810528, 7.637868363709372, 10.0, 0.8037013633479467]
APTIDAO: 
24.496494493134158
GEN: 8600
Individuo: 
[1.234185482057746, 2.325449701952507, 1.825062432898497, 2.368346675135336, 1.7476096298118335, 0.6676596488097938, 0.4992074261983076, 0.6232869085561925, 0.6459553590195644, 0.5181273471812246, 0.42784935697701, 0.5084255633718084, 0.04670375414199806, 0.021599645619698366, 0.14524217323467056, 0.10553445502900763, 0.07627418327374841, 0.33321010847885185, 0.0632092358664102, 0.1278682039997238, 0.7338856071358925, 0.2739335858509836, 0.036264897956334974, 0.7724991990378364, 0.5823029169391912, 0.25682929225486084, 6.072655066322005, 2.357893100331678, 3.331367702653552, 10.0, 3.8954071786894717, 1.3879389525928687, 4.669589009361098, 0.6296054072546208, 3.6197613029068645, 2.7196757955113875, 3.3444327552293602, 6.5860946524969775, 0.43839743786196866, 2.368642708398411, 0.6113001347950746, 1.2842773822903955, 0.9207556602352872, 2.0876427854437396, 1.5025106114001985, 3.1494958324602704, 0.9805266874230191, 1.6572610243313375, 0.8485180218723666, 3.8746225371124314, 10.0, 0.8037013633479467]
APTIDAO: 
24.52345074143186
GEN: 8700
Individuo: 
[1.234185482057746, 2.325449701952507, 1.825062432898497, 2.3347361120934886, 1.7476096298118335, 0.6676596488097938, 0.4992074261983076, 0.7753714351669572, 0.6459553590195644, 0.5181273471812246, 0.42784935697701, 0.5084255633718084, 0.04670375414199806, 0.018825602379062126, 0.14524217323467056, 0.1060922757598445, 0.07627418327374841, 0.547009366235223, 0.06740242520057241, 0.1278682039997238, 0.7338856071358925, 0.2739335858509836, 0.036264897956334974, 0.7757630645457986, 0.5823029169391912, 0.25682929225486084, 6.072655066322005, 2.357893100331678, 3.331367702653552, 10.0, 3.8954071786894717, 1.3879389525928687, 4.669589009361098, 0.8378583363206855, 3.6197613029068645, 2.7196757955113875, 3.3444327552293602, 6.5860946524969775, 0.43839743786196866, 0.8345118310180848, 0.6113001347950746, 2.626384056565531, 0.9207556602352872, 1.939056455770668, 3.597850928576137, 3.1494958324602704, 0.9805266874230191, 1.6572610243313375, 0.8485180218723666, 3.7618451332022214, 10.0, 0.8037013633479467]
APTIDAO: 
24.190511870557415
GEN: 8800
Individuo: 
[1.234185482057746, 2.325449701952507, 1.825062432898497, 2.679125885499202, 1.7476096298118335, 0.661441105652625, 0.47007354517548827, 0.7753714351669572, 0.6459553590195644, 0.5181273471812246, 0.42784935697701, 0.5084255633718084, 0.04670375414199806, 0.024073716416208344, 0.14524217323467056, 0.10150071351045976, 0.07627418327374841, 0.5372174181275713, 0.06740242520057241, 0.1278682039997238, 0.7338856071358925, 0.2581090729671696, 0.037316858791477614, 0.7757630645457986, 0.5823029169391912, 0.25682929225486084, 6.072655066322005, 2.357893100331678, 3.331367702653552, 6.6529615596062355, 3.8954071786894717, 1.6633613765882607, 4.381698403236832, 0.8378583363206855, 3.6197613029068645, 2.7196757955113875, 3.3444327552293602, 6.5860946524969775, 0.43839743786196866, 1.666534809021154, 0.6113001347950746, 0.7361579637235163, 0.9207556602352872, 1.7541017133217698, 3.597850928576137, 3.1494958324602704, 0.9805266874230191, 2.241194651935649, 0.7917245087646567, 3.7618451332022214, 10.0, 0.8037013633479467]
APTIDAO: 
24.068112396640483
GEN: 8900
Individuo: 
[1.234185482057746, 2.325449701952507, 1.825062432898497, 2.534120042735288, 1.7476096298118335, 0.661441105652625, 0.47007354517548827, 0.7753714351669572, 0.6459553590195644, 0.5181273471812246, 0.42784935697701, 0.5084255633718084, 0.04670375414199806, 0.024073716416208344, 0.14524217323467056, 0.10150071351045976, 0.07627418327374841, 0.5372174181275713, 0.06740242520057241, 0.1278682039997238, 0.7338856071358925, 0.2581090729671696, 0.037316858791477614, 0.7592055057192972, 0.5823029169391912, 0.25682929225486084, 6.072655066322005, 2.357893100331678, 3.331367702653552, 4.390456419998, 3.8954071786894717, 1.6633613765882607, 4.381698403236832, 0.8378583363206855, 3.6197613029068645, 2.7196757955113875, 3.3444327552293602, 6.5860946524969775, 0.43839743786196866, 1.666534809021154, 0.6113001347950746, 0.7361579637235163, 0.9207556602352872, 1.7541017133217698, 3.597850928576137, 3.1494958324602704, 0.9805266874230191, 2.241194651935649, 0.7917245087646567, 4.078797901326075, 10.0, 0.8037013633479467]
APTIDAO: 
23.93260207315447
GEN: 9000
Individuo: 
[1.234185482057746, 2.325449701952507, 1.825062432898497, 2.534120042735288, 1.7476096298118335, 0.661441105652625, 0.47007354517548827, 0.7753714351669572, 0.6459553590195644, 0.5181273471812246, 0.42784935697701, 0.5084255633718084, 0.045607925033261866, 0.024073716416208344, 0.14524217323467056, 0.09552053459774967, 0.07627418327374841, 0.5372174181275713, 0.06740242520057241, 0.1278682039997238, 0.7338856071358925, 0.2581090729671696, 0.03544251161037789, 0.7592055057192972, 0.5823029169391912, 0.25682929225486084, 6.072655066322005, 2.357893100331678, 3.331367702653552, 4.390456419998, 3.8954071786894717, 1.6633613765882607, 4.381698403236832, 0.8378583363206855, 3.6197613029068645, 2.7196757955113875, 3.3444327552293602, 6.5860946524969775, 0.4673731606397068, 1.666534809021154, 0.6113001347950746, 0.5586697054599135, 0.9207556602352872, 1.7541017133217698, 3.597850928576137, 3.1494958324602704, 0.9805266874230191, 2.241194651935649, 0.6646433003835236, 4.078797901326075, 10.0, 0.8037013633479467]
APTIDAO: 
23.89934412064453
GEN: 9100
Individuo: 
[1.234185482057746, 2.325449701952507, 1.825062432898497, 2.534120042735288, 1.7476096298118335, 0.661441105652625, 0.47007354517548827, 0.7753714351669572, 0.6459553590195644, 0.5181273471812246, 0.4410702383360913, 0.5025008067453816, 0.045607925033261866, 0.02582942283263808, 0.14524217323467056, 0.09552053459774967, 0.07627418327374841, 0.5372174181275713, 0.06740242520057241, 0.1278682039997238, 0.7338856071358925, 0.2581090729671696, 0.046355472843081086, 0.8662695989147194, 0.5823029169391912, 0.25682929225486084, 6.072655066322005, 2.357893100331678, 3.331367702653552, 4.390456419998, 3.8954071786894717, 1.6633613765882607, 4.381698403236832, 0.8378583363206855, 3.6197613029068645, 2.7196757955113875, 3.281144823372097, 3.8273795734287677, 0.4673731606397068, 1.549751999059198, 0.6113001347950746, 0.5586697054599135, 0.9207556602352872, 1.7541017133217698, 3.597850928576137, 3.1494958324602704, 0.9805266874230191, 2.241194651935649, 0.7821843923332739, 4.573636981554364, 10.0, 0.8037013633479467]
APTIDAO: 
23.98493388245867
GEN: 9200
Individuo: 
[1.234185482057746, 2.325449701952507, 1.825062432898497, 2.534120042735288, 1.7485476979214278, 0.661441105652625, 0.47007354517548827, 0.7753714351669572, 0.6459553590195644, 0.5181273471812246, 0.4410702383360913, 0.5025008067453816, 0.045607925033261866, 0.019751028491318445, 0.14524217323467056, 0.09552053459774967, 0.07627418327374841, 0.5372174181275713, 0.06948012270809892, 0.1278682039997238, 0.7338856071358925, 0.2581090729671696, 0.04883218183332795, 0.8662695989147194, 0.5823029169391912, 0.25682929225486084, 6.072655066322005, 2.357893100331678, 3.331367702653552, 4.390456419998, 5.25617591874126, 1.6633613765882607, 4.381698403236832, 0.8378583363206855, 3.6197613029068645, 2.7196757955113875, 3.281144823372097, 3.8273795734287677, 0.4673731606397068, 1.5810780472437944, 0.6113001347950746, 0.5586697054599135, 0.9207556602352872, 1.7541017133217698, 4.695897899644187, 3.1494958324602704, 0.9805266874230191, 2.241194651935649, 1.2544601452966575, 4.573636981554364, 10.0, 0.8037013633479467]
APTIDAO: 
23.833521963916816
GEN: 9300
Individuo: 
[1.234185482057746, 2.3264862377477424, 1.825062432898497, 2.534120042735288, 1.7485476979214278, 0.661441105652625, 0.47007354517548827, 0.7753714351669572, 0.6459553590195644, 0.5181273471812246, 0.4410702383360913, 0.5025008067453816, 0.045607925033261866, 0.020037925151219743, 0.14524217323467056, 0.09930138876370201, 0.07627418327374841, 0.5372174181275713, 0.06948012270809892, 0.1278682039997238, 0.7338856071358925, 0.2581090729671696, 0.04883218183332795, 0.8662695989147194, 0.5823029169391912, 0.25682929225486084, 6.072655066322005, 2.46592334517579, 3.331367702653552, 4.390456419998, 5.25617591874126, 1.6633613765882607, 4.381698403236832, 0.8378583363206855, 3.6197613029068645, 2.7196757955113875, 3.281144823372097, 3.8273795734287677, 0.4673731606397068, 2.2944549175014233, 0.6113001347950746, 0.7612938150185405, 0.9207556602352872, 1.7541017133217698, 4.695897899644187, 3.1494958324602704, 0.9805266874230191, 2.241194651935649, 1.2544601452966575, 4.573636981554364, 10.0, 0.8037013633479467]
APTIDAO: 
23.844180124412063
GEN: 9400
Individuo: 
[1.234185482057746, 2.3264862377477424, 1.825062432898497, 2.5180760164653946, 1.7485476979214278, 0.661441105652625, 0.47007354517548827, 0.7753714351669572, 0.6459553590195644, 0.5181273471812246, 0.4410702383360913, 0.5025008067453816, 0.045607925033261866, 0.020037925151219743, 0.14524217323467056, 0.09681425761544954, 0.07627418327374841, 0.5372174181275713, 0.06948012270809892, 0.1278682039997238, 0.7338856071358925, 0.2581090729671696, 0.04883218183332795, 0.8662695989147194, 0.5823029169391912, 0.25682929225486084, 6.072655066322005, 2.46592334517579, 3.331367702653552, 6.702257187248196, 5.25617591874126, 1.6633613765882607, 4.381698403236832, 0.8378583363206855, 3.6197613029068645, 2.7196757955113875, 3.281144823372097, 3.8273795734287677, 0.4673731606397068, 2.2944549175014233, 0.6113001347950746, 0.7445120958368255, 0.9207556602352872, 1.7541017133217698, 4.695897899644187, 3.1494958324602704, 0.9805266874230191, 2.241194651935649, 1.2544601452966575, 4.573636981554364, 10.0, 0.8037013633479467]
APTIDAO: 
23.826302290432768
GEN: 9500
Individuo: 
[1.234185482057746, 2.3264862377477424, 1.825062432898497, 2.5180760164653946, 1.7485476979214278, 0.661441105652625, 0.47007354517548827, 0.7753714351669572, 0.6459553590195644, 0.5181273471812246, 0.4410702383360913, 0.5025008067453816, 0.045607925033261866, 0.020037925151219743, 0.14524217323467056, 0.09681425761544954, 0.07627418327374841, 0.5372174181275713, 0.06948012270809892, 0.1278682039997238, 0.7338856071358925, 0.2581090729671696, 0.04424592141607228, 0.8586939350656351, 0.5823029169391912, 0.25682929225486084, 6.072655066322005, 2.46592334517579, 3.331367702653552, 6.702257187248196, 5.25617591874126, 1.6633613765882607, 4.381698403236832, 0.8378583363206855, 3.6197613029068645, 2.7196757955113875, 3.281144823372097, 3.8273795734287677, 0.4673731606397068, 2.2944549175014233, 0.6113001347950746, 0.7445120958368255, 0.9207556602352872, 1.7541017133217698, 4.695897899644187, 3.1494958324602704, 0.9805266874230191, 2.241194651935649, 0.8936035218312449, 8.33328401369827, 10.0, 0.8037013633479467]
APTIDAO: 
23.815089192326415
GEN: 9600
Individuo: 
[1.234185482057746, 2.3264862377477424, 1.825062432898497, 2.5180760164653946, 1.7485476979214278, 0.661441105652625, 0.47007354517548827, 0.7753714351669572, 0.6459553590195644, 0.5181273471812246, 0.4410702383360913, 0.5025008067453816, 0.045607925033261866, 0.020037925151219743, 0.14524217323467056, 0.09681425761544954, 0.07627418327374841, 0.5372174181275713, 0.06948012270809892, 0.1278682039997238, 0.7338856071358925, 0.2581090729671696, 0.04883218183332795, 0.8576425727359307, 0.5823029169391912, 0.25682929225486084, 6.072655066322005, 2.46592334517579, 3.331367702653552, 6.702257187248196, 5.25617591874126, 1.6633613765882607, 4.381698403236832, 0.8378583363206855, 3.6197613029068645, 2.7196757955113875, 3.281144823372097, 3.8273795734287677, 0.4673731606397068, 2.2944549175014233, 0.6113001347950746, 0.7445120958368255, 0.9207556602352872, 1.7541017133217698, 4.695897899644187, 3.1494958324602704, 0.9805266874230191, 2.241194651935649, 1.2544601452966575, 5.084681865189497, 10.0, 0.8037013633479467]
APTIDAO: 
23.816379692567388
GEN: 9700
Individuo: 
[1.234185482057746, 2.3264862377477424, 1.8276554991422782, 2.5180760164653946, 1.7485476979214278, 0.661441105652625, 0.47007354517548827, 0.7753714351669572, 0.64603442497504, 0.5181273471812246, 0.4410702383360913, 0.5025008067453816, 0.044993686109789675, 0.020037925151219743, 0.14524217323467056, 0.09681425761544954, 0.07627418327374841, 0.5372174181275713, 0.06948012270809892, 0.1278682039997238, 0.7338856071358925, 0.2581090729671696, 0.04706905878012041, 0.8576425727359307, 0.5823029169391912, 0.25682929225486084, 6.072655066322005, 2.46592334517579, 1.8730768855812558, 6.702257187248196, 5.25617591874126, 1.6633613765882607, 4.381698403236832, 0.8378583363206855, 2.696192513389501, 2.7196757955113875, 3.281144823372097, 3.8273795734287677, 0.8197129364762449, 2.2944549175014233, 0.6113001347950746, 0.7445120958368255, 0.9207556602352872, 1.7541017133217698, 4.695897899644187, 3.1494958324602704, 0.9805266874230191, 2.241194651935649, 1.1708404120846099, 5.084681865189497, 10.0, 0.8037013633479467]
APTIDAO: 
23.809401470267854
GEN: 9800
Individuo: 
[1.234185482057746, 2.3264862377477424, 1.8276554991422782, 2.5180760164653946, 1.7485476979214278, 0.661441105652625, 0.47007354517548827, 0.7753714351669572, 0.64603442497504, 0.5181273471812246, 0.4410702383360913, 0.5025008067453816, 0.04267240277677042, 0.02016474243511478, 0.14524217323467056, 0.09681425761544954, 0.07627418327374841, 0.5372174181275713, 0.06948012270809892, 0.1278682039997238, 0.7338856071358925, 0.252666897478796, 0.04706905878012041, 0.870196392526177, 0.5816342115197658, 0.25682929225486084, 6.072655066322005, 2.46592334517579, 1.8730768855812558, 6.702257187248196, 5.25617591874126, 1.6633613765882607, 4.381698403236832, 0.8378583363206855, 2.696192513389501, 2.7196757955113875, 3.281144823372097, 3.8273795734287677, 0.4267629868601045, 2.1845819064572622, 0.6113001347950746, 0.7445120958368255, 0.9207556602352872, 1.7541017133217698, 4.695897899644187, 3.1494958324602704, 0.9805266874230191, 1.417691030374182, 1.1708404120846099, 6.897068185060389, 6.550915448031587, 0.8037013633479467]
APTIDAO: 
23.811187935131787
GEN: 9900
Individuo: 
[1.234185482057746, 2.3316759152166697, 1.8276554991422782, 2.4024925595573703, 1.7485476979214278, 0.661441105652625, 0.47007354517548827, 0.7753714351669572, 0.64603442497504, 0.5181273471812246, 0.4410702383360913, 0.5025008067453816, 0.04267240277677042, 0.022937003530026794, 0.14524217323467056, 0.09759800449089016, 0.07761456992828832, 0.5372174181275713, 0.06948012270809892, 0.1278682039997238, 0.7338856071358925, 0.252666897478796, 0.04706905878012041, 0.8625868024791238, 0.5816342115197658, 0.25682929225486084, 6.072655066322005, 3.4467592487405994, 1.8730768855812558, 10.0, 5.25617591874126, 1.6633613765882607, 4.381698403236832, 0.8378583363206855, 2.696192513389501, 2.7196757955113875, 3.281144823372097, 3.8273795734287677, 0.4267629868601045, 2.694839264835243, 0.6113001347950746, 0.6943696071207803, 1.0125417756187332, 1.7541017133217698, 4.695897899644187, 3.1494958324602704, 0.9805266874230191, 1.417691030374182, 1.1708404120846099, 6.433132814605107, 6.550915448031587, 0.8037013633479467]
APTIDAO: 
23.893193207772153
GEN: 10000
Individuo: 
[1.234185482057746, 2.3316759152166697, 1.8276554991422782, 2.168340651132089, 1.7485476979214278, 0.661441105652625, 0.47007354517548827, 0.7753714351669572, 0.64603442497504, 0.5181273471812246, 0.44672149398499145, 0.5025008067453816, 0.04267240277677042, 0.012602160308110177, 0.14524217323467056, 0.09759800449089016, 0.07761456992828832, 0.5372174181275713, 0.06948012270809892, 0.1278682039997238, 0.7338856071358925, 0.2581894627537622, 0.059365989697194754, 0.825294577709678, 0.5816342115197658, 0.25682929225486084, 6.072655066322005, 3.4467592487405994, 1.8730768855812558, 9.70836515661179, 5.25617591874126, 1.6633613765882607, 4.381698403236832, 0.8378583363206855, 2.696192513389501, 2.7196757955113875, 1.4490803198585087, 3.8273795734287677, 0.4267629868601045, 1.8212641761578225, 0.6113001347950746, 0.6943696071207803, 1.0125417756187332, 1.7541017133217698, 4.695897899644187, 3.1494958324602704, 0.9805266874230191, 0.899484803978052, 0.8521437301871102, 6.180867983408593, 6.550915448031587, 0.8037013633479467]
APTIDAO: 
24.416678669080852

--- RESULTADO FINAL ---
Erro (norma-1): 24.416678669080852
Parâmetros: [1.234185482057746, 2.3316759152166697, 1.8276554991422782, 2.168340651132089, 1.7485476979214278, 0.661441105652625, 0.47007354517548827, 0.7753714351669572, 0.64603442497504, 0.5181273471812246, 0.44672149398499145, 0.5025008067453816, 0.04267240277677042, 0.012602160308110177, 0.14524217323467056, 0.09759800449089016, 0.07761456992828832, 0.5372174181275713, 0.06948012270809892, 0.1278682039997238, 0.7338856071358925, 0.2581894627537622, 0.059365989697194754, 0.825294577709678, 0.5816342115197658, 0.25682929225486084]
Tempo total: 04h 44m 52s
