SEED: 1778578247
BOUNDS: tau=[0.1, 5.0]  v2=[0.01, 1.5]  J=[0.001, 0.99]
GEN: 0
Individuo: 
[0.7621608913171684, 2.5205994364989923, 3.655525742233937, 0.33110708495722535, 0.7083485485526642, 0.5464250614876045, 0.36175996301707103, 1.1844670081319488, 0.6795280280068908, 1.0142271227634596, 0.34230650237204696, 0.2073999552614692, 0.13383109119878792, 0.8720927402271046, 0.05285942988455363, 0.3958120199978059, 0.4582430986053832, 0.5468837011806511, 0.10092708861134585, 0.7888593447879909, 0.8760897883461624, 0.18054485811997323, 0.43403311630772584, 0.008972153124612914, 0.7682984514908556, 0.35354908423769416, 9.65351487589241, 8.9634009861922, 3.6905781792750587, 7.378627279704081, 0.6580894142651091, 0.5072495278820548, 0.7249079652997407, 9.881790601453378, 6.835113985747816, 7.125694235757987, 8.606326781364963, 9.94008667287875, 5.843407839547244, 3.8639895433761646, 4.427350953454159, 6.565752498027251, 3.7331068945870993, 8.05709466017387, 7.665250584919781, 4.153544946801315, 8.154667794199106, 0.1700592635932038, 7.889541805491152, 6.023632322300537, 0.6440572004301114, 9.759594333380837]
APTIDAO: 
104.73521492042997
GEN: 100
Individuo: 
[1.6083900766187138, 2.5205994364989923, 3.655525742233937, 0.33110708495722535, 0.8174005010894537, 0.7393330464656102, 0.3887997381918947, 1.1844670081319488, 0.6795280280068908, 0.48492091880333477, 0.34230650237204696, 0.28574638941380864, 0.010667396885259414, 0.35587457499030073, 0.11360184979427491, 0.28267364859337984, 0.36832870768216924, 0.6498336131081374, 0.10092708861134585, 0.7888593447879909, 0.12396823024719565, 0.18054485811997323, 0.4904159259413352, 0.01060605051839602, 0.4287752735721285, 0.022955632516522922, 7.996935096665511, 8.9634009861922, 3.6905781792750587, 7.378627279704081, 0.8840408448867859, 0.6380946003987463, 0.7941337360654324, 9.881790601453378, 6.835113985747816, 5.136609099797246, 8.606326781364963, 10.0, 1.620555937660192, 2.745481859611897, 4.420081491253867, 6.192230973825467, 2.5063317182248523, 7.642303887716353, 7.665250584919781, 4.153544946801315, 8.015624487916869, 0.1700592635932038, 8.518211608901046, 5.921647031284713, 1.5483050432758143, 7.749676260019029]
APTIDAO: 
55.640035450054086
GEN: 200
Individuo: 
[1.6083900766187138, 2.5205994364989923, 3.094696502488676, 0.26439618842981505, 0.8174005010894537, 0.8672103272420848, 0.3887997381918947, 0.5268125987173511, 0.6795280280068908, 0.9930066348240822, 0.3300050129733618, 0.2907518060772397, 0.0475915992144332, 0.35806035937946556, 0.0755203596456363, 0.017039721790118117, 0.4678113161965166, 0.5882735986914918, 0.10092708861134585, 0.7888593447879909, 0.12396823024719565, 0.18054485811997323, 0.43403311630772584, 0.11338009350136648, 0.4287752735721285, 0.04724903213435259, 7.996935096665511, 8.9634009861922, 4.842342623789542, 3.949837077218347, 0.8840408448867859, 1.0039098605619714, 0.7941337360654324, 8.99205083197024, 6.835113985747816, 3.4011523574605516, 7.016832934745472, 10.0, 3.276894409912113, 3.939291962403487, 9.291843334998122, 10.0, 7.1249915172659835, 5.225079141201209, 7.665250584919781, 4.153544946801315, 8.015624487916869, 0.1700592635932038, 7.889541805491152, 5.537408039611185, 1.5483050432758143, 10.0]
APTIDAO: 
40.78422459749941
GEN: 300
Individuo: 
[1.6083900766187138, 2.5159422848405044, 3.094696502488676, 0.29733077695334553, 0.8506680719748855, 0.8672103272420848, 0.43193799036177605, 0.5268125987173511, 0.6795280280068908, 0.9930066348240822, 0.347467042020698, 0.2907518060772397, 0.004096363346102406, 0.265593179128153, 0.0755203596456363, 0.01906524452092253, 0.3127694343054368, 0.5550496868698465, 0.08906371197136521, 0.325443844009379, 0.12396823024719565, 0.18054485811997323, 0.41174581385251285, 0.3895542192511986, 0.3911119530059067, 0.04724903213435259, 7.996935096665511, 10.0, 4.842342623789542, 2.301104692589908, 0.7550871526654774, 1.0039098605619714, 0.9787228711507929, 8.99205083197024, 6.835113985747816, 3.4011523574605516, 4.379924825466986, 10.0, 0.9063120186601912, 2.3770797207483296, 9.291843334998122, 7.283982145858385, 10.0, 6.9935429043633155, 3.4816105371418717, 4.01142696547363, 8.015624487916869, 0.1700592635932038, 10.0, 2.236980487038586, 1.4006598521311417, 10.0]
APTIDAO: 
32.305069175570175
GEN: 400
Individuo: 
[1.6083900766187138, 2.5159422848405044, 3.094696502488676, 0.46757957010389045, 0.8506680719748855, 0.8672103272420848, 0.43193799036177605, 0.6200826814585495, 0.7018749571465835, 0.9930066348240822, 0.347467042020698, 0.2907518060772397, 0.0031785295621227726, 0.25939793538559003, 0.0755203596456363, 0.01906524452092253, 0.2554615051245449, 0.6102740406292884, 0.07636643682565314, 0.3294626051733025, 0.12396823024719565, 0.18054485811997323, 0.508151304525801, 0.3895542192511986, 0.3911119530059067, 0.04724903213435259, 7.996935096665511, 10.0, 4.842342623789542, 3.33698046421452, 0.7550871526654774, 1.0039098605619714, 0.9787228711507929, 6.996240604274366, 3.64512132769954, 3.4011523574605516, 4.379924825466986, 10.0, 1.2427806216203723, 2.556210547721876, 9.291843334998122, 7.283982145858385, 9.947389974922089, 7.363968274075353, 1.8316741426644232, 3.8522224647076153, 8.015624487916869, 0.1700592635932038, 6.987188122518103, 2.236980487038586, 1.4006598521311417, 10.0]
APTIDAO: 
30.473699776054165
GEN: 500
Individuo: 
[1.6083900766187138, 2.5159422848405044, 3.094696502488676, 0.4800596175806629, 0.8506680719748855, 0.8672103272420848, 0.43193799036177605, 0.6200826814585495, 0.7018749571465835, 0.9930066348240822, 0.3268289216289246, 0.2907518060772397, 0.006235371158557215, 0.25939793538559003, 0.0755203596456363, 0.01906524452092253, 0.25152079737946226, 0.6102740406292884, 0.08093452843569442, 0.3294626051733025, 0.12132627768488066, 0.18054485811997323, 0.508151304525801, 0.3895542192511986, 0.39419307742446036, 0.04724903213435259, 7.996935096665511, 10.0, 4.842342623789542, 3.3794472932201063, 0.7550871526654774, 1.0039098605619714, 0.9787228711507929, 6.996240604274366, 3.64512132769954, 3.4011523574605516, 3.2954747047215145, 10.0, 1.2658178905393362, 2.556210547721876, 9.291843334998122, 7.283982145858385, 10.0, 7.363968274075353, 1.7778825311682689, 3.8522224647076153, 10.0, 0.1700592635932038, 6.987188122518103, 2.236980487038586, 1.9062319348410623, 10.0]
APTIDAO: 
30.201759436198788
GEN: 600
Individuo: 
[1.6083900766187138, 2.5159422848405044, 3.094696502488676, 0.4800596175806629, 0.8506680719748855, 0.8672103272420848, 0.43193799036177605, 0.6200826814585495, 0.7018749571465835, 0.9930066348240822, 0.3268289216289246, 0.2907518060772397, 0.0064342579402856355, 0.25939793538559003, 0.0755203596456363, 0.01906524452092253, 0.25152079737946226, 0.6102740406292884, 0.08093452843569442, 0.32018789826445015, 0.12132627768488066, 0.18054485811997323, 0.508151304525801, 0.3895542192511986, 0.39419307742446036, 0.04724903213435259, 7.996935096665511, 10.0, 4.842342623789542, 3.3794472932201063, 0.7550871526654774, 1.0039098605619714, 0.9787228711507929, 6.996240604274366, 3.64512132769954, 3.4011523574605516, 3.2954747047215145, 10.0, 0.6702821726397982, 2.556210547721876, 9.291843334998122, 7.283982145858385, 10.0, 7.363968274075353, 1.7778825311682689, 3.6042873216186115, 10.0, 0.1700592635932038, 6.987188122518103, 2.236980487038586, 1.9062319348410623, 10.0]
APTIDAO: 
30.182584605136626
GEN: 700
Individuo: 
[1.6083900766187138, 2.5159422848405044, 3.094696502488676, 0.4800596175806629, 0.8506680719748855, 0.8672103272420848, 0.43193799036177605, 0.6200826814585495, 0.7163656697029859, 0.9930066348240822, 0.3268289216289246, 0.2907518060772397, 0.003213210618381065, 0.24613479030089674, 0.0755203596456363, 0.01906524452092253, 0.25152079737946226, 0.6501868802690516, 0.09546108412343957, 0.32018789826445015, 0.12132627768488066, 0.18054485811997323, 0.508151304525801, 0.3895542192511986, 0.39419307742446036, 0.04724903213435259, 7.996935096665511, 10.0, 4.842342623789542, 3.3794472932201063, 0.7550871526654774, 1.0039098605619714, 0.9787228711507929, 6.996240604274366, 3.239886285858951, 3.4011523574605516, 3.2954747047215145, 10.0, 0.6269889069452802, 3.200918627253036, 9.291843334998122, 7.283982145858385, 10.0, 5.2964657303930185, 1.480837949535644, 3.6042873216186115, 10.0, 0.1700592635932038, 6.987188122518103, 2.236980487038586, 1.9062319348410623, 10.0]
APTIDAO: 
29.864514153954556
GEN: 800
Individuo: 
[1.6311900749125452, 2.5159422848405044, 3.094696502488676, 0.4792639081756678, 0.8506680719748855, 0.8672103272420848, 0.43193799036177605, 0.6200826814585495, 0.7163656697029859, 0.9930066348240822, 0.3268289216289246, 0.2907518060772397, 0.003219996765635599, 0.2340477913529626, 0.0755203596456363, 0.01906524452092253, 0.25152079737946226, 0.6501868802690516, 0.08132377381881613, 0.31547824413354614, 0.12132627768488066, 0.18054485811997323, 0.508151304525801, 0.3895542192511986, 0.39419307742446036, 0.04724903213435259, 8.12717866006363, 10.0, 4.842342623789542, 5.076528294515422, 0.7550871526654774, 1.0039098605619714, 0.9787228711507929, 6.996240604274366, 3.239886285858951, 3.4011523574605516, 3.2954747047215145, 10.0, 0.9126662867663986, 4.052890147739289, 9.291843334998122, 7.283982145858385, 10.0, 5.2964657303930185, 1.5778883098772511, 4.014599425011823, 10.0, 0.1700592635932038, 6.987188122518103, 2.236980487038586, 1.9062319348410623, 10.0]
APTIDAO: 
29.70445939311922
GEN: 900
Individuo: 
[1.6311900749125452, 2.5159422848405044, 3.094696502488676, 0.4792639081756678, 0.8506680719748855, 0.8672103272420848, 0.43193799036177605, 0.6200826814585495, 0.7163656697029859, 0.9930066348240822, 0.3268289216289246, 0.2907518060772397, 0.003219996765635599, 0.2340477913529626, 0.0755203596456363, 0.01906524452092253, 0.25152079737946226, 0.6368369270921115, 0.08132377381881613, 0.31547824413354614, 0.12132627768488066, 0.18054485811997323, 0.508151304525801, 0.40190540329698804, 0.39419307742446036, 0.04724903213435259, 8.12717866006363, 10.0, 4.842342623789542, 5.076528294515422, 0.7550871526654774, 1.0039098605619714, 0.9787228711507929, 6.996240604274366, 3.239886285858951, 3.4011523574605516, 3.2954747047215145, 10.0, 0.9126662867663986, 4.052890147739289, 9.291843334998122, 7.283982145858385, 10.0, 5.932869495310009, 1.5778883098772511, 4.014599425011823, 10.0, 0.1700592635932038, 6.987188122518103, 1.4873138279060778, 1.9062319348410623, 10.0]
APTIDAO: 
29.625339370706385
GEN: 1000
Individuo: 
[1.6021355024474924, 2.5159422848405044, 3.094696502488676, 0.5654172600304248, 0.8506680719748855, 0.8672103272420848, 0.43193799036177605, 0.6200826814585495, 0.7163656697029859, 0.9946110545821327, 0.3268289216289246, 0.2907518060772397, 0.0021464749938499552, 0.2340477913529626, 0.0755203596456363, 0.01906524452092253, 0.13692000015131522, 0.6368369270921115, 0.08132377381881613, 0.1967982616849117, 0.12132627768488066, 0.18054485811997323, 0.508151304525801, 0.40190540329698804, 0.39419307742446036, 0.04724903213435259, 6.157959072818744, 10.0, 4.842342623789542, 7.039226999592615, 0.7550871526654774, 1.0039098605619714, 0.9787228711507929, 6.996240604274366, 3.239886285858951, 4.208447953728493, 3.2954747047215145, 10.0, 1.8273040159390201, 4.052890147739289, 9.291843334998122, 7.283982145858385, 6.303375924228526, 5.932869495310009, 1.5778883098772511, 6.236262076357802, 10.0, 0.1700592635932038, 6.987188122518103, 1.4873138279060778, 1.9062319348410623, 10.0]
APTIDAO: 
29.360787634760946
GEN: 1100
Individuo: 
[1.6021355024474924, 2.5159422848405044, 2.8209100110362675, 0.5654172600304248, 0.8881182986046223, 0.8672103272420848, 0.43193799036177605, 0.6200826814585495, 0.7261630511628077, 0.9930066348240822, 0.3268289216289246, 0.2907518060772397, 0.0061609364983696326, 0.2340477913529626, 0.0755203596456363, 0.027274395964558537, 0.15272488437627005, 0.657819927086318, 0.08132377381881613, 0.19929748774989328, 0.12132627768488066, 0.18054485811997323, 0.508151304525801, 0.45995797682264, 0.39419307742446036, 0.04724903213435259, 6.157959072818744, 10.0, 4.443887895704483, 7.039226999592615, 0.6310537127077078, 1.0039098605619714, 0.9787228711507929, 6.996240604274366, 3.678864723127943, 3.4011523574605516, 3.2954747047215145, 10.0, 0.9688936691340391, 4.052890147739289, 9.291843334998122, 7.817597636554049, 6.361747299410104, 4.296896843369452, 1.5778883098772511, 5.883416031788578, 10.0, 0.1700592635932038, 6.987188122518103, 1.2277584927784584, 1.9062319348410623, 10.0]
APTIDAO: 
29.101049196815307
GEN: 1200
Individuo: 
[1.6021355024474924, 2.5159422848405044, 2.8209100110362675, 0.5654172600304248, 0.8881182986046223, 0.8672103272420848, 0.43193799036177605, 0.6200826814585495, 0.7261630511628077, 0.9930066348240822, 0.3314782049450081, 0.2907518060772397, 0.003466933894818917, 0.2340477913529626, 0.0755203596456363, 0.019166680547597046, 0.15272488437627005, 0.657819927086318, 0.084537545404477, 0.20977473481215278, 0.12132627768488066, 0.18054485811997323, 0.508151304525801, 0.45995797682264, 0.39419307742446036, 0.04724903213435259, 6.157959072818744, 10.0, 4.443887895704483, 7.039226999592615, 0.6310537127077078, 1.0039098605619714, 0.9787228711507929, 6.996240604274366, 3.678864723127943, 3.4011523574605516, 2.905224997476701, 10.0, 1.1102177454596256, 4.052890147739289, 9.291843334998122, 2.6713214872594278, 6.361747299410104, 4.296896843369452, 1.5940064486414296, 6.876652965510306, 10.0, 0.1700592635932038, 6.987188122518103, 1.2277584927784584, 1.9062319348410623, 10.0]
APTIDAO: 
28.803539882698114
GEN: 1300
Individuo: 
[1.6021355024474924, 2.5159422848405044, 2.8209100110362675, 0.5654172600304248, 0.8881182986046223, 0.8672103272420848, 0.43193799036177605, 0.7054283732497392, 0.7261630511628077, 0.9930066348240822, 0.3314782049450081, 0.2907518060772397, 0.005949577832704549, 0.23691513482897572, 0.0755203596456363, 0.019166680547597046, 0.15272488437627005, 0.7849201852216303, 0.08315626156039416, 0.20977473481215278, 0.12132627768488066, 0.18054485811997323, 0.508151304525801, 0.5155939530865958, 0.39419307742446036, 0.04724903213435259, 6.157959072818744, 10.0, 4.443887895704483, 7.039226999592615, 0.6310537127077078, 1.0039098605619714, 0.9787228711507929, 6.6953435303600575, 3.678864723127943, 3.4011523574605516, 2.905224997476701, 10.0, 0.7107432178259351, 5.723560463940562, 9.291843334998122, 2.6713214872594278, 6.361747299410104, 3.600634757871447, 2.003501058819096, 6.876652965510306, 10.0, 0.1700592635932038, 6.987188122518103, 1.1936939459905362, 1.9062319348410623, 10.0]
APTIDAO: 
28.545046892061254
GEN: 1400
Individuo: 
[1.6021355024474924, 2.5159422848405044, 2.8209100110362675, 0.5654172600304248, 0.8881182986046223, 0.8672103272420848, 0.43193799036177605, 0.7054283732497392, 0.7261630511628077, 0.9930066348240822, 0.3314782049450081, 0.2907518060772397, 0.008166050788460218, 0.25737645296167716, 0.0755203596456363, 0.01121893692935164, 0.15073014802572088, 0.7849201852216303, 0.08315626156039416, 0.20977473481215278, 0.12132627768488066, 0.18054485811997323, 0.508151304525801, 0.5734158906940575, 0.4267232411460325, 0.04724903213435259, 6.157959072818744, 10.0, 4.443887895704483, 7.039226999592615, 0.6310537127077078, 1.0039098605619714, 0.9787228711507929, 6.6953435303600575, 3.678864723127943, 3.4011523574605516, 2.905224997476701, 10.0, 0.9594992883444596, 5.856850294397973, 9.291843334998122, 3.8628139464509568, 5.519072762489816, 3.600634757871447, 2.003501058819096, 6.876652965510306, 10.0, 0.1700592635932038, 6.987188122518103, 2.4969317293983235, 1.0439729273004401, 10.0]
APTIDAO: 
28.616929734269032
GEN: 1500
Individuo: 
[1.6021355024474924, 2.5159422848405044, 2.8209100110362675, 0.5654172600304248, 0.8881182986046223, 0.8672103272420848, 0.43193799036177605, 0.7054283732497392, 0.7261630511628077, 0.9930066348240822, 0.3314782049450081, 0.2907518060772397, 0.007600329192563494, 0.25737645296167716, 0.0755203596456363, 0.01121893692935164, 0.15073014802572088, 0.7849201852216303, 0.08315626156039416, 0.20977473481215278, 0.12132627768488066, 0.18054485811997323, 0.508151304525801, 0.5734158906940575, 0.4267232411460325, 0.04724903213435259, 6.157959072818744, 10.0, 4.443887895704483, 7.039226999592615, 0.6310537127077078, 1.0039098605619714, 0.9787228711507929, 6.6953435303600575, 3.678864723127943, 3.4011523574605516, 2.905224997476701, 10.0, 0.9979996844690273, 5.856850294397973, 9.291843334998122, 3.8628139464509568, 5.519072762489816, 3.600634757871447, 2.003501058819096, 6.876652965510306, 10.0, 0.1700592635932038, 6.987188122518103, 2.4969317293983235, 1.0439729273004401, 10.0]
APTIDAO: 
28.616306774019968
GEN: 1600
Individuo: 
[1.6021355024474924, 2.5159422848405044, 2.8209100110362675, 0.5654172600304248, 0.8881182986046223, 0.8672103272420848, 0.43193799036177605, 0.7054283732497392, 0.7261630511628077, 0.9930066348240822, 0.3314782049450081, 0.2907518060772397, 0.007647914994624361, 0.25737645296167716, 0.0755203596456363, 0.011928177595423549, 0.15073014802572088, 0.7849201852216303, 0.08315626156039416, 0.20977473481215278, 0.12132627768488066, 0.18054485811997323, 0.508151304525801, 0.5734158906940575, 0.4267232411460325, 0.04724903213435259, 6.157959072818744, 10.0, 4.443887895704483, 7.039226999592615, 0.6310537127077078, 1.0039098605619714, 0.9787228711507929, 6.6953435303600575, 3.678864723127943, 3.4011523574605516, 2.905224997476701, 10.0, 1.0143917926754227, 5.856850294397973, 9.291843334998122, 2.9135925446002453, 5.519072762489816, 3.600634757871447, 2.003501058819096, 6.876652965510306, 10.0, 0.1700592635932038, 6.987188122518103, 2.4969317293983235, 1.0439729273004401, 10.0]
APTIDAO: 
28.606098342639676
GEN: 1700
Individuo: 
[1.6021355024474924, 2.5159422848405044, 2.8209100110362675, 0.5654172600304248, 0.8881182986046223, 0.8672103272420848, 0.43193799036177605, 0.7054283732497392, 0.7261630511628077, 0.9930066348240822, 0.3314782049450081, 0.2907518060772397, 0.008066318844049247, 0.25737645296167716, 0.0755203596456363, 0.011928177595423549, 0.15073014802572088, 0.7849201852216303, 0.08315626156039416, 0.20977473481215278, 0.12132627768488066, 0.18054485811997323, 0.508151304525801, 0.5734158906940575, 0.4267232411460325, 0.04724903213435259, 6.157959072818744, 10.0, 4.443887895704483, 7.039226999592615, 0.6310537127077078, 1.0039098605619714, 0.9787228711507929, 6.6953435303600575, 3.678864723127943, 3.4011523574605516, 2.905224997476701, 10.0, 0.9380501430332459, 5.856850294397973, 9.291843334998122, 2.9135925446002453, 5.519072762489816, 3.600634757871447, 2.003501058819096, 6.876652965510306, 10.0, 0.1700592635932038, 6.987188122518103, 2.4969317293983235, 1.0439729273004401, 10.0]
APTIDAO: 
28.60532166270355
GEN: 1800
Individuo: 
[1.6021355024474924, 2.5159422848405044, 2.8209100110362675, 0.6170659724235756, 0.8881182986046223, 0.8672103272420848, 0.43193799036177605, 0.7054283732497392, 0.7261630511628077, 0.9930066348240822, 0.3314782049450081, 0.2907518060772397, 0.002342230106034617, 0.2267291063339341, 0.0755203596456363, 0.00845250264637349, 0.15073014802572088, 0.7849201852216303, 0.08315626156039416, 0.20977473481215278, 0.12132627768488066, 0.18054485811997323, 0.508151304525801, 0.5734158906940575, 0.4267232411460325, 0.04724903213435259, 6.157959072818744, 10.0, 4.443887895704483, 10.0, 0.6310537127077078, 1.0039098605619714, 0.9787228711507929, 6.6953435303600575, 3.678864723127943, 3.4011523574605516, 2.905224997476701, 10.0, 0.7719755267493966, 2.7826492270576466, 9.291843334998122, 1.4179989123372092, 5.519072762489816, 3.600634757871447, 2.003501058819096, 6.876652965510306, 10.0, 0.1700592635932038, 6.987188122518103, 2.4969317293983235, 1.0439729273004401, 10.0]
APTIDAO: 
28.22205680415971
GEN: 1900
Individuo: 
[1.6021355024474924, 2.5159422848405044, 2.8209100110362675, 0.6170659724235756, 0.8881182986046223, 0.8672103272420848, 0.43193799036177605, 0.7054283732497392, 0.7261630511628077, 0.9930066348240822, 0.3314782049450081, 0.2907518060772397, 0.002949622864335127, 0.2267291063339341, 0.0755203596456363, 0.0110027513022372, 0.15073014802572088, 0.7849201852216303, 0.08315626156039416, 0.20977473481215278, 0.12132627768488066, 0.18054485811997323, 0.508151304525801, 0.5734158906940575, 0.4267232411460325, 0.04724903213435259, 6.157959072818744, 10.0, 4.443887895704483, 10.0, 0.6310537127077078, 1.0039098605619714, 0.9787228711507929, 6.6953435303600575, 3.678864723127943, 3.4011523574605516, 2.905224997476701, 10.0, 0.9181061728769068, 2.7826492270576466, 9.291843334998122, 2.2479677523300006, 5.519072762489816, 3.600634757871447, 2.003501058819096, 6.876652965510306, 10.0, 0.1700592635932038, 6.987188122518103, 2.4969317293983235, 1.0439729273004401, 10.0]
APTIDAO: 
28.13155133120951
GEN: 2000
Individuo: 
[1.6021355024474924, 2.5159422848405044, 2.8209100110362675, 0.6170659724235756, 0.8881182986046223, 0.8672103272420848, 0.43193799036177605, 0.7054283732497392, 0.7261630511628077, 0.9930066348240822, 0.3314782049450081, 0.2907518060772397, 0.0031573449283527183, 0.2267291063339341, 0.0755203596456363, 0.008839752819379203, 0.15073014802572088, 0.7849201852216303, 0.08315626156039416, 0.20977473481215278, 0.12132627768488066, 0.18054485811997323, 0.508151304525801, 0.5865543521676622, 0.4267232411460325, 0.04724903213435259, 6.157959072818744, 10.0, 4.443887895704483, 10.0, 0.6310537127077078, 1.0039098605619714, 0.9787228711507929, 6.6953435303600575, 3.678864723127943, 3.4011523574605516, 2.905224997476701, 10.0, 1.174187147241506, 2.7826492270576466, 9.291843334998122, 2.0176797446970838, 5.519072762489816, 3.600634757871447, 2.003501058819096, 6.876652965510306, 10.0, 0.1700592635932038, 6.987188122518103, 2.1784420116675167, 1.0439729273004401, 10.0]
APTIDAO: 
28.160411284012028
GEN: 2100
Individuo: 
[1.6021355024474924, 2.5159422848405044, 2.8209100110362675, 0.6170659724235756, 0.8881182986046223, 0.8672103272420848, 0.43193799036177605, 0.7054283732497392, 0.7261630511628077, 0.9930066348240822, 0.3314782049450081, 0.2907518060772397, 0.00321293469273703, 0.2217420221476651, 0.0755203596456363, 0.008839752819379203, 0.15073014802572088, 0.7953266447979382, 0.07886540918926567, 0.20977473481215278, 0.12132627768488066, 0.18054485811997323, 0.508151304525801, 0.5865543521676622, 0.4267232411460325, 0.04724903213435259, 6.157959072818744, 10.0, 4.443887895704483, 10.0, 0.6310537127077078, 1.0039098605619714, 0.9787228711507929, 6.6953435303600575, 3.678864723127943, 3.4011523574605516, 2.905224997476701, 10.0, 1.2514368471513977, 2.086802034553718, 9.291843334998122, 2.0176797446970838, 5.519072762489816, 4.855047683906842, 2.4969103838904028, 6.876652965510306, 10.0, 0.1700592635932038, 6.987188122518103, 2.1784420116675167, 1.0439729273004401, 10.0]
APTIDAO: 
28.093190670025596
GEN: 2200
Individuo: 
[1.6021355024474924, 2.5159422848405044, 2.8209100110362675, 0.6170659724235756, 0.8881182986046223, 0.8672103272420848, 0.43193799036177605, 0.7054283732497392, 0.7261630511628077, 0.9930066348240822, 0.3314782049450081, 0.2907518060772397, 0.0029717636808161267, 0.2217420221476651, 0.0755203596456363, 0.0094468306031115, 0.15424426158010585, 0.7953266447979382, 0.07886540918926567, 0.20977473481215278, 0.12132627768488066, 0.18054485811997323, 0.508151304525801, 0.5865543521676622, 0.4267232411460325, 0.04724903213435259, 6.157959072818744, 10.0, 4.443887895704483, 10.0, 0.6310537127077078, 1.0039098605619714, 0.9787228711507929, 6.6953435303600575, 3.678864723127943, 3.4011523574605516, 2.905224997476701, 10.0, 1.190677946883544, 2.086802034553718, 9.291843334998122, 2.795122087491319, 4.478664727938759, 4.855047683906842, 2.4969103838904028, 6.876652965510306, 10.0, 0.1700592635932038, 6.987188122518103, 2.1784420116675167, 1.0439729273004401, 10.0]
APTIDAO: 
28.066112995404275
GEN: 2300
Individuo: 
[1.6021355024474924, 2.5159422848405044, 2.8209100110362675, 0.6170659724235756, 0.8881182986046223, 0.8672103272420848, 0.43193799036177605, 0.7054283732497392, 0.7261630511628077, 0.9930066348240822, 0.3314782049450081, 0.3089801411442509, 0.004089352548006053, 0.2217420221476651, 0.0755203596456363, 0.0094468306031115, 0.1670795613151358, 0.7361627108339789, 0.09266422854467428, 0.2936588698289333, 0.12132627768488066, 0.18054485811997323, 0.2668565911977691, 0.8609780171986965, 0.5615419399518305, 0.04724903213435259, 6.157959072818744, 10.0, 4.443887895704483, 10.0, 0.6310537127077078, 1.0039098605619714, 0.9787228711507929, 6.6953435303600575, 3.678864723127943, 3.4011523574605516, 2.905224997476701, 10.0, 2.8482399635562117, 2.086802034553718, 9.291843334998122, 2.795122087491319, 1.9811633181515145, 4.893037916468661, 3.6239205933501686, 3.602046909705145, 10.0, 0.1700592635932038, 6.2907289013391345, 2.1183822528422085, 0.7014648887438764, 10.0]
APTIDAO: 
27.64275282558916
GEN: 2400
Individuo: 
[1.6021355024474924, 2.5159422848405044, 2.8209100110362675, 0.6170659724235756, 0.8881182986046223, 0.8672103272420848, 0.43193799036177605, 0.7230719016090348, 0.7261630511628077, 0.9930066348240822, 0.3314782049450081, 0.3089801411442509, 0.004089352548006053, 0.2217420221476651, 0.0755203596456363, 0.009005728283395827, 0.15673911252667355, 0.7361627108339789, 0.09266422854467428, 0.29287177235510237, 0.12132627768488066, 0.18054485811997323, 0.2668565911977691, 0.898786136977517, 0.5615419399518305, 0.04724903213435259, 6.157959072818744, 10.0, 4.443887895704483, 10.0, 0.6310537127077078, 1.0039098605619714, 0.9787228711507929, 4.961450146129692, 3.678864723127943, 3.4011523574605516, 2.905224997476701, 10.0, 2.8482399635562117, 2.086802034553718, 9.291843334998122, 1.734669628063046, 1.5801166883582694, 4.893037916468661, 3.6239205933501686, 4.6483082148679244, 10.0, 0.1700592635932038, 6.2907289013391345, 2.1845916934017655, 0.7014648887438764, 10.0]
APTIDAO: 
27.572016535673093
GEN: 2500
Individuo: 
[1.6021355024474924, 2.5159422848405044, 2.8209100110362675, 0.6170659724235756, 0.8881182986046223, 0.8672103272420848, 0.43193799036177605, 0.7230719016090348, 0.7261630511628077, 0.9930066348240822, 0.3314782049450081, 0.3089801411442509, 0.004089352548006053, 0.2217420221476651, 0.0755203596456363, 0.009005728283395827, 0.15673911252667355, 0.7361627108339789, 0.09266422854467428, 0.29287177235510237, 0.12132627768488066, 0.18054485811997323, 0.2668565911977691, 0.896892826328454, 0.5615419399518305, 0.04724903213435259, 6.157959072818744, 10.0, 4.443887895704483, 10.0, 0.6310537127077078, 1.0039098605619714, 0.9787228711507929, 4.961450146129692, 3.678864723127943, 3.4011523574605516, 2.905224997476701, 10.0, 2.8482399635562117, 2.086802034553718, 9.291843334998122, 1.734669628063046, 1.5801166883582694, 4.893037916468661, 3.6239205933501686, 4.6483082148679244, 10.0, 0.1700592635932038, 6.2907289013391345, 1.7795381054204376, 0.7014648887438764, 10.0]
APTIDAO: 
27.571450861508517
GEN: 2600
Individuo: 
[1.6021355024474924, 2.5159422848405044, 2.8209100110362675, 0.6170659724235756, 0.8881182986046223, 0.8672103272420848, 0.43193799036177605, 0.7230719016090348, 0.7261630511628077, 0.9930066348240822, 0.3314782049450081, 0.3089801411442509, 0.004089352548006053, 0.2217420221476651, 0.0755203596456363, 0.011221942757073692, 0.15673911252667355, 0.7361627108339789, 0.09266422854467428, 0.29287177235510237, 0.12132627768488066, 0.18054485811997323, 0.2668565911977691, 0.896892826328454, 0.5615419399518305, 0.04724903213435259, 6.157959072818744, 10.0, 4.443887895704483, 10.0, 0.6310537127077078, 1.0039098605619714, 0.9787228711507929, 4.961450146129692, 3.678864723127943, 3.4011523574605516, 2.905224997476701, 10.0, 2.8482399635562117, 2.086802034553718, 9.291843334998122, 1.3980001078993234, 1.5801166883582694, 4.893037916468661, 3.6239205933501686, 4.6483082148679244, 10.0, 0.1700592635932038, 6.2907289013391345, 1.7795381054204376, 0.7014648887438764, 10.0]
APTIDAO: 
27.55849427006824
GEN: 2700
Individuo: 
[1.6021355024474924, 2.5159422848405044, 2.8209100110362675, 0.6170659724235756, 0.8881182986046223, 0.8672103272420848, 0.43193799036177605, 0.7230719016090348, 0.7381410767222172, 0.9930066348240822, 0.3314782049450081, 0.3089801411442509, 0.004089352548006053, 0.2217420221476651, 0.0755203596456363, 0.015249517676750866, 0.15673911252667355, 0.7361627108339789, 0.09266422854467428, 0.2868450028776101, 0.12132627768488066, 0.18054485811997323, 0.2668565911977691, 0.8896093326441129, 0.5615419399518305, 0.04724903213435259, 6.157959072818744, 10.0, 4.443887895704483, 10.0, 0.6310537127077078, 1.0039098605619714, 0.9787228711507929, 4.961450146129692, 4.48291599400635, 3.4011523574605516, 2.905224997476701, 10.0, 2.8482399635562117, 2.086802034553718, 9.291843334998122, 0.8503494911062934, 1.5801166883582694, 4.893037916468661, 3.6239205933501686, 3.0435819800626605, 10.0, 0.1700592635932038, 6.2907289013391345, 1.0256264799249202, 0.7014648887438764, 10.0]
APTIDAO: 
27.43433959776988
GEN: 2800
Individuo: 
[1.6021355024474924, 2.5159422848405044, 2.8209100110362675, 0.6317426555033419, 0.8881182986046223, 0.8672103272420848, 0.43193799036177605, 0.7230719016090348, 0.7381410767222172, 0.9930066348240822, 0.3314782049450081, 0.3089801411442509, 0.004089352548006053, 0.2217420221476651, 0.0755203596456363, 0.015249517676750866, 0.16141485073858972, 0.7361627108339789, 0.09266422854467428, 0.2868450028776101, 0.12132627768488066, 0.18054485811997323, 0.2668565911977691, 0.8896093326441129, 0.5615419399518305, 0.04724903213435259, 6.157959072818744, 10.0, 4.443887895704483, 9.973454041328726, 0.6310537127077078, 1.0039098605619714, 0.9787228711507929, 4.961450146129692, 4.48291599400635, 3.4011523574605516, 2.905224997476701, 10.0, 2.8482399635562117, 2.086802034553718, 9.291843334998122, 0.8503494911062934, 1.8328553972446548, 4.893037916468661, 3.6239205933501686, 3.0435819800626605, 10.0, 0.1700592635932038, 6.2907289013391345, 1.0256264799249202, 0.7014648887438764, 10.0]
APTIDAO: 
27.408977756893492
GEN: 2900
Individuo: 
[1.6021355024474924, 2.5159422848405044, 2.8209100110362675, 0.6317426555033419, 0.8881182986046223, 0.8672103272420848, 0.43193799036177605, 0.6750632110469202, 0.7460654565191263, 0.9930066348240822, 0.3314782049450081, 0.3089801411442509, 0.004089352548006053, 0.2217420221476651, 0.0755203596456363, 0.015249517676750866, 0.22766949374753523, 0.7676809178962763, 0.09266422854467428, 0.2868450028776101, 0.12132627768488066, 0.18054485811997323, 0.2668565911977691, 0.8896093326441129, 0.5615419399518305, 0.04724903213435259, 6.157959072818744, 10.0, 4.443887895704483, 9.973454041328726, 0.6310537127077078, 1.0039098605619714, 0.9787228711507929, 6.211016575891302, 3.222102936873505, 3.4011523574605516, 2.905224997476701, 10.0, 2.8482399635562117, 2.086802034553718, 9.291843334998122, 0.8503494911062934, 1.3357268536487077, 5.037194947426882, 3.6239205933501686, 3.0435819800626605, 10.0, 0.1700592635932038, 6.2907289013391345, 1.0256264799249202, 0.7014648887438764, 10.0]
APTIDAO: 
27.697110510740462
GEN: 3000
Individuo: 
[1.6021355024474924, 2.5159422848405044, 2.8209100110362675, 0.6317426555033419, 0.8881182986046223, 0.7218316375719066, 0.43193799036177605, 0.6750632110469202, 0.7460654565191263, 0.9930066348240822, 0.3314782049450081, 0.3089801411442509, 0.003963636732986986, 0.08136504286983157, 0.0755203596456363, 0.015249517676750866, 0.22766949374753523, 0.7676809178962763, 0.0807021283082255, 0.2868450028776101, 0.12132627768488066, 0.18054485811997323, 0.2668565911977691, 0.8817408853550632, 0.5615419399518305, 0.04724903213435259, 6.157959072818744, 10.0, 4.443887895704483, 9.973454041328726, 0.6310537127077078, 0.9152987795155076, 0.9787228711507929, 6.211016575891302, 3.222102936873505, 3.4011523574605516, 2.905224997476701, 10.0, 2.592817957582257, 0.8829209487706571, 9.291843334998122, 0.8503494911062934, 1.3357268536487077, 5.037194947426882, 1.7722986589184553, 3.0435819800626605, 10.0, 0.1700592635932038, 6.2907289013391345, 1.2170510543246158, 0.7014648887438764, 10.0]
APTIDAO: 
26.607923915028845
GEN: 3100
Individuo: 
[1.6021355024474924, 2.5159422848405044, 2.8209100110362675, 0.7405948884853866, 0.8881182986046223, 0.7218316375719066, 0.43193799036177605, 0.6750632110469202, 0.8321140067644639, 0.9930066348240822, 0.3314782049450081, 0.3089801411442509, 0.005392580321980296, 0.08136504286983157, 0.0755203596456363, 0.00807135887861072, 0.22766949374753523, 0.7676809178962763, 0.03851223141874673, 0.29702594752817185, 0.12132627768488066, 0.18054485811997323, 0.25578870866396564, 0.8808833892043957, 0.5615419399518305, 0.04724903213435259, 6.157959072818744, 10.0, 4.443887895704483, 7.757866292514909, 0.6310537127077078, 0.9152987795155076, 0.9787228711507929, 6.211016575891302, 1.9869056473515154, 3.4011523574605516, 2.905224997476701, 10.0, 3.003907576419095, 0.8829209487706571, 9.291843334998122, 0.720212654373763, 1.3357268536487077, 5.037194947426882, 2.464983111879711, 2.5469347863728093, 10.0, 0.1700592635932038, 7.149732931372949, 0.6945296017775526, 0.7014648887438764, 10.0]
APTIDAO: 
25.96814554833677
GEN: 3200
Individuo: 
[1.6021355024474924, 2.511104053485193, 2.8111029861137817, 0.7405948884853866, 0.8881182986046223, 0.7218316375719066, 0.43193799036177605, 0.6750632110469202, 0.8321140067644639, 0.9930066348240822, 0.3314782049450081, 0.3089801411442509, 0.005392580321980296, 0.08136504286983157, 0.0755203596456363, 0.00807135887861072, 0.22766949374753523, 0.7770171284639162, 0.04123580985104341, 0.29702594752817185, 0.12132627768488066, 0.18054485811997323, 0.25578870866396564, 0.9215106530305249, 0.5615419399518305, 0.04724903213435259, 6.157959072818744, 10.0, 2.9037987030706343, 7.757866292514909, 0.6310537127077078, 0.9152987795155076, 0.9787228711507929, 6.211016575891302, 1.9869056473515154, 3.4011523574605516, 2.905224997476701, 10.0, 3.003907576419095, 0.8829209487706571, 9.291843334998122, 0.720212654373763, 1.3357268536487077, 6.233462651683705, 1.8415966770829413, 2.5469347863728093, 10.0, 0.1700592635932038, 7.149732931372949, 0.7061826561931107, 0.7014648887438764, 10.0]
APTIDAO: 
25.90591213230113
GEN: 3300
Individuo: 
[1.6021355024474924, 2.511104053485193, 2.8111029861137817, 0.7405948884853866, 0.8881182986046223, 0.7218316375719066, 0.43193799036177605, 0.6750632110469202, 0.8321140067644639, 0.9930066348240822, 0.3314782049450081, 0.3089801411442509, 0.005392580321980296, 0.08136504286983157, 0.0755203596456363, 0.009613342014528417, 0.19335961852064273, 0.7777951321635108, 0.05234284213053367, 0.29702594752817185, 0.12132627768488066, 0.18054485811997323, 0.25578870866396564, 0.9215106530305249, 0.5615419399518305, 0.04724903213435259, 6.157959072818744, 10.0, 2.9037987030706343, 7.757866292514909, 0.6310537127077078, 0.9152987795155076, 0.9787228711507929, 6.211016575891302, 1.9869056473515154, 3.4011523574605516, 2.905224997476701, 10.0, 3.003907576419095, 0.8829209487706571, 9.291843334998122, 1.7505911663364444, 2.18829332576202, 10.0, 1.941430158017521, 2.5469347863728093, 10.0, 0.1700592635932038, 7.149732931372949, 0.7061826561931107, 0.7014648887438764, 10.0]
APTIDAO: 
25.99192735606788
GEN: 3400
Individuo: 
[1.6021355024474924, 2.511104053485193, 2.8111029861137817, 0.7405948884853866, 0.8881182986046223, 0.7218316375719066, 0.43193799036177605, 0.6750632110469202, 0.8321140067644639, 0.9938444956315068, 0.3314782049450081, 0.3089801411442509, 0.005392580321980296, 0.0770078618046196, 0.0755203596456363, 0.007911801405399656, 0.19335961852064273, 0.7361803563571968, 0.05234284213053367, 0.29702594752817185, 0.12132627768488066, 0.18054485811997323, 0.25578870866396564, 0.9501410997071786, 0.5615419399518305, 0.04724903213435259, 6.157959072818744, 10.0, 2.9037987030706343, 7.757866292514909, 0.6310537127077078, 0.9152987795155076, 0.9787228711507929, 6.211016575891302, 1.9869056473515154, 2.1184100612413825, 2.905224997476701, 10.0, 3.003907576419095, 0.9267786046286898, 9.291843334998122, 1.1098369621457205, 2.18829332576202, 10.0, 1.941430158017521, 2.5469347863728093, 10.0, 0.1700592635932038, 7.149732931372949, 0.6843808431663193, 0.7014648887438764, 10.0]
APTIDAO: 
25.74714809798731
GEN: 3500
Individuo: 
[1.6021355024474924, 2.511104053485193, 2.8111029861137817, 0.7405948884853866, 0.8881182986046223, 0.7218316375719066, 0.43193799036177605, 0.6750632110469202, 0.8321140067644639, 0.9938444956315068, 0.3314782049450081, 0.3089801411442509, 0.005392580321980296, 0.0770078618046196, 0.0755203596456363, 0.005826568716459437, 0.19335961852064273, 0.7436757938201936, 0.05283242021328791, 0.29702594752817185, 0.12132627768488066, 0.18054485811997323, 0.25578870866396564, 0.9788037277011182, 0.5615419399518305, 0.04724903213435259, 6.157959072818744, 10.0, 2.9037987030706343, 7.757866292514909, 0.6310537127077078, 0.9152987795155076, 0.9787228711507929, 6.211016575891302, 1.9869056473515154, 2.1184100612413825, 2.905224997476701, 10.0, 3.003907576419095, 0.9267786046286898, 9.291843334998122, 2.1862431519452916, 2.18829332576202, 7.469079088408491, 1.0580874974721302, 2.5469347863728093, 10.0, 0.1700592635932038, 7.149732931372949, 0.5242653034193243, 0.7014648887438764, 10.0]
APTIDAO: 
25.733454619319655
GEN: 3600
Individuo: 
[1.6021355024474924, 2.511104053485193, 2.8111029861137817, 0.7405948884853866, 0.8881182986046223, 0.7218316375719066, 0.43193799036177605, 0.6750632110469202, 0.8321140067644639, 0.9938444956315068, 0.32332754464496816, 0.3089801411442509, 0.004676180077111498, 0.07280075922815442, 0.0755203596456363, 0.00597619115501874, 0.19335961852064273, 0.7436757938201936, 0.05283242021328791, 0.29702594752817185, 0.12132627768488066, 0.18054485811997323, 0.25578870866396564, 0.9788037277011182, 0.5615419399518305, 0.04724903213435259, 6.157959072818744, 10.0, 2.9037987030706343, 7.757866292514909, 0.6310537127077078, 0.9152987795155076, 0.9787228711507929, 6.211016575891302, 1.9869056473515154, 2.1184100612413825, 3.605714290102258, 10.0, 1.3222762746828425, 1.2560227564960422, 9.291843334998122, 1.5064777315941915, 2.18829332576202, 7.469079088408491, 1.0580874974721302, 2.5469347863728093, 10.0, 0.1700592635932038, 7.149732931372949, 0.5242653034193243, 0.7014648887438764, 10.0]
APTIDAO: 
25.691382033442125
GEN: 3700
Individuo: 
[1.6021355024474924, 2.511104053485193, 2.8111029861137817, 0.7405948884853866, 0.8881182986046223, 0.7218316375719066, 0.43193799036177605, 0.6750632110469202, 0.8321140067644639, 0.9938444956315068, 0.32332754464496816, 0.3089801411442509, 0.004676180077111498, 0.07280075922815442, 0.0755203596456363, 0.00597619115501874, 0.19335961852064273, 0.7436757938201936, 0.05283242021328791, 0.29702594752817185, 0.12132627768488066, 0.18054485811997323, 0.25578870866396564, 0.9788037277011182, 0.5615419399518305, 0.04724903213435259, 6.157959072818744, 10.0, 2.9037987030706343, 7.757866292514909, 0.6310537127077078, 0.9152987795155076, 0.9787228711507929, 6.211016575891302, 1.9869056473515154, 2.1184100612413825, 3.605714290102258, 10.0, 1.3222762746828425, 1.2560227564960422, 9.291843334998122, 1.5064777315941915, 2.18829332576202, 7.469079088408491, 1.0580874974721302, 2.5469347863728093, 10.0, 0.1700592635932038, 7.149732931372949, 0.5242653034193243, 0.7014648887438764, 10.0]
APTIDAO: 
25.691382033442125
GEN: 3800
Individuo: 
[1.6021355024474924, 2.511104053485193, 2.8111029861137817, 0.7405948884853866, 0.8881182986046223, 0.7218316375719066, 0.43193799036177605, 0.6750632110469202, 0.8321140067644639, 0.9938444956315068, 0.32332754464496816, 0.3089801411442509, 0.004676180077111498, 0.07280075922815442, 0.0755203596456363, 0.00597619115501874, 0.19335961852064273, 0.7436757938201936, 0.05394311275291341, 0.29702594752817185, 0.12132627768488066, 0.18054485811997323, 0.25578870866396564, 0.9788037277011182, 0.5615419399518305, 0.04724903213435259, 6.157959072818744, 10.0, 2.9037987030706343, 7.757866292514909, 0.6310537127077078, 0.9152987795155076, 0.9787228711507929, 6.211016575891302, 1.9869056473515154, 2.1184100612413825, 3.605714290102258, 10.0, 1.3222762746828425, 1.2560227564960422, 9.291843334998122, 1.5064777315941915, 2.18829332576202, 7.469079088408491, 0.8929511814503667, 2.5469347863728093, 10.0, 0.1700592635932038, 7.149732931372949, 0.5242653034193243, 0.7014648887438764, 10.0]
APTIDAO: 
25.68987118369939
GEN: 3900
Individuo: 
[1.6021355024474924, 2.511104053485193, 2.8111029861137817, 0.7405948884853866, 0.8881182986046223, 0.7218316375719066, 0.43193799036177605, 0.6750632110469202, 0.8321140067644639, 0.9938444956315068, 0.3070247676025322, 0.3089801411442509, 0.004676180077111498, 0.07280075922815442, 0.0755203596456363, 0.004261845062965531, 0.18121620560854287, 0.7436757938201936, 0.05453292152372479, 0.29702594752817185, 0.12132627768488066, 0.18054485811997323, 0.2741414091045919, 0.9788037277011182, 0.5615419399518305, 0.04724903213435259, 6.157959072818744, 10.0, 2.9037987030706343, 7.757866292514909, 0.6310537127077078, 0.9152987795155076, 0.9787228711507929, 6.211016575891302, 1.9869056473515154, 2.1184100612413825, 3.349617829481546, 10.0, 1.3222762746828425, 1.2560227564960422, 9.291843334998122, 2.1092988674767095, 3.235545507302029, 7.469079088408491, 0.8853912449324443, 2.5469347863728093, 10.0, 0.1700592635932038, 2.765384871622256, 0.5242653034193243, 0.7014648887438764, 10.0]
APTIDAO: 
25.658417063868608
GEN: 4000
Individuo: 
[1.6021355024474924, 2.511104053485193, 2.8111029861137817, 0.7405948884853866, 0.8881182986046223, 0.7218316375719066, 0.43193799036177605, 0.6750632110469202, 0.8321140067644639, 0.9938444956315068, 0.3070247676025322, 0.3089801411442509, 0.004676180077111498, 0.07280075922815442, 0.0755203596456363, 0.004261845062965531, 0.18121620560854287, 0.7436757938201936, 0.05721092983081692, 0.29702594752817185, 0.12132627768488066, 0.18054485811997323, 0.2741414091045919, 0.9788037277011182, 0.5615419399518305, 0.04724903213435259, 6.157959072818744, 10.0, 2.9037987030706343, 7.757866292514909, 0.6310537127077078, 0.9152987795155076, 0.9787228711507929, 6.211016575891302, 1.9869056473515154, 2.1184100612413825, 3.349617829481546, 10.0, 1.3222762746828425, 1.2560227564960422, 9.291843334998122, 2.1092988674767095, 3.235545507302029, 7.469079088408491, 0.9953213119999674, 2.5469347863728093, 10.0, 0.1700592635932038, 2.765384871622256, 0.5242653034193243, 0.7014648887438764, 10.0]
APTIDAO: 
25.650934984674954
GEN: 4100
Individuo: 
[1.6021355024474924, 2.511104053485193, 2.8111029861137817, 0.7405948884853866, 0.8881182986046223, 0.7218316375719066, 0.43193799036177605, 0.6750632110469202, 0.8321140067644639, 0.9938444956315068, 0.3070247676025322, 0.3101039208924432, 0.0035438998733515275, 0.07280075922815442, 0.0755203596456363, 0.004261845062965531, 0.18121620560854287, 0.7436757938201936, 0.04821988279620568, 0.29702594752817185, 0.12132627768488066, 0.18054485811997323, 0.2741414091045919, 0.9201458825742908, 0.5615419399518305, 0.04724903213435259, 6.157959072818744, 10.0, 2.9037987030706343, 7.757866292514909, 0.6310537127077078, 0.9152987795155076, 0.9787228711507929, 6.211016575891302, 1.9869056473515154, 2.1184100612413825, 3.349617829481546, 7.232930048034908, 1.0704376563761848, 1.2560227564960422, 9.291843334998122, 2.1092988674767095, 3.235545507302029, 7.469079088408491, 0.6897179091759761, 2.5469347863728093, 10.0, 0.1700592635932038, 2.765384871622256, 0.4422891793021807, 0.7014648887438764, 10.0]
APTIDAO: 
25.703517207901275
GEN: 4200
Individuo: 
[1.6021355024474924, 2.511104053485193, 2.869215288488975, 0.7405948884853866, 0.8881182986046223, 0.7218316375719066, 0.43193799036177605, 0.6750632110469202, 0.8626243461199329, 0.9938444956315068, 0.3070247676025322, 0.3101039208924432, 0.0035438998733515275, 0.07280075922815442, 0.0755203596456363, 0.004261845062965531, 0.18121620560854287, 0.7436757938201936, 0.04821988279620568, 0.29702594752817185, 0.12132627768488066, 0.18054485811997323, 0.2741414091045919, 0.9201458825742908, 0.5615419399518305, 0.04724903213435259, 6.157959072818744, 10.0, 2.6683338434825457, 7.757866292514909, 0.6310537127077078, 0.9152987795155076, 0.9787228711507929, 6.211016575891302, 1.638671290799415, 2.1184100612413825, 3.349617829481546, 7.232930048034908, 1.0704376563761848, 1.2560227564960422, 9.291843334998122, 2.1092988674767095, 3.235545507302029, 7.469079088408491, 0.6897179091759761, 2.5469347863728093, 10.0, 0.1700592635932038, 2.765384871622256, 0.4422891793021807, 0.7014648887438764, 10.0]
APTIDAO: 
25.625937220186913
GEN: 4300
Individuo: 
[1.6021355024474924, 2.511104053485193, 2.869215288488975, 0.7405948884853866, 0.8881182986046223, 0.7218316375719066, 0.43193799036177605, 0.6750632110469202, 0.8626243461199329, 0.9938444956315068, 0.3070247676025322, 0.3101039208924432, 0.0013303659173154669, 0.06553370576657021, 0.0755203596456363, 0.005623847958681199, 0.18121620560854287, 0.7183517478214783, 0.042002066232877035, 0.29702594752817185, 0.12132627768488066, 0.18054485811997323, 0.2741414091045919, 0.9201458825742908, 0.5615419399518305, 0.04724903213435259, 6.157959072818744, 10.0, 2.6683338434825457, 7.757866292514909, 0.6310537127077078, 0.9152987795155076, 0.9787228711507929, 6.211016575891302, 1.638671290799415, 2.1184100612413825, 3.349617829481546, 7.232930048034908, 1.5381567078923424, 2.560040564705221, 9.291843334998122, 1.7639494285099624, 3.235545507302029, 7.693289519171697, 0.909163269491473, 2.5469347863728093, 10.0, 0.1700592635932038, 2.765384871622256, 0.4422891793021807, 0.7014648887438764, 10.0]
APTIDAO: 
25.545208217211766
GEN: 4400
Individuo: 
[1.6021355024474924, 2.511104053485193, 2.869215288488975, 0.8159506481311045, 0.8881182986046223, 0.7218316375719066, 0.43193799036177605, 0.6750632110469202, 0.8626243461199329, 0.9938444956315068, 0.3011331083547797, 0.3101039208924432, 0.0028856332260037247, 0.06553370576657021, 0.0755203596456363, 0.004961035994486535, 0.18121620560854287, 0.7064935673796044, 0.042002066232877035, 0.29702594752817185, 0.12132627768488066, 0.18054485811997323, 0.2741414091045919, 0.9788239418571717, 0.5615419399518305, 0.04724903213435259, 6.157959072818744, 10.0, 2.6683338434825457, 6.235568101458416, 0.6310537127077078, 0.9152987795155076, 0.9787228711507929, 6.211016575891302, 1.638671290799415, 2.1184100612413825, 4.2961219111261455, 7.232930048034908, 1.824124184815106, 2.560040564705221, 9.291843334998122, 1.2550869406266625, 3.235545507302029, 6.841952766967374, 0.909163269491473, 2.5469347863728093, 10.0, 0.1700592635932038, 2.765384871622256, 0.5032587900930667, 0.7014648887438764, 10.0]
APTIDAO: 
25.436620422724015
GEN: 4500
Individuo: 
[1.6021355024474924, 2.511104053485193, 2.869215288488975, 0.8159506481311045, 0.8881182986046223, 0.7218316375719066, 0.43193799036177605, 0.6749424518280475, 0.8626243461199329, 0.9938444956315068, 0.303361595005623, 0.3101039208924432, 0.0028672613277268707, 0.06553370576657021, 0.0755203596456363, 0.00417320488775494, 0.18121620560854287, 0.7064935673796044, 0.042002066232877035, 0.29702594752817185, 0.12132627768488066, 0.18054485811997323, 0.2741414091045919, 0.9788239418571717, 0.5615419399518305, 0.04724903213435259, 6.157959072818744, 10.0, 2.6683338434825457, 6.235568101458416, 0.6310537127077078, 0.9152987795155076, 0.9787228711507929, 3.748783630807743, 1.638671290799415, 2.1184100612413825, 3.2967016965859512, 7.232930048034908, 1.0819173129013386, 2.560040564705221, 9.291843334998122, 0.6742252658785601, 3.235545507302029, 6.841952766967374, 0.909163269491473, 2.5469347863728093, 10.0, 0.1700592635932038, 2.765384871622256, 0.5032587900930667, 0.7014648887438764, 10.0]
APTIDAO: 
25.435847545003252
GEN: 4600
Individuo: 
[1.6021355024474924, 2.511104053485193, 2.869215288488975, 0.8159506481311045, 0.8881182986046223, 0.7218316375719066, 0.43193799036177605, 0.6863402362687142, 0.8626243461199329, 0.9938444956315068, 0.303361595005623, 0.3101039208924432, 0.003899511206456459, 0.06553370576657021, 0.0755203596456363, 0.00417320488775494, 0.1695428511330434, 0.7064935673796044, 0.042002066232877035, 0.29702594752817185, 0.12132627768488066, 0.18054485811997323, 0.2741414091045919, 0.9788239418571717, 0.5615419399518305, 0.04724903213435259, 6.157959072818744, 10.0, 2.6683338434825457, 6.235568101458416, 0.6310537127077078, 0.9152987795155076, 0.9787228711507929, 2.6642183761226854, 1.638671290799415, 2.1184100612413825, 3.2967016965859512, 7.232930048034908, 1.5118121308186485, 2.560040564705221, 9.291843334998122, 0.6742252658785601, 2.3121355652404016, 6.841952766967374, 0.909163269491473, 2.5469347863728093, 10.0, 0.1700592635932038, 2.765384871622256, 0.5032587900930667, 0.7014648887438764, 10.0]
APTIDAO: 
25.40383731415577
GEN: 4700
Individuo: 
[1.6021355024474924, 2.511104053485193, 1.3705342877708622, 2.1177463413233, 0.8881182986046223, 0.7218316375719066, 0.43193799036177605, 0.6863402362687142, 0.8626243461199329, 0.9938444956315068, 0.29632342607683315, 0.3101039208924432, 0.0037035782674737245, 0.07309529307435537, 0.0755203596456363, 0.0040582092279926275, 0.1695428511330434, 0.7064935673796044, 0.042002066232877035, 0.29702594752817185, 0.12132627768488066, 0.18054485811997323, 0.2741414091045919, 0.9788239418571717, 0.5615419399518305, 0.04724903213435259, 6.157959072818744, 10.0, 4.217193420521556, 7.48958708752696, 0.6310537127077078, 0.9152987795155076, 0.9787228711507929, 2.6642183761226854, 1.638671290799415, 2.1184100612413825, 3.621351928882427, 7.232930048034908, 1.014959702363727, 1.6244807278795947, 9.291843334998122, 0.43669428761270807, 2.3121355652404016, 6.841952766967374, 0.909163269491473, 2.5469347863728093, 10.0, 0.1700592635932038, 2.765384871622256, 0.5032587900930667, 0.7014648887438764, 10.0]
APTIDAO: 
24.944865737915425
GEN: 4800
Individuo: 
[1.6021355024474924, 2.511104053485193, 1.3705342877708622, 2.1177463413233, 0.8889539709678219, 0.7218316375719066, 0.43193799036177605, 0.6863402362687142, 0.8626243461199329, 0.9938444956315068, 0.29632342607683315, 0.3101039208924432, 0.004595599432236979, 0.07309529307435537, 0.0755203596456363, 0.003073627923547281, 0.1695428511330434, 0.7064935673796044, 0.042002066232877035, 0.3206832008527897, 0.12132627768488066, 0.18054485811997323, 0.2741414091045919, 0.9888972834696015, 0.5615419399518305, 0.04724903213435259, 6.157959072818744, 10.0, 4.217193420521556, 7.48958708752696, 1.0383676317772377, 0.9152987795155076, 0.9787228711507929, 2.6642183761226854, 1.638671290799415, 2.1184100612413825, 3.621351928882427, 7.232930048034908, 0.8951200776447599, 1.6244807278795947, 9.291843334998122, 0.7194501140201214, 2.3121355652404016, 6.841952766967374, 0.909163269491473, 3.0920642221578856, 10.0, 0.1700592635932038, 2.765384871622256, 0.28374983429380474, 0.7014648887438764, 10.0]
APTIDAO: 
24.83902588526453
GEN: 4900
Individuo: 
[1.6021355024474924, 2.511104053485193, 1.4807579678451754, 2.24771588972191, 0.8881182986046223, 0.7218316375719066, 0.43193799036177605, 0.7143731264887908, 1.013040210865031, 0.9938444956315068, 0.29632342607683315, 0.3123862152841084, 0.0025104440877190878, 0.07309529307435537, 0.0755203596456363, 0.0013214358563706117, 0.1695428511330434, 0.7064935673796044, 0.012384923213716778, 0.3206832008527897, 0.12132627768488066, 0.18054485811997323, 0.2908608579421158, 0.9888972834696015, 0.5615419399518305, 0.04724903213435259, 6.157959072818744, 10.0, 4.757018908444634, 7.193693078441651, 0.6310537127077078, 0.9152987795155076, 0.9787228711507929, 2.7801529751569607, 1.0265699192623934, 2.1184100612413825, 3.621351928882427, 6.5245473944214964, 1.5643113722904676, 1.6244807278795947, 9.291843334998122, 0.9641327960224614, 2.3121355652404016, 6.841952766967374, 0.4202723849976461, 3.0920642221578856, 10.0, 0.1700592635932038, 4.146565043129982, 0.28374983429380474, 0.7014648887438764, 10.0]
APTIDAO: 
24.306858265913807
GEN: 5000
Individuo: 
[1.6021355024474924, 2.511104053485193, 1.4807579678451754, 2.2736630056605365, 0.8881182986046223, 0.7218316375719066, 0.43193799036177605, 0.7143731264887908, 1.013040210865031, 0.9938444956315068, 0.29632342607683315, 0.3123862152841084, 0.0017617309803249703, 0.06417879365506085, 0.0755203596456363, 0.0017001675785469994, 0.1695428511330434, 0.6882223180053453, 0.012494241691293168, 0.36275931708731035, 0.12132627768488066, 0.18054485811997323, 0.2908608579421158, 0.9888972834696015, 0.5615419399518305, 0.04724903213435259, 6.157959072818744, 10.0, 4.757018908444634, 5.546511283221594, 0.6310537127077078, 0.9152987795155076, 0.9787228711507929, 2.7801529751569607, 1.0265699192623934, 2.1184100612413825, 3.621351928882427, 6.5245473944214964, 1.6281917651132212, 1.476964929082262, 9.291843334998122, 2.1261205166499053, 2.3121355652404016, 6.1998196379295605, 0.484360905569214, 4.652859899495895, 10.0, 0.1700592635932038, 4.146565043129982, 0.28374983429380474, 0.7014648887438764, 10.0]
APTIDAO: 
23.837467071952442
GEN: 5100
Individuo: 
[1.6021355024474924, 2.511104053485193, 1.4807579678451754, 2.2736630056605365, 0.8881182986046223, 0.7218316375719066, 0.43193799036177605, 0.7084853910114776, 1.013040210865031, 0.9938444956315068, 0.29632342607683315, 0.3123862152841084, 0.0010688205085741037, 0.06417879365506085, 0.0755203596456363, 0.0017380608149290611, 0.1695428511330434, 0.6882223180053453, 0.012494241691293168, 0.36275931708731035, 0.12132627768488066, 0.18054485811997323, 0.2908608579421158, 0.9888972834696015, 0.5615419399518305, 0.04724903213435259, 6.157959072818744, 10.0, 4.757018908444634, 5.546511283221594, 0.6310537127077078, 0.9152987795155076, 0.9787228711507929, 1.5860681235482352, 1.0265699192623934, 2.1184100612413825, 3.621351928882427, 6.5245473944214964, 1.8302209925230575, 1.476964929082262, 9.291843334998122, 2.879111192086332, 2.3121355652404016, 6.1998196379295605, 0.484360905569214, 4.652859899495895, 10.0, 0.1700592635932038, 4.146565043129982, 0.28374983429380474, 0.7014648887438764, 10.0]
APTIDAO: 
23.83440168384409
GEN: 5200
Individuo: 
[1.6021355024474924, 2.511104053485193, 1.4807579678451754, 2.2736630056605365, 0.8881182986046223, 0.7218316375719066, 0.4343846634740109, 0.7084853910114776, 1.013040210865031, 0.9938444956315068, 0.29632342607683315, 0.3123862152841084, 0.0010688205085741037, 0.06417879365506085, 0.0755203596456363, 0.0017380608149290611, 0.1695428511330434, 0.6882223180053453, 0.012494241691293168, 0.36275931708731035, 0.12132627768488066, 0.18054485811997323, 0.2908608579421158, 0.9888972834696015, 0.5615419399518305, 0.04724903213435259, 6.157959072818744, 10.0, 4.757018908444634, 5.546511283221594, 0.6310537127077078, 0.9152987795155076, 0.9955796506620849, 1.5860681235482352, 1.0265699192623934, 2.1184100612413825, 3.621351928882427, 6.5245473944214964, 1.8302209925230575, 1.476964929082262, 9.291843334998122, 2.879111192086332, 2.3121355652404016, 6.1998196379295605, 0.484360905569214, 4.652859899495895, 10.0, 0.1700592635932038, 4.146565043129982, 0.28374983429380474, 0.7014648887438764, 10.0]
APTIDAO: 
23.82328382804131
GEN: 5300
Individuo: 
[1.6021355024474924, 2.511104053485193, 1.4807579678451754, 2.2736630056605365, 0.8881182986046223, 0.7218316375719066, 0.4343846634740109, 0.7084853910114776, 1.013040210865031, 0.9938444956315068, 0.29632342607683315, 0.3123862152841084, 0.0010958972505717773, 0.06212611739722612, 0.0755203596456363, 0.0030410902643488273, 0.1695428511330434, 0.6698972705864498, 0.012494241691293168, 0.36275931708731035, 0.12132627768488066, 0.18054485811997323, 0.2908608579421158, 0.9888972834696015, 0.5615419399518305, 0.04724903213435259, 6.157959072818744, 10.0, 4.757018908444634, 5.546511283221594, 0.6310537127077078, 0.9152987795155076, 0.9955796506620849, 1.5860681235482352, 1.0265699192623934, 2.1184100612413825, 3.621351928882427, 6.5245473944214964, 0.9235512603982687, 2.1937867072117117, 9.291843334998122, 4.2468755269051215, 2.3121355652404016, 5.884310838982706, 0.484360905569214, 4.652859899495895, 10.0, 0.1700592635932038, 4.146565043129982, 0.28374983429380474, 0.7014648887438764, 10.0]
APTIDAO: 
23.792863011307755
GEN: 5400
Individuo: 
[1.6021355024474924, 2.511104053485193, 1.4807579678451754, 2.2736630056605365, 0.8881182986046223, 0.7218316375719066, 0.4343846634740109, 0.7084853910114776, 1.013040210865031, 0.9938444956315068, 0.29632342607683315, 0.3123862152841084, 0.0010205137101962412, 0.06212611739722612, 0.0755203596456363, 0.0025238122859508475, 0.1695428511330434, 0.6698972705864498, 0.012494241691293168, 0.36275931708731035, 0.12132627768488066, 0.18054485811997323, 0.2908608579421158, 0.9888972834696015, 0.5615419399518305, 0.04724903213435259, 6.157959072818744, 10.0, 4.757018908444634, 5.546511283221594, 0.6310537127077078, 0.9152987795155076, 0.9955796506620849, 1.5860681235482352, 1.0265699192623934, 2.1184100612413825, 3.621351928882427, 6.5245473944214964, 0.8308001369528106, 2.1937867072117117, 9.291843334998122, 2.427464863576987, 2.3121355652404016, 5.884310838982706, 0.484360905569214, 4.652859899495895, 10.0, 0.1700592635932038, 4.146565043129982, 0.28374983429380474, 0.7014648887438764, 10.0]
APTIDAO: 
23.79028265216316
GEN: 5500
Individuo: 
[1.6021355024474924, 2.511104053485193, 1.4807579678451754, 2.2736630056605365, 0.8881182986046223, 0.7218316375719066, 0.4343846634740109, 0.7084853910114776, 1.013040210865031, 0.9938444956315068, 0.13694729146307558, 0.3123862152841084, 0.0010205137101962412, 0.06510839567078239, 0.0755203596456363, 0.004411412284871327, 0.1695428511330434, 0.6698972705864498, 0.012494241691293168, 0.36275931708731035, 0.12132627768488066, 0.18054485811997323, 0.7571808355032015, 0.9888972834696015, 0.5615419399518305, 0.04724903213435259, 6.157959072818744, 10.0, 4.757018908444634, 5.546511283221594, 0.6310537127077078, 0.9152987795155076, 0.9955796506620849, 1.5860681235482352, 1.0265699192623934, 2.1184100612413825, 2.7734059453507296, 6.5245473944214964, 0.8308001369528106, 2.728212635396889, 9.291843334998122, 1.7130598693227181, 2.3121355652404016, 5.884310838982706, 0.484360905569214, 4.652859899495895, 10.0, 0.1700592635932038, 2.4882567675456837, 0.28374983429380474, 0.7014648887438764, 10.0]
APTIDAO: 
23.611233442180577
GEN: 5600
Individuo: 
[1.6021355024474924, 2.511104053485193, 1.4807579678451754, 2.2733728912299203, 0.8881182986046223, 0.7218316375719066, 0.4343846634740109, 0.7084853910114776, 1.013040210865031, 0.9938444956315068, 0.1312216027893577, 0.3123862152841084, 0.001518073732102947, 0.06510839567078239, 0.0755203596456363, 0.004681542706976031, 0.1695428511330434, 0.6698972705864498, 0.012494241691293168, 0.36275931708731035, 0.12132627768488066, 0.18054485811997323, 0.7571808355032015, 0.9888972834696015, 0.5615419399518305, 0.04724903213435259, 6.157959072818744, 10.0, 4.757018908444634, 5.676336004540877, 0.6310537127077078, 0.9152987795155076, 0.9955796506620849, 1.5860681235482352, 1.0265699192623934, 2.1184100612413825, 2.530654378897257, 6.5245473944214964, 0.8743832399549537, 2.728212635396889, 9.291843334998122, 1.4426809266071638, 2.3121355652404016, 5.884310838982706, 0.484360905569214, 4.652859899495895, 10.0, 0.1700592635932038, 2.4882567675456837, 0.28374983429380474, 0.7014648887438764, 10.0]
APTIDAO: 
23.564779110657124
GEN: 5700
Individuo: 
[1.6021355024474924, 2.511104053485193, 1.4807579678451754, 2.2733728912299203, 0.8881182986046223, 0.7218316375719066, 0.4343846634740109, 0.7084853910114776, 1.0325000885255677, 0.9938444956315068, 0.1312216027893577, 0.3123862152841084, 0.0015377027511159025, 0.062366277414064045, 0.0755203596456363, 0.004681542706976031, 0.1695428511330434, 0.6698972705864498, 0.009290966037909609, 0.36275931708731035, 0.12132627768488066, 0.18054485811997323, 0.7571808355032015, 0.9888972834696015, 0.5615419399518305, 0.04724903213435259, 6.157959072818744, 10.0, 4.757018908444634, 5.676336004540877, 0.6310537127077078, 0.9152987795155076, 0.9955796506620849, 1.5860681235482352, 1.1588296552220934, 2.1184100612413825, 2.530654378897257, 6.5245473944214964, 1.2768132438156652, 1.80200891152595, 9.291843334998122, 1.4426809266071638, 2.3121355652404016, 5.884310838982706, 0.4065587757052054, 4.652859899495895, 10.0, 0.1700592635932038, 2.4882567675456837, 0.28374983429380474, 0.7014648887438764, 10.0]
APTIDAO: 
23.50236907027537
GEN: 5800
Individuo: 
[1.6021355024474924, 2.511104053485193, 1.4807579678451754, 2.3080060565252323, 0.8881182986046223, 0.7218316375719066, 0.4343846634740109, 0.7084853910114776, 1.0325000885255677, 0.9938444956315068, 0.1312216027893577, 0.3123862152841084, 0.0018708464800400594, 0.062366277414064045, 0.0755203596456363, 0.0045778563042604276, 0.1695428511330434, 0.6706792287798158, 0.009159108673088952, 0.36275931708731035, 0.12132627768488066, 0.18054485811997323, 0.7448048763748589, 0.9888972834696015, 0.5615419399518305, 0.04724903213435259, 6.157959072818744, 10.0, 4.757018908444634, 5.199694463483369, 0.6310537127077078, 0.9152987795155076, 0.9955796506620849, 1.5860681235482352, 1.1588296552220934, 2.1184100612413825, 2.530654378897257, 6.5245473944214964, 0.9227217467086021, 1.80200891152595, 9.291843334998122, 0.8155792787025609, 2.3121355652404016, 5.9193323336814, 0.43821346191178545, 4.652859899495895, 10.0, 0.1700592635932038, 1.8230080361113192, 0.28374983429380474, 0.7014648887438764, 10.0]
APTIDAO: 
23.486478051045154
GEN: 5900
Individuo: 
[1.6021355024474924, 2.511104053485193, 1.4807579678451754, 2.3080060565252323, 0.8881182986046223, 0.7218316375719066, 0.4343846634740109, 0.6516430807791569, 1.0325000885255677, 0.9938444956315068, 0.1312216027893577, 0.3123862152841084, 0.002129900350604157, 0.062366277414064045, 0.0755203596456363, 0.0045778563042604276, 0.21088793414297108, 0.6260049852958917, 0.0064991116444160285, 0.36275931708731035, 0.1211632126312523, 0.18054485811997323, 0.7448048763748589, 0.9888972834696015, 0.5615419399518305, 0.04724903213435259, 6.157959072818744, 10.0, 4.757018908444634, 5.199694463483369, 0.6310537127077078, 0.9152987795155076, 0.9955796506620849, 2.0816416361410908, 1.1588296552220934, 2.1184100612413825, 2.530654378897257, 6.5245473944214964, 2.267852180064084, 1.80200891152595, 9.291843334998122, 0.8155792787025609, 1.660143966358239, 7.971122757282043, 0.43251156131313234, 4.652859899495895, 10.0, 0.1700592635932038, 1.8230080361113192, 0.28374983429380474, 0.7014648887438764, 10.0]
APTIDAO: 
23.62221466923421
GEN: 6000
Individuo: 
[1.6021355024474924, 2.511104053485193, 1.4807579678451754, 2.3080060565252323, 0.8881182986046223, 0.7218316375719066, 0.4343846634740109, 0.6516430807791569, 1.0325000885255677, 0.9938444956315068, 0.13101458638419353, 0.3123862152841084, 0.002353136190699276, 0.05898567355928154, 0.0755203596456363, 0.006270821994878477, 0.21088793414297108, 0.6260049852958917, 0.006204837525313756, 0.36275931708731035, 0.1211632126312523, 0.18054485811997323, 0.7448048763748589, 0.9888972834696015, 0.5615419399518305, 0.04724903213435259, 6.157959072818744, 10.0, 4.757018908444634, 5.199694463483369, 0.6310537127077078, 0.9152987795155076, 0.9955796506620849, 2.0816416361410908, 1.1588296552220934, 2.1184100612413825, 1.9587793402268046, 6.5245473944214964, 1.3586514195902475, 1.853925910991883, 9.291843334998122, 0.8280816182425916, 1.660143966358239, 7.971122757282043, 1.3498611604319033, 4.652859899495895, 10.0, 0.1700592635932038, 1.8230080361113192, 0.28374983429380474, 0.7014648887438764, 10.0]
APTIDAO: 
23.572895959229374
GEN: 6100
Individuo: 
[1.6021355024474924, 2.511104053485193, 1.4807579678451754, 2.3080060565252323, 0.8881182986046223, 0.7218316375719066, 0.4343846634740109, 0.6516430807791569, 1.032917181223512, 0.9938444956315068, 0.13012559008672706, 0.3123862152841084, 0.00257113378906994, 0.05898567355928154, 0.0755203596456363, 0.0065057173579220065, 0.21088793414297108, 0.6260049852958917, 0.006204837525313756, 0.36275931708731035, 0.1211632126312523, 0.18054485811997323, 0.7365914828270815, 0.9888972834696015, 0.5615419399518305, 0.04724903213435259, 6.157959072818744, 10.0, 4.757018908444634, 5.199694463483369, 0.6310537127077078, 0.9152987795155076, 0.9955796506620849, 2.0816416361410908, 1.7323548113560332, 2.1184100612413825, 2.225999410125327, 6.5245473944214964, 1.0660773353661435, 1.853925910991883, 9.291843334998122, 1.0742676655949004, 1.660143966358239, 7.971122757282043, 1.3498611604319033, 4.652859899495895, 10.0, 0.1700592635932038, 1.9359043741466475, 0.28374983429380474, 0.7014648887438764, 10.0]
APTIDAO: 
23.563555214866774
GEN: 6200
Individuo: 
[1.6021355024474924, 2.511104053485193, 1.4807579678451754, 2.3080060565252323, 0.8881182986046223, 0.7218316375719066, 0.4343846634740109, 0.6516430807791569, 1.032917181223512, 0.9938444956315068, 0.13012559008672706, 0.3123862152841084, 0.002746192211708611, 0.05898567355928154, 0.07532934535762054, 0.0065057173579220065, 0.21088793414297108, 0.6367959203325568, 0.006204837525313756, 0.36275931708731035, 0.1211632126312523, 0.18054485811997323, 0.7365914828270815, 0.9888972834696015, 0.5615419399518305, 0.04724903213435259, 6.157959072818744, 10.0, 4.757018908444634, 5.199694463483369, 0.6310537127077078, 0.9152987795155076, 0.9955796506620849, 2.0816416361410908, 1.7323548113560332, 2.1184100612413825, 2.225999410125327, 6.5245473944214964, 1.048934873253514, 1.853925910991883, 6.915403719587304, 1.0742676655949004, 1.660143966358239, 5.81156509098461, 1.3498611604319033, 4.652859899495895, 10.0, 0.1700592635932038, 1.9359043741466475, 0.28374983429380474, 0.7014648887438764, 10.0]
APTIDAO: 
23.537353519288914
GEN: 6300
Individuo: 
[1.6021355024474924, 2.511104053485193, 1.4807579678451754, 2.3080060565252323, 0.8881182986046223, 0.7218316375719066, 0.4343846634740109, 0.6516430807791569, 1.042767408144873, 0.9938444956315068, 0.12114056526352616, 0.3123862152841084, 0.0023306345406602764, 0.056539510374885214, 0.07532934535762054, 0.003810262351178562, 0.2009251809322191, 0.6367959203325568, 0.006204837525313756, 0.36275931708731035, 0.1211632126312523, 0.18054485811997323, 0.7365914828270815, 0.9888972834696015, 0.5615419399518305, 0.04724903213435259, 6.157959072818744, 10.0, 4.757018908444634, 5.199694463483369, 0.6310537127077078, 0.9152987795155076, 0.9955796506620849, 2.0816416361410908, 1.75524663171334, 2.1184100612413825, 1.5681683937301871, 6.5245473944214964, 1.4357573886931967, 2.0765308125894615, 6.915403719587304, 1.5998385793627827, 1.1529459730802678, 5.81156509098461, 1.3498611604319033, 4.652859899495895, 10.0, 0.1700592635932038, 1.9359043741466475, 0.28374983429380474, 0.7014648887438764, 10.0]
APTIDAO: 
23.45318960182063
GEN: 6400
Individuo: 
[1.6021355024474924, 2.511104053485193, 1.4807579678451754, 2.325478105425701, 0.8881182986046223, 0.7218316375719066, 0.4343846634740109, 0.6516430807791569, 1.042767408144873, 0.9938444956315068, 0.12114056526352616, 0.3123862152841084, 0.0027906064574794534, 0.053637735535597676, 0.07532934535762054, 0.004898988099165035, 0.2009251809322191, 0.6367959203325568, 0.00690762383450332, 0.36275931708731035, 0.1211632126312523, 0.18054485811997323, 0.739841142704733, 0.9888972834696015, 0.5615419399518305, 0.04724903213435259, 6.157959072818744, 10.0, 4.757018908444634, 3.794323748885732, 0.6310537127077078, 0.9152987795155076, 0.9955796506620849, 2.0816416361410908, 1.75524663171334, 2.1184100612413825, 1.5681683937301871, 6.5245473944214964, 2.3026507168152914, 1.6518490131814736, 6.915403719587304, 1.125508234277609, 1.1529459730802678, 5.81156509098461, 0.837740743181169, 4.652859899495895, 10.0, 0.1700592635932038, 1.9331025766799999, 0.28374983429380474, 0.7014648887438764, 10.0]
APTIDAO: 
23.440116593776196
GEN: 6500
Individuo: 
[1.6021355024474924, 2.511104053485193, 1.4807579678451754, 2.325478105425701, 0.8881182986046223, 0.7218316375719066, 0.4343846634740109, 0.6516430807791569, 1.042767408144873, 0.9938444956315068, 0.12114056526352616, 0.3123862152841084, 0.002296314456025861, 0.05347669900547095, 0.07532934535762054, 0.005113574533620412, 0.2009251809322191, 0.6367959203325568, 0.00690762383450332, 0.36275931708731035, 0.1211632126312523, 0.18054485811997323, 0.7708674483264001, 0.9888972834696015, 0.5615419399518305, 0.04724903213435259, 6.157959072818744, 10.0, 4.757018908444634, 3.794323748885732, 0.6310537127077078, 0.9152987795155076, 0.9955796506620849, 2.0816416361410908, 1.75524663171334, 2.1184100612413825, 1.5681683937301871, 6.5245473944214964, 1.3438492953278285, 1.6430473385580255, 6.915403719587304, 0.7504522641208482, 1.1529459730802678, 5.81156509098461, 0.837740743181169, 4.652859899495895, 10.0, 0.1700592635932038, 1.5978984963556186, 0.28374983429380474, 0.7014648887438764, 10.0]
APTIDAO: 
23.437251779446633
GEN: 6600
Individuo: 
[1.6021355024474924, 2.511104053485193, 1.4807579678451754, 2.4206906991172303, 0.8881182986046223, 0.7218316375719066, 0.4343846634740109, 0.6516430807791569, 1.042767408144873, 0.9938444956315068, 0.11619500193485062, 0.3123862152841084, 0.0014083411329835662, 0.04809226225502117, 0.07532934535762054, 0.003899326152341787, 0.2009251809322191, 0.6367959203325568, 0.00690762383450332, 0.36275931708731035, 0.1211632126312523, 0.18054485811997323, 0.7708674483264001, 0.9888972834696015, 0.5615419399518305, 0.04724903213435259, 6.157959072818744, 10.0, 4.757018908444634, 4.881950068670699, 0.6310537127077078, 0.9152987795155076, 0.9955796506620849, 2.0816416361410908, 1.75524663171334, 2.1184100612413825, 0.9203095070950355, 6.5245473944214964, 2.2692167272947414, 1.2366157213978572, 6.915403719587304, 1.651986013846689, 1.1529459730802678, 5.81156509098461, 0.837740743181169, 4.652859899495895, 10.0, 0.1700592635932038, 1.5978984963556186, 0.28374983429380474, 0.7014648887438764, 10.0]
APTIDAO: 
23.373837438059834
GEN: 6700
Individuo: 
[1.6021355024474924, 2.511104053485193, 1.4807579678451754, 2.4206906991172303, 0.8881182986046223, 0.7218316375719066, 0.4355272464004725, 0.6516430807791569, 1.042767408144873, 0.9938444956315068, 0.11863694441115319, 0.3123862152841084, 0.0014350882569311382, 0.04809226225502117, 0.07532934535762054, 0.0030551207177716695, 0.2009251809322191, 0.6367959203325568, 0.006952819968925906, 0.36275931708731035, 0.1211632126312523, 0.18054485811997323, 0.7522604538140796, 0.9888972834696015, 0.5615419399518305, 0.04724903213435259, 6.157959072818744, 10.0, 4.757018908444634, 4.881950068670699, 0.6310537127077078, 0.9152987795155076, 2.26382884333481, 2.0816416361410908, 1.75524663171334, 2.1184100612413825, 1.909030847163013, 6.5245473944214964, 1.4897128051890836, 1.2366157213978572, 6.915403719587304, 0.9919138709824895, 1.1529459730802678, 5.81156509098461, 1.1312714672712003, 4.652859899495895, 10.0, 0.1700592635932038, 1.350771640499393, 0.28374983429380474, 0.7014648887438764, 10.0]
APTIDAO: 
23.372240450215827
GEN: 6800
Individuo: 
[1.6021355024474924, 2.511104053485193, 1.4807579678451754, 2.4206906991172303, 0.8881182986046223, 0.7218316375719066, 0.4355272464004725, 0.6516430807791569, 1.042767408144873, 0.9938444956315068, 0.11513552794916289, 0.3123862152841084, 0.0019330531325270862, 0.04809226225502117, 0.07532934535762054, 0.00267848563848049, 0.2009251809322191, 0.6407110370542203, 0.006952819968925906, 0.36275931708731035, 0.1211632126312523, 0.18054485811997323, 0.7522604538140796, 0.9888972834696015, 0.5615419399518305, 0.04724903213435259, 6.157959072818744, 10.0, 4.757018908444634, 4.881950068670699, 0.6310537127077078, 0.9152987795155076, 2.26382884333481, 2.0816416361410908, 1.75524663171334, 2.1184100612413825, 2.726008531520893, 6.5245473944214964, 1.726852348748996, 1.2366157213978572, 6.915403719587304, 0.8563895838603655, 1.1529459730802678, 5.394077521182003, 1.1312714672712003, 4.652859899495895, 10.0, 0.1700592635932038, 1.350771640499393, 0.28374983429380474, 0.7014648887438764, 10.0]
APTIDAO: 
23.35862081483138
GEN: 6900
Individuo: 
[1.6021355024474924, 2.511104053485193, 1.4807579678451754, 2.4206906991172303, 0.8881182986046223, 0.7218316375719066, 0.4355272464004725, 0.6516430807791569, 1.042767408144873, 0.9938444956315068, 0.11513552794916289, 0.3123862152841084, 0.0019330531325270862, 0.04809226225502117, 0.07532934535762054, 0.002469734818928705, 0.2009251809322191, 0.6407110370542203, 0.006952819968925906, 0.36275931708731035, 0.1211632126312523, 0.18054485811997323, 0.7522604538140796, 0.9888972834696015, 0.5615419399518305, 0.04724903213435259, 6.157959072818744, 10.0, 4.757018908444634, 4.881950068670699, 0.6310537127077078, 0.9152987795155076, 2.26382884333481, 2.0816416361410908, 1.75524663171334, 2.1184100612413825, 2.726008531520893, 6.5245473944214964, 1.726852348748996, 1.2366157213978572, 6.915403719587304, 0.9034980790851229, 1.1529459730802678, 5.394077521182003, 1.1312714672712003, 4.652859899495895, 10.0, 0.1700592635932038, 1.350771640499393, 0.28374983429380474, 0.7014648887438764, 10.0]
APTIDAO: 
23.358590798102668
GEN: 7000
Individuo: 
[1.6021355024474924, 2.511104053485193, 1.4807579678451754, 2.4206906991172303, 0.8881182986046223, 0.7218316375719066, 0.4355272464004725, 0.6516430807791569, 1.042767408144873, 0.9938444956315068, 0.11513552794916289, 0.3123862152841084, 0.0019330531325270862, 0.04626377281806427, 0.07532934535762054, 0.002469734818928705, 0.2009251809322191, 0.6407110370542203, 0.006952819968925906, 0.36275931708731035, 0.1211632126312523, 0.18054485811997323, 0.7522604538140796, 0.9888972834696015, 0.5615419399518305, 0.04724903213435259, 6.157959072818744, 10.0, 4.757018908444634, 4.881950068670699, 0.6310537127077078, 0.9152987795155076, 2.26382884333481, 2.0816416361410908, 1.75524663171334, 2.1184100612413825, 2.726008531520893, 6.5245473944214964, 1.726852348748996, 1.8982984619496233, 6.915403719587304, 0.9034980790851229, 1.1529459730802678, 5.394077521182003, 1.1312714672712003, 4.652859899495895, 10.0, 0.1700592635932038, 1.350771640499393, 0.28374983429380474, 0.7014648887438764, 10.0]
APTIDAO: 
23.35234852521143
GEN: 7100
Individuo: 
[1.6021355024474924, 2.511104053485193, 1.4807579678451754, 2.4206906991172303, 0.8881182986046223, 0.7218316375719066, 0.4355272464004725, 0.6516430807791569, 1.042767408144873, 0.9938444956315068, 0.11860505172010027, 0.3123862152841084, 0.0019330531325270862, 0.04626377281806427, 0.07532934535762054, 0.0018372751760526538, 0.2009251809322191, 0.6407110370542203, 0.007230529999692831, 0.36275931708731035, 0.1211632126312523, 0.18054485811997323, 0.5505984147089845, 0.7750530023987328, 0.5615419399518305, 0.04724903213435259, 6.157959072818744, 10.0, 4.757018908444634, 4.881950068670699, 0.6310537127077078, 0.9152987795155076, 2.26382884333481, 2.0816416361410908, 1.75524663171334, 2.1184100612413825, 3.8071325096446333, 6.5245473944214964, 1.726852348748996, 1.8982984619496233, 6.915403719587304, 0.46342002598776, 1.1529459730802678, 5.394077521182003, 1.1162346873466966, 4.652859899495895, 10.0, 0.1700592635932038, 0.5396852970905806, 0.4513115680162619, 0.7014648887438764, 10.0]
APTIDAO: 
23.57414908416222
GEN: 7200
Individuo: 
[1.6021355024474924, 2.511104053485193, 1.4807579678451754, 2.4206906991172303, 0.8881182986046223, 0.7190131179309048, 0.4355272464004725, 0.7128517888513342, 1.042767408144873, 0.9938444956315068, 0.09365311229871312, 0.3123862152841084, 0.001323699255581902, 0.04626377281806427, 0.07532934535762054, 0.0014632678800229142, 0.2009251809322191, 0.7515932784790451, 0.005667320571295007, 0.36275931708731035, 0.1211632126312523, 0.18054485811997323, 0.7522604538140796, 0.650951411279244, 0.5615419399518305, 0.04724903213435259, 6.157959072818744, 10.0, 4.757018908444634, 4.881950068670699, 0.6310537127077078, 1.9924688435925824, 2.26382884333481, 1.529579037875744, 1.75524663171334, 2.1184100612413825, 1.6850990303666702, 6.5245473944214964, 2.1245473732207003, 1.8982984619496233, 6.915403719587304, 0.4826262724027692, 1.1529459730802678, 6.583393478811148, 0.9190531986206067, 4.652859899495895, 10.0, 0.1700592635932038, 1.350771640499393, 0.6242351463226335, 0.7014648887438764, 10.0]
APTIDAO: 
23.35204496025971
GEN: 7300
Individuo: 
[1.6021355024474924, 2.511104053485193, 1.4807579678451754, 2.4206906991172303, 0.8881182986046223, 0.7190131179309048, 0.4355272464004725, 0.7128517888513342, 1.042767408144873, 0.9938444956315068, 0.09365311229871312, 0.3123862152841084, 0.0013238185267376253, 0.04626377281806427, 0.07532934535762054, 0.0014846487014356152, 0.2009251809322191, 0.7515932784790451, 0.005667320571295007, 0.36275931708731035, 0.1211632126312523, 0.18054485811997323, 0.8138942621389897, 0.650951411279244, 0.5615419399518305, 0.04724903213435259, 6.157959072818744, 10.0, 4.757018908444634, 4.881950068670699, 0.6310537127077078, 1.9924688435925824, 2.26382884333481, 1.529579037875744, 1.75524663171334, 2.1184100612413825, 1.6850990303666702, 6.5245473944214964, 2.3155093251458414, 1.8982984619496233, 6.915403719587304, 0.9498190037643333, 1.1529459730802678, 6.583393478811148, 0.9190531986206067, 4.652859899495895, 10.0, 0.1700592635932038, 1.0854064772670833, 0.6242351463226335, 0.7014648887438764, 10.0]
APTIDAO: 
23.349473603258954
GEN: 7400
Individuo: 
[1.6021355024474924, 2.511104053485193, 1.4807579678451754, 2.4206906991172303, 0.8881182986046223, 0.7190131179309048, 0.4355272464004725, 0.7128517888513342, 1.042767408144873, 0.9938444956315068, 0.09365311229871312, 0.3123862152841084, 0.0018530192987463838, 0.04370630459342149, 0.07532934535762054, 0.0017745688472653016, 0.2009251809322191, 0.7515932784790451, 0.005667320571295007, 0.36275931708731035, 0.1211632126312523, 0.18054485811997323, 0.8276190240735246, 0.8159348542258993, 0.5615419399518305, 0.04724903213435259, 6.157959072818744, 10.0, 4.757018908444634, 4.881950068670699, 0.6310537127077078, 1.9924688435925824, 2.26382884333481, 1.529579037875744, 1.75524663171334, 2.1184100612413825, 1.6850990303666702, 6.5245473944214964, 2.0466905107507354, 1.65234178103436, 6.915403719587304, 1.4905917644066256, 1.1529459730802678, 6.583393478811148, 0.9190531986206067, 4.652859899495895, 10.0, 0.1700592635932038, 0.7482629628353815, 0.626934467116093, 0.7014648887438764, 10.0]
APTIDAO: 
23.289232535528228
GEN: 7500
Individuo: 
[1.6021355024474924, 2.511104053485193, 1.4807579678451754, 2.4206906991172303, 0.8881182986046223, 0.7190131179309048, 0.4355272464004725, 0.7128517888513342, 1.042767408144873, 0.9938444956315068, 0.09365311229871312, 0.3123862152841084, 0.0027691856119486874, 0.04370630459342149, 0.07532934535762054, 0.0018489770215493776, 0.2009251809322191, 0.7515932784790451, 0.0054042411415437894, 0.36275931708731035, 0.1211632126312523, 0.18054485811997323, 0.8276190240735246, 0.8159348542258993, 0.5615419399518305, 0.04724903213435259, 6.157959072818744, 10.0, 4.757018908444634, 4.881950068670699, 0.6310537127077078, 1.9924688435925824, 2.26382884333481, 1.529579037875744, 1.75524663171334, 2.1184100612413825, 1.6850990303666702, 6.5245473944214964, 1.9027902530914889, 1.65234178103436, 6.915403719587304, 1.4590075964819489, 1.1529459730802678, 6.583393478811148, 1.1248190412536867, 4.652859899495895, 10.0, 0.1700592635932038, 0.7482629628353815, 0.626934467116093, 0.7014648887438764, 10.0]
APTIDAO: 
23.324680458246807
GEN: 7600
Individuo: 
[1.6021355024474924, 2.511104053485193, 1.4807579678451754, 2.4206906991172303, 0.8881182986046223, 0.7190131179309048, 0.4355272464004725, 0.7128517888513342, 1.042767408144873, 0.9938444956315068, 0.09748526606376498, 0.3123862152841084, 0.001327300456494647, 0.04370630459342149, 0.07532934535762054, 0.0018489770215493776, 0.2009251809322191, 0.7515932784790451, 0.0054042411415437894, 0.36275931708731035, 0.1211632126312523, 0.18054485811997323, 0.8497308061892592, 0.9600951923080251, 0.5615419399518305, 0.04724903213435259, 6.157959072818744, 10.0, 4.757018908444634, 4.881950068670699, 0.6310537127077078, 1.9924688435925824, 2.26382884333481, 1.529579037875744, 1.75524663171334, 2.1184100612413825, 0.7543104586350516, 6.5245473944214964, 1.5291774638049431, 1.65234178103436, 6.915403719587304, 1.4590075964819489, 1.1529459730802678, 6.583393478811148, 1.1248190412536867, 4.652859899495895, 10.0, 0.1700592635932038, 0.8367728762500649, 1.1683117824627085, 0.7014648887438764, 10.0]
APTIDAO: 
23.283040050083226
GEN: 7700
Individuo: 
[1.6021355024474924, 2.511104053485193, 1.4807579678451754, 2.4206906991172303, 0.8881182986046223, 0.7190131179309048, 0.4355272464004725, 0.7128517888513342, 1.042767408144873, 0.9938444956315068, 0.0780896604469795, 0.3168699249656386, 0.0018262574688302034, 0.04370630459342149, 0.07532934535762054, 0.0016161095502629634, 0.2009251809322191, 0.7515932784790451, 0.0054042411415437894, 0.36275931708731035, 0.1211632126312523, 0.18054485811997323, 0.8248921466368327, 0.7307928054070824, 0.5615419399518305, 0.04724903213435259, 6.157959072818744, 10.0, 4.757018908444634, 4.881950068670699, 0.6310537127077078, 1.9924688435925824, 2.26382884333481, 1.529579037875744, 1.75524663171334, 2.1184100612413825, 0.5769321018065119, 6.892781247750103, 1.6954979690750356, 1.65234178103436, 6.915403719587304, 1.9219953830441683, 1.1529459730802678, 6.583393478811148, 1.1248190412536867, 4.652859899495895, 10.0, 0.1700592635932038, 0.812700781990745, 0.7918932058649699, 0.7014648887438764, 10.0]
APTIDAO: 
23.196474249610866
GEN: 7800
Individuo: 
[1.6021355024474924, 2.511104053485193, 1.4807579678451754, 2.3676057240487287, 0.8881182986046223, 0.7117188612985103, 0.4355272464004725, 0.7128517888513342, 1.0797911724106748, 0.9938444956315068, 0.0780896604469795, 0.3168699249656386, 0.0018722192850174275, 0.04370630459342149, 0.07532934535762054, 0.0010668254414130625, 0.2009251809322191, 0.7579695555313894, 0.0015481282202332756, 0.36275931708731035, 0.1211632126312523, 0.18054485811997323, 0.8827971977959367, 0.7307928054070824, 0.5615419399518305, 0.04724903213435259, 6.157959072818744, 10.0, 4.757018908444634, 7.082337052091501, 0.6310537127077078, 1.1847835877470283, 2.26382884333481, 1.529579037875744, 1.9129904430916131, 2.1184100612413825, 0.5769321018065119, 6.892781247750103, 3.5780800987438828, 1.65234178103436, 6.915403719587304, 0.5091473747317896, 1.1529459730802678, 5.722821208980518, 1.1841413230408517, 4.652859899495895, 10.0, 0.1700592635932038, 0.9480630179089068, 0.7918932058649699, 0.7014648887438764, 10.0]
APTIDAO: 
23.090718582847487
GEN: 7900
Individuo: 
[1.6021355024474924, 2.511104053485193, 1.4807579678451754, 2.3676057240487287, 0.8881182986046223, 0.7117188612985103, 0.4355272464004725, 0.7128517888513342, 1.0797911724106748, 0.9938444956315068, 0.0780896604469795, 0.3168699249656386, 0.009463681050246541, 0.051387482213300584, 0.07532934535762054, 0.0016242652917053076, 0.2009251809322191, 0.7822915680147478, 0.0024927389578427964, 0.36275931708731035, 0.1211632126312523, 0.18054485811997323, 0.8827971977959367, 0.8814351980742785, 0.5615419399518305, 0.04724903213435259, 6.157959072818744, 10.0, 4.757018908444634, 7.082337052091501, 0.6310537127077078, 1.1847835877470283, 2.26382884333481, 1.529579037875744, 1.9129904430916131, 2.1184100612413825, 0.5769321018065119, 6.892781247750103, 4.5449098846336495, 1.1589231775034599, 6.915403719587304, 1.0994554607491314, 1.1529459730802678, 3.992988572490611, 1.2902311932472812, 4.652859899495895, 10.0, 0.1700592635932038, 0.9480630179089068, 0.7308277493215544, 0.7014648887438764, 10.0]
APTIDAO: 
23.369696022412473
GEN: 8000
Individuo: 
[1.6021355024474924, 2.511104053485193, 1.4807579678451754, 2.4785271199758245, 0.8881182986046223, 0.7117188612985103, 0.4208336670143863, 0.7128517888513342, 1.0797911724106748, 0.9938444956315068, 0.0780896604469795, 0.3168699249656386, 0.004313621774421465, 0.0624964675754045, 0.07532934535762054, 0.0012393251556293047, 0.2009251809322191, 0.7822915680147478, 0.002149531790070499, 0.3599714686282207, 0.1211632126312523, 0.18054485811997323, 0.8566248859056427, 0.5514319407184801, 0.5615419399518305, 0.04724903213435259, 6.157959072818744, 10.0, 4.757018908444634, 7.909664383215553, 0.6310537127077078, 1.1847835877470283, 3.289175896603562, 1.529579037875744, 1.9129904430916131, 2.1184100612413825, 0.5769321018065119, 6.892781247750103, 5.864038002105763, 0.9016908255451699, 6.915403719587304, 3.7020549115535757, 1.1529459730802678, 3.992988572490611, 0.7415637032744827, 2.4516143677248214, 10.0, 0.1700592635932038, 0.7973925483852484, 0.5895079459540611, 0.7014648887438764, 10.0]
APTIDAO: 
23.343526107647865
GEN: 8100
Individuo: 
[1.6021355024474924, 2.511104053485193, 1.4807579678451754, 2.4785271199758245, 0.8881182986046223, 0.7117188612985103, 0.4208336670143863, 0.7128517888513342, 1.0797911724106748, 0.9938444956315068, 0.0780896604469795, 0.3168699249656386, 0.004494456900524898, 0.0624964675754045, 0.07532934535762054, 0.0011145241478862991, 0.2009251809322191, 0.7822915680147478, 0.002089950646547628, 0.3599714686282207, 0.1211632126312523, 0.18054485811997323, 0.8566248859056427, 0.5514319407184801, 0.5615419399518305, 0.04724903213435259, 6.157959072818744, 10.0, 4.757018908444634, 7.909664383215553, 0.6310537127077078, 1.1847835877470283, 3.289175896603562, 1.529579037875744, 1.9129904430916131, 2.1184100612413825, 0.5769321018065119, 6.892781247750103, 8.384413803493578, 0.9016908255451699, 6.915403719587304, 2.6681468882220587, 1.1529459730802678, 3.992988572490611, 1.1576779911485175, 2.4516143677248214, 10.0, 0.1700592635932038, 0.7973925483852484, 0.5895079459540611, 0.7014648887438764, 10.0]
APTIDAO: 
23.340874398937867
GEN: 8200
Individuo: 
[1.6021355024474924, 2.511104053485193, 1.4807579678451754, 2.4785271199758245, 0.8881182986046223, 0.7117188612985103, 0.4208336670143863, 0.7128517888513342, 1.0797911724106748, 0.9938444956315068, 0.0780896604469795, 0.3168699249656386, 0.004494456900524898, 0.0624964675754045, 0.07532934535762054, 0.0012393251556293047, 0.2009251809322191, 0.7689855513262565, 0.0018414847219947752, 0.3599714686282207, 0.1211632126312523, 0.18054485811997323, 0.8566248859056427, 0.5514319407184801, 0.5615419399518305, 0.04724903213435259, 6.157959072818744, 10.0, 4.757018908444634, 7.909664383215553, 0.6310537127077078, 1.1847835877470283, 3.289175896603562, 1.529579037875744, 1.9129904430916131, 2.1184100612413825, 0.5769321018065119, 6.892781247750103, 8.384413803493578, 0.9016908255451699, 6.915403719587304, 3.7020549115535757, 1.1529459730802678, 2.8810892719801435, 0.594035256751881, 2.4516143677248214, 10.0, 0.1700592635932038, 0.7973925483852484, 0.5895079459540611, 0.7014648887438764, 10.0]
APTIDAO: 
23.32173736953709
GEN: 8300
Individuo: 
[1.6021355024474924, 2.511104053485193, 1.4807579678451754, 2.4785271199758245, 0.8885493362037971, 0.7117188612985103, 0.4208336670143863, 0.7128517888513342, 1.0797911724106748, 0.9938444956315068, 0.0780896604469795, 0.3168699249656386, 0.004494456900524898, 0.0624964675754045, 0.07532934535762054, 0.001093545568996486, 0.2009251809322191, 0.7689855513262565, 0.0018414847219947752, 0.3599714686282207, 0.1211632126312523, 0.18054485811997323, 0.8566248859056427, 0.5514319407184801, 0.5615419399518305, 0.04724903213435259, 6.157959072818744, 10.0, 4.757018908444634, 7.909664383215553, 0.7082964094020751, 1.1847835877470283, 3.289175896603562, 1.529579037875744, 1.9129904430916131, 2.1184100612413825, 0.5769321018065119, 6.892781247750103, 8.384413803493578, 0.9016908255451699, 6.915403719587304, 3.663405665238453, 1.1529459730802678, 2.8810892719801435, 0.594035256751881, 2.4516143677248214, 10.0, 0.1700592635932038, 0.7973925483852484, 0.5895079459540611, 0.7014648887438764, 10.0]
APTIDAO: 
23.309090885700577
GEN: 8400
Individuo: 
[1.6021355024474924, 2.511104053485193, 1.4807579678451754, 2.4785271199758245, 0.8885493362037971, 0.7117188612985103, 0.4208336670143863, 0.7707724560369508, 1.0638423089468125, 0.9938444956315068, 0.0780896604469795, 0.3168699249656386, 0.0027784382106535036, 0.0624964675754045, 0.07532934535762054, 0.0011852216841482972, 0.17622060019697128, 0.8079774526297051, 0.0022857169804325226, 0.3599714686282207, 0.1211632126312523, 0.18054485811997323, 0.8546752042457388, 0.5514319407184801, 0.5615419399518305, 0.04724903213435259, 6.157959072818744, 10.0, 4.757018908444634, 7.909664383215553, 0.7082964094020751, 1.1847835877470283, 3.289175896603562, 1.5696485176273027, 1.8596943452595107, 2.1184100612413825, 0.5769321018065119, 6.892781247750103, 10.0, 0.9016908255451699, 6.915403719587304, 0.8235485967662685, 0.8632198776288551, 2.595578818878707, 0.6762146719305967, 2.4516143677248214, 10.0, 0.1700592635932038, 1.0851391433772737, 0.5895079459540611, 0.7014648887438764, 10.0]
APTIDAO: 
23.432984331433357
GEN: 8500
Individuo: 
[1.6021355024474924, 2.511104053485193, 1.4807579678451754, 2.4785271199758245, 0.8885493362037971, 0.7019176947015645, 0.4208336670143863, 0.7707724560369508, 1.2148155104765768, 0.9938444956315068, 0.0780896604469795, 0.3168699249656386, 0.003838830947936021, 0.0624964675754045, 0.07532934535762054, 0.0013409625046700306, 0.17622060019697128, 0.8079774526297051, 0.0010600423717776616, 0.47782987134509847, 0.1211632126312523, 0.18054485811997323, 0.8546752042457388, 0.5514319407184801, 0.5615419399518305, 0.04724903213435259, 6.157959072818744, 10.0, 4.757018908444634, 7.909664383215553, 0.7082964094020751, 0.9763172490712324, 3.289175896603562, 1.5696485176273027, 1.4029390463588944, 2.1184100612413825, 0.5769321018065119, 6.892781247750103, 7.30813780657324, 0.9016908255451699, 6.915403719587304, 2.146799293944042, 0.8632198776288551, 2.595578818878707, 0.3442383552618092, 4.093123087518935, 10.0, 0.1700592635932038, 1.0851391433772737, 0.5895079459540611, 0.7014648887438764, 10.0]
APTIDAO: 
23.043528804427066
GEN: 8600
Individuo: 
[1.6021355024474924, 2.511104053485193, 1.4807579678451754, 2.4785271199758245, 0.8885493362037971, 0.7019176947015645, 0.4208336670143863, 0.7707724560369508, 1.2148155104765768, 0.9938444956315068, 0.0780896604469795, 0.3168699249656386, 0.003838830947936021, 0.054024161972098854, 0.07532934535762054, 0.0010132548997610308, 0.17254089342916287, 0.8079774526297051, 0.001020703345028767, 0.47782987134509847, 0.1211632126312523, 0.18054485811997323, 0.8557016907283209, 0.5514319407184801, 0.5615419399518305, 0.04724903213435259, 6.157959072818744, 10.0, 4.757018908444634, 7.909664383215553, 0.7082964094020751, 0.9763172490712324, 3.289175896603562, 1.5696485176273027, 1.4029390463588944, 2.1184100612413825, 0.5769321018065119, 6.892781247750103, 7.30813780657324, 1.4548487059526436, 6.915403719587304, 2.075795629947693, 0.6278003090803355, 2.595578818878707, 0.49824577650459007, 4.093123087518935, 10.0, 0.1700592635932038, 1.057988454659149, 0.5895079459540611, 0.7014648887438764, 10.0]
APTIDAO: 
22.965066724664663
GEN: 8700
Individuo: 
[1.6021355024474924, 2.511104053485193, 1.5480536807222132, 2.4906382290040323, 0.8885493362037971, 0.7019176947015645, 0.4208336670143863, 0.7707724560369508, 1.2148155104765768, 0.9938444956315068, 0.0780896604469795, 0.3168699249656386, 0.003838830947936021, 0.05094253912458988, 0.07532934535762054, 0.0010132548997610308, 0.1738025355891064, 0.8079774526297051, 0.001020703345028767, 0.47782987134509847, 0.1211632126312523, 0.18054485811997323, 0.8557016907283209, 0.5514319407184801, 0.5615419399518305, 0.04724903213435259, 6.157959072818744, 10.0, 4.715122096950041, 10.0, 0.7082964094020751, 0.9763172490712324, 3.289175896603562, 1.5696485176273027, 1.4029390463588944, 2.1184100612413825, 0.5769321018065119, 6.892781247750103, 7.30813780657324, 1.2879755784004372, 6.915403719587304, 2.075795629947693, 1.479706153405635, 2.595578818878707, 0.49824577650459007, 4.093123087518935, 10.0, 0.1700592635932038, 1.057988454659149, 0.5895079459540611, 0.7014648887438764, 10.0]
APTIDAO: 
22.89616940558979
GEN: 8800
Individuo: 
[1.6021355024474924, 2.511104053485193, 1.5480536807222132, 2.4906382290040323, 0.8885493362037971, 0.7019176947015645, 0.4208336670143863, 0.7707724560369508, 1.2148155104765768, 0.9938444956315068, 0.0780896604469795, 0.3168699249656386, 0.003838830947936021, 0.054024161972098854, 0.07532934535762054, 0.0010132548997610308, 0.1738025355891064, 0.7885785936962356, 0.001020703345028767, 0.48700523889287467, 0.1211632126312523, 0.18054485811997323, 0.8557016907283209, 0.5514319407184801, 0.5615419399518305, 0.04724903213435259, 6.157959072818744, 10.0, 4.715122096950041, 10.0, 0.7082964094020751, 0.9763172490712324, 3.289175896603562, 1.5696485176273027, 1.4029390463588944, 2.1184100612413825, 0.5769321018065119, 6.892781247750103, 7.30813780657324, 1.4548487059526436, 6.915403719587304, 2.075795629947693, 1.479706153405635, 0.7411349686235383, 0.49824577650459007, 2.4621328459596135, 10.0, 0.1700592635932038, 1.057988454659149, 0.5895079459540611, 0.7014648887438764, 10.0]
APTIDAO: 
22.89664923631874
GEN: 8900
Individuo: 
[1.6021355024474924, 2.511104053485193, 1.5480536807222132, 2.4906382290040323, 0.8885493362037971, 0.7019176947015645, 0.4208336670143863, 0.7707724560369508, 1.2148155104765768, 0.9938444956315068, 0.0780896604469795, 0.3168699249656386, 0.003838830947936021, 0.05139713840399862, 0.07532934535762054, 0.0010132548997610308, 0.1738025355891064, 0.7885785936962356, 0.001081184402081628, 0.48700523889287467, 0.1211632126312523, 0.18054485811997323, 0.8557016907283209, 0.5698863547008405, 0.5615419399518305, 0.04724903213435259, 6.157959072818744, 10.0, 4.715122096950041, 10.0, 0.7082964094020751, 0.9763172490712324, 3.289175896603562, 1.5696485176273027, 1.4029390463588944, 2.1184100612413825, 0.5769321018065119, 6.892781247750103, 7.30813780657324, 1.1044370040544274, 6.915403719587304, 2.075795629947693, 1.479706153405635, 0.7411349686235383, 0.49690543040856144, 2.4621328459596135, 10.0, 0.1700592635932038, 1.057988454659149, 0.7044231975322501, 0.7014648887438764, 10.0]
APTIDAO: 
22.870189428345647
GEN: 9000
Individuo: 
[1.6021355024474924, 2.511104053485193, 1.5480536807222132, 2.4906382290040323, 0.8885493362037971, 0.7019176947015645, 0.4208336670143863, 0.7707724560369508, 1.2148155104765768, 0.9938444956315068, 0.06917306102478765, 0.3168699249656386, 0.003838830947936021, 0.05139713840399862, 0.07532934535762054, 0.0010132548997610308, 0.1738025355891064, 0.7885785936962356, 0.0010368493115034023, 0.48700523889287467, 0.1211632126312523, 0.18054485811997323, 0.7948697910739589, 0.3361291459540774, 0.5615419399518305, 0.04724903213435259, 6.157959072818744, 10.0, 4.715122096950041, 10.0, 0.7082964094020751, 0.9763172490712324, 3.289175896603562, 1.5696485176273027, 1.4029390463588944, 2.1184100612413825, 0.4049607613214802, 6.892781247750103, 7.30813780657324, 1.1044370040544274, 6.915403719587304, 2.075795629947693, 1.479706153405635, 0.7411349686235383, 0.7841565654605285, 2.4621328459596135, 10.0, 0.1700592635932038, 1.4345721850190645, 0.607566197448032, 0.7014648887438764, 10.0]
APTIDAO: 
22.926033176821367
GEN: 9100
Individuo: 
[1.6021355024474924, 2.511104053485193, 1.5480536807222132, 2.4906382290040323, 0.8885493362037971, 0.7019176947015645, 0.4208336670143863, 0.7707724560369508, 1.2159227271083493, 0.9938444956315068, 0.06917306102478765, 0.3168699249656386, 0.003838830947936021, 0.05139713840399862, 0.07532934535762054, 0.0010132548997610308, 0.1738025355891064, 0.7885785936962356, 0.0010502214789475323, 0.48700523889287467, 0.1211632126312523, 0.18054485811997323, 0.710936972126078, 0.17868467154329004, 0.5615419399518305, 0.04724903213435259, 6.157959072818744, 10.0, 4.715122096950041, 10.0, 0.7082964094020751, 0.9763172490712324, 3.289175896603562, 1.5696485176273027, 1.256834619056532, 2.1184100612413825, 0.4049607613214802, 6.892781247750103, 7.30813780657324, 1.1044370040544274, 6.915403719587304, 2.075795629947693, 1.479706153405635, 0.7411349686235383, 0.5179924124742018, 2.4621328459596135, 10.0, 0.1700592635932038, 1.4696120749300583, 0.7787785302963901, 0.7014648887438764, 10.0]
APTIDAO: 
22.99988199477219
GEN: 9200
Individuo: 
[1.6021355024474924, 2.511104053485193, 1.5480536807222132, 2.434059195483767, 0.8885493362037971, 0.7019176947015645, 0.4208336670143863, 0.7707724560369508, 1.2159227271083493, 0.9938444956315068, 0.06917306102478765, 0.3168699249656386, 0.0016640534153409131, 0.05139713840399862, 0.07532934535762054, 0.0010132548997610308, 0.1738025355891064, 0.7885785936962356, 0.0010522985005491563, 0.48700523889287467, 0.1211632126312523, 0.18054485811997323, 0.7070448786002398, 0.1854920707893745, 0.5615419399518305, 0.04724903213435259, 6.157959072818744, 10.0, 4.715122096950041, 8.10971252688824, 0.7082964094020751, 0.9763172490712324, 3.289175896603562, 1.5696485176273027, 1.256834619056532, 2.1184100612413825, 0.4049607613214802, 6.892781247750103, 6.802658245666675, 1.1044370040544274, 6.915403719587304, 2.075795629947693, 1.479706153405635, 0.7411349686235383, 0.35641917407226503, 2.4621328459596135, 10.0, 0.1700592635932038, 0.7283952576343045, 0.8008074763022998, 0.7014648887438764, 10.0]
APTIDAO: 
22.971813275037942
GEN: 9300
Individuo: 
[1.6021355024474924, 2.511104053485193, 1.5480536807222132, 2.4698083630697405, 0.8885493362037971, 0.7019176947015645, 0.4208336670143863, 0.7707724560369508, 1.2159227271083493, 0.9938444956315068, 0.06917306102478765, 0.3168699249656386, 0.0016640534153409131, 0.05139713840399862, 0.07532934535762054, 0.0010132548997610308, 0.1738025355891064, 0.7885785936962356, 0.0010522985005491563, 0.48700523889287467, 0.1211632126312523, 0.18054485811997323, 0.7070448786002398, 0.1854920707893745, 0.5615419399518305, 0.04724903213435259, 6.157959072818744, 10.0, 4.715122096950041, 7.20699489754544, 0.7082964094020751, 0.9763172490712324, 3.289175896603562, 1.5696485176273027, 1.256834619056532, 2.1184100612413825, 0.4049607613214802, 6.892781247750103, 6.802658245666675, 1.1044370040544274, 6.915403719587304, 2.075795629947693, 1.479706153405635, 0.7411349686235383, 0.35641917407226503, 2.4621328459596135, 10.0, 0.1700592635932038, 0.7283952576343045, 0.8008074763022998, 0.7014648887438764, 10.0]
APTIDAO: 
22.969674813300347
GEN: 9400
Individuo: 
[1.6021355024474924, 2.511104053485193, 1.5480536807222132, 2.4698083630697405, 0.8885493362037971, 0.7019176947015645, 0.4208336670143863, 0.7707724560369508, 1.2159227271083493, 0.9938444956315068, 0.06917306102478765, 0.3168699249656386, 0.001170719280954749, 0.049704843329903006, 0.07532934535762054, 0.0010132548997610308, 0.1738025355891064, 0.7885785936962356, 0.0010522985005491563, 0.48700523889287467, 0.1211632126312523, 0.18054485811997323, 0.7070448786002398, 0.1854920707893745, 0.5615419399518305, 0.04724903213435259, 6.157959072818744, 10.0, 4.715122096950041, 7.20699489754544, 0.7082964094020751, 0.9763172490712324, 3.289175896603562, 1.5696485176273027, 1.256834619056532, 2.1184100612413825, 0.4049607613214802, 6.892781247750103, 6.287046773954427, 1.472057147642151, 6.915403719587304, 2.075795629947693, 1.479706153405635, 0.7411349686235383, 0.35641917407226503, 2.4621328459596135, 10.0, 0.1700592635932038, 0.7283952576343045, 0.8008074763022998, 0.7014648887438764, 10.0]
APTIDAO: 
22.96057221077743
GEN: 9500
Individuo: 
[1.6021355024474924, 2.511104053485193, 1.5480536807222132, 2.4698083630697405, 0.8885493362037971, 0.7019176947015645, 0.4208336670143863, 0.7707724560369508, 1.2159227271083493, 0.9938444956315068, 0.06917306102478765, 0.3168699249656386, 0.001170719280954749, 0.049704843329903006, 0.07532934535762054, 0.0010132548997610308, 0.1738025355891064, 0.7885785936962356, 0.0010522985005491563, 0.48700523889287467, 0.1211632126312523, 0.18054485811997323, 0.7070448786002398, 0.1854920707893745, 0.5615419399518305, 0.04724903213435259, 6.157959072818744, 10.0, 4.715122096950041, 7.20699489754544, 0.7082964094020751, 0.9763172490712324, 3.289175896603562, 1.5696485176273027, 1.256834619056532, 2.1184100612413825, 0.4049607613214802, 6.892781247750103, 6.287046773954427, 1.472057147642151, 6.915403719587304, 2.075795629947693, 1.479706153405635, 0.7411349686235383, 0.35641917407226503, 2.4621328459596135, 10.0, 0.1700592635932038, 0.7283952576343045, 0.8008074763022998, 0.7014648887438764, 10.0]
APTIDAO: 
22.96057221077743
GEN: 9600
Individuo: 
[1.6021355024474924, 2.511104053485193, 1.5480536807222132, 2.4698083630697405, 0.8885493362037971, 0.7019176947015645, 0.4208336670143863, 0.7707724560369508, 1.2159227271083493, 0.9938444956315068, 0.06684046515507068, 0.3168699249656386, 0.001170719280954749, 0.049704843329903006, 0.07532934535762054, 0.0010132548997610308, 0.1738025355891064, 0.7885785936962356, 0.0010522985005491563, 0.48700523889287467, 0.1211632126312523, 0.18054485811997323, 0.7870915258528667, 0.1854920707893745, 0.5615419399518305, 0.04724903213435259, 6.157959072818744, 10.0, 4.715122096950041, 7.20699489754544, 0.7082964094020751, 0.9763172490712324, 3.289175896603562, 1.5696485176273027, 1.256834619056532, 2.1184100612413825, 0.5685417838424349, 6.892781247750103, 6.287046773954427, 1.472057147642151, 6.915403719587304, 2.075795629947693, 1.479706153405635, 0.7411349686235383, 0.35641917407226503, 2.4621328459596135, 10.0, 0.1700592635932038, 0.7935669504394914, 0.8008074763022998, 0.7014648887438764, 10.0]
APTIDAO: 
22.988001999185904
GEN: 9700
Individuo: 
[1.6021355024474924, 2.511104053485193, 1.5480536807222132, 2.4698083630697405, 0.8885493362037971, 0.7019176947015645, 0.4208336670143863, 0.7707724560369508, 1.2159227271083493, 0.9938444956315068, 0.06684046515507068, 0.3168699249656386, 0.001170719280954749, 0.049704843329903006, 0.07532934535762054, 0.0010132548997610308, 0.1738025355891064, 0.7885785936962356, 0.0010240437398276543, 0.48700523889287467, 0.1211632126312523, 0.18054485811997323, 0.8518366126342863, 0.3274588252110741, 0.5615419399518305, 0.04724903213435259, 6.157959072818744, 10.0, 4.715122096950041, 7.20699489754544, 0.7082964094020751, 0.9763172490712324, 3.289175896603562, 1.5696485176273027, 1.256834619056532, 2.1184100612413825, 0.5685417838424349, 6.892781247750103, 6.287046773954427, 1.472057147642151, 6.915403719587304, 2.075795629947693, 1.479706153405635, 0.7411349686235383, 0.7160644777943707, 2.4621328459596135, 10.0, 0.1700592635932038, 1.4645794814548774, 1.4140295635638134, 0.7014648887438764, 10.0]
APTIDAO: 
22.896838451518807
GEN: 9800
Individuo: 
[1.6021355024474924, 2.511104053485193, 1.5480536807222132, 2.4698083630697405, 0.8885493362037971, 0.7019176947015645, 0.4208336670143863, 0.7707724560369508, 1.2159227271083493, 0.9938444956315068, 0.06684046515507068, 0.3168699249656386, 0.0021102115944617874, 0.05176562158111692, 0.07532934535762054, 0.0010132548997610308, 0.1738025355891064, 0.7885785936962356, 0.0011428509093381017, 0.48700523889287467, 0.1211632126312523, 0.18054485811997323, 0.8518366126342863, 0.34615941327616134, 0.5615419399518305, 0.04724903213435259, 6.157959072818744, 10.0, 4.715122096950041, 7.20699489754544, 0.7082964094020751, 0.9763172490712324, 3.289175896603562, 1.5696485176273027, 1.256834619056532, 2.1184100612413825, 0.5685417838424349, 6.892781247750103, 8.292702645267612, 1.8102575994798737, 6.915403719587304, 2.075795629947693, 1.479706153405635, 0.7411349686235383, 0.5391041679773204, 2.4621328459596135, 10.0, 0.1700592635932038, 1.4645794814548774, 1.3039345811974297, 0.7014648887438764, 10.0]
APTIDAO: 
22.899128840292015
GEN: 9900
Individuo: 
[1.6021355024474924, 2.511104053485193, 1.5480536807222132, 2.4698083630697405, 0.8885493362037971, 0.7019176947015645, 0.4208336670143863, 0.7707724560369508, 1.2159227271083493, 0.9938444956315068, 0.06684046515507068, 0.3168699249656386, 0.0021102115944617874, 0.05176562158111692, 0.07532934535762054, 0.0010132548997610308, 0.1738025355891064, 0.7885785936962356, 0.0010314923796468987, 0.48700523889287467, 0.1211632126312523, 0.18054485811997323, 0.8518366126342863, 0.34615941327616134, 0.5615419399518305, 0.04724903213435259, 6.157959072818744, 10.0, 4.715122096950041, 7.20699489754544, 0.7082964094020751, 0.9763172490712324, 3.289175896603562, 1.5696485176273027, 1.256834619056532, 2.1184100612413825, 0.5685417838424349, 6.892781247750103, 8.292702645267612, 1.8102575994798737, 6.915403719587304, 2.075795629947693, 1.479706153405635, 0.7411349686235383, 0.8262307833804744, 2.4621328459596135, 10.0, 0.1700592635932038, 1.4645794814548774, 1.3039345811974297, 0.7014648887438764, 10.0]
APTIDAO: 
22.887466549359974
GEN: 10000
Individuo: 
[1.6021355024474924, 2.511104053485193, 1.5480536807222132, 2.4698083630697405, 0.8885493362037971, 0.7019176947015645, 0.4208336670143863, 0.7707724560369508, 1.2159227271083493, 0.9938444956315068, 0.06207247778690446, 0.3168699249656386, 0.0021102115944617874, 0.05176562158111692, 0.07532934535762054, 0.0010132548997610308, 0.1738025355891064, 0.7885785936962356, 0.0010286686104043715, 0.48700523889287467, 0.1211632126312523, 0.18054485811997323, 0.9846257730235446, 0.460618363320977, 0.5615419399518305, 0.04724903213435259, 6.157959072818744, 10.0, 4.715122096950041, 7.20699489754544, 0.7082964094020751, 0.9763172490712324, 3.289175896603562, 1.5696485176273027, 1.256834619056532, 2.1184100612413825, 0.4936442715066744, 6.892781247750103, 8.292702645267612, 1.8102575994798737, 6.915403719587304, 2.075795629947693, 1.479706153405635, 0.7411349686235383, 1.089988860788459, 2.4621328459596135, 10.0, 0.1700592635932038, 2.176296817187792, 1.1115236872087921, 0.7014648887438764, 10.0]
APTIDAO: 
22.86635911885394

--- RESULTADO FINAL ---
Erro (norma-1): 22.86635911885394
Parâmetros: [1.6021355024474924, 2.511104053485193, 1.5480536807222132, 2.4698083630697405, 0.8885493362037971, 0.7019176947015645, 0.4208336670143863, 0.7707724560369508, 1.2159227271083493, 0.9938444956315068, 0.06207247778690446, 0.3168699249656386, 0.0021102115944617874, 0.05176562158111692, 0.07532934535762054, 0.0010132548997610308, 0.1738025355891064, 0.7885785936962356, 0.0010286686104043715, 0.48700523889287467, 0.1211632126312523, 0.18054485811997323, 0.9846257730235446, 0.460618363320977, 0.5615419399518305, 0.04724903213435259]
Tempo total: 06h 13m 45s
