SEED: 1778461231
BOUNDS: tau=[0.1, 5.0]  v2=[0.01, 1.5]  J=[0.001, 0.99]
GEN: 0
Individuo: 
[2.2799643219559758, 2.7289734325871193, 2.0165524553969902, 2.9181175021506713, 0.7104751655165907, 1.1291760725785283, 1.2380503464087553, 0.37133946513417404, 0.209158896724952, 1.4753393520069797, 0.22416554261588334, 0.913722888341096, 0.3173836073643671, 0.7862963010800569, 0.2578909802154285, 0.8852607176873368, 0.5405618149939666, 0.25531428137625467, 0.34471610006432263, 0.4020376475255111, 0.9757781636482966, 0.6492522625856836, 0.7297875426935869, 0.7113664277787984, 0.04378083118819278, 0.5952851341296221, 8.573011174830972, 2.347894817923503, 9.365072887554252, 6.892319236006498, 2.9148422847448074, 7.35667688164884, 1.2748378922222756, 3.993821661686888, 2.259016997169255, 0.48902073350648134, 5.349096140104673, 5.068995912899043, 2.03282604409454, 1.4030997021821254, 2.2595886728704824, 0.7214939639826465, 7.27808890144908, 6.369675398270704, 9.334630178116598, 7.788186142538328, 3.8302033210281423, 8.62807184574063, 3.0395493112954775, 4.188340312031807, 8.390339233013336, 3.7162818951045113]
APTIDAO: 
116.04856757966553
GEN: 100
Individuo: 
[1.6590706551275243, 0.35088214372685955, 2.0165524553969902, 3.046583366616799, 0.7104751655165907, 1.1291760725785283, 1.2380503464087553, 0.37133946513417404, 0.209158896724952, 1.099359198024125, 0.22721653588093696, 0.913722888341096, 0.2800716780908541, 0.7862963010800569, 0.1539424078177311, 0.8852607176873368, 0.6045039798871293, 0.2319703471591154, 0.5497532536962108, 0.0027477914928108363, 0.9757781636482966, 0.6151816943620672, 0.5857792291144579, 0.8152975763529969, 0.10915621411784636, 0.5538661314057299, 10.0, 1.5582005584483352, 9.365072887554252, 5.040577064694128, 2.9148422847448074, 7.35667688164884, 1.2748378922222756, 3.993821661686888, 2.259016997169255, 0.5228332510512599, 2.5986272294292774, 5.068995912899043, 1.641219995125165, 1.4030997021821254, 1.6990966319242629, 0.7214939639826465, 6.833621417323637, 10.0, 10.0, 4.979945386913923, 3.8302033210281423, 4.058891582454068, 2.4756450839280246, 2.6832775961551274, 6.640158867263837, 3.312250715876452]
APTIDAO: 
61.089541318854074
GEN: 200
Individuo: 
[1.6245251685388054, 0.6268206374362079, 2.2368906142062337, 3.042055302172113, 0.5404939400497791, 0.9573523964808056, 1.2380503464087553, 0.37133946513417404, 0.32737879036685663, 1.099359198024125, 0.3032933282228937, 0.913722888341096, 0.2800716780908541, 0.7149156415356154, 0.1455846943205855, 0.8852607176873368, 0.34539223514114203, 0.3587642688301627, 0.5173342725514736, 0.008167250886797466, 0.9757781636482966, 0.6151816943620672, 0.17824131579418925, 0.8152975763529969, 0.10915621411784636, 0.45281869827866705, 10.0, 0.9093262991129019, 10.0, 4.812383564616206, 1.882557703954376, 6.096649688034091, 1.2748378922222756, 3.993821661686888, 4.027003090363128, 0.5228332510512599, 1.8773168811819123, 5.068995912899043, 1.641219995125165, 1.2523473645192211, 1.2728954993840613, 0.7214939639826465, 5.478382529300582, 5.386650856378744, 10.0, 2.714281841509009, 3.8302033210281423, 4.058891582454068, 4.841585726425647, 2.6832775961551274, 6.640158867263837, 3.5818010024623224]
APTIDAO: 
55.923142457226874
GEN: 300
Individuo: 
[1.6245251685388054, 0.689904512042085, 2.2368906142062337, 3.042055302172113, 0.5761545527309626, 0.9573523964808056, 1.2380503464087553, 0.4004246901554995, 0.3232413766441135, 1.1050894654342294, 0.11450226765887773, 0.913722888341096, 0.2800716780908541, 0.7282733448070234, 0.12470975804363836, 0.8852607176873368, 0.3413398278906, 0.3587642688301627, 0.37970642329961907, 0.001884117068132003, 0.9757781636482966, 0.6281067179900383, 0.6689531759772618, 0.3223663359892056, 0.09189551801353099, 0.45281869827866705, 10.0, 1.9319618627501782, 10.0, 4.812383564616206, 1.9261986285028556, 6.096649688034091, 1.2748378922222756, 4.426337654734516, 3.9999760478533384, 0.6349285132432116, 1.8659478561905887, 5.068995912899043, 1.641219995125165, 1.3123820164301423, 1.344886583649263, 0.7214939639826465, 6.15459212015316, 5.386650856378744, 10.0, 3.0466222505291705, 3.8302033210281423, 6.329141371351806, 2.623351238329472, 1.7404349080965424, 9.042814112382128, 3.5818010024623224]
APTIDAO: 
50.90314967682867
GEN: 400
Individuo: 
[1.6245251685388054, 0.689904512042085, 2.6318357181987215, 2.6719697285962623, 0.5761545527309626, 0.8680826848026248, 1.2380503464087553, 0.4004246901554995, 0.3232413766441135, 1.1050894654342294, 0.11450226765887773, 0.913722888341096, 0.2800716780908541, 0.7135877242988372, 0.12470975804363836, 0.8852607176873368, 0.3413398278906, 0.3643024815671742, 0.26901509484414565, 0.0011903699075454315, 0.9757781636482966, 0.594945752446732, 0.6689531759772618, 0.238006325461587, 0.08396292726091928, 0.45281869827866705, 10.0, 1.9319618627501782, 9.972541930431603, 3.2724233378996908, 1.9261986285028556, 5.514774320419469, 1.2748378922222756, 4.426337654734516, 3.9999760478533384, 0.6349285132432116, 1.8659478561905887, 5.068995912899043, 1.641219995125165, 1.2385923672405215, 1.344886583649263, 0.7214939639826465, 6.15459212015316, 4.726378183504994, 8.4096643456963, 1.0091653666747988, 3.8302033210281423, 5.83689387743845, 2.623351238329472, 1.629614164679824, 6.688987645979998, 3.5818010024623224]
APTIDAO: 
48.92819492233089
GEN: 500
Individuo: 
[1.6245251685388054, 0.7463329872881406, 2.6318357181987215, 2.9645560034847165, 0.5761545527309626, 0.8680826848026248, 1.2380503464087553, 0.4004246901554995, 0.3232413766441135, 1.1050894654342294, 0.11450226765887773, 0.913722888341096, 0.25374039609225746, 0.7135877242988372, 0.12470975804363836, 0.8852607176873368, 0.3413398278906, 0.3057825459089219, 0.22533739110760312, 0.001191598984575057, 0.9757781636482966, 0.594945752446732, 0.6689531759772618, 0.238006325461587, 0.08396292726091928, 0.45281869827866705, 10.0, 1.2554749862991177, 9.972541930431603, 4.871884847627924, 1.9261986285028556, 5.514774320419469, 1.2748378922222756, 4.426337654734516, 3.9999760478533384, 0.6349285132432116, 1.8659478561905887, 5.068995912899043, 1.7297222648999102, 1.2385923672405215, 1.344886583649263, 0.7214939639826465, 6.15459212015316, 4.051713001752326, 4.071958086909776, 1.1333161991110314, 3.8302033210281423, 5.83689387743845, 2.623351238329472, 1.629614164679824, 6.688987645979998, 3.5818010024623224]
APTIDAO: 
46.614285882485675
GEN: 600
Individuo: 
[1.6245251685388054, 0.7463329872881406, 2.6318357181987215, 2.883635913342865, 0.5732938995115087, 0.8680826848026248, 1.2380503464087553, 0.4004246901554995, 0.3232413766441135, 1.1050894654342294, 0.11450226765887773, 0.9862162762483264, 0.25374039609225746, 0.6416636999765272, 0.05541008016740355, 0.7294066104413044, 0.3413398278906, 0.3057825459089219, 0.28588085187636486, 0.001279959070695204, 0.9757781636482966, 0.594945752446732, 0.8994160816243567, 0.238006325461587, 0.049128861875581575, 0.45737870846496925, 10.0, 1.2554749862991177, 9.972541930431603, 4.872255520925853, 2.219293862478123, 5.514774320419469, 1.2748378922222756, 4.426337654734516, 3.9999760478533384, 0.6349285132432116, 1.8659478561905887, 4.672681118833186, 1.7297222648999102, 0.8848870072900215, 0.9900950667443863, 0.4743291597424095, 6.15459212015316, 4.051713001752326, 4.360347364223897, 0.9749659707615846, 3.8302033210281423, 5.83689387743845, 1.8074589640622292, 1.629614164679824, 10.0, 1.5322324933622629]
APTIDAO: 
43.984432340971004
GEN: 700
Individuo: 
[1.6245251685388054, 0.7463329872881406, 3.202421877211363, 2.883635913342865, 0.5732938995115087, 0.8680826848026248, 1.2380503464087553, 0.4004246901554995, 0.3232413766441135, 1.1050894654342294, 0.11450226765887773, 0.9862162762483264, 0.1327605251312909, 0.4442985643633261, 0.04392039298543118, 0.7294066104413044, 0.3413398278906, 0.3057825459089219, 0.23476083812389836, 0.002650090089273708, 0.9510276329034364, 0.594945752446732, 0.8994160816243567, 0.05819490942283355, 0.049128861875581575, 0.45737870846496925, 10.0, 1.2554749862991177, 7.817843308078919, 4.872255520925853, 2.219293862478123, 5.514774320419469, 1.2748378922222756, 4.426337654734516, 3.9999760478533384, 0.6349285132432116, 1.8659478561905887, 4.672681118833186, 1.931008532006717, 1.786292192950603, 0.9933269403196066, 0.4743291597424095, 6.15459212015316, 4.051713001752326, 3.1803030800349634, 0.8976804879359317, 3.292734227247204, 5.83689387743845, 1.8074589640622292, 0.3002552128552419, 10.0, 1.5322324933622629]
APTIDAO: 
41.76092946980101
GEN: 800
Individuo: 
[1.6245251685388054, 0.7463329872881406, 3.202421877211363, 2.883635913342865, 0.5732938995115087, 0.8680826848026248, 1.2380503464087553, 0.4004246901554995, 0.3232413766441135, 1.1050894654342294, 0.11450226765887773, 0.9862162762483264, 0.1327605251312909, 0.4108728590372488, 0.04950916542324314, 0.7294066104413044, 0.3180621896266592, 0.23221260546181643, 0.23476083812389836, 0.0033115501786472124, 0.9510276329034364, 0.594945752446732, 0.8994160816243567, 0.05819490942283355, 0.049128861875581575, 0.45737870846496925, 10.0, 1.2554749862991177, 7.817843308078919, 4.872255520925853, 2.219293862478123, 5.514774320419469, 1.2748378922222756, 4.426337654734516, 3.9999760478533384, 0.6349285132432116, 1.8659478561905887, 4.672681118833186, 1.931008532006717, 1.5203625022996174, 0.7774802282515123, 0.4743291597424095, 5.33871094865307, 5.227520637957237, 3.1803030800349634, 1.4957822999331416, 3.292734227247204, 5.83689387743845, 1.8074589640622292, 0.3002552128552419, 10.0, 1.5322324933622629]
APTIDAO: 
40.57277838686678
GEN: 900
Individuo: 
[1.6245251685388054, 0.7463329872881406, 3.4336130996828818, 2.883635913342865, 0.5732938995115087, 0.8680826848026248, 1.2294634872434864, 0.4004246901554995, 0.3232413766441135, 1.1050894654342294, 0.11450226765887773, 0.9862162762483264, 0.09567171855880366, 0.4108728590372488, 0.04950916542324314, 0.7294066104413044, 0.27262191483905746, 0.23221260546181643, 0.23476083812389836, 0.007576534843383783, 0.9634785894834007, 0.594945752446732, 0.8994160816243567, 0.0016250630502388545, 0.0388043400555507, 0.45737870846496925, 10.0, 1.2554749862991177, 5.2993838113455, 4.872255520925853, 2.219293862478123, 5.514774320419469, 1.5731299297015584, 4.426337654734516, 3.9999760478533384, 0.6349285132432116, 1.8659478561905887, 4.672681118833186, 1.659464391940326, 1.5203625022996174, 0.7774802282515123, 0.4743291597424095, 8.808598377370764, 5.227520637957237, 3.1803030800349634, 1.4436533610327569, 2.75532320577047, 5.83689387743845, 1.8074589640622292, 0.6588673329216979, 6.100855588994873, 1.5322324933622629]
APTIDAO: 
37.61370645424704
GEN: 1000
Individuo: 
[1.6245251685388054, 0.7463329872881406, 3.4336130996828818, 2.883635913342865, 0.5732938995115087, 0.8680826848026248, 1.2294634872434864, 0.4004246901554995, 0.3232413766441135, 1.1050894654342294, 0.11450226765887773, 0.9862162762483264, 0.0917803011765584, 0.4108728590372488, 0.04950916542324314, 0.7294066104413044, 0.2562239041018919, 0.21794283691228453, 0.2508918028282966, 0.0022694607285034343, 0.9634785894834007, 0.594945752446732, 0.8994160816243567, 0.0013608505395206446, 0.02998341818104148, 0.45737870846496925, 10.0, 1.2554749862991177, 5.2993838113455, 4.872255520925853, 2.219293862478123, 5.514774320419469, 1.5731299297015584, 4.426337654734516, 3.9999760478533384, 0.6349285132432116, 1.8659478561905887, 4.672681118833186, 1.096802274759218, 1.5203625022996174, 0.7774802282515123, 0.4743291597424095, 10.0, 4.31981645897805, 2.6014718653051476, 0.8239139788705921, 2.75532320577047, 5.83689387743845, 1.8074589640622292, 1.1294496769976863, 5.913769419223735, 1.5322324933622629]
APTIDAO: 
36.57935287181471
GEN: 1100
Individuo: 
[1.6245251685388054, 0.7497317940722148, 3.4336130996828818, 2.883635913342865, 0.5732938995115087, 0.8680826848026248, 1.2294634872434864, 0.4004246901554995, 0.3569264086011026, 1.1050894654342294, 0.11450226765887773, 0.9862162762483264, 0.051197427605118875, 0.2878524461685395, 0.04950916542324314, 0.7294066104413044, 0.22877712671033634, 0.21794283691228453, 0.23095208420693358, 0.013187461564030282, 0.9634785894834007, 0.594945752446732, 0.9047428073754745, 0.0017516586592023296, 0.025088817954395225, 0.45737870846496925, 10.0, 0.7593791254028206, 5.2993838113455, 4.872255520925853, 2.219293862478123, 5.514774320419469, 1.5731299297015584, 4.426337654734516, 3.5347035614631097, 0.6349285132432116, 1.8659478561905887, 4.672681118833186, 0.5918635736242797, 1.388561666879177, 0.7774802282515123, 0.4743291597424095, 10.0, 4.31981645897805, 2.1696679796023304, 3.910307505221624, 2.75532320577047, 5.83689387743845, 2.976414247962215, 0.8798567104015468, 5.130812916482494, 1.5322324933622629]
APTIDAO: 
34.310144913122706
GEN: 1200
Individuo: 
[1.6245251685388054, 0.7497317940722148, 3.4336130996828818, 2.9182610041217174, 0.5732938995115087, 0.8680826848026248, 1.2412764158955107, 0.4004246901554995, 0.3569264086011026, 1.2402968128097807, 0.11450226765887773, 0.9862162762483264, 0.038942960476149674, 0.2513060195734156, 0.020514849139718558, 0.7294066104413044, 0.22877712671033634, 0.16814678309904482, 0.2514370419203022, 0.013187461564030282, 0.9634785894834007, 0.6028820296684999, 0.9047428073754745, 0.0013989523631031966, 0.025088817954395225, 0.45568175708202147, 10.0, 0.7593791254028206, 5.2993838113455, 2.7857926960096235, 2.219293862478123, 5.514774320419469, 2.3709663598728867, 4.426337654734516, 3.5347035614631097, 0.9571251281263982, 1.8659478561905887, 4.672681118833186, 0.6121216306186371, 0.9581890692743563, 0.9366951176453767, 0.4743291597424095, 10.0, 3.655461189164617, 3.379813156628571, 3.910307505221624, 2.75532320577047, 4.639981794488845, 2.976414247962215, 0.748006436218542, 5.130812916482494, 1.7951741292829038]
APTIDAO: 
32.18747520330772
GEN: 1300
Individuo: 
[1.6245251685388054, 0.7497317940722148, 3.4336130996828818, 2.9182610041217174, 0.5732938995115087, 0.8680826848026248, 1.2412764158955107, 0.4004246901554995, 0.3569264086011026, 1.2402968128097807, 0.11450226765887773, 0.9862162762483264, 0.032345757684880676, 0.19256198590126605, 0.020514849139718558, 0.7294066104413044, 0.22877712671033634, 0.16814678309904482, 0.2514370419203022, 0.01947648721131471, 0.9634785894834007, 0.6028820296684999, 0.9047428073754745, 0.0012770959715439221, 0.021880642672679113, 0.45568175708202147, 10.0, 0.7593791254028206, 5.2993838113455, 2.7857926960096235, 2.219293862478123, 5.514774320419469, 2.3709663598728867, 4.426337654734516, 3.5347035614631097, 0.9571251281263982, 1.8659478561905887, 4.672681118833186, 0.45165198911003, 0.5978714666511729, 0.9366951176453767, 0.4743291597424095, 10.0, 3.655461189164617, 3.379813156628571, 2.4156024936141707, 2.75532320577047, 4.639981794488845, 2.976414247962215, 0.6695022515943517, 7.471341316975849, 1.7951741292829038]
APTIDAO: 
31.457338448255655
GEN: 1400
Individuo: 
[1.6245251685388054, 0.7497317940722148, 3.4336130996828818, 2.9182610041217174, 0.5852716208022177, 0.8680826848026248, 1.2412764158955107, 0.4004246901554995, 0.3569264086011026, 1.2402968128097807, 0.11450226765887773, 0.9862162762483264, 0.004025449067754737, 0.11165208183294502, 0.024549833857393608, 0.7294066104413044, 0.22877712671033634, 0.19611665497268804, 0.2546291090611497, 0.010119502651549402, 0.9578601655679483, 0.6028820296684999, 0.9047428073754745, 0.0012736236969682405, 0.021880642672679113, 0.455012289212544, 10.0, 0.7593791254028206, 5.2993838113455, 2.7857926960096235, 1.8059640839444169, 5.514774320419469, 2.3709663598728867, 4.426337654734516, 3.5347035614631097, 0.9571251281263982, 1.8659478561905887, 4.672681118833186, 0.4845675795059148, 0.8931906246706343, 0.9678608968734563, 0.4743291597424095, 10.0, 2.661417361035734, 2.744303105348252, 3.106840587942815, 2.2518552011822712, 4.639981794488845, 2.976414247962215, 1.3830329699110995, 7.471341316975849, 2.6665356534798077]
APTIDAO: 
30.795868811499435
GEN: 1500
Individuo: 
[1.6245251685388054, 0.787281217508096, 3.4336130996828818, 2.9182610041217174, 0.5852716208022177, 0.8680826848026248, 1.2412764158955107, 0.4004246901554995, 0.3569264086011026, 1.2402968128097807, 0.11450226765887773, 0.9862162762483264, 0.005592495487292047, 0.09127010762319838, 0.023890243402740832, 0.7294066104413044, 0.22877712671033634, 0.19611665497268804, 0.2546291090611497, 0.03881466084772347, 0.9578601655679483, 0.6028820296684999, 0.9047428073754745, 0.0019342070540322822, 0.021880642672679113, 0.455012289212544, 10.0, 0.6299376348849233, 5.2993838113455, 2.7857926960096235, 1.8059640839444169, 5.514774320419469, 2.3709663598728867, 4.426337654734516, 3.5347035614631097, 0.9571251281263982, 1.8659478561905887, 4.672681118833186, 1.6670061438485342, 0.750259397315, 1.737483123594427, 0.4743291597424095, 10.0, 2.661417361035734, 2.744303105348252, 2.473485620508433, 2.2518552011822712, 4.639981794488845, 2.976414247962215, 1.1689923385510115, 7.471341316975849, 2.6665356534798077]
APTIDAO: 
29.134426344870384
GEN: 1600
Individuo: 
[1.6245251685388054, 0.787281217508096, 3.4336130996828818, 2.9182610041217174, 0.5852716208022177, 0.8680826848026248, 1.2412764158955107, 0.4004246901554995, 0.3569264086011026, 1.2402968128097807, 0.11450226765887773, 0.9862162762483264, 0.005570072192835301, 0.09127010762319838, 0.023890243402740832, 0.7294066104413044, 0.22102793089694686, 0.19611665497268804, 0.2546291090611497, 0.03881466084772347, 0.9578601655679483, 0.6028820296684999, 0.9047428073754745, 0.0014418507542539095, 0.021880642672679113, 0.455012289212544, 10.0, 0.6299376348849233, 5.2993838113455, 2.7857926960096235, 1.8059640839444169, 5.514774320419469, 2.3709663598728867, 4.426337654734516, 3.5347035614631097, 0.9571251281263982, 1.8659478561905887, 4.672681118833186, 0.7647592279269787, 0.750259397315, 1.737483123594427, 0.4743291597424095, 7.1562323148309055, 2.661417361035734, 2.744303105348252, 2.473485620508433, 2.2518552011822712, 4.639981794488845, 2.976414247962215, 1.028222002132248, 7.471341316975849, 2.6665356534798077]
APTIDAO: 
29.104008703873788
GEN: 1700
Individuo: 
[1.6245251685388054, 0.787281217508096, 3.4336130996828818, 2.9182610041217174, 0.5852716208022177, 0.8680826848026248, 1.2412764158955107, 0.4004246901554995, 0.3569264086011026, 1.2402968128097807, 0.11450226765887773, 0.9862162762483264, 0.005584816707868843, 0.09127010762319838, 0.023890243402740832, 0.7294066104413044, 0.22102793089694686, 0.19611665497268804, 0.2546291090611497, 0.03881466084772347, 0.9578601655679483, 0.6028820296684999, 0.9047428073754745, 0.0014418507542539095, 0.021880642672679113, 0.455012289212544, 10.0, 0.6299376348849233, 5.2993838113455, 2.7857926960096235, 1.8059640839444169, 5.514774320419469, 2.3709663598728867, 4.426337654734516, 3.5347035614631097, 0.9571251281263982, 1.8659478561905887, 4.672681118833186, 1.0464424936708907, 0.750259397315, 1.737483123594427, 0.4743291597424095, 7.1562323148309055, 2.661417361035734, 2.744303105348252, 2.473485620508433, 2.2518552011822712, 4.639981794488845, 2.976414247962215, 1.028222002132248, 7.471341316975849, 2.6665356534798077]
APTIDAO: 
29.103608437284866
GEN: 1800
Individuo: 
[1.6245251685388054, 0.787281217508096, 3.4336130996828818, 2.9207366640217853, 0.5852716208022177, 0.8680826848026248, 1.2412764158955107, 0.4004246901554995, 0.36053924263353865, 1.2402968128097807, 0.11505093098198073, 0.9862162762483264, 0.006121111655220793, 0.10342918865203471, 0.023890243402740832, 0.7294066104413044, 0.22102793089694686, 0.19611665497268804, 0.2546291090611497, 0.03881466084772347, 0.9578601655679483, 0.6028820296684999, 0.9047428073754745, 0.017207509333866486, 0.021880642672679113, 0.455012289212544, 10.0, 0.6299376348849233, 5.2993838113455, 1.0055613760756459, 1.8059640839444169, 5.514774320419469, 2.3709663598728867, 4.426337654734516, 3.1647331829471943, 0.9571251281263982, 1.5212532481711971, 4.672681118833186, 1.2824665218838083, 0.8676673903538936, 1.737483123594427, 0.4743291597424095, 7.1562323148309055, 2.661417361035734, 2.744303105348252, 2.473485620508433, 2.2518552011822712, 4.639981794488845, 2.976414247962215, 2.1571495656169564, 7.471341316975849, 2.6665356534798077]
APTIDAO: 
29.280327350082143
GEN: 1900
Individuo: 
[1.6245251685388054, 0.787281217508096, 3.4336130996828818, 2.9207366640217853, 0.5852716208022177, 0.8680826848026248, 1.2412764158955107, 0.4004246901554995, 0.36053924263353865, 1.2402968128097807, 0.11505093098198073, 0.9862162762483264, 0.006804671616631699, 0.09746019624956455, 0.023890243402740832, 0.7294066104413044, 0.21221800933769486, 0.19611665497268804, 0.2546291090611497, 0.03881466084772347, 0.9578601655679483, 0.6028820296684999, 0.9077439089704813, 0.014418783522287095, 0.021880642672679113, 0.455012289212544, 10.0, 0.6299376348849233, 5.2993838113455, 1.0055613760756459, 1.8059640839444169, 5.514774320419469, 2.3709663598728867, 4.426337654734516, 3.1647331829471943, 0.9571251281263982, 1.5212532481711971, 4.672681118833186, 0.46329717262459946, 1.0670070314049334, 1.737483123594427, 0.4743291597424095, 6.397110638683475, 2.661417361035734, 2.744303105348252, 2.473485620508433, 2.2518552011822712, 4.639981794488845, 3.1621644581927977, 2.5799835263611555, 7.471341316975849, 2.6665356534798077]
APTIDAO: 
29.09281840326597
GEN: 2000
Individuo: 
[1.6245251685388054, 1.0528522527734556, 2.3815550832051464, 3.178246200805216, 0.5852716208022177, 0.8680826848026248, 1.2412764158955107, 0.4004246901554995, 0.36053924263353865, 1.2402968128097807, 0.11505093098198073, 0.9862162762483264, 0.0028581787405289635, 0.09576291414806734, 0.01911196055591454, 0.7294066104413044, 0.21221800933769486, 0.19611665497268804, 0.2546291090611497, 0.03057883100978743, 0.9578601655679483, 0.6028820296684999, 0.9077439089704813, 0.002116872972970526, 0.021880642672679113, 0.455012289212544, 10.0, 0.7298870493835995, 3.1798755299919073, 0.9898742140799448, 1.8059640839444169, 5.514774320419469, 2.3709663598728867, 4.426337654734516, 3.1647331829471943, 0.9571251281263982, 1.5212532481711971, 4.672681118833186, 0.5552200450362474, 0.7280374553668261, 1.7091112138364957, 0.4743291597424095, 6.397110638683475, 2.661417361035734, 2.744303105348252, 2.473385342228438, 2.2518552011822712, 4.639981794488845, 3.1621644581927977, 1.7687658952468164, 7.471341316975849, 2.6665356534798077]
APTIDAO: 
27.47091279856179
GEN: 2100
Individuo: 
[1.6245251685388054, 1.0528522527734556, 2.3815550832051464, 3.178246200805216, 0.5852716208022177, 0.8680826848026248, 1.2412764158955107, 0.4004246901554995, 0.36053924263353865, 1.2402968128097807, 0.11505093098198073, 0.9862162762483264, 0.001825854825962559, 0.07646489288654348, 0.01911196055591454, 0.7294066104413044, 0.21221800933769486, 0.19611665497268804, 0.2546291090611497, 0.03057883100978743, 0.9578601655679483, 0.6028820296684999, 0.9341537136922642, 0.005442896479109948, 0.021880642672679113, 0.455012289212544, 10.0, 0.7298870493835995, 3.1798755299919073, 0.9898742140799448, 1.8059640839444169, 5.514774320419469, 2.3709663598728867, 4.426337654734516, 3.1647331829471943, 0.9571251281263982, 1.5212532481711971, 4.672681118833186, 1.066409223879614, 0.6036701457292616, 1.7091112138364957, 0.4743291597424095, 6.397110638683475, 2.661417361035734, 2.744303105348252, 2.473385342228438, 2.2518552011822712, 4.639981794488845, 1.862647624723179, 1.007829698158735, 7.471341316975849, 2.6665356534798077]
APTIDAO: 
26.987897821640903
GEN: 2200
Individuo: 
[1.6245251685388054, 1.058963715208007, 2.3822422305005144, 3.178246200805216, 0.5852716208022177, 0.8680826848026248, 1.2412764158955107, 0.4004246901554995, 0.36053924263353865, 1.2402968128097807, 0.1143026230470122, 0.9862162762483264, 0.001229409951938165, 0.07290396333945913, 0.01911196055591454, 0.7294066104413044, 0.21221800933769486, 0.19611665497268804, 0.2546291090611497, 0.03057883100978743, 0.9578601655679483, 0.6028820296684999, 0.9341537136922642, 0.005936509284272639, 0.021880642672679113, 0.455012289212544, 10.0, 0.8851717022116431, 3.5949630504858434, 0.9898742140799448, 1.8059640839444169, 5.514774320419469, 2.3709663598728867, 4.426337654734516, 3.1647331829471943, 0.9571251281263982, 1.3410390755968324, 4.672681118833186, 0.6046280682451916, 0.6613376346806024, 1.7091112138364957, 0.4743291597424095, 6.397110638683475, 2.661417361035734, 2.744303105348252, 2.473385342228438, 2.2518552011822712, 4.639981794488845, 1.862647624723179, 0.7722784296767302, 7.471341316975849, 2.6665356534798077]
APTIDAO: 
26.964938809542282
GEN: 2300
Individuo: 
[1.6245251685388054, 1.058963715208007, 2.3822422305005144, 3.178246200805216, 0.5852716208022177, 0.8680826848026248, 1.2478774032461475, 0.4004246901554995, 0.36053924263353865, 1.2402968128097807, 0.1143026230470122, 0.9862162762483264, 0.0016528602461680516, 0.07290396333945913, 0.01911196055591454, 0.7294066104413044, 0.21221800933769486, 0.19611665497268804, 0.2546291090611497, 0.03057883100978743, 0.9578601655679483, 0.6028820296684999, 0.9341537136922642, 0.008762575191846833, 0.021880642672679113, 0.455012289212544, 10.0, 0.8851717022116431, 3.5949630504858434, 0.9898742140799448, 1.8059640839444169, 5.514774320419469, 3.6552737991737208, 4.426337654734516, 3.1647331829471943, 0.9571251281263982, 1.3410390755968324, 4.672681118833186, 1.0308844719291312, 0.6613376346806024, 1.7091112138364957, 0.4743291597424095, 6.397110638683475, 2.661417361035734, 2.744303105348252, 2.473385342228438, 2.2518552011822712, 4.639981794488845, 1.862647624723179, 0.9325957249307975, 7.471341316975849, 2.6665356534798077]
APTIDAO: 
26.923750014926096
GEN: 2400
Individuo: 
[1.6245251685388054, 1.058963715208007, 2.3822422305005144, 3.178246200805216, 0.5852716208022177, 0.8680826848026248, 1.2478774032461475, 0.4033300825927637, 0.36053924263353865, 1.2402968128097807, 0.1143026230470122, 0.9862162762483264, 0.0018416859043776362, 0.07290396333945913, 0.01911196055591454, 0.7294066104413044, 0.21221800933769486, 0.19611665497268804, 0.2546291090611497, 0.031375615338914024, 0.9578601655679483, 0.6028820296684999, 0.9341537136922642, 0.008762575191846833, 0.021880642672679113, 0.455012289212544, 10.0, 0.8851717022116431, 3.5949630504858434, 0.9898742140799448, 1.8059640839444169, 5.514774320419469, 3.6552737991737208, 3.034508472160017, 3.1647331829471943, 0.9571251281263982, 1.3410390755968324, 4.672681118833186, 0.5815485580172342, 0.6613376346806024, 1.7091112138364957, 0.4743291597424095, 6.397110638683475, 2.661417361035734, 2.744303105348252, 2.8708531618484745, 2.2518552011822712, 4.639981794488845, 1.862647624723179, 0.9325957249307975, 7.471341316975849, 2.6665356534798077]
APTIDAO: 
26.90824522259361
GEN: 2500
Individuo: 
[1.6245251685388054, 1.058963715208007, 2.3822422305005144, 3.178246200805216, 0.5852716208022177, 0.8680826848026248, 1.2478774032461475, 0.4033300825927637, 0.36053924263353865, 1.2402968128097807, 0.1143026230470122, 0.9862162762483264, 0.0016640820867159594, 0.07290396333945913, 0.01911196055591454, 0.7294066104413044, 0.21221800933769486, 0.19611665497268804, 0.2546291090611497, 0.031375615338914024, 0.9578601655679483, 0.6028820296684999, 0.9341537136922642, 0.00887576293093891, 0.021880642672679113, 0.455012289212544, 10.0, 0.8851717022116431, 3.5949630504858434, 0.9898742140799448, 1.8059640839444169, 5.514774320419469, 3.6552737991737208, 3.034508472160017, 3.1647331829471943, 0.9571251281263982, 1.3410390755968324, 4.672681118833186, 0.5162717937152453, 0.6613376346806024, 1.7091112138364957, 0.4743291597424095, 6.397110638683475, 2.661417361035734, 2.744303105348252, 2.8708531618484745, 2.2518552011822712, 4.639981794488845, 1.862647624723179, 0.8794425509835051, 7.471341316975849, 2.6665356534798077]
APTIDAO: 
26.904757030160173
GEN: 2600
Individuo: 
[1.6245251685388054, 1.058963715208007, 2.3822422305005144, 3.178246200805216, 0.5852716208022177, 0.8680826848026248, 1.2478774032461475, 0.4033300825927637, 0.36053924263353865, 1.2402968128097807, 0.1143026230470122, 0.9862162762483264, 0.0016640820867159594, 0.07290396333945913, 0.01911196055591454, 0.7294066104413044, 0.21221800933769486, 0.19611665497268804, 0.2546291090611497, 0.032107473376163646, 0.9578601655679483, 0.6028820296684999, 0.9341537136922642, 0.00887576293093891, 0.021880642672679113, 0.455012289212544, 10.0, 0.8851717022116431, 3.5949630504858434, 0.9898742140799448, 1.8059640839444169, 5.514774320419469, 3.6552737991737208, 3.034508472160017, 3.1647331829471943, 0.9571251281263982, 1.3410390755968324, 4.672681118833186, 0.5162717937152453, 0.6613376346806024, 1.7091112138364957, 0.4743291597424095, 6.397110638683475, 2.661417361035734, 2.744303105348252, 2.7147502918492346, 2.2518552011822712, 4.639981794488845, 1.862647624723179, 0.8794425509835051, 7.471341316975849, 2.6665356534798077]
APTIDAO: 
26.90222603629814
GEN: 2700
Individuo: 
[1.6245251685388054, 1.0386919765252518, 2.3822422305005144, 3.178246200805216, 0.5852716208022177, 0.8680826848026248, 1.2478774032461475, 0.4033300825927637, 0.36053924263353865, 1.2402968128097807, 0.1143026230470122, 0.9862162762483264, 0.0016640820867159594, 0.07290396333945913, 0.01911196055591454, 0.7294066104413044, 0.21221800933769486, 0.20036393084636592, 0.2546291090611497, 0.032107473376163646, 0.9683596222012404, 0.6048280185341526, 0.941063097144119, 0.008366760058247904, 0.021880642672679113, 0.455012289212544, 10.0, 0.506597730343544, 3.5949630504858434, 0.9898742140799448, 1.8059640839444169, 5.514774320419469, 3.6552737991737208, 3.034508472160017, 3.1647331829471943, 0.9571251281263982, 1.3410390755968324, 4.672681118833186, 0.5162717937152453, 0.6613376346806024, 1.7091112138364957, 0.4743291597424095, 6.397110638683475, 4.645335621561744, 2.744303105348252, 2.7147502918492346, 3.1609603836164966, 8.453989673565358, 1.5688694574617161, 1.0709860386957575, 7.471341316975849, 2.6665356534798077]
APTIDAO: 
27.048064278563665
GEN: 2800
Individuo: 
[1.6245251685388054, 1.0386919765252518, 2.3822422305005144, 3.178246200805216, 0.5852716208022177, 0.8680826848026248, 1.2478774032461475, 0.4033300825927637, 0.36053924263353865, 1.2402968128097807, 0.1143210765424051, 0.9862162762483264, 0.0010781568855485182, 0.07290396333945913, 0.019276211820492734, 0.7294066104413044, 0.21221800933769486, 0.20036393084636592, 0.2546291090611497, 0.03519975731433244, 0.9683596222012404, 0.6048280185341526, 0.941063097144119, 0.006878417905758, 0.022576491081475268, 0.455012289212544, 10.0, 0.506597730343544, 3.5949630504858434, 0.9898742140799448, 1.8059640839444169, 5.514774320419469, 3.6552737991737208, 3.034508472160017, 3.1647331829471943, 0.9571251281263982, 1.5372103832295956, 4.672681118833186, 0.6238136776519819, 0.6613376346806024, 1.4009332743578593, 0.4743291597424095, 6.397110638683475, 4.645335621561744, 2.744303105348252, 2.4568829669582226, 3.1609603836164966, 8.453989673565358, 1.5688694574617161, 0.8671713613698576, 6.374555947334376, 2.6665356534798077]
APTIDAO: 
26.985806398435926
GEN: 2900
Individuo: 
[1.6245251685388054, 1.0386919765252518, 2.3822422305005144, 3.178246200805216, 0.5852716208022177, 0.8680826848026248, 1.2478774032461475, 0.4033300825927637, 0.36053924263353865, 1.2402968128097807, 0.1143210765424051, 0.9862162762483264, 0.0010225644123190338, 0.07290396333945913, 0.019299391112475365, 0.7294066104413044, 0.21221800933769486, 0.20036393084636592, 0.2546291090611497, 0.03519975731433244, 0.9683596222012404, 0.6048280185341526, 0.941063097144119, 0.006426020507028882, 0.022576491081475268, 0.455012289212544, 10.0, 0.506597730343544, 3.5949630504858434, 0.9898742140799448, 1.8059640839444169, 5.514774320419469, 3.6552737991737208, 3.034508472160017, 3.1647331829471943, 0.9571251281263982, 1.5372103832295956, 4.672681118833186, 0.9039424019385229, 0.6613376346806024, 1.6771608050924036, 0.4743291597424095, 6.397110638683475, 4.645335621561744, 2.744303105348252, 2.4568829669582226, 3.1609603836164966, 8.453989673565358, 1.5688694574617161, 1.2615460863036512, 6.374555947334376, 2.6665356534798077]
APTIDAO: 
26.979610026454626
GEN: 3000
Individuo: 
[1.6245251685388054, 1.0386919765252518, 2.3822422305005144, 3.178246200805216, 0.5852716208022177, 0.8680826848026248, 1.2478774032461475, 0.4033300825927637, 0.36053924263353865, 1.2402968128097807, 0.1143210765424051, 0.9862162762483264, 0.0010225644123190338, 0.07290396333945913, 0.019299391112475365, 0.7294066104413044, 0.21221800933769486, 0.20036393084636592, 0.2546291090611497, 0.03519975731433244, 0.9683596222012404, 0.6048280185341526, 0.941063097144119, 0.006426020507028882, 0.022576491081475268, 0.455012289212544, 10.0, 0.506597730343544, 3.5949630504858434, 0.9898742140799448, 1.8059640839444169, 5.514774320419469, 3.6552737991737208, 3.034508472160017, 3.1647331829471943, 0.9571251281263982, 1.5372103832295956, 4.672681118833186, 0.9039424019385229, 0.6613376346806024, 1.6771608050924036, 0.4743291597424095, 6.397110638683475, 4.645335621561744, 2.744303105348252, 2.4568829669582226, 3.1609603836164966, 8.453989673565358, 1.5688694574617161, 1.2615460863036512, 6.374555947334376, 2.6665356534798077]
APTIDAO: 
26.979610026454626
GEN: 3100
Individuo: 
[1.6245251685388054, 1.0386919765252518, 2.3822422305005144, 3.178246200805216, 0.5852716208022177, 0.8680826848026248, 1.2478774032461475, 0.40830320324097463, 0.36053924263353865, 1.2402968128097807, 0.1143210765424051, 0.9862162762483264, 0.0010225644123190338, 0.06971644833185575, 0.019582765154252023, 0.7294066104413044, 0.21221800933769486, 0.20036393084636592, 0.2546291090611497, 0.03519975731433244, 0.9666702000931686, 0.6048280185341526, 0.941063097144119, 0.010091579734061223, 0.022576491081475268, 0.455012289212544, 10.0, 0.506597730343544, 3.5949630504858434, 0.9898742140799448, 1.8059640839444169, 5.514774320419469, 3.6552737991737208, 4.715265230489793, 3.1647331829471943, 0.9571251281263982, 1.5372103832295956, 4.672681118833186, 0.9039424019385229, 0.4792362963203055, 3.1283235553729916, 0.4743291597424095, 6.397110638683475, 4.645335621561744, 2.744303105348252, 2.4568829669582226, 2.584382993163319, 8.453989673565358, 1.5688694574617161, 1.600558178325242, 6.374555947334376, 2.6665356534798077]
APTIDAO: 
27.068464841494837
GEN: 3200
Individuo: 
[1.6245251685388054, 1.0386919765252518, 2.3822422305005144, 3.178246200805216, 0.5852716208022177, 0.8680826848026248, 1.2478774032461475, 0.40830320324097463, 0.36053924263353865, 1.2402968128097807, 0.1143210765424051, 0.9862162762483264, 0.0010225644123190338, 0.07303958530488255, 0.019582765154252023, 0.7294066104413044, 0.21221800933769486, 0.20036393084636592, 0.2546291090611497, 0.03519975731433244, 0.9666702000931686, 0.6046793240952985, 0.941063097144119, 0.01022348127945359, 0.022576491081475268, 0.455012289212544, 10.0, 0.506597730343544, 3.5949630504858434, 0.9898742140799448, 1.8059640839444169, 5.514774320419469, 3.6552737991737208, 4.715265230489793, 3.1647331829471943, 0.9571251281263982, 1.5372103832295956, 4.672681118833186, 0.9039424019385229, 0.5920973112154532, 3.1283235553729916, 0.4743291597424095, 6.397110638683475, 4.645335621561744, 2.744303105348252, 2.4568829669582226, 2.584382993163319, 9.958857655669915, 1.5688694574617161, 1.3831017915739066, 6.374555947334376, 2.6665356534798077]
APTIDAO: 
26.965540868659243
GEN: 3300
Individuo: 
[1.6245251685388054, 1.1562023867187312, 2.3822422305005144, 3.178246200805216, 0.5852716208022177, 0.8680826848026248, 1.2478774032461475, 0.40830320324097463, 0.36053924263353865, 1.2402968128097807, 0.1143210765424051, 0.9862162762483264, 0.0022481179000132068, 0.07303958530488255, 0.019582765154252023, 0.7294066104413044, 0.21221800933769486, 0.20036393084636592, 0.2546291090611497, 0.03519975731433244, 0.9666702000931686, 0.6307737139520213, 0.941063097144119, 0.03918041811598038, 0.022576491081475268, 0.455012289212544, 10.0, 0.6719573913443445, 3.5949630504858434, 0.9898742140799448, 1.8059640839444169, 5.514774320419469, 3.6552737991737208, 4.715265230489793, 3.1647331829471943, 0.9571251281263982, 1.5372103832295956, 4.672681118833186, 1.4040466101777045, 0.5920973112154532, 3.1283235553729916, 0.4743291597424095, 6.397110638683475, 4.645335621561744, 2.744303105348252, 2.4568829669582226, 2.584382993163319, 10.0, 1.5688694574617161, 1.8072573094828397, 6.374555947334376, 2.6665356534798077]
APTIDAO: 
26.64668977372028
GEN: 3400
Individuo: 
[1.6245251685388054, 1.1562023867187312, 2.3822422305005144, 3.178246200805216, 0.5852716208022177, 0.8680826848026248, 1.2478774032461475, 0.40830320324097463, 0.36053924263353865, 1.2402968128097807, 0.1143210765424051, 0.9862162762483264, 0.0022498544639667313, 0.07303958530488255, 0.018815503205376307, 0.7294066104413044, 0.21221800933769486, 0.20036393084636592, 0.2546291090611497, 0.019237784544278685, 0.9666702000931686, 0.6307737139520213, 0.941063097144119, 0.03721913688970089, 0.022576491081475268, 0.455012289212544, 10.0, 0.6719573913443445, 3.5949630504858434, 0.9898742140799448, 1.8059640839444169, 5.514774320419469, 3.6552737991737208, 4.715265230489793, 3.1647331829471943, 0.9571251281263982, 1.5372103832295956, 4.672681118833186, 0.6975131736379818, 0.5920973112154532, 3.244350394337848, 0.4743291597424095, 6.397110638683475, 4.645335621561744, 2.744303105348252, 4.783373936042266, 2.584382993163319, 10.0, 1.5688694574617161, 1.890669485912379, 6.374555947334376, 2.6665356534798077]
APTIDAO: 
26.581381663720208
GEN: 3500
Individuo: 
[1.6245251685388054, 1.1987868355750921, 2.3822422305005144, 3.178246200805216, 0.5852716208022177, 0.8680826848026248, 1.2478774032461475, 0.40830320324097463, 0.36053924263353865, 1.2402968128097807, 0.1143210765424051, 0.9862162762483264, 0.0018648296740101003, 0.09417198305686787, 0.018815503205376307, 0.7294066104413044, 0.21221800933769486, 0.20036393084636592, 0.2187589597214982, 0.020596377043214535, 0.9666702000931686, 0.6307737139520213, 0.941063097144119, 0.046152255803847984, 0.034346862600039774, 0.45335756821845485, 10.0, 1.0732142273144119, 3.5949630504858434, 0.9898742140799448, 1.8059640839444169, 5.514774320419469, 3.6552737991737208, 4.715265230489793, 3.1647331829471943, 0.9571251281263982, 1.5372103832295956, 4.672681118833186, 1.1492257186318748, 0.5858645409883618, 3.244350394337848, 0.4743291597424095, 6.397110638683475, 4.645335621561744, 2.971855041905171, 4.674869079203649, 2.584382993163319, 10.0, 1.5688694574617161, 1.5610865307330857, 8.45705219522987, 3.1404512291890994]
APTIDAO: 
25.78183190577351
GEN: 3600
Individuo: 
[1.6245251685388054, 1.1987868355750921, 2.3822422305005144, 3.178246200805216, 0.5852716208022177, 0.8680826848026248, 1.2478774032461475, 0.40830320324097463, 0.36053924263353865, 1.2402968128097807, 0.1143210765424051, 0.9862162762483264, 0.0034614607130330002, 0.08665603656934932, 0.018582396720258024, 0.7294066104413044, 0.21221800933769486, 0.20312698097163323, 0.2187589597214982, 0.020596377043214535, 0.9666702000931686, 0.6307737139520213, 0.941063097144119, 0.05548327730763437, 0.034346862600039774, 0.45335756821845485, 10.0, 1.0732142273144119, 3.5949630504858434, 0.9898742140799448, 1.8059640839444169, 5.514774320419469, 3.6552737991737208, 4.715265230489793, 3.1647331829471943, 0.9571251281263982, 1.5372103832295956, 4.672681118833186, 2.2869883901208437, 0.6992299671347673, 2.5571361989458494, 0.4743291597424095, 6.397110638683475, 5.504352956825959, 2.971855041905171, 4.674869079203649, 2.584382993163319, 10.0, 1.5688694574617161, 0.9202535490739251, 8.45705219522987, 3.1404512291890994]
APTIDAO: 
25.52500496884695
GEN: 3700
Individuo: 
[1.6245251685388054, 1.1987868355750921, 2.3822422305005144, 2.8993584127992444, 0.5852716208022177, 0.8680826848026248, 1.2478774032461475, 0.40830320324097463, 0.36053924263353865, 1.2402968128097807, 0.1143210765424051, 0.9862162762483264, 0.0020867002380749373, 0.1028960574121416, 0.018582396720258024, 0.7294066104413044, 0.21221800933769486, 0.17047610224735416, 0.2187589597214982, 0.020596377043214535, 0.9666702000931686, 0.6307737139520213, 0.941063097144119, 0.013611349315890375, 0.034346862600039774, 0.45335756821845485, 10.0, 1.0732142273144119, 3.5949630504858434, 0.727519252444645, 1.8059640839444169, 5.514774320419469, 3.6552737991737208, 4.715265230489793, 3.1647331829471943, 0.9571251281263982, 1.5372103832295956, 4.672681118833186, 3.8788467278766996, 0.5808633683089223, 2.5571361989458494, 0.4743291597424095, 6.397110638683475, 5.982834462762424, 2.971855041905171, 4.674869079203649, 2.584382993163319, 10.0, 1.5688694574617161, 0.6745797536333042, 8.45705219522987, 3.1404512291890994]
APTIDAO: 
25.98269761132344
GEN: 3800
Individuo: 
[1.6245251685388054, 1.1987868355750921, 2.3822422305005144, 2.8993584127992444, 0.5886934811801354, 0.8680826848026248, 1.2478774032461475, 0.40830320324097463, 0.36053924263353865, 1.2402968128097807, 0.1143210765424051, 0.9862162762483264, 0.0037319794927824115, 0.10614962895720184, 0.018582396720258024, 0.7294066104413044, 0.21221800933769486, 0.220067861689374, 0.2187589597214982, 0.024210242944340172, 0.9666702000931686, 0.6307737139520213, 0.941063097144119, 0.00881245291122353, 0.034346862600039774, 0.45335756821845485, 10.0, 1.0732142273144119, 3.5949630504858434, 0.727519252444645, 1.4672882897036468, 5.514774320419469, 3.6552737991737208, 4.715265230489793, 3.1647331829471943, 0.9571251281263982, 1.5372103832295956, 4.672681118833186, 4.446602371737286, 1.1297226658868198, 2.5571361989458494, 0.4743291597424095, 6.397110638683475, 3.2459439257343687, 2.971855041905171, 3.6139248022654438, 2.584382993163319, 10.0, 1.5688694574617161, 1.1856834791318542, 8.45705219522987, 3.1404512291890994]
APTIDAO: 
25.85709465614664
GEN: 3900
Individuo: 
[1.6245251685388054, 1.1987868355750921, 2.3822422305005144, 2.8993584127992444, 0.5886934811801354, 0.8680826848026248, 1.2478774032461475, 0.40830320324097463, 0.36053924263353865, 1.2402968128097807, 0.1143210765424051, 0.9862162762483264, 0.005376144670048589, 0.10614962895720184, 0.018582396720258024, 0.7224285546647384, 0.21221800933769486, 0.21659188645700508, 0.2187589597214982, 0.024210242944340172, 0.9666702000931686, 0.6307737139520213, 0.941063097144119, 0.014348540362578831, 0.034346862600039774, 0.45335756821845485, 10.0, 1.0732142273144119, 3.5949630504858434, 0.727519252444645, 1.4672882897036468, 5.514774320419469, 3.6552737991737208, 4.715265230489793, 3.1647331829471943, 0.9571251281263982, 1.5372103832295956, 4.672681118833186, 3.7657816259642374, 1.1297226658868198, 2.5571361989458494, 0.5311149324281087, 6.397110638683475, 2.5459166919924097, 2.971855041905171, 3.6139248022654438, 2.584382993163319, 10.0, 1.5688694574617161, 1.2330729462970036, 8.45705219522987, 3.1404512291890994]
APTIDAO: 
25.82390073605182
GEN: 4000
Individuo: 
[1.6245251685388054, 1.1987868355750921, 2.3822422305005144, 2.893843854215197, 0.5805522180771198, 0.8011676293562783, 1.2580528447236878, 0.40830320324097463, 0.36053924263353865, 1.2402968128097807, 0.1143210765424051, 0.9862162762483264, 0.004457728534524249, 0.05772927061037181, 0.018582396720258024, 0.7224285546647384, 0.21221800933769486, 0.21659188645700508, 0.2187589597214982, 0.024210242944340172, 0.9666702000931686, 0.6307737139520213, 0.941063097144119, 0.012707275455683509, 0.034346862600039774, 0.45335756821845485, 10.0, 1.0732142273144119, 3.5949630504858434, 0.47509341636919306, 2.283339778613851, 3.784573742940412, 3.2808386685281925, 4.715265230489793, 3.1647331829471943, 0.9571251281263982, 1.5372103832295956, 4.672681118833186, 5.370746956518162, 1.6068592314842693, 2.5571361989458494, 0.5311149324281087, 6.397110638683475, 2.5459166919924097, 2.971855041905171, 3.6139248022654438, 2.584382993163319, 10.0, 1.5688694574617161, 1.0657245099126484, 8.45705219522987, 3.1404512291890994]
APTIDAO: 
25.590605611302564
GEN: 4100
Individuo: 
[1.6245251685388054, 1.1987868355750921, 2.3822422305005144, 2.893843854215197, 0.5805522180771198, 0.8011676293562783, 1.2580528447236878, 0.40830320324097463, 0.36053924263353865, 1.2402968128097807, 0.1143210765424051, 0.9862162762483264, 0.0033982318557760683, 0.05772927061037181, 0.018582396720258024, 0.7224285546647384, 0.2509225887257726, 0.21659188645700508, 0.23423608644047383, 0.05521265703216573, 0.9666702000931686, 0.6307737139520213, 0.941063097144119, 0.019689544687015274, 0.034346862600039774, 0.45335756821845485, 10.0, 1.0732142273144119, 3.5949630504858434, 0.47509341636919306, 2.283339778613851, 3.784573742940412, 3.2808386685281925, 4.715265230489793, 3.1647331829471943, 0.9571251281263982, 1.5372103832295956, 4.672681118833186, 3.3143210977167574, 1.6068592314842693, 2.5571361989458494, 0.5311149324281087, 3.6340138962447304, 2.5459166919924097, 2.5636079803233662, 2.1457000540397875, 2.584382993163319, 10.0, 1.5688694574617161, 1.5484087586908841, 8.45705219522987, 3.1404512291890994]
APTIDAO: 
25.425247197713226
GEN: 4200
Individuo: 
[1.6064487422275582, 1.1987868355750921, 2.3822422305005144, 2.893843854215197, 0.5805522180771198, 0.8011676293562783, 1.2580528447236878, 0.3975446547214911, 0.36053924263353865, 1.2402968128097807, 0.1143210765424051, 0.9862162762483264, 0.004384833947643639, 0.06857568881679696, 0.018582396720258024, 0.7224285546647384, 0.2509225887257726, 0.21659188645700508, 0.23848987338523792, 0.038828965032891086, 0.9666702000931686, 0.6307737139520213, 0.941063097144119, 0.019689544687015274, 0.034346862600039774, 0.45335756821845485, 10.0, 1.0732142273144119, 3.5949630504858434, 0.47509341636919306, 2.283339778613851, 3.784573742940412, 3.2808386685281925, 5.121236742463623, 3.1647331829471943, 0.9571251281263982, 1.5372103832295956, 4.672681118833186, 4.625449210465264, 1.4941828831086854, 2.5571361989458494, 0.5311149324281087, 3.6340138962447304, 2.5459166919924097, 1.7204689539471196, 2.6388897716301636, 2.584382993163319, 10.0, 1.5688694574617161, 1.5484087586908841, 8.45705219522987, 3.1404512291890994]
APTIDAO: 
25.57439791981949
GEN: 4300
Individuo: 
[1.6064487422275582, 1.1987868355750921, 2.3822422305005144, 2.893843854215197, 0.5805522180771198, 0.8011676293562783, 1.2580528447236878, 0.3975446547214911, 0.36053924263353865, 1.2402968128097807, 0.1143210765424051, 0.9862162762483264, 0.004384833947643639, 0.05606240082886362, 0.018582396720258024, 0.7224285546647384, 0.4885159027312588, 0.5609220177710754, 0.25375537594712394, 0.038828965032891086, 0.9666702000931686, 0.6307737139520213, 0.941063097144119, 0.023180047261225745, 0.034346862600039774, 0.45335756821845485, 10.0, 1.0732142273144119, 3.5949630504858434, 0.47509341636919306, 2.283339778613851, 3.784573742940412, 3.2808386685281925, 5.121236742463623, 3.1647331829471943, 0.9571251281263982, 1.5372103832295956, 4.672681118833186, 4.625449210465264, 2.0012433605721807, 2.5571361989458494, 0.5311149324281087, 6.29498976784453, 1.4563339141007674, 1.4443583441488954, 2.6388897716301636, 2.584382993163319, 10.0, 1.5688694574617161, 1.1908525612127723, 8.45705219522987, 3.1404512291890994]
APTIDAO: 
26.595828597495313
GEN: 4400
Individuo: 
[1.6064487422275582, 1.1987868355750921, 2.3822422305005144, 2.893843854215197, 0.5805522180771198, 0.8011676293562783, 1.2580528447236878, 0.3975446547214911, 0.36643921834852844, 1.2402968128097807, 0.1143210765424051, 0.9862162762483264, 0.0033021678488810314, 0.05606240082886362, 0.018582396720258024, 0.7224285546647384, 0.4964369752347812, 0.49341345383595286, 0.25375537594712394, 0.056513096534716964, 0.9666702000931686, 0.6307737139520213, 0.941063097144119, 0.04980077185653352, 0.034562766502275084, 0.45335756821845485, 10.0, 1.0732142273144119, 3.5949630504858434, 0.47509341636919306, 2.283339778613851, 3.784573742940412, 3.2808386685281925, 5.121236742463623, 4.379305245456392, 0.9571251281263982, 1.5372103832295956, 4.672681118833186, 2.627061792337614, 2.0012433605721807, 2.5571361989458494, 0.5311149324281087, 6.333627370138874, 1.121619084487113, 1.4443583441488954, 2.310224793781537, 2.584382993163319, 10.0, 1.5688694574617161, 1.433200447954239, 6.922402528933788, 3.1404512291890994]
APTIDAO: 
25.781431342669237
GEN: 4500
Individuo: 
[1.6064487422275582, 1.2024264423951452, 2.3822422305005144, 2.893843854215197, 0.5805522180771198, 0.8011676293562783, 1.2580528447236878, 0.3975446547214911, 0.36643921834852844, 1.2402968128097807, 0.1143210765424051, 0.9862162762483264, 0.0033021678488810314, 0.05606240082886362, 0.018582396720258024, 0.7224285546647384, 0.47131317927200284, 0.49341345383595286, 0.25375537594712394, 0.04210117835026749, 0.9666702000931686, 0.6307737139520213, 0.941063097144119, 0.05751125588430326, 0.034562766502275084, 0.45335756821845485, 10.0, 1.651643060231452, 3.5949630504858434, 0.47509341636919306, 2.283339778613851, 3.784573742940412, 3.2808386685281925, 5.121236742463623, 4.379305245456392, 0.9571251281263982, 1.5372103832295956, 4.672681118833186, 2.627061792337614, 2.0012433605721807, 2.5571361989458494, 0.5311149324281087, 2.6125315433551077, 1.121619084487113, 1.4443583441488954, 1.2192799158923777, 2.584382993163319, 10.0, 1.5688694574617161, 1.955055318463718, 6.922402528933788, 3.1404512291890994]
APTIDAO: 
25.862983459742367
GEN: 4600
Individuo: 
[1.6064487422275582, 1.2024264423951452, 2.3822422305005144, 2.893843854215197, 0.5805522180771198, 0.8011676293562783, 1.2580528447236878, 0.4026325487565842, 0.36643921834852844, 1.2402968128097807, 0.1143210765424051, 0.9862162762483264, 0.0038194788586625675, 0.05606240082886362, 0.018582396720258024, 0.7224285546647384, 0.47131317927200284, 0.49341345383595286, 0.25375537594712394, 0.047462256238683, 0.9666702000931686, 0.6307737139520213, 0.941063097144119, 0.05751125588430326, 0.034562766502275084, 0.45335756821845485, 10.0, 1.651643060231452, 3.5949630504858434, 0.47509341636919306, 2.283339778613851, 3.784573742940412, 3.2808386685281925, 4.01387781934045, 4.379305245456392, 0.9571251281263982, 1.5372103832295956, 4.672681118833186, 1.1900840631132572, 2.0012433605721807, 2.5571361989458494, 0.5311149324281087, 2.6125315433551077, 1.121619084487113, 1.4443583441488954, 0.6517140341166796, 2.584382993163319, 10.0, 1.5688694574617161, 1.955055318463718, 6.922402528933788, 3.1404512291890994]
APTIDAO: 
25.779353928265124
GEN: 4700
Individuo: 
[1.6064487422275582, 1.2024264423951452, 2.3822422305005144, 2.893843854215197, 0.5805522180771198, 0.8011676293562783, 1.2580528447236878, 0.4106241684614487, 0.36643921834852844, 1.2402968128097807, 0.1143210765424051, 0.9862162762483264, 0.0038194788586625675, 0.05606240082886362, 0.018582396720258024, 0.7224285546647384, 0.47131317927200284, 0.49341345383595286, 0.25375537594712394, 0.047462256238683, 0.9666702000931686, 0.6307737139520213, 0.941063097144119, 0.05949443680081396, 0.034562766502275084, 0.45335756821845485, 10.0, 1.651643060231452, 3.5949630504858434, 0.47509341636919306, 2.283339778613851, 3.784573742940412, 3.2808386685281925, 3.6573141512911085, 4.379305245456392, 0.9571251281263982, 1.5372103832295956, 4.672681118833186, 1.1900840631132572, 2.0012433605721807, 2.5571361989458494, 0.5311149324281087, 2.6125315433551077, 1.121619084487113, 1.4443583441488954, 0.6517140341166796, 2.584382993163319, 10.0, 1.5688694574617161, 2.3316514486399162, 6.922402528933788, 3.1404512291890994]
APTIDAO: 
25.72039045380331
GEN: 4800
Individuo: 
[1.6064487422275582, 1.2024264423951452, 2.3822422305005144, 2.893843854215197, 0.5805522180771198, 0.8011676293562783, 1.2580528447236878, 0.4106241684614487, 0.36643921834852844, 1.2402968128097807, 0.1143210765424051, 0.9862162762483264, 0.003683987725835961, 0.05509361348821503, 0.018582396720258024, 0.7224285546647384, 0.47131317927200284, 0.49049631693638535, 0.25375537594712394, 0.047462256238683, 0.9666702000931686, 0.6307737139520213, 0.941063097144119, 0.05751125588430326, 0.034562766502275084, 0.45335756821845485, 10.0, 1.651643060231452, 3.5949630504858434, 0.47509341636919306, 2.283339778613851, 3.784573742940412, 3.2808386685281925, 3.6573141512911085, 4.379305245456392, 0.9571251281263982, 1.5372103832295956, 4.672681118833186, 1.2353289316944316, 1.3600712481104817, 2.5571361989458494, 0.5311149324281087, 2.6125315433551077, 0.8473180197635508, 1.4443583441488954, 0.6517140341166796, 2.584382993163319, 10.0, 1.5688694574617161, 1.955055318463718, 6.922402528933788, 3.1404512291890994]
APTIDAO: 
25.730335211668358
GEN: 4900
Individuo: 
[1.6064487422275582, 1.2024264423951452, 2.3822422305005144, 2.893843854215197, 0.5805522180771198, 0.8016142256449763, 1.2580528447236878, 0.4106241684614487, 0.36643921834852844, 1.2402968128097807, 0.1143210765424051, 0.9862162762483264, 0.0026170819710669194, 0.05481375653225922, 0.018385090233540034, 0.7224285546647384, 0.47131317927200284, 0.4861610062556762, 0.25375537594712394, 0.047462256238683, 0.9666702000931686, 0.6307737139520213, 0.941063097144119, 0.05751125588430326, 0.034562766502275084, 0.45335756821845485, 10.0, 1.651643060231452, 3.5949630504858434, 0.47509341636919306, 2.283339778613851, 5.538019537802928, 3.2808386685281925, 3.6573141512911085, 4.379305245456392, 0.9571251281263982, 1.5372103832295956, 4.672681118833186, 0.8362243931887281, 1.3197286199125304, 2.4381763190750387, 0.5311149324281087, 2.6125315433551077, 1.4060083276653366, 1.4443583441488954, 0.6517140341166796, 2.584382993163319, 10.0, 1.5688694574617161, 1.955055318463718, 6.922402528933788, 3.1404512291890994]
APTIDAO: 
25.71329849170258
GEN: 5000
Individuo: 
[1.6064487422275582, 1.2024264423951452, 2.3822422305005144, 2.893843854215197, 0.5805522180771198, 0.8016142256449763, 1.2580528447236878, 0.4106241684614487, 0.36643921834852844, 1.2402968128097807, 0.1143210765424051, 0.9862162762483264, 0.0027935724527183335, 0.05509361348821503, 0.018385090233540034, 0.7224285546647384, 0.47131317927200284, 0.4861610062556762, 0.25375537594712394, 0.047462256238683, 0.9666702000931686, 0.6307737139520213, 0.941063097144119, 0.05751125588430326, 0.034562766502275084, 0.45335756821845485, 10.0, 1.651643060231452, 3.5949630504858434, 0.47509341636919306, 2.283339778613851, 5.538019537802928, 3.2808386685281925, 3.6573141512911085, 4.379305245456392, 0.9571251281263982, 1.5372103832295956, 4.672681118833186, 0.7350047635282391, 1.3600712481104817, 2.4381763190750387, 0.5311149324281087, 2.6125315433551077, 1.4060083276653366, 1.4443583441488954, 0.6517140341166796, 2.584382993163319, 10.0, 1.5688694574617161, 1.955055318463718, 6.922402528933788, 3.1404512291890994]
APTIDAO: 
25.71374715869901
GEN: 5100
Individuo: 
[1.6064487422275582, 1.2024264423951452, 2.3822422305005144, 2.893843854215197, 0.5805522180771198, 0.8016142256449763, 1.2580528447236878, 0.4106241684614487, 0.36643921834852844, 1.2402968128097807, 0.1143210765424051, 0.9862162762483264, 0.002919424079868858, 0.05509361348821503, 0.018385090233540034, 0.7224285546647384, 0.47131317927200284, 0.4861610062556762, 0.25375537594712394, 0.05012783214062833, 0.9666702000931686, 0.6307737139520213, 0.941063097144119, 0.05547389579851409, 0.034562766502275084, 0.45335756821845485, 10.0, 1.651643060231452, 3.5949630504858434, 0.47509341636919306, 2.283339778613851, 5.538019537802928, 3.2808386685281925, 3.6573141512911085, 4.379305245456392, 0.9571251281263982, 1.5372103832295956, 4.672681118833186, 0.6995076223677298, 1.3600712481104817, 2.4381763190750387, 0.5311149324281087, 2.6125315433551077, 1.4060083276653366, 1.4443583441488954, 0.7571911388622065, 2.584382993163319, 10.0, 1.5688694574617161, 0.8674042710716374, 6.922402528933788, 3.1404512291890994]
APTIDAO: 
25.69134484702737
GEN: 5200
Individuo: 
[1.6064487422275582, 1.2024264423951452, 2.3822422305005144, 2.893843854215197, 0.5805522180771198, 0.8017534481464519, 1.2580528447236878, 0.4106241684614487, 0.36643921834852844, 1.2402968128097807, 0.1143210765424051, 0.9862162762483264, 0.002485009067000044, 0.05509361348821503, 0.018385090233540034, 0.7224285546647384, 0.47131317927200284, 0.4861610062556762, 0.25375537594712394, 0.051582934761178686, 0.9666702000931686, 0.6307737139520213, 0.941063097144119, 0.05751125588430326, 0.034562766502275084, 0.45335756821845485, 10.0, 1.651643060231452, 3.5949630504858434, 0.47509341636919306, 2.283339778613851, 4.458713506130803, 3.2808386685281925, 3.6573141512911085, 4.379305245456392, 0.9571251281263982, 1.5372103832295956, 4.672681118833186, 0.9418168358480828, 1.3600712481104817, 2.4381763190750387, 0.5311149324281087, 2.6125315433551077, 1.4060083276653366, 1.4443583441488954, 0.7565134400318049, 2.584382993163319, 10.0, 1.5688694574617161, 1.955055318463718, 6.922402528933788, 3.1404512291890994]
APTIDAO: 
25.681969526337213
GEN: 5300
Individuo: 
[1.6064487422275582, 1.2024264423951452, 2.3822422305005144, 2.893843854215197, 0.5805522180771198, 0.8017534481464519, 1.2580528447236878, 0.4106241684614487, 0.36643921834852844, 1.2402968128097807, 0.1143210765424051, 0.9862162762483264, 0.002485009067000044, 0.05509361348821503, 0.018385090233540034, 0.7224285546647384, 0.47131317927200284, 0.48405245527148827, 0.25375537594712394, 0.051582934761178686, 0.9666702000931686, 0.6307737139520213, 0.941063097144119, 0.05751125588430326, 0.034562766502275084, 0.45335756821845485, 10.0, 1.651643060231452, 3.5949630504858434, 0.47509341636919306, 2.283339778613851, 4.458713506130803, 3.2808386685281925, 3.6573141512911085, 4.379305245456392, 0.9571251281263982, 1.5372103832295956, 4.672681118833186, 0.9418168358480828, 1.3600712481104817, 2.4381763190750387, 0.5311149324281087, 2.6125315433551077, 2.036766211524126, 1.4443583441488954, 0.7565134400318049, 2.584382993163319, 10.0, 1.5688694574617161, 1.955055318463718, 6.922402528933788, 3.1404512291890994]
APTIDAO: 
25.675382958756973
GEN: 5400
Individuo: 
[1.6064487422275582, 1.2024264423951452, 2.3822422305005144, 2.893843854215197, 0.5805522180771198, 0.8001979003492382, 1.2580528447236878, 0.4106241684614487, 0.36643921834852844, 1.2402968128097807, 0.1143210765424051, 0.9862162762483264, 0.002752354036421354, 0.05509361348821503, 0.018385090233540034, 0.7224285546647384, 0.47181139107811043, 0.47120249396634045, 0.25375537594712394, 0.051582934761178686, 0.9666702000931686, 0.6307737139520213, 0.941063097144119, 0.06179233972962493, 0.034562766502275084, 0.45335756821845485, 10.0, 1.651643060231452, 3.5949630504858434, 0.47509341636919306, 2.283339778613851, 3.757385657852752, 3.2808386685281925, 3.6573141512911085, 4.379305245456392, 0.9571251281263982, 1.5372103832295956, 4.672681118833186, 0.7555576704638926, 1.3600712481104817, 2.4381763190750387, 0.5311149324281087, 1.9871225311422744, 2.2592568382823504, 1.4443583441488954, 0.7565134400318049, 2.584382993163319, 10.0, 1.5688694574617161, 1.22870737141648, 6.922402528933788, 3.1404512291890994]
APTIDAO: 
25.645036543272926
GEN: 5500
Individuo: 
[1.6064487422275582, 1.2024264423951452, 2.3822422305005144, 2.893843854215197, 0.5805522180771198, 0.8001979003492382, 1.2580528447236878, 0.4106241684614487, 0.36643921834852844, 1.2402968128097807, 0.1143210765424051, 0.9862162762483264, 0.002752354036421354, 0.05580737177149452, 0.018385090233540034, 0.7224285546647384, 0.47181139107811043, 0.47120249396634045, 0.25375537594712394, 0.05350647089460522, 0.9666702000931686, 0.6307737139520213, 0.941063097144119, 0.06016736074939096, 0.034562766502275084, 0.45335756821845485, 10.0, 1.651643060231452, 3.5949630504858434, 0.47509341636919306, 2.283339778613851, 3.757385657852752, 3.2808386685281925, 3.6573141512911085, 4.379305245456392, 0.9571251281263982, 1.5372103832295956, 4.672681118833186, 0.7555576704638926, 0.6987829534823677, 2.4381763190750387, 0.5311149324281087, 1.9871225311422744, 2.2592568382823504, 1.4443583441488954, 0.6119699370829402, 2.584382993163319, 10.0, 1.5688694574617161, 1.1561523519797083, 6.922402528933788, 3.1404512291890994]
APTIDAO: 
25.642343118829
GEN: 5600
Individuo: 
[1.6064487422275582, 1.2024264423951452, 2.386003749610711, 2.9092465525217963, 0.5805522180771198, 0.8001979003492382, 1.2437806698552416, 0.4106241684614487, 0.36643921834852844, 1.2402968128097807, 0.1143210765424051, 0.9862162762483264, 0.001081857865608362, 0.05580737177149452, 0.018385090233540034, 0.7224285546647384, 0.47181139107811043, 0.47120249396634045, 0.25375537594712394, 0.04995998721687491, 0.9666702000931686, 0.6307737139520213, 0.941063097144119, 0.05188350859860469, 0.034562766502275084, 0.45335756821845485, 10.0, 1.651643060231452, 3.090416584463448, 0.5162743148609639, 2.283339778613851, 3.757385657852752, 2.3670605125521385, 3.6573141512911085, 4.379305245456392, 0.9571251281263982, 1.5372103832295956, 4.672681118833186, 0.9023838976855193, 0.6987829534823677, 2.4381763190750387, 0.5311149324281087, 1.9871225311422744, 2.2592568382823504, 1.4443583441488954, 0.7043976392749163, 2.584382993163319, 10.0, 1.5688694574617161, 1.420870143554808, 6.922402528933788, 3.1404512291890994]
APTIDAO: 
25.763167877502486
GEN: 5700
Individuo: 
[1.6064487422275582, 1.2024264423951452, 2.386003749610711, 2.893843854215197, 0.5805522180771198, 0.8001979003492382, 1.2580528447236878, 0.4106241684614487, 0.36643921834852844, 1.2402968128097807, 0.1143210765424051, 0.9862162762483264, 0.0010462999816286034, 0.03428281257616409, 0.018385090233540034, 0.7224285546647384, 0.44421005791054097, 0.42841476813004714, 0.25375537594712394, 0.05350647089460522, 0.9666702000931686, 0.6307737139520213, 0.941063097144119, 0.04302063368865028, 0.030470733484577694, 0.45335756821845485, 10.0, 1.651643060231452, 3.090416584463448, 0.47509341636919306, 2.283339778613851, 3.757385657852752, 3.2808386685281925, 3.6573141512911085, 4.379305245456392, 0.9571251281263982, 1.5372103832295956, 4.672681118833186, 0.7737628760916179, 0.5247761344703399, 2.4381763190750387, 0.5311149324281087, 2.4407752725650362, 3.9470014399241413, 1.4443583441488954, 0.6119699370829402, 2.584382993163319, 10.0, 1.5688694574617161, 0.9852933236876444, 5.075405387987436, 3.1404512291890994]
APTIDAO: 
25.807162522667344
GEN: 5800
Individuo: 
[1.5986786658369572, 1.2024264423951452, 2.386003749610711, 2.893843854215197, 0.5805522180771198, 0.8001979003492382, 1.2580528447236878, 0.39156436236340153, 0.36643921834852844, 1.2402968128097807, 0.1143210765424051, 0.9909232089360747, 0.001001796762649816, 0.03428281257616409, 0.018385090233540034, 0.7224285546647384, 0.44421005791054097, 0.37197132326819005, 0.25375537594712394, 0.06107282916040053, 0.9666702000931686, 0.6307737139520213, 0.941063097144119, 0.046157839355227444, 0.030470733484577694, 0.45335756821845485, 6.692279081300807, 1.651643060231452, 3.090416584463448, 0.47509341636919306, 2.283339778613851, 3.757385657852752, 3.2808386685281925, 4.148613965373259, 4.379305245456392, 0.9571251281263982, 1.5372103832295956, 2.335717066866434, 0.6173225414131123, 0.5247761344703399, 2.4381763190750387, 0.5311149324281087, 2.4407752725650362, 4.865671508860562, 1.4443583441488954, 1.173375223179994, 2.584382993163319, 10.0, 1.5688694574617161, 1.156604011931751, 5.075405387987436, 3.1404512291890994]
APTIDAO: 
25.75439401697254
GEN: 5900
Individuo: 
[1.5986786658369572, 1.2024264423951452, 2.386003749610711, 2.893843854215197, 0.5805522180771198, 0.8001979003492382, 1.2580528447236878, 0.39156436236340153, 0.36643921834852844, 1.2402968128097807, 0.1143210765424051, 0.9909232089360747, 0.0020302762647222304, 0.03838799187645388, 0.018385090233540034, 0.7224285546647384, 0.44421005791054097, 0.37197132326819005, 0.24752920985867316, 0.061246630411361414, 0.9666702000931686, 0.6307737139520213, 0.941063097144119, 0.045491985874087, 0.030470733484577694, 0.45335756821845485, 6.692279081300807, 1.651643060231452, 3.090416584463448, 0.47509341636919306, 2.283339778613851, 3.757385657852752, 3.2808386685281925, 4.148613965373259, 4.379305245456392, 0.9571251281263982, 1.5372103832295956, 2.335717066866434, 0.5342045298555631, 0.6307686719034987, 2.4381763190750387, 0.5311149324281087, 2.4407752725650362, 4.865671508860562, 1.50023624980749, 0.7038458117955342, 2.584382993163319, 10.0, 1.5688694574617161, 0.8033671622664933, 5.075405387987436, 3.1404512291890994]
APTIDAO: 
25.686791379587607
GEN: 6000
Individuo: 
[1.5986786658369572, 1.2024264423951452, 2.386003749610711, 2.893843854215197, 0.5805522180771198, 0.8001979003492382, 1.2580528447236878, 0.39156436236340153, 0.36643921834852844, 1.2402968128097807, 0.1143210765424051, 0.9909232089360747, 0.0020111361370586615, 0.03838799187645388, 0.018385090233540034, 0.7224285546647384, 0.44421005791054097, 0.37197132326819005, 0.24752920985867316, 0.061246630411361414, 0.9666702000931686, 0.6307737139520213, 0.941063097144119, 0.045491985874087, 0.030470733484577694, 0.45335756821845485, 6.692279081300807, 1.651643060231452, 3.090416584463448, 0.47509341636919306, 2.283339778613851, 3.757385657852752, 3.2808386685281925, 4.148613965373259, 4.379305245456392, 0.9571251281263982, 1.5372103832295956, 2.335717066866434, 0.8202878868904395, 0.6307686719034987, 2.4381763190750387, 0.5311149324281087, 2.4407752725650362, 4.865671508860562, 1.50023624980749, 0.7038458117955342, 2.584382993163319, 10.0, 1.5688694574617161, 0.8033671622664933, 5.075405387987436, 3.1404512291890994]
APTIDAO: 
25.68683810441022
GEN: 6100
Individuo: 
[1.5986786658369572, 1.2024264423951452, 2.386003749610711, 2.893843854215197, 0.5805522180771198, 0.8001979003492382, 1.2580528447236878, 0.39156436236340153, 0.36643921834852844, 1.2402968128097807, 0.1143210765424051, 0.9909232089360747, 0.0020111361370586615, 0.03838799187645388, 0.018385090233540034, 0.7224285546647384, 0.44421005791054097, 0.37197132326819005, 0.24752920985867316, 0.061246630411361414, 0.9666702000931686, 0.6307737139520213, 0.941063097144119, 0.04352449740992613, 0.030470733484577694, 0.45335756821845485, 6.692279081300807, 1.651643060231452, 3.090416584463448, 0.47509341636919306, 2.283339778613851, 3.757385657852752, 3.2808386685281925, 4.148613965373259, 4.379305245456392, 0.9571251281263982, 1.5372103832295956, 2.335717066866434, 0.8202878868904395, 0.6307686719034987, 2.4381763190750387, 0.5311149324281087, 2.4407752725650362, 4.865671508860562, 1.50023624980749, 0.7038458117955342, 2.584382993163319, 10.0, 1.5688694574617161, 1.5436611636525293, 5.075405387987436, 3.1404512291890994]
APTIDAO: 
25.686692031884206
GEN: 6200
Individuo: 
[1.5986786658369572, 1.2024264423951452, 2.386003749610711, 2.893843854215197, 0.5805522180771198, 0.8001979003492382, 1.2580528447236878, 0.3883186701471053, 0.36643921834852844, 1.2402968128097807, 0.1143210765424051, 0.9909232089360747, 0.00222094467748855, 0.03872163711255256, 0.018385090233540034, 0.7224285546647384, 0.44421005791054097, 0.37197132326819005, 0.24752920985867316, 0.061246630411361414, 0.9666702000931686, 0.6307737139520213, 0.941063097144119, 0.04352449740992613, 0.030470733484577694, 0.45335756821845485, 6.692279081300807, 1.651643060231452, 3.090416584463448, 0.47509341636919306, 2.283339778613851, 3.757385657852752, 3.2808386685281925, 4.755557801451766, 4.379305245456392, 0.9571251281263982, 1.5372103832295956, 2.335717066866434, 0.5179355130636966, 1.0081384990055822, 2.4381763190750387, 0.5311149324281087, 2.4407752725650362, 4.865671508860562, 1.50023624980749, 0.7038458117955342, 2.584382993163319, 10.0, 1.5688694574617161, 1.5436611636525293, 5.075405387987436, 3.1404512291890994]
APTIDAO: 
25.670463014283296
GEN: 6300
Individuo: 
[1.5986786658369572, 1.2024264423951452, 2.386003749610711, 2.893843854215197, 0.5805522180771198, 0.8006836473410346, 1.2580528447236878, 0.38967465987180944, 0.36643921834852844, 1.2402968128097807, 0.1143210765424051, 0.9909232089360747, 0.002990120965654355, 0.03884382521478069, 0.018385090233540034, 0.7224285546647384, 0.4098747169974433, 0.37197132326819005, 0.24752920985867316, 0.061246630411361414, 0.9666702000931686, 0.6307737139520213, 0.941063097144119, 0.027888330717769805, 0.030470733484577694, 0.45335756821845485, 6.692279081300807, 1.651643060231452, 3.090416584463448, 0.47509341636919306, 2.283339778613851, 2.8909134063227864, 3.2808386685281925, 3.330422071063386, 4.379305245456392, 0.9571251281263982, 1.5372103832295956, 2.335717066866434, 0.7010987014356713, 1.2695509962011917, 2.4381763190750387, 0.5311149324281087, 0.9137187030321524, 4.865671508860562, 1.50023624980749, 0.7038458117955342, 2.584382993163319, 10.0, 1.5688694574617161, 0.780160469691385, 5.075405387987436, 3.1404512291890994]
APTIDAO: 
25.6427054987076
GEN: 6400
Individuo: 
[1.5986786658369572, 1.2024264423951452, 2.386003749610711, 2.893843854215197, 0.5805522180771198, 0.8006836473410346, 1.2580528447236878, 0.38967465987180944, 0.36643921834852844, 1.2402968128097807, 0.1143210765424051, 0.9909232089360747, 0.0027176284221310147, 0.03884382521478069, 0.018385090233540034, 0.7224285546647384, 0.4098747169974433, 0.37197132326819005, 0.24752920985867316, 0.061246630411361414, 0.9666702000931686, 0.6307737139520213, 0.941063097144119, 0.027888330717769805, 0.030470733484577694, 0.45335756821845485, 6.692279081300807, 1.651643060231452, 3.090416584463448, 0.47509341636919306, 2.283339778613851, 2.8909134063227864, 3.2808386685281925, 3.330422071063386, 4.379305245456392, 0.9571251281263982, 1.5372103832295956, 2.335717066866434, 0.6267915629296608, 1.2695509962011917, 2.4381763190750387, 0.5311149324281087, 0.9137187030321524, 4.865671508860562, 1.50023624980749, 0.7038458117955342, 2.584382993163319, 10.0, 1.5688694574617161, 0.780160469691385, 5.075405387987436, 3.1404512291890994]
APTIDAO: 
25.637493868974488
GEN: 6500
Individuo: 
[1.5986786658369572, 1.2024264423951452, 2.386003749610711, 2.893843854215197, 0.5805522180771198, 0.8006836473410346, 1.2580528447236878, 0.38967465987180944, 0.36643921834852844, 1.2402968128097807, 0.1143210765424051, 0.9909232089360747, 0.0027176284221310147, 0.03884382521478069, 0.018385090233540034, 0.7224285546647384, 0.4098747169974433, 0.37197132326819005, 0.24752920985867316, 0.061246630411361414, 0.9666702000931686, 0.6307737139520213, 0.941063097144119, 0.027888330717769805, 0.030470733484577694, 0.45335756821845485, 6.692279081300807, 1.651643060231452, 3.090416584463448, 0.47509341636919306, 2.283339778613851, 2.8909134063227864, 3.2808386685281925, 3.330422071063386, 4.379305245456392, 0.9571251281263982, 1.5372103832295956, 2.335717066866434, 0.6267915629296608, 1.2695509962011917, 2.4381763190750387, 0.5311149324281087, 0.9137187030321524, 4.865671508860562, 1.50023624980749, 0.7038458117955342, 2.584382993163319, 10.0, 1.5688694574617161, 0.780160469691385, 5.075405387987436, 3.1404512291890994]
APTIDAO: 
25.637493868974488
GEN: 6600
Individuo: 
[1.5986786658369572, 1.2024264423951452, 2.386003749610711, 2.893843854215197, 0.5805522180771198, 0.8006836473410346, 1.2580528447236878, 0.38967465987180944, 0.36643921834852844, 1.2402968128097807, 0.1143210765424051, 0.9909232089360747, 0.0027176284221310147, 0.03884382521478069, 0.018385090233540034, 0.7224285546647384, 0.4098747169974433, 0.37197132326819005, 0.24752920985867316, 0.061246630411361414, 0.9666702000931686, 0.6307737139520213, 0.941063097144119, 0.027888330717769805, 0.030470733484577694, 0.45335756821845485, 6.692279081300807, 1.651643060231452, 3.090416584463448, 0.47509341636919306, 2.283339778613851, 2.8909134063227864, 3.2808386685281925, 3.330422071063386, 4.379305245456392, 0.9571251281263982, 1.5372103832295956, 2.335717066866434, 0.6267915629296608, 1.2695509962011917, 2.4381763190750387, 0.5311149324281087, 0.9137187030321524, 4.865671508860562, 1.50023624980749, 0.7038458117955342, 2.584382993163319, 10.0, 1.5688694574617161, 0.780160469691385, 5.075405387987436, 3.1404512291890994]
APTIDAO: 
25.637493868974488
GEN: 6700
Individuo: 
[1.5986786658369572, 1.2202642974113052, 2.252195254306729, 2.893843854215197, 0.5805522180771198, 0.8006836473410346, 1.2580528447236878, 0.38967465987180944, 0.36643921834852844, 1.2402968128097807, 0.1143210765424051, 0.9909232089360747, 0.0011561250561626004, 0.03884382521478069, 0.018385090233540034, 0.7224285546647384, 0.4098747169974433, 0.37197132326819005, 0.24752920985867316, 0.061246630411361414, 0.9666702000931686, 0.6307737139520213, 0.941063097144119, 0.01615454937523874, 0.030470733484577694, 0.45335756821845485, 6.692279081300807, 2.508343965311835, 3.025310947109195, 0.47509341636919306, 2.283339778613851, 2.8909134063227864, 3.2808386685281925, 3.330422071063386, 4.379305245456392, 0.9571251281263982, 1.5372103832295956, 2.335717066866434, 0.3463079267315381, 1.2695509962011917, 2.4381763190750387, 0.5311149324281087, 0.9137187030321524, 4.865671508860562, 1.50023624980749, 0.7038458117955342, 2.584382993163319, 10.0, 1.5688694574617161, 0.8710548022732286, 5.075405387987436, 3.1404512291890994]
APTIDAO: 
25.611951105659227
GEN: 6800
Individuo: 
[1.5986786658369572, 1.2202642974113052, 2.252195254306729, 2.893843854215197, 0.5805522180771198, 0.8006836473410346, 1.2580528447236878, 0.38967465987180944, 0.36643921834852844, 1.2402968128097807, 0.1143210765424051, 0.9909232089360747, 0.0013225513579567133, 0.039660275497986265, 0.018385090233540034, 0.7224285546647384, 0.4098747169974433, 0.37197132326819005, 0.24752920985867316, 0.061246630411361414, 0.9666702000931686, 0.6307737139520213, 0.941063097144119, 0.02045415892241682, 0.030470733484577694, 0.45335756821845485, 6.692279081300807, 2.508343965311835, 3.025310947109195, 0.47509341636919306, 2.283339778613851, 2.8909134063227864, 3.2808386685281925, 3.330422071063386, 4.379305245456392, 0.9571251281263982, 1.5372103832295956, 2.335717066866434, 0.894918715604057, 0.7976289053279509, 2.4381763190750387, 0.5311149324281087, 0.9137187030321524, 4.865671508860562, 1.50023624980749, 0.7038458117955342, 2.584382993163319, 10.0, 1.5688694574617161, 0.9557698208255603, 5.075405387987436, 3.1404512291890994]
APTIDAO: 
25.59383305336673
GEN: 6900
Individuo: 
[1.5986786658369572, 1.2202642974113052, 2.252195254306729, 2.893843854215197, 0.5805522180771198, 0.8006836473410346, 1.2580528447236878, 0.38967465987180944, 0.36643921834852844, 1.2402968128097807, 0.1143210765424051, 0.9909232089360747, 0.001403098343557693, 0.039660275497986265, 0.018385090233540034, 0.7224285546647384, 0.4098747169974433, 0.37197132326819005, 0.24752920985867316, 0.05862047791013704, 0.9666702000931686, 0.6307737139520213, 0.941063097144119, 0.021767734244290522, 0.030470733484577694, 0.45335756821845485, 6.692279081300807, 2.508343965311835, 3.025310947109195, 0.47509341636919306, 2.283339778613851, 2.8909134063227864, 3.2808386685281925, 3.330422071063386, 4.379305245456392, 0.9571251281263982, 1.5372103832295956, 2.335717066866434, 1.1258813550479645, 0.7976289053279509, 2.4381763190750387, 0.5311149324281087, 0.9137187030321524, 4.865671508860562, 1.50023624980749, 0.8374506963328124, 2.584382993163319, 10.0, 1.5688694574617161, 1.445067119705762, 5.075405387987436, 3.1404512291890994]
APTIDAO: 
25.590023698408736
GEN: 7000
Individuo: 
[1.5986786658369572, 1.2202642974113052, 2.252195254306729, 2.893843854215197, 0.5805522180771198, 0.8006836473410346, 1.2580528447236878, 0.38967465987180944, 0.36643921834852844, 1.2402968128097807, 0.1143210765424051, 0.9909232089360747, 0.001403098343557693, 0.039660275497986265, 0.018385090233540034, 0.7224285546647384, 0.4098747169974433, 0.37197132326819005, 0.24752920985867316, 0.05862047791013704, 0.9666702000931686, 0.6307737139520213, 0.941063097144119, 0.020821219914914618, 0.030470733484577694, 0.45335756821845485, 6.692279081300807, 2.508343965311835, 3.025310947109195, 0.47509341636919306, 2.283339778613851, 2.8909134063227864, 3.2808386685281925, 3.330422071063386, 4.379305245456392, 0.9571251281263982, 1.5372103832295956, 2.335717066866434, 1.1258813550479645, 0.7976289053279509, 2.4381763190750387, 0.5311149324281087, 0.9137187030321524, 4.865671508860562, 1.50023624980749, 0.8374506963328124, 2.584382993163319, 10.0, 1.5688694574617161, 1.333253850499412, 5.075405387987436, 3.1404512291890994]
APTIDAO: 
25.589366900742345
GEN: 7100
Individuo: 
[1.5986786658369572, 1.2202642974113052, 2.252195254306729, 2.893843854215197, 0.5805522180771198, 0.8006836473410346, 1.2580528447236878, 0.38967465987180944, 0.36643921834852844, 1.2402968128097807, 0.1143210765424051, 0.9909232089360747, 0.001403098343557693, 0.039660275497986265, 0.018385090233540034, 0.7224285546647384, 0.4098747169974433, 0.37197132326819005, 0.24752920985867316, 0.05862047791013704, 0.9666702000931686, 0.6307737139520213, 0.941063097144119, 0.020821219914914618, 0.030470733484577694, 0.45335756821845485, 6.692279081300807, 2.508343965311835, 3.025310947109195, 0.47509341636919306, 2.283339778613851, 2.8909134063227864, 3.2808386685281925, 3.330422071063386, 4.379305245456392, 0.9571251281263982, 1.5372103832295956, 2.335717066866434, 1.1258813550479645, 0.7976289053279509, 2.4381763190750387, 0.5311149324281087, 0.9137187030321524, 4.865671508860562, 1.50023624980749, 0.8374506963328124, 2.584382993163319, 10.0, 1.5688694574617161, 1.333253850499412, 5.075405387987436, 3.1404512291890994]
APTIDAO: 
25.589366900742345
GEN: 7200
Individuo: 
[1.5986786658369572, 1.2202642974113052, 2.252195254306729, 2.893843854215197, 0.5805522180771198, 0.8006836473410346, 1.2580528447236878, 0.38967465987180944, 0.36643921834852844, 1.2402968128097807, 0.1143210765424051, 0.9909232089360747, 0.0011545768952659415, 0.039660275497986265, 0.018385090233540034, 0.7224285546647384, 0.4098747169974433, 0.37197132326819005, 0.24752920985867316, 0.05862047791013704, 0.9666702000931686, 0.6307737139520213, 0.941063097144119, 0.02281508695694685, 0.030470733484577694, 0.45335756821845485, 6.692279081300807, 2.508343965311835, 3.025310947109195, 0.47509341636919306, 2.283339778613851, 2.8909134063227864, 3.2808386685281925, 3.330422071063386, 4.379305245456392, 0.9571251281263982, 1.5372103832295956, 2.335717066866434, 1.1199407667374035, 0.7976289053279509, 2.4381763190750387, 0.5311149324281087, 0.9137187030321524, 4.865671508860562, 1.50023624980749, 0.8374506963328124, 2.584382993163319, 10.0, 1.5688694574617161, 1.8849652629457359, 5.075405387987436, 3.1404512291890994]
APTIDAO: 
25.595022925399217
GEN: 7300
Individuo: 
[1.5986786658369572, 1.2202642974113052, 2.252195254306729, 2.893843854215197, 0.5805522180771198, 0.8006836473410346, 1.2580528447236878, 0.38967465987180944, 0.36643921834852844, 1.2402968128097807, 0.1143210765424051, 0.9909232089360747, 0.0015344707279451456, 0.039660275497986265, 0.018385090233540034, 0.7224285546647384, 0.4098747169974433, 0.37197132326819005, 0.2480173959804476, 0.05862047791013704, 0.9666702000931686, 0.6307737139520213, 0.941063097144119, 0.020812360273891894, 0.030470733484577694, 0.45335756821845485, 6.692279081300807, 2.508343965311835, 3.025310947109195, 0.47509341636919306, 2.283339778613851, 2.8909134063227864, 3.2808386685281925, 3.330422071063386, 4.379305245456392, 0.9571251281263982, 1.5372103832295956, 2.335717066866434, 1.012601626563967, 0.7976289053279509, 2.4381763190750387, 0.5311149324281087, 0.9137187030321524, 4.865671508860562, 0.6375826573085428, 0.8374506963328124, 2.584382993163319, 10.0, 1.5688694574617161, 1.065288073124701, 5.075405387987436, 3.1404512291890994]
APTIDAO: 
25.587831944647256
GEN: 7400
Individuo: 
[1.5986786658369572, 1.2202642974113052, 2.252195254306729, 2.893843854215197, 0.5805522180771198, 0.8006836473410346, 1.2580528447236878, 0.38967465987180944, 0.36643921834852844, 1.2402968128097807, 0.1143210765424051, 0.9909232089360747, 0.0014289043592556182, 0.039660275497986265, 0.018385090233540034, 0.7224285546647384, 0.4098747169974433, 0.37197132326819005, 0.2480173959804476, 0.05862047791013704, 0.9666702000931686, 0.6307737139520213, 0.941063097144119, 0.020812360273891894, 0.030470733484577694, 0.45335756821845485, 6.692279081300807, 2.508343965311835, 3.025310947109195, 0.47509341636919306, 2.283339778613851, 2.8909134063227864, 3.2808386685281925, 3.330422071063386, 4.379305245456392, 0.9571251281263982, 1.5372103832295956, 2.335717066866434, 1.2760518568753716, 0.7976289053279509, 2.4381763190750387, 0.5311149324281087, 0.9137187030321524, 4.865671508860562, 0.6375826573085428, 0.8374506963328124, 2.584382993163319, 10.0, 1.5688694574617161, 1.065288073124701, 5.075405387987436, 3.1404512291890994]
APTIDAO: 
25.58746575622093
GEN: 7500
Individuo: 
[1.5986786658369572, 1.2202642974113052, 2.252195254306729, 2.893843854215197, 0.5805522180771198, 0.8006836473410346, 1.2580528447236878, 0.38967465987180944, 0.36643921834852844, 1.2402968128097807, 0.1143210765424051, 0.9909232089360747, 0.00138808497675389, 0.039660275497986265, 0.018385090233540034, 0.7224285546647384, 0.4098747169974433, 0.37197132326819005, 0.2480173959804476, 0.05862047791013704, 0.9666702000931686, 0.6307737139520213, 0.941063097144119, 0.020812360273891894, 0.030470733484577694, 0.45335756821845485, 6.692279081300807, 2.508343965311835, 3.025310947109195, 0.47509341636919306, 2.283339778613851, 2.8909134063227864, 3.2808386685281925, 3.330422071063386, 4.379305245456392, 0.9571251281263982, 1.5372103832295956, 2.335717066866434, 1.1185309954245009, 0.7976289053279509, 2.4381763190750387, 0.5311149324281087, 0.9137187030321524, 4.865671508860562, 0.6375826573085428, 0.8374506963328124, 2.584382993163319, 10.0, 1.5688694574617161, 1.065288073124701, 5.075405387987436, 3.1404512291890994]
APTIDAO: 
25.587434913075793
GEN: 7600
Individuo: 
[1.5986786658369572, 1.2202642974113052, 2.252195254306729, 2.893843854215197, 0.5805522180771198, 0.8006836473410346, 1.2580528447236878, 0.38967465987180944, 0.36643921834852844, 1.2402968128097807, 0.1143210765424051, 0.9909232089360747, 0.00138808497675389, 0.039660275497986265, 0.018385090233540034, 0.7224285546647384, 0.4098747169974433, 0.37197132326819005, 0.2480173959804476, 0.05862047791013704, 0.9666702000931686, 0.6307737139520213, 0.941063097144119, 0.020812360273891894, 0.030470733484577694, 0.45335756821845485, 6.692279081300807, 2.508343965311835, 3.025310947109195, 0.47509341636919306, 2.283339778613851, 2.8909134063227864, 3.2808386685281925, 3.330422071063386, 4.379305245456392, 0.9571251281263982, 1.5372103832295956, 2.335717066866434, 1.1185309954245009, 0.7976289053279509, 2.4381763190750387, 0.5311149324281087, 0.9137187030321524, 4.865671508860562, 0.6375826573085428, 0.8374506963328124, 2.584382993163319, 10.0, 1.5688694574617161, 1.065288073124701, 5.075405387987436, 3.1404512291890994]
APTIDAO: 
25.587434913075793
GEN: 7700
Individuo: 
[1.5986786658369572, 1.2202642974113052, 2.252195254306729, 2.893843854215197, 0.5805522180771198, 0.8006836473410346, 1.2580528447236878, 0.38967465987180944, 0.36643921834852844, 1.2402968128097807, 0.1143210765424051, 0.9909232089360747, 0.001393912452016551, 0.039660275497986265, 0.018385090233540034, 0.7224285546647384, 0.4098747169974433, 0.37197132326819005, 0.2480173959804476, 0.05862047791013704, 0.9666702000931686, 0.6307737139520213, 0.941063097144119, 0.020812360273891894, 0.030470733484577694, 0.45335756821845485, 6.692279081300807, 2.508343965311835, 3.025310947109195, 0.47509341636919306, 2.283339778613851, 2.8909134063227864, 3.2808386685281925, 3.330422071063386, 4.379305245456392, 0.9571251281263982, 1.5372103832295956, 2.335717066866434, 0.8169947530407826, 0.7976289053279509, 2.4381763190750387, 0.5311149324281087, 0.9137187030321524, 4.865671508860562, 0.6375826573085428, 0.8374506963328124, 2.584382993163319, 10.0, 1.5688694574617161, 1.065288073124701, 5.075405387987436, 3.1404512291890994]
APTIDAO: 
25.58735090729464
GEN: 7800
Individuo: 
[1.5986786658369572, 1.2202642974113052, 2.2589741183878416, 2.893843854215197, 0.5805522180771198, 0.8006836473410346, 1.2580528447236878, 0.38967465987180944, 0.36643921834852844, 1.2402968128097807, 0.1143210765424051, 0.9909232089360747, 0.002048913727179804, 0.04026338361506001, 0.018385090233540034, 0.7224285546647384, 0.4098747169974433, 0.37197132326819005, 0.2480173959804476, 0.05862047791013704, 0.9666702000931686, 0.6307737139520213, 0.941063097144119, 0.020812360273891894, 0.030470733484577694, 0.45335756821845485, 6.692279081300807, 2.508343965311835, 2.0622342307834245, 0.47509341636919306, 2.283339778613851, 2.8909134063227864, 3.2808386685281925, 3.330422071063386, 4.379305245456392, 0.9571251281263982, 1.5372103832295956, 2.335717066866434, 0.6969750980457743, 0.8119204463216237, 2.4381763190750387, 0.5311149324281087, 0.9137187030321524, 4.865671508860562, 0.6375826573085428, 0.8374506963328124, 2.584382993163319, 10.0, 1.5688694574617161, 1.065288073124701, 5.075405387987436, 3.1404512291890994]
APTIDAO: 
25.583398530121414
GEN: 7900
Individuo: 
[1.5986786658369572, 1.2202642974113052, 2.2589741183878416, 2.893843854215197, 0.5805522180771198, 0.8006836473410346, 1.2580528447236878, 0.38967465987180944, 0.36643921834852844, 1.2402968128097807, 0.1143210765424051, 0.9909232089360747, 0.0019362148962674094, 0.04026338361506001, 0.018385090233540034, 0.7224285546647384, 0.4098747169974433, 0.37197132326819005, 0.2480173959804476, 0.062392120335142395, 0.9666702000931686, 0.6307737139520213, 0.9451468472097219, 0.019789364685794626, 0.030470733484577694, 0.45335756821845485, 6.692279081300807, 2.508343965311835, 2.0622342307834245, 0.47509341636919306, 2.283339778613851, 2.8909134063227864, 3.2808386685281925, 3.330422071063386, 4.379305245456392, 0.9571251281263982, 1.5372103832295956, 2.335717066866434, 1.0000374554745401, 0.8119204463216237, 2.4381763190750387, 0.5311149324281087, 0.9137187030321524, 4.865671508860562, 0.6375826573085428, 1.0257023120314097, 2.584382993163319, 10.0, 1.3414601003668203, 0.9337552076715262, 5.075405387987436, 3.1404512291890994]
APTIDAO: 
25.565778106229605
GEN: 8000
Individuo: 
[1.5986786658369572, 1.2202642974113052, 2.2589741183878416, 2.893843854215197, 0.5805522180771198, 0.8006836473410346, 1.2580528447236878, 0.38967465987180944, 0.36643921834852844, 1.2402968128097807, 0.1143210765424051, 0.9909232089360747, 0.0015052523806384796, 0.04026338361506001, 0.018385090233540034, 0.7224285546647384, 0.4098747169974433, 0.37197132326819005, 0.2480173959804476, 0.05664442937445042, 0.9666702000931686, 0.6307737139520213, 0.9451468472097219, 0.02838146825585527, 0.030470733484577694, 0.45335756821845485, 6.692279081300807, 2.508343965311835, 2.0622342307834245, 0.47509341636919306, 2.283339778613851, 2.8909134063227864, 3.2808386685281925, 3.330422071063386, 4.379305245456392, 0.9571251281263982, 1.5372103832295956, 2.335717066866434, 0.8054042496820871, 0.8119204463216237, 2.4381763190750387, 0.5311149324281087, 0.9137187030321524, 4.865671508860562, 0.6375826573085428, 1.4498610899322588, 2.584382993163319, 10.0, 1.3414601003668203, 1.1892467371641402, 5.075405387987436, 3.1404512291890994]
APTIDAO: 
25.558983458427903
GEN: 8100
Individuo: 
[1.5986786658369572, 1.2202642974113052, 2.2589741183878416, 2.893843854215197, 0.5805522180771198, 0.8006836473410346, 1.265191362371429, 0.4063966914148908, 0.36643921834852844, 1.2402968128097807, 0.1143210765424051, 0.9909232089360747, 0.0028394999746546843, 0.04026338361506001, 0.018385090233540034, 0.7224285546647384, 0.45478472130656644, 0.49565276518461, 0.2480173959804476, 0.05535859830354888, 0.9666702000931686, 0.6307737139520213, 0.9451468472097219, 0.02171257898339468, 0.030470733484577694, 0.45335756821845485, 6.692279081300807, 2.508343965311835, 2.0622342307834245, 0.47509341636919306, 2.283339778613851, 2.8909134063227864, 5.118467056236012, 3.753977340337226, 4.379305245456392, 0.9571251281263982, 1.5372103832295956, 2.335717066866434, 2.039480249716228, 0.8119204463216237, 2.4381763190750387, 0.5311149324281087, 0.9805676096966187, 2.603617492463657, 0.6375826573085428, 1.3217260539186384, 2.584382993163319, 10.0, 1.3414601003668203, 0.6029989650908666, 5.075405387987436, 3.1404512291890994]
APTIDAO: 
25.945879513496592
GEN: 8200
Individuo: 
[1.5986786658369572, 1.2202642974113052, 2.2589741183878416, 2.893843854215197, 0.5805522180771198, 0.8006836473410346, 1.265191362371429, 0.4063966914148908, 0.3669125776833918, 1.2402968128097807, 0.1143210765424051, 0.9909232089360747, 0.0028394999746546843, 0.04026338361506001, 0.018385090233540034, 0.7224285546647384, 0.45977620962171056, 0.4853359417839484, 0.2480173959804476, 0.06448711071640702, 0.9666702000931686, 0.6307737139520213, 0.9451468472097219, 0.02723054244770695, 0.030470733484577694, 0.45335756821845485, 6.692279081300807, 2.508343965311835, 2.0622342307834245, 0.47509341636919306, 2.283339778613851, 2.8909134063227864, 5.118467056236012, 3.753977340337226, 5.58886845093853, 0.9571251281263982, 1.5372103832295956, 2.335717066866434, 2.039480249716228, 0.8119204463216237, 2.4381763190750387, 0.5311149324281087, 0.9592721890342593, 2.549360680778654, 0.6375826573085428, 0.8063920745768167, 2.584382993163319, 10.0, 1.3414601003668203, 0.8397311983053026, 5.075405387987436, 3.1404512291890994]
APTIDAO: 
25.685090787183256
GEN: 8300
Individuo: 
[1.5986786658369572, 1.2202642974113052, 2.2589741183878416, 2.893843854215197, 0.5805522180771198, 0.8006836473410346, 1.265191362371429, 0.3965014273355408, 0.3669125776833918, 1.2402968128097807, 0.1143210765424051, 0.9909232089360747, 0.0028394999746546843, 0.04026338361506001, 0.018385090233540034, 0.7224285546647384, 0.4721121483225371, 0.5159841535019308, 0.2480173959804476, 0.06448711071640702, 0.9666702000931686, 0.6307737139520213, 0.9451468472097219, 0.014739792759301613, 0.030470733484577694, 0.45335756821845485, 6.692279081300807, 2.508343965311835, 2.0622342307834245, 0.47509341636919306, 2.283339778613851, 2.8909134063227864, 5.118467056236012, 4.057637897998502, 5.58886845093853, 0.9571251281263982, 1.5372103832295956, 2.335717066866434, 2.039480249716228, 0.8119204463216237, 2.4381763190750387, 0.5311149324281087, 0.7336402554046255, 1.489458125844876, 0.6375826573085428, 0.8063920745768167, 2.584382993163319, 10.0, 1.3414601003668203, 1.2537777476738876, 5.075405387987436, 3.1404512291890994]
APTIDAO: 
26.113134628429957
GEN: 8400
Individuo: 
[1.5986786658369572, 1.2202642974113052, 2.2589741183878416, 2.893843854215197, 0.5921074039192965, 0.8006836473410346, 1.265191362371429, 0.3965014273355408, 0.3669125776833918, 1.2402968128097807, 0.1143210765424051, 0.9909232089360747, 0.003136316676910937, 0.04026338361506001, 0.018357922473649094, 0.7224285546647384, 0.4721121483225371, 0.4836580948075907, 0.2480173959804476, 0.04296614052757175, 0.9666702000931686, 0.6307737139520213, 0.9451468472097219, 0.04780400040026479, 0.0316689533064255, 0.4556335210722397, 6.692279081300807, 2.508343965311835, 2.0622342307834245, 0.47509341636919306, 2.3546722037112677, 2.8909134063227864, 5.118467056236012, 4.057637897998502, 5.58886845093853, 0.9571251281263982, 1.5372103832295956, 2.335717066866434, 3.1588008317379885, 0.8119204463216237, 2.162792926917309, 0.5311149324281087, 0.7336402554046255, 1.1949422573463246, 0.6375826573085428, 1.080401061956542, 2.584382993163319, 10.0, 1.3414601003668203, 1.3487443876312961, 4.826056485340013, 3.075771156433089]
APTIDAO: 
25.89098764375424
GEN: 8500
Individuo: 
[1.5986786658369572, 1.2202642974113052, 2.2589741183878416, 2.893843854215197, 0.5921074039192965, 0.8006836473410346, 1.265191362371429, 0.3965014273355408, 0.3669125776833918, 1.2402968128097807, 0.1143210765424051, 0.9909232089360747, 0.003136316676910937, 0.04026338361506001, 0.017821092136077434, 0.7224285546647384, 0.4721121483225371, 0.4836580948075907, 0.2451190753014584, 0.04296614052757175, 0.9666702000931686, 0.6307737139520213, 0.9451468472097219, 0.04780400040026479, 0.03191481738608091, 0.4556335210722397, 6.692279081300807, 2.508343965311835, 2.0622342307834245, 0.47509341636919306, 2.3546722037112677, 2.8909134063227864, 5.118467056236012, 4.057637897998502, 5.58886845093853, 0.9571251281263982, 1.5372103832295956, 2.335717066866434, 3.1588008317379885, 0.8119204463216237, 2.0937794360231528, 0.5311149324281087, 0.7336402554046255, 1.1949422573463246, 0.6711931917558415, 1.080401061956542, 2.584382993163319, 10.0, 1.3414601003668203, 1.3487443876312961, 4.130537638802659, 3.075771156433089]
APTIDAO: 
25.702264894692934
GEN: 8600
Individuo: 
[1.5986786658369572, 1.2202642974113052, 2.2589741183878416, 2.893843854215197, 0.5921074039192965, 0.8006836473410346, 1.265191362371429, 0.3965014273355408, 0.3669125776833918, 1.2402968128097807, 0.1143210765424051, 0.9909232089360747, 0.0016090491319331946, 0.04026338361506001, 0.017821092136077434, 0.7224285546647384, 0.4721121483225371, 0.472140739862012, 0.2451190753014584, 0.04296614052757175, 0.9666702000931686, 0.6307737139520213, 0.9451468472097219, 0.04894853906930258, 0.03191481738608091, 0.4556335210722397, 6.692279081300807, 2.508343965311835, 2.0622342307834245, 0.47509341636919306, 2.3546722037112677, 2.8909134063227864, 5.118467056236012, 4.057637897998502, 5.58886845093853, 0.9571251281263982, 1.5372103832295956, 2.335717066866434, 1.4515224275212502, 0.8119204463216237, 2.0937794360231528, 0.5311149324281087, 0.7336402554046255, 0.989398924942821, 0.6711931917558415, 1.080401061956542, 2.584382993163319, 10.0, 1.3414601003668203, 2.698754897104547, 4.130537638802659, 3.075771156433089]
APTIDAO: 
25.643865189826986
GEN: 8700
Individuo: 
[1.5986786658369572, 1.2202642974113052, 2.259290497253026, 2.893843854215197, 0.5921074039192965, 0.8006836473410346, 1.265191362371429, 0.3965014273355408, 0.3669125776833918, 1.2402968128097807, 0.1143210765424051, 0.9909232089360747, 0.0012866698135910995, 0.03895212842091483, 0.017821092136077434, 0.7224285546647384, 0.4721121483225371, 0.45719234995495506, 0.2451190753014584, 0.04296614052757175, 0.9666702000931686, 0.6307737139520213, 0.9451468472097219, 0.053281322490709694, 0.032154073628854064, 0.4556335210722397, 6.692279081300807, 2.508343965311835, 2.2382956424566274, 0.47509341636919306, 2.3546722037112677, 2.8909134063227864, 5.118467056236012, 4.057637897998502, 5.58886845093853, 0.9571251281263982, 1.5372103832295956, 2.335717066866434, 1.5261516085163538, 1.2982254574346574, 2.0937794360231528, 0.5311149324281087, 0.7336402554046255, 0.6965940240863578, 0.6711931917558415, 1.080401061956542, 2.584382993163319, 10.0, 1.3414601003668203, 2.584195266855319, 7.529201616334902, 3.075771156433089]
APTIDAO: 
25.556276547110183
GEN: 8800
Individuo: 
[1.5986786658369572, 1.2202642974113052, 2.259290497253026, 2.893843854215197, 0.5921074039192965, 0.8006836473410346, 1.265191362371429, 0.40585412565803947, 0.3669125776833918, 1.2402968128097807, 0.11472083275847732, 0.9909232089360747, 0.001043808917947297, 0.03895212842091483, 0.017821092136077434, 0.7224285546647384, 0.4721121483225371, 0.472140739862012, 0.2451190753014584, 0.0272840587113898, 0.9666702000931686, 0.6307737139520213, 0.9451468472097219, 0.07149114394466632, 0.032154073628854064, 0.4556335210722397, 6.692279081300807, 2.508343965311835, 2.2382956424566274, 0.47509341636919306, 2.3546722037112677, 2.8909134063227864, 5.118467056236012, 4.395289501689478, 5.58886845093853, 0.9571251281263982, 0.9181737373216124, 2.335717066866434, 1.1888020398189632, 1.2982254574346574, 2.0937794360231528, 0.5311149324281087, 0.7336402554046255, 0.989398924942821, 0.6711931917558415, 1.4745137947564602, 2.584382993163319, 10.0, 1.3414601003668203, 3.800009329907485, 7.529201616334902, 3.075771156433089]
APTIDAO: 
26.04140474859487
GEN: 8900
Individuo: 
[1.5986786658369572, 1.2202642974113052, 2.259290497253026, 2.893843854215197, 0.5921074039192965, 0.8006836473410346, 1.265191362371429, 0.40585412565803947, 0.36572846171517703, 1.2402968128097807, 0.11472083275847732, 0.9909232089360747, 0.001563253307190772, 0.03895212842091483, 0.017821092136077434, 0.7224285546647384, 0.4721121483225371, 0.472140739862012, 0.2451190753014584, 0.03996258394174006, 0.9716615212087417, 0.6307737139520213, 0.9451468472097219, 0.07149114394466632, 0.032154073628854064, 0.4556335210722397, 6.692279081300807, 2.508343965311835, 2.2382956424566274, 0.47509341636919306, 2.3546722037112677, 2.8909134063227864, 5.118467056236012, 4.395289501689478, 8.522459243986585, 0.9571251281263982, 0.9181737373216124, 2.335717066866434, 3.1693208746275614, 1.2982254574346574, 2.0937794360231528, 0.5311149324281087, 0.7336402554046255, 0.989398924942821, 0.6711931917558415, 3.309139862450378, 1.9289613266008887, 10.0, 1.3414601003668203, 3.800009329907485, 7.529201616334902, 3.075771156433089]
APTIDAO: 
25.517853614795705
GEN: 9000
Individuo: 
[1.5986786658369572, 1.2202642974113052, 2.259290497253026, 2.893843854215197, 0.5921074039192965, 0.8006836473410346, 1.265191362371429, 0.40585412565803947, 0.36572846171517703, 1.2402968128097807, 0.11472083275847732, 0.9909232089360747, 0.001563253307190772, 0.03895212842091483, 0.017821092136077434, 0.7224285546647384, 0.4721121483225371, 0.472140739862012, 0.2451190753014584, 0.03996258394174006, 0.9716615212087417, 0.6307737139520213, 0.9451468472097219, 0.07149114394466632, 0.032154073628854064, 0.4556335210722397, 6.692279081300807, 2.508343965311835, 2.2382956424566274, 0.47509341636919306, 2.3546722037112677, 2.8909134063227864, 5.118467056236012, 4.395289501689478, 8.522459243986585, 0.9571251281263982, 0.9181737373216124, 2.335717066866434, 3.1693208746275614, 1.2982254574346574, 2.0937794360231528, 0.5311149324281087, 0.7336402554046255, 0.989398924942821, 0.6711931917558415, 3.309139862450378, 1.9289613266008887, 10.0, 1.3414601003668203, 3.800009329907485, 7.529201616334902, 3.075771156433089]
APTIDAO: 
25.517853614795705
GEN: 9100
Individuo: 
[1.5986786658369572, 1.2202642974113052, 2.259290497253026, 2.893843854215197, 0.5921074039192965, 0.8006836473410346, 1.265191362371429, 0.40585412565803947, 0.36572846171517703, 1.2402968128097807, 0.11472083275847732, 0.9909232089360747, 0.001563253307190772, 0.046019979896244054, 0.017821092136077434, 0.7224285546647384, 0.4721121483225371, 0.472140739862012, 0.2523366876291752, 0.03996258394174006, 0.9683338838361212, 0.6307737139520213, 0.9451468472097219, 0.07149114394466632, 0.03519960060450334, 0.4556335210722397, 6.692279081300807, 2.508343965311835, 2.2382956424566274, 0.47509341636919306, 2.3546722037112677, 2.8909134063227864, 5.118467056236012, 4.395289501689478, 8.522459243986585, 0.9571251281263982, 0.9181737373216124, 2.335717066866434, 3.1693208746275614, 1.2315421989907744, 2.0937794360231528, 0.5311149324281087, 0.7336402554046255, 0.989398924942821, 1.002261806968395, 3.309139862450378, 1.3187095533257627, 10.0, 1.3414601003668203, 3.800009329907485, 9.503536347606312, 3.075771156433089]
APTIDAO: 
25.639354221865954
GEN: 9200
Individuo: 
[1.5986786658369572, 1.2202642974113052, 2.259290497253026, 2.893843854215197, 0.5921074039192965, 0.8006836473410346, 1.265191362371429, 0.40585412565803947, 0.36572846171517703, 1.2402968128097807, 0.11472083275847732, 0.9909232089360747, 0.001563253307190772, 0.054143793504221216, 0.01773424959469992, 0.7224285546647384, 0.4581823129238347, 0.472140739862012, 0.2523366876291752, 0.03996258394174006, 0.9683338838361212, 0.6307737139520213, 0.9451468472097219, 0.07778190751391055, 0.03519960060450334, 0.4556335210722397, 6.692279081300807, 2.508343965311835, 2.2382956424566274, 0.47509341636919306, 2.3546722037112677, 2.8909134063227864, 5.118467056236012, 4.395289501689478, 8.522459243986585, 0.9571251281263982, 0.9181737373216124, 2.335717066866434, 3.1693208746275614, 2.0776570239897385, 1.6002384963481224, 0.5311149324281087, 0.4760717481425079, 0.989398924942821, 1.002261806968395, 3.309139862450378, 1.3187095533257627, 10.0, 1.3414601003668203, 3.3960608385870183, 9.503536347606312, 3.075771156433089]
APTIDAO: 
25.455168578209747
GEN: 9300
Individuo: 
[1.5986786658369572, 1.2202642974113052, 2.259290497253026, 2.893843854215197, 0.5921074039192965, 0.8006836473410346, 1.265191362371429, 0.40585412565803947, 0.3750362857202582, 1.2402968128097807, 0.11472083275847732, 0.9909232089360747, 0.0018866538174689084, 0.051721974143307856, 0.017821092136077434, 0.7224285546647384, 0.4581823129238347, 0.472140739862012, 0.2523366876291752, 0.05444932605846293, 0.9683338838361212, 0.6307737139520213, 0.9457697044778844, 0.07778190751391055, 0.03519960060450334, 0.4556335210722397, 6.692279081300807, 2.508343965311835, 2.2382956424566274, 0.47509341636919306, 2.3546722037112677, 2.8909134063227864, 5.118467056236012, 4.395289501689478, 10.0, 0.9571251281263982, 0.9181737373216124, 2.335717066866434, 2.096714564733837, 1.3627558058191593, 2.0937794360231528, 0.5311149324281087, 0.4760717481425079, 0.989398924942821, 1.002261806968395, 4.554699066849372, 1.3187095533257627, 10.0, 1.070192112463527, 3.3960608385870183, 9.503536347606312, 3.075771156433089]
APTIDAO: 
25.390709822276417
GEN: 9400
Individuo: 
[1.5986786658369572, 1.226737365431122, 2.259290497253026, 2.893843854215197, 0.5921074039192965, 0.8006836473410346, 1.265191362371429, 0.40585412565803947, 0.3750362857202582, 1.2402968128097807, 0.11472083275847732, 0.9909232089360747, 0.0017829695433501866, 0.051721974143307856, 0.017769053702777166, 0.7224285546647384, 0.4581823129238347, 0.472140739862012, 0.2523366876291752, 0.05444932605846293, 0.9683338838361212, 0.6307737139520213, 0.9457697044778844, 0.07778190751391055, 0.03519960060450334, 0.4556335210722397, 6.692279081300807, 1.2379596550990675, 2.2382956424566274, 0.47509341636919306, 2.3546722037112677, 2.8909134063227864, 5.118467056236012, 4.395289501689478, 10.0, 0.9571251281263982, 0.9181737373216124, 2.335717066866434, 3.392819067045334, 1.3627558058191593, 2.0973323018685535, 0.5311149324281087, 0.4760717481425079, 0.989398924942821, 1.002261806968395, 4.554699066849372, 1.3187095533257627, 10.0, 1.070192112463527, 3.3960608385870183, 9.503536347606312, 3.075771156433089]
APTIDAO: 
25.31018407077806
GEN: 9500
Individuo: 
[1.5986786658369572, 1.226737365431122, 2.259290497253026, 2.893843854215197, 0.5921074039192965, 0.8006836473410346, 1.265191362371429, 0.40585412565803947, 0.3750362857202582, 1.2402968128097807, 0.11376050420635156, 0.9909232089360747, 0.007743600924009383, 0.06438209044365387, 0.017769053702777166, 0.7224285546647384, 0.4581823129238347, 0.472140739862012, 0.2523366876291752, 0.06169245159823302, 0.9683338838361212, 0.6307737139520213, 0.9433771129291894, 0.07778190751391055, 0.03519960060450334, 0.4556335210722397, 6.692279081300807, 1.2379596550990675, 2.2382956424566274, 0.47509341636919306, 2.3546722037112677, 2.8909134063227864, 5.118467056236012, 4.395289501689478, 10.0, 0.9571251281263982, 1.112667088374732, 2.335717066866434, 2.103225674403104, 0.8208712664661644, 2.0973323018685535, 0.5311149324281087, 0.4760717481425079, 0.989398924942821, 1.002261806968395, 3.5637514401444084, 1.3187095533257627, 10.0, 0.8069393981269296, 3.3960608385870183, 9.503536347606312, 3.075771156433089]
APTIDAO: 
25.377659891051948
GEN: 9600
Individuo: 
[1.5986786658369572, 1.226737365431122, 2.259290497253026, 2.893843854215197, 0.5921074039192965, 0.8006836473410346, 1.336430097597343, 0.41782082569472445, 0.3750362857202582, 1.2402968128097807, 0.11376050420635156, 1.1778596180727288, 0.0035072014155337864, 0.06716419172125528, 0.017769053702777166, 0.7224285546647384, 0.4581823129238347, 0.5165625207869211, 0.2523366876291752, 0.06169245159823302, 0.9079738472328224, 0.6307737139520213, 0.3658011153986377, 0.12921040729080074, 0.03519960060450334, 0.4556335210722397, 6.692279081300807, 1.2379596550990675, 2.2382956424566274, 0.47509341636919306, 2.3546722037112677, 2.8909134063227864, 2.7831232724966046, 5.414806005132751, 10.0, 0.9571251281263982, 1.112667088374732, 2.976494411565628, 1.0392941556995419, 0.8449529163790794, 2.0973323018685535, 0.5311149324281087, 0.4760717481425079, 1.1142223684856378, 1.002261806968395, 3.5637514401444084, 1.3348927785834475, 10.0, 0.9137597814039472, 6.542138206769559, 9.503536347606312, 3.075771156433089]
APTIDAO: 
24.227525778659977
GEN: 9700
Individuo: 
[1.5986786658369572, 1.226737365431122, 2.259290497253026, 2.893843854215197, 0.5921074039192965, 0.8006836473410346, 1.3370159207468704, 0.902709802347916, 0.3750362857202582, 1.2508750554636243, 0.11376050420635156, 1.1778596180727288, 0.001032690554168235, 0.049774551449287184, 0.01857725782423618, 0.7224285546647384, 0.017054114214270572, 0.5383202868150068, 0.2523366876291752, 0.08450481525681953, 0.9079738472328224, 0.6307737139520213, 0.3658011153986377, 0.18230044009656188, 0.03519960060450334, 0.4556335210722397, 6.692279081300807, 1.2379596550990675, 2.2382956424566274, 0.47509341636919306, 2.3546722037112677, 2.8909134063227864, 2.35994903308973, 4.628407187056997, 10.0, 1.2646507601643489, 1.112667088374732, 2.976494411565628, 0.9423618343863458, 0.9081013668671085, 2.1004000105729523, 0.5311149324281087, 0.5369671847513041, 0.7742041648660598, 1.002261806968395, 4.310065708354882, 1.3348927785834475, 10.0, 0.9137597814039472, 3.444051118019426, 9.503536347606312, 3.075771156433089]
APTIDAO: 
23.35815217126971
GEN: 9800
Individuo: 
[1.5986786658369572, 1.226737365431122, 2.4130637355452285, 2.893843854215197, 0.5921074039192965, 0.7911646981407153, 1.3370159207468704, 0.9043067500994851, 0.3750362857202582, 1.2508750554636243, 0.11178641257844757, 1.1778596180727288, 0.0014699888548264136, 0.031960111879964885, 0.01857725782423618, 0.7224285546647384, 0.019768146296754892, 0.5383202868150068, 0.2523366876291752, 0.08450481525681953, 0.9079738472328224, 0.6307737139520213, 0.3658011153986377, 0.2700561423286281, 0.03519960060450334, 0.4556335210722397, 6.692279081300807, 1.2379596550990675, 2.2953424907177844, 0.47509341636919306, 2.3546722037112677, 1.760710533514316, 2.35994903308973, 3.807388214465529, 10.0, 1.2646507601643489, 1.3510069968498217, 2.976494411565628, 1.950693482853653, 0.8943154273422815, 2.1004000105729523, 0.5311149324281087, 0.5146368241688207, 0.7742041648660598, 1.002261806968395, 4.310065708354882, 1.3348927785834475, 10.0, 0.9137597814039472, 4.777143652538583, 9.503536347606312, 3.075771156433089]
APTIDAO: 
22.968875162471974
GEN: 9900
Individuo: 
[1.5986786658369572, 1.226737365431122, 2.5126705011333534, 2.893843854215197, 0.5921074039192965, 0.7911646981407153, 1.3370159207468704, 0.9043067500994851, 0.5496550974273415, 1.2508750554636243, 0.10656497740854516, 1.188111145892631, 0.0016642542271624997, 0.031960111879964885, 0.01857725782423618, 0.7224285546647384, 0.03324127919974381, 0.5383202868150068, 0.2523366876291752, 0.2881514182237145, 0.9079738472328224, 0.6307737139520213, 0.3658011153986377, 0.411169992362028, 0.03519960060450334, 0.4556335210722397, 6.692279081300807, 1.2379596550990675, 1.8951572946857902, 0.47509341636919306, 2.3546722037112677, 1.760710533514316, 2.35994903308973, 3.807388214465529, 6.198902313609157, 1.2646507601643489, 1.518271442593767, 3.0712245325354766, 0.9119073020054697, 0.8943154273422815, 2.1004000105729523, 0.5311149324281087, 0.8955879575862484, 0.7742041648660598, 1.002261806968395, 4.918996173905199, 1.3348927785834475, 10.0, 0.9137597814039472, 2.4918755089521216, 9.503536347606312, 3.075771156433089]
APTIDAO: 
22.267280783824848
GEN: 10000
Individuo: 
[1.5986786658369572, 1.2315570655338135, 2.5126705011333534, 2.893843854215197, 0.5921074039192965, 0.7911646981407153, 1.3370159207468704, 0.9111740141822273, 0.5496550974273415, 1.2508750554636243, 0.10999189098705915, 1.1877863973925304, 0.0016642542271624997, 0.031960111879964885, 0.01857725782423618, 0.7224285546647384, 0.03060368230923153, 0.5688436497284544, 0.2523366876291752, 0.2881514182237145, 0.9079738472328224, 0.6307737139520213, 0.3658011153986377, 0.411169992362028, 0.03519960060450334, 0.4556335210722397, 6.692279081300807, 0.8735549139196535, 1.8951572946857902, 0.47509341636919306, 2.3546722037112677, 1.760710533514316, 2.35994903308973, 2.8429619887089816, 6.198902313609157, 1.2646507601643489, 1.4894855071100646, 3.8633197849700975, 0.9119073020054697, 0.8943154273422815, 2.1004000105729523, 0.5311149324281087, 0.9889543030093696, 0.8518687402999083, 1.002261806968395, 4.918996173905199, 1.3348927785834475, 10.0, 0.9137597814039472, 2.4918755089521216, 9.503536347606312, 3.075771156433089]
APTIDAO: 
22.15162976017921

--- RESULTADO FINAL ---
Erro (norma-1): 22.15162976017921
Parâmetros: [1.5986786658369572, 1.2315570655338135, 2.5126705011333534, 2.893843854215197, 0.5921074039192965, 0.7911646981407153, 1.3370159207468704, 0.9111740141822273, 0.5496550974273415, 1.2508750554636243, 0.10999189098705915, 1.1877863973925304, 0.0016642542271624997, 0.031960111879964885, 0.01857725782423618, 0.7224285546647384, 0.03060368230923153, 0.5688436497284544, 0.2523366876291752, 0.2881514182237145, 0.9079738472328224, 0.6307737139520213, 0.3658011153986377, 0.411169992362028, 0.03519960060450334, 0.4556335210722397]
Tempo total: 05h 05m 36s
