SEED: 1778490666
BOUNDS: tau=[0.1, 5.0]  v2=[0.01, 1.5]  J=[0.001, 0.99]
GEN: 0
Individuo: 
[2.2321937448976548, 0.11945144819201564, 4.4977019842212504, 1.3693551617591433, 1.864521450134652, 0.48579453880576157, 0.9988457551251738, 0.1970891472210272, 1.02062793062656, 0.6308646961688135, 0.4830575161356631, 0.8182932344429534, 0.057840381294330716, 0.169360970135551, 0.16936601357150766, 0.5254851227032782, 0.10723905663873091, 0.7202529024673137, 0.517735935483886, 0.1720925058674667, 0.39955684504054306, 0.4834992377321983, 0.03394636928208012, 0.3956962077195807, 0.8148232177991546, 0.8106035438351715, 6.795475432253419, 4.900443306326303, 4.209673305074278, 6.118533504849637, 5.017428125158606, 3.2962069757785777, 6.323193188637851, 6.43527822963142, 4.364863993012963, 1.128538102859141, 5.105711502397996, 7.573432673842349, 7.856552621969006, 5.267346226782168, 6.935753519586693, 7.49887726145997, 7.8450472111362055, 2.7808404720174598, 8.96118890704578, 4.112056242401233, 9.118632793734609, 6.741643665780126, 4.6914495239425955, 9.075258026519371, 2.2197380197212793, 5.6793629252088556]
APTIDAO: 
126.99127351078135
GEN: 100
Individuo: 
[1.3022809427198454, 2.774130914401429, 2.6870422556898204, 1.8082105881153006, 0.5093456219690453, 0.862875852611372, 0.6406747194721787, 0.22915693414976146, 0.38417581472685197, 0.055249688154965136, 0.4095610598697152, 1.149126782751246, 0.22874498956026776, 0.6787606308948315, 0.0010829444788787782, 0.12787439229051528, 0.6137106293692568, 0.10740906249473935, 0.530080660201235, 0.17224056833913712, 0.21243447482304906, 0.9369172216139278, 0.724465463256861, 0.28978309056569074, 0.04959333339740783, 0.755021542552099, 7.9203582774590515, 4.102800341193565, 1.0615344203724753, 6.122413060271274, 4.150826116863893, 5.164895378131179, 7.934886496635877, 1.9641788300977476, 3.8631802819543015, 7.263410536831212, 2.6067519015473533, 7.809633755142709, 1.9663889591735175, 4.2479392524800925, 0.8162756437035112, 9.55201031339074, 3.1638193367929563, 3.4842732045320046, 3.961814140037668, 1.0312796816685421, 2.8397698700956195, 6.588199366247144, 8.341815924177697, 6.540213505225336, 4.034307170222055, 2.866678396903602]
APTIDAO: 
39.487918658691896
GEN: 200
Individuo: 
[1.3022809427198454, 2.774130914401429, 2.6870422556898204, 1.8082105881153006, 0.5093456219690453, 0.862875852611372, 0.6406747194721787, 0.2188324105868523, 0.38417581472685197, 0.05841174390861717, 0.4095610598697152, 1.2605587463431578, 0.22874498956026776, 0.6787606308948315, 0.0010104651475103135, 0.12787439229051528, 0.6137106293692568, 0.10740906249473935, 0.5359492623574645, 0.17224056833913712, 0.30518845809269235, 0.07113890707419933, 0.724465463256861, 0.28978309056569074, 0.04959333339740783, 0.755021542552099, 7.9203582774590515, 4.102800341193565, 1.0615344203724753, 6.122413060271274, 4.150826116863893, 5.164895378131179, 7.934886496635877, 1.8404921950577358, 3.8631802819543015, 4.494626517303943, 2.6067519015473533, 9.099827097277311, 1.9663889591735175, 4.2479392524800925, 0.6264592862556021, 9.55201031339074, 3.1638193367929563, 3.4842732045320046, 2.8559634009775703, 1.0312796816685421, 2.2452242731976866, 4.543315410626223, 8.341815924177697, 6.540213505225336, 4.034307170222055, 2.866678396903602]
APTIDAO: 
38.35780493605388
GEN: 300
Individuo: 
[1.3022809427198454, 2.774130914401429, 2.6870422556898204, 1.8082105881153006, 0.5093456219690453, 0.862875852611372, 0.6406747194721787, 0.2188324105868523, 0.38417581472685197, 0.09454437197013471, 0.4095610598697152, 1.3013211736488965, 0.19328389359509088, 0.5722321136882084, 0.0010104651475103135, 0.115113045704616, 0.6137106293692568, 0.10740906249473935, 0.5293797257274457, 0.17224056833913712, 0.0569772730766609, 0.1704049971574924, 0.724465463256861, 0.28978309056569074, 0.05123762066600328, 0.7491853637618161, 7.9203582774590515, 4.102800341193565, 1.0615344203724753, 6.122413060271274, 4.150826116863893, 5.164895378131179, 7.934886496635877, 1.8404921950577358, 3.8631802819543015, 2.9175821997454907, 2.6067519015473533, 4.846236557766426, 1.166179650035103, 2.8922086001598655, 0.6264592862556021, 10.0, 3.1638193367929563, 3.4842732045320046, 3.790882053059433, 1.0312796816685421, 1.208851679919989, 10.0, 8.341815924177697, 6.540213505225336, 2.4462013373846996, 2.076342912758616]
APTIDAO: 
37.18520946189558
GEN: 400
Individuo: 
[1.2857255071204392, 2.774130914401429, 2.6870422556898204, 1.8082105881153006, 0.5093456219690453, 0.862875852611372, 0.6406747194721787, 0.21228206740850802, 0.38417581472685197, 0.1149892793897234, 0.4095610598697152, 1.3013211736488965, 0.19328389359509088, 0.5722321136882084, 0.0010182699845808093, 0.115113045704616, 0.6137106293692568, 0.10740906249473935, 0.5293797257274457, 0.17224056833913712, 0.17803125697940203, 0.47876645744314317, 0.724465463256861, 0.2704340970054758, 0.03317331697110998, 0.7491853637618161, 8.552866926482901, 4.102800341193565, 1.0615344203724753, 6.122413060271274, 4.150826116863893, 5.164895378131179, 7.934886496635877, 1.7123773878938686, 3.8631802819543015, 2.5160323044023634, 2.6067519015473533, 4.846236557766426, 1.166179650035103, 2.8922086001598655, 0.6339548054418098, 10.0, 3.1638193367929563, 3.4842732045320046, 3.790882053059433, 1.0312796816685421, 0.9292475333690362, 4.832689543074589, 8.341815924177697, 5.497337177240836, 3.0748936204439037, 2.076342912758616]
APTIDAO: 
36.8901593726928
GEN: 500
Individuo: 
[1.2857255071204392, 2.774130914401429, 2.6870422556898204, 1.8082105881153006, 0.5177334979288396, 1.2073507930083616, 0.6406747194721787, 0.21789565334438665, 0.38417581472685197, 0.18685668194216618, 0.4095610598697152, 1.3013211736488965, 0.0271987534518728, 0.46683647241172593, 0.0011099226790435173, 0.115113045704616, 0.6137106293692568, 0.10740906249473935, 0.5293797257274457, 0.17224056833913712, 0.008022926567128934, 0.06743613068570477, 0.724465463256861, 0.2704340970054758, 0.04284102593489993, 0.7491853637618161, 8.552866926482901, 4.102800341193565, 1.0615344203724753, 6.122413060271274, 4.275142911543426, 4.406698876454979, 7.934886496635877, 1.2615217642590353, 3.8631802819543015, 3.2348700405445734, 2.6067519015473533, 4.846236557766426, 1.1676793460112707, 3.5173701084354017, 1.0752688471639684, 10.0, 3.1638193367929563, 3.4842732045320046, 3.790882053059433, 1.0312796816685421, 0.8518843347761248, 1.150426789344029, 8.341815924177697, 5.497337177240836, 1.2104572247275358, 2.076342912758616]
APTIDAO: 
32.89466829287583
GEN: 600
Individuo: 
[1.2857255071204392, 2.774130914401429, 2.6870422556898204, 1.8082105881153006, 0.5177334979288396, 1.2073507930083616, 0.6406747194721787, 0.21789565334438665, 0.38417581472685197, 0.18685668194216618, 0.4095610598697152, 1.3013211736488965, 0.02039382977824199, 0.46683647241172593, 0.0010024709764620326, 0.115113045704616, 0.6137106293692568, 0.1189439168378163, 0.5293797257274457, 0.17224056833913712, 0.008022926567128934, 0.012665570892972069, 0.724465463256861, 0.2704340970054758, 0.05130295512919391, 0.7491853637618161, 8.552866926482901, 4.102800341193565, 1.0615344203724753, 6.122413060271274, 4.275142911543426, 4.406698876454979, 7.934886496635877, 1.2615217642590353, 3.8631802819543015, 3.2348700405445734, 2.6067519015473533, 4.846236557766426, 1.0877999794783497, 3.5173701084354017, 0.7464533746881543, 10.0, 3.1638193367929563, 2.988130840832285, 3.790882053059433, 1.0312796816685421, 0.8518843347761248, 2.1679827548126274, 8.341815924177697, 5.497337177240836, 1.6956640001576468, 2.076342912758616]
APTIDAO: 
32.52234336359901
GEN: 700
Individuo: 
[1.2857255071204392, 2.774130914401429, 2.6870422556898204, 1.7994379372962575, 0.5177334979288396, 1.2073507930083616, 0.593479969626942, 0.21789565334438665, 0.38417581472685197, 0.18685668194216618, 0.4095610598697152, 1.3013211736488965, 0.007964961652842167, 0.3906773312054306, 0.0011685713249331958, 0.06533055430271459, 0.6137106293692568, 0.12900756544023143, 0.5293797257274457, 0.17224056833913712, 0.008022926567128934, 0.08833838128790238, 0.724465463256861, 0.26631817350485937, 0.05130295512919391, 0.7470140398461402, 8.552866926482901, 4.102800341193565, 1.0615344203724753, 2.020411308873042, 4.275142911543426, 4.406698876454979, 9.185341234556448, 1.2615217642590353, 3.8631802819543015, 3.2348700405445734, 2.6067519015473533, 4.846236557766426, 0.9154117685562645, 6.579302626016682, 2.114374253081005, 7.8472113583052385, 3.1638193367929563, 3.0753679685952355, 3.790882053059433, 1.0312796816685421, 0.8518843347761248, 4.415577895564323, 8.341815924177697, 8.900721733113526, 1.6956640001576468, 2.3312399863635505]
APTIDAO: 
31.22607038186236
GEN: 800
Individuo: 
[1.2857255071204392, 2.774130914401429, 2.6870422556898204, 1.7994379372962575, 0.5177334979288396, 1.2073507930083616, 0.593479969626942, 0.21789565334438665, 0.38417581472685197, 0.18685668194216618, 0.4095610598697152, 1.3013211736488965, 0.009384508489578105, 0.3906773312054306, 0.0016849038532132374, 0.06533055430271459, 0.6137106293692568, 0.12900756544023143, 0.5293797257274457, 0.1735022674012437, 0.012088842659235863, 0.20126409246539798, 0.724465463256861, 0.26631817350485937, 0.05130295512919391, 0.7470140398461402, 8.552866926482901, 4.102800341193565, 1.0615344203724753, 2.020411308873042, 4.275142911543426, 4.406698876454979, 9.185341234556448, 1.2615217642590353, 3.8631802819543015, 3.2348700405445734, 2.6067519015473533, 4.846236557766426, 1.0574691310932864, 6.579302626016682, 1.8998819815975396, 7.8472113583052385, 3.1638193367929563, 3.0753679685952355, 3.790882053059433, 1.0417813387299666, 0.9123476044721008, 3.736168274708302, 8.341815924177697, 8.900721733113526, 1.6956640001576468, 2.3312399863635505]
APTIDAO: 
31.110115332142048
GEN: 900
Individuo: 
[1.2857255071204392, 2.774130914401429, 2.6870422556898204, 1.7994379372962575, 0.5177334979288396, 1.2073507930083616, 0.593479969626942, 0.21789565334438665, 0.38417581472685197, 0.18685668194216618, 0.4095610598697152, 1.3013211736488965, 0.009384508489578105, 0.38158616367297915, 0.0022005850527255437, 0.06533055430271459, 0.6053020903057064, 0.12900756544023143, 0.5293797257274457, 0.1735022674012437, 0.010776215872845156, 0.20126409246539798, 0.724465463256861, 0.26631817350485937, 0.05130295512919391, 0.7470140398461402, 8.552866926482901, 4.102800341193565, 1.0615344203724753, 2.020411308873042, 4.275142911543426, 4.406698876454979, 9.185341234556448, 1.2615217642590353, 3.8631802819543015, 3.2348700405445734, 2.6067519015473533, 4.846236557766426, 1.0574691310932864, 6.55773809714479, 2.812291442920342, 7.8472113583052385, 4.4071009599724755, 3.0753679685952355, 3.790882053059433, 1.0417813387299666, 1.9084838058527183, 3.736168274708302, 8.341815924177697, 8.900721733113526, 1.6956640001576468, 2.3312399863635505]
APTIDAO: 
30.997453451956925
GEN: 1000
Individuo: 
[1.2857255071204392, 2.774130914401429, 2.6870422556898204, 1.7994379372962575, 0.5106724295223547, 1.2073507930083616, 0.5944580711767384, 0.21789565334438665, 0.38417581472685197, 0.18685668194216618, 0.4095610598697152, 1.3013211736488965, 0.010598857385172068, 0.3906773312054306, 0.0025113451125751847, 0.06533055430271459, 0.6053020903057064, 0.12900756544023143, 0.5293797257274457, 0.1735022674012437, 0.01123893274224198, 0.1110946850758511, 0.724465463256861, 0.26631817350485937, 0.04801433777060543, 0.7255846863638807, 8.552866926482901, 4.102800341193565, 1.0615344203724753, 2.020411308873042, 3.255275859477186, 4.406698876454979, 6.8441815309416025, 1.2615217642590353, 3.8631802819543015, 3.2348700405445734, 2.6067519015473533, 4.846236557766426, 1.2262134589778695, 6.579302626016682, 2.967772748197942, 7.8472113583052385, 4.4071009599724755, 3.0753679685952355, 3.790882053059433, 1.0417813387299666, 1.5855220115549689, 1.4305773156760102, 8.341815924177697, 8.900721733113526, 1.3171901150993535, 1.7938291458704376]
APTIDAO: 
31.063879490885526
GEN: 1100
Individuo: 
[1.2857255071204392, 2.774130914401429, 2.6870422556898204, 1.7994379372962575, 0.5106724295223547, 1.2041704884932196, 0.5944580711767384, 0.21789565334438665, 0.38417581472685197, 0.10913751430557347, 0.4095610598697152, 1.2940508154437287, 0.008920261046092871, 0.3742174196291078, 0.0025113451125751847, 0.06533055430271459, 0.6053020903057064, 0.12900756544023143, 0.5293797257274457, 0.1735022674012437, 0.041591017251759135, 0.05661673575591824, 0.724465463256861, 0.26631817350485937, 0.05130295512919391, 0.7255846863638807, 8.552866926482901, 4.102800341193565, 1.0615344203724753, 2.020411308873042, 3.255275859477186, 2.1650144621714387, 6.8441815309416025, 1.2615217642590353, 3.8631802819543015, 4.258348289123825, 2.6067519015473533, 2.937013717048891, 1.248289325602359, 7.08023046423734, 2.967772748197942, 7.8472113583052385, 4.4071009599724755, 3.0753679685952355, 3.790882053059433, 1.0417813387299666, 1.9828487816269458, 1.5266444663961352, 8.341815924177697, 8.900721733113526, 1.6956640001576468, 1.7938291458704376]
APTIDAO: 
31.021629808030706
GEN: 1200
Individuo: 
[1.2857255071204392, 2.774130914401429, 2.6870422556898204, 1.7994379372962575, 0.5106724295223547, 1.2041704884932196, 0.5944580711767384, 0.21789565334438665, 0.38417581472685197, 0.10913751430557347, 0.4095610598697152, 1.2940508154437287, 0.007946115848410363, 0.3742174196291078, 0.0018500461190004878, 0.06533055430271459, 0.6053020903057064, 0.12900756544023143, 0.5293797257274457, 0.1776475234841233, 0.041591017251759135, 0.03610794197918673, 0.724465463256861, 0.26631817350485937, 0.050430468077736275, 0.7255846863638807, 8.552866926482901, 4.102800341193565, 1.0615344203724753, 2.020411308873042, 3.255275859477186, 2.1650144621714387, 6.8441815309416025, 1.2615217642590353, 3.8631802819543015, 4.258348289123825, 2.6067519015473533, 2.937013717048891, 1.6900486990893813, 7.08023046423734, 4.716255248045947, 7.8472113583052385, 4.4071009599724755, 3.0753679685952355, 3.790882053059433, 1.3694345910231551, 1.9828487816269458, 2.4460470394332208, 8.341815924177697, 8.900721733113526, 1.6779224076608623, 1.7938291458704376]
APTIDAO: 
30.892033683628476
GEN: 1300
Individuo: 
[1.2857255071204392, 2.774130914401429, 2.6870422556898204, 1.7994379372962575, 0.5106724295223547, 1.2041704884932196, 0.5944580711767384, 0.21789565334438665, 0.38417581472685197, 0.10913751430557347, 0.4095610598697152, 1.2940508154437287, 0.00814072940642894, 0.3742174196291078, 0.0010532013318398275, 0.04756448427551617, 0.6053020903057064, 0.12900756544023143, 0.5293797257274457, 0.1776475234841233, 0.01296117037033926, 0.25172816480701987, 0.724465463256861, 0.26631817350485937, 0.050430468077736275, 0.7255846863638807, 8.552866926482901, 4.102800341193565, 1.0615344203724753, 2.020411308873042, 3.255275859477186, 2.1650144621714387, 6.8441815309416025, 1.2615217642590353, 3.8631802819543015, 4.258348289123825, 2.6067519015473533, 2.937013717048891, 2.6460552267793314, 7.08023046423734, 1.456853572969838, 7.261920427048196, 4.4071009599724755, 3.0753679685952355, 3.790882053059433, 1.3694345910231551, 1.487975310895377, 1.6600300811633582, 8.341815924177697, 8.900721733113526, 1.6779224076608623, 1.7938291458704376]
APTIDAO: 
30.74837314423537
GEN: 1400
Individuo: 
[1.2857255071204392, 2.7694252021710284, 2.6870422556898204, 1.7994379372962575, 0.5106724295223547, 1.2041704884932196, 0.5736928195312729, 0.21789565334438665, 0.38417581472685197, 0.11865985699394137, 0.4095610598697152, 1.2940508154437287, 0.00814072940642894, 0.3571641369590489, 0.005679963790314339, 0.04756448427551617, 0.6053020903057064, 0.15093481292722127, 0.5293797257274457, 0.1776475234841233, 0.005753849441698935, 0.09988683397239383, 0.724465463256861, 0.26631817350485937, 0.050430468077736275, 0.7255846863638807, 8.552866926482901, 3.3448496780403354, 1.0615344203724753, 2.020411308873042, 3.255275859477186, 2.1650144621714387, 7.557427499012729, 1.2615217642590353, 3.8631802819543015, 3.049695984548891, 2.6067519015473533, 2.937013717048891, 2.6460552267793314, 6.188549282817766, 2.2420898799786197, 7.261920427048196, 4.4071009599724755, 1.1360852594094175, 3.790882053059433, 1.3694345910231551, 0.8394861860025121, 1.0049153862308287, 8.341815924177697, 8.900721733113526, 1.6779224076608623, 1.7938291458704376]
APTIDAO: 
30.51783312290421
GEN: 1500
Individuo: 
[1.2857255071204392, 2.7694252021710284, 2.6870422556898204, 1.7994379372962575, 0.5106724295223547, 1.2041704884932196, 0.5736928195312729, 0.21789565334438665, 0.38417581472685197, 0.11865985699394137, 0.4095610598697152, 1.2940508154437287, 0.00814072940642894, 0.3571641369590489, 0.005679963790314339, 0.043938258952703334, 0.6053020903057064, 0.15093481292722127, 0.5293797257274457, 0.1776475234841233, 0.01496545190946588, 0.42704472329008053, 0.724465463256861, 0.26631817350485937, 0.050430468077736275, 0.7255846863638807, 8.552866926482901, 3.3448496780403354, 1.0615344203724753, 2.020411308873042, 3.255275859477186, 2.1650144621714387, 7.557427499012729, 1.2615217642590353, 3.8631802819543015, 3.049695984548891, 2.6067519015473533, 2.937013717048891, 2.6460552267793314, 6.188549282817766, 2.2420898799786197, 9.688153016216983, 4.4071009599724755, 1.1360852594094175, 3.790882053059433, 1.3694345910231551, 0.7702650896356233, 1.0918555914005847, 8.341815924177697, 8.900721733113526, 1.6779224076608623, 1.7938291458704376]
APTIDAO: 
30.432549950461034
GEN: 1600
Individuo: 
[1.2857255071204392, 2.7694252021710284, 2.6870422556898204, 1.7994379372962575, 0.5106724295223547, 1.2041704884932196, 0.5736928195312729, 0.21789565334438665, 0.38417581472685197, 0.12344502317775226, 0.4095610598697152, 1.2940508154437287, 0.00814072940642894, 0.3571641369590489, 0.005467066007032089, 0.043938258952703334, 0.6053020903057064, 0.15093481292722127, 0.5293797257274457, 0.1776475234841233, 0.02016254783824371, 0.6555576268131864, 0.724465463256861, 0.26631817350485937, 0.050430468077736275, 0.7255846863638807, 8.552866926482901, 3.3448496780403354, 1.0615344203724753, 2.020411308873042, 3.255275859477186, 2.1650144621714387, 7.557427499012729, 1.2615217642590353, 3.8631802819543015, 1.9623202827754553, 2.6067519015473533, 2.937013717048891, 2.6460552267793314, 6.188549282817766, 1.9545933093223602, 9.688153016216983, 4.4071009599724755, 1.1360852594094175, 3.790882053059433, 1.3694345910231551, 1.3747775853387516, 0.789555869842371, 8.341815924177697, 8.900721733113526, 1.6779224076608623, 1.7938291458704376]
APTIDAO: 
30.427672982480406
GEN: 1700
Individuo: 
[1.2857255071204392, 2.7601346857099456, 2.6870422556898204, 1.7994379372962575, 0.5106724295223547, 1.2041704884932196, 0.5736928195312729, 0.21789565334438665, 0.38417581472685197, 0.11899976929711926, 0.4095610598697152, 1.2940508154437287, 0.00814072940642894, 0.3571641369590489, 0.005467066007032089, 0.043938258952703334, 0.6053020903057064, 0.15093481292722127, 0.5293797257274457, 0.1776475234841233, 0.010272827179264109, 0.8613530522077296, 0.724465463256861, 0.26631817350485937, 0.050944890737460065, 0.7255846863638807, 8.552866926482901, 2.2380559950253187, 1.0615344203724753, 2.020411308873042, 3.255275859477186, 2.1650144621714387, 7.557427499012729, 1.2615217642590353, 3.8631802819543015, 1.3128009500644726, 2.6067519015473533, 2.937013717048891, 2.6460552267793314, 6.188549282817766, 1.9545933093223602, 9.688153016216983, 4.4071009599724755, 1.1360852594094175, 3.790882053059433, 1.3694345910231551, 0.7877877096584861, 1.3424266156394786, 8.341815924177697, 8.900721733113526, 1.412717467994733, 1.7938291458704376]
APTIDAO: 
30.398411958629246
GEN: 1800
Individuo: 
[1.2857255071204392, 2.7601346857099456, 1.2659599610578616, 1.7994379372962575, 1.1373620508821376, 1.2041704884932196, 0.5964291181061693, 0.21789565334438665, 0.38417581472685197, 0.22138801444097655, 0.4095610598697152, 1.2940508154437287, 0.006514142647889511, 0.3496788102588649, 0.008748463831811663, 0.043938258952703334, 0.5938113754329303, 0.15093481292722127, 0.5213076973974803, 0.1776475234841233, 0.0185068970360045, 0.2815450288008255, 0.724465463256861, 0.26631817350485937, 0.050944890737460065, 0.7255846863638807, 8.552866926482901, 2.2380559950253187, 1.1353571263635296, 2.020411308873042, 4.567970019321047, 2.1650144621714387, 5.8896891098538955, 1.2615217642590353, 3.8631802819543015, 1.7485194190937952, 2.6067519015473533, 2.937013717048891, 3.1137886956833043, 4.0542948093347295, 2.1239098547454223, 9.688153016216983, 3.734629741195244, 1.1360852594094175, 3.0327670718577657, 1.3694345910231551, 0.7126875431068579, 0.9759466668415212, 8.341815924177697, 8.900721733113526, 1.412717467994733, 1.7938291458704376]
APTIDAO: 
28.685045081515156
GEN: 1900
Individuo: 
[1.2857255071204392, 2.7601346857099456, 1.2659599610578616, 1.7994379372962575, 1.1373620508821376, 1.2041704884932196, 0.5964291181061693, 0.21789565334438665, 0.38417581472685197, 0.18194890908905892, 0.4095610598697152, 1.2940508154437287, 0.004644008873406725, 0.3496788102588649, 0.009770484897946952, 0.043938258952703334, 0.5938113754329303, 0.15093481292722127, 0.5213076973974803, 0.1776475234841233, 0.010631954267316961, 0.04270013856660772, 0.724465463256861, 0.26631817350485937, 0.050944890737460065, 0.7255846863638807, 8.552866926482901, 2.2380559950253187, 1.1353571263635296, 2.020411308873042, 4.567970019321047, 2.1650144621714387, 5.8896891098538955, 1.2615217642590353, 3.8631802819543015, 2.4506394224291297, 2.6067519015473533, 2.937013717048891, 3.796746849030671, 4.0542948093347295, 1.0524591943495236, 9.688153016216983, 3.734629741195244, 1.1360852594094175, 3.0327670718577657, 1.3694345910231551, 0.8944916993328903, 0.8430666871832373, 8.341815924177697, 8.900721733113526, 1.412717467994733, 1.7938291458704376]
APTIDAO: 
28.571604200790848
GEN: 2000
Individuo: 
[1.2857255071204392, 2.7601346857099456, 1.2659599610578616, 1.7994379372962575, 1.1373620508821376, 1.2041704884932196, 0.5964291181061693, 0.21789565334438665, 0.38417581472685197, 0.18194890908905892, 0.4095610598697152, 1.2940508154437287, 0.004644008873406725, 0.3496788102588649, 0.009770484897946952, 0.043938258952703334, 0.5938113754329303, 0.14464712250432965, 0.5213076973974803, 0.1776475234841233, 0.008757885755827801, 0.027107900464933988, 0.724465463256861, 0.26631817350485937, 0.050944890737460065, 0.7255846863638807, 8.552866926482901, 2.2380559950253187, 1.1353571263635296, 2.020411308873042, 4.567970019321047, 2.1650144621714387, 5.8896891098538955, 1.2615217642590353, 3.8631802819543015, 2.4506394224291297, 2.6067519015473533, 2.937013717048891, 3.796746849030671, 4.0542948093347295, 1.0524591943495236, 9.688153016216983, 3.734629741195244, 1.2654542740472803, 3.0327670718577657, 1.3694345910231551, 0.6941638416600248, 0.5395209623072668, 8.341815924177697, 8.900721733113526, 1.412717467994733, 1.7938291458704376]
APTIDAO: 
28.56959174585322
GEN: 2100
Individuo: 
[1.2857255071204392, 2.7601346857099456, 1.2659599610578616, 1.7994379372962575, 1.1373620508821376, 1.2041704884932196, 0.5964291181061693, 0.21789565334438665, 0.38417581472685197, 0.17986845925742, 0.4095610598697152, 1.2940508154437287, 0.007577274926334961, 0.3496788102588649, 0.0023798553779825647, 0.043938258952703334, 0.5938113754329303, 0.1615838148626325, 0.5213076973974803, 0.17753507925881326, 0.008084938669637057, 0.012189589633240176, 0.724465463256861, 0.26631817350485937, 0.050944890737460065, 0.7255846863638807, 8.552866926482901, 2.2380559950253187, 1.1353571263635296, 2.020411308873042, 4.567970019321047, 2.1650144621714387, 5.8896891098538955, 1.2615217642590353, 3.8631802819543015, 2.0106625996706984, 2.6067519015473533, 2.937013717048891, 4.220557000899647, 4.0542948093347295, 1.4226136901248356, 9.688153016216983, 3.734629741195244, 1.1818961325456232, 3.0327670718577657, 2.314610802917314, 0.6668707848777978, 0.49959615303137556, 8.341815924177697, 8.900721733113526, 1.412717467994733, 1.7938291458704376]
APTIDAO: 
28.771078915814357
GEN: 2200
Individuo: 
[1.2857255071204392, 2.7601346857099456, 1.2659599610578616, 1.7994379372962575, 1.1373620508821376, 1.2041704884932196, 0.5964291181061693, 0.21789565334438665, 0.38417581472685197, 0.1718223072623371, 0.4095610598697152, 1.2940508154437287, 0.006601033612889506, 0.3496788102588649, 0.0049458442336451055, 0.043938258952703334, 0.5938113754329303, 0.1615838148626325, 0.5213076973974803, 0.17753507925881326, 0.01010597839685666, 0.003902571661683357, 0.724465463256861, 0.26631817350485937, 0.050944890737460065, 0.7255846863638807, 8.552866926482901, 2.2380559950253187, 1.1353571263635296, 2.020411308873042, 4.567970019321047, 2.1650144621714387, 5.8896891098538955, 1.2615217642590353, 3.8631802819543015, 2.6366202448006058, 2.6067519015473533, 2.937013717048891, 4.862391795749787, 4.0542948093347295, 1.4935397284157217, 9.688153016216983, 3.734629741195244, 1.1818961325456232, 3.0327670718577657, 2.314610802917314, 0.7398716883450713, 1.3638099934974743, 8.341815924177697, 8.900721733113526, 1.412717467994733, 1.7938291458704376]
APTIDAO: 
28.66117343991657
GEN: 2300
Individuo: 
[1.2857255071204392, 2.7601346857099456, 1.2659599610578616, 1.7994379372962575, 1.1373620508821376, 1.2041704884932196, 0.6118110414126465, 0.21789565334438665, 0.38417581472685197, 0.1718223072623371, 0.4095610598697152, 1.2940508154437287, 0.00510466484949409, 0.34530334029619086, 0.0038695804763583174, 0.043938258952703334, 0.5938113754329303, 0.1615838148626325, 0.5213076973974803, 0.17753507925881326, 0.017169581671787754, 0.02504659513535864, 0.724465463256861, 0.26631817350485937, 0.050944890737460065, 0.7255846863638807, 8.552866926482901, 2.2380559950253187, 1.1353571263635296, 2.020411308873042, 4.567970019321047, 2.1650144621714387, 6.847447813351913, 1.2615217642590353, 3.8631802819543015, 2.6366202448006058, 2.6067519015473533, 2.937013717048891, 4.735574276368588, 3.6661390037225416, 0.8085476964141197, 9.688153016216983, 3.734629741195244, 1.1818961325456232, 3.0327670718577657, 2.314610802917314, 1.1225212288494737, 2.5688362697559994, 8.341815924177697, 8.900721733113526, 1.412717467994733, 1.7938291458704376]
APTIDAO: 
28.449303522992743
GEN: 2400
Individuo: 
[1.2857255071204392, 2.7601346857099456, 1.2659599610578616, 1.7994379372962575, 1.1373620508821376, 1.2041704884932196, 0.6118110414126465, 0.21789565334438665, 0.38417581472685197, 0.17444293984186346, 0.4095610598697152, 1.2940508154437287, 0.00510466484949409, 0.34530334029619086, 0.004625817114103526, 0.043938258952703334, 0.5973328552591443, 0.1615838148626325, 0.5213076973974803, 0.17753507925881326, 0.03254344603809748, 0.09416452920562546, 0.724465463256861, 0.26631817350485937, 0.049215711252488414, 0.7255846863638807, 8.552866926482901, 2.2380559950253187, 1.1353571263635296, 2.020411308873042, 4.567970019321047, 2.1650144621714387, 6.847447813351913, 1.2615217642590353, 3.8631802819543015, 2.927728597680638, 2.6067519015473533, 2.937013717048891, 4.735574276368588, 3.6661390037225416, 1.4243971389465484, 9.688153016216983, 4.200897115936916, 1.1818961325456232, 3.0327670718577657, 2.314610802917314, 1.5990247040749186, 2.0804920596482788, 8.341815924177697, 8.900721733113526, 2.290073180600858, 1.7938291458704376]
APTIDAO: 
28.40789877385118
GEN: 2500
Individuo: 
[1.2857255071204392, 2.7601346857099456, 1.2659599610578616, 1.7994379372962575, 1.1373620508821376, 1.2041704884932196, 0.6118110414126465, 0.21789565334438665, 0.38417581472685197, 0.17444293984186346, 0.4095610598697152, 1.2940508154437287, 0.005060011089564153, 0.34530334029619086, 0.004625817114103526, 0.043938258952703334, 0.5973328552591443, 0.1615838148626325, 0.5213076973974803, 0.17753507925881326, 0.04411547343778515, 0.15942695853880304, 0.724465463256861, 0.26631817350485937, 0.049215711252488414, 0.7255846863638807, 8.552866926482901, 2.2380559950253187, 1.1353571263635296, 2.020411308873042, 4.567970019321047, 2.1650144621714387, 6.847447813351913, 1.2615217642590353, 3.8631802819543015, 2.927728597680638, 2.6067519015473533, 2.937013717048891, 3.3600486887870034, 3.6661390037225416, 1.4243971389465484, 9.688153016216983, 4.200897115936916, 1.1818961325456232, 3.0327670718577657, 2.314610802917314, 1.7647186008532287, 1.0788761935631295, 8.341815924177697, 8.900721733113526, 2.290073180600858, 1.7938291458704376]
APTIDAO: 
28.40882648369988
GEN: 2600
Individuo: 
[1.2857255071204392, 2.7601346857099456, 1.2659599610578616, 1.7994379372962575, 1.1373620508821376, 1.2041704884932196, 0.6118110414126465, 0.21789565334438665, 0.38417581472685197, 0.17444293984186346, 0.4095610598697152, 1.2940508154437287, 0.004989317025799281, 0.34715975078839983, 0.004054219214388458, 0.043938258952703334, 0.5973328552591443, 0.1615838148626325, 0.5213076973974803, 0.17753507925881326, 0.03732891416718261, 0.13517779017396922, 0.724465463256861, 0.26631817350485937, 0.049215711252488414, 0.7255846863638807, 8.552866926482901, 2.2380559950253187, 1.1353571263635296, 2.020411308873042, 4.567970019321047, 2.1650144621714387, 6.847447813351913, 1.2615217642590353, 3.8631802819543015, 2.927728597680638, 2.6067519015473533, 2.937013717048891, 6.744953780980692, 1.4013812962098313, 0.8469107919457755, 9.688153016216983, 4.200897115936916, 1.1818961325456232, 3.0327670718577657, 2.314610802917314, 2.1728455256152723, 0.6846026593337192, 8.341815924177697, 8.900721733113526, 2.290073180600858, 1.7938291458704376]
APTIDAO: 
28.43522808140077
GEN: 2700
Individuo: 
[1.2857255071204392, 2.7601346857099456, 1.2659599610578616, 1.9527063454395697, 1.1373620508821376, 1.2041704884932196, 0.6118110414126465, 0.21789565334438665, 0.38417581472685197, 0.17444293984186346, 0.4095610598697152, 1.2940508154437287, 0.0026653999706269193, 0.33746742087731507, 0.004467122512059909, 0.043938258952703334, 0.5973328552591443, 0.1615838148626325, 0.47633603593051926, 0.1780129065986176, 0.18290163186851635, 0.2386701059049463, 0.724465463256861, 0.26631817350485937, 0.07110593185835441, 0.7255846863638807, 8.552866926482901, 2.2380559950253187, 1.1353571263635296, 1.9499736092893045, 4.567970019321047, 2.1650144621714387, 6.847447813351913, 1.2615217642590353, 3.8631802819543015, 2.927728597680638, 2.6067519015473533, 2.937013717048891, 5.05041284753625, 2.493678229926653, 1.8978486387136695, 9.688153016216983, 4.200897115936916, 1.1818961325456232, 4.790863965759995, 1.2847008215596256, 2.624279865892413, 1.6329272392366225, 8.341815924177697, 8.900721733113526, 1.4600684637057655, 1.7938291458704376]
APTIDAO: 
28.211949306536894
GEN: 2800
Individuo: 
[1.2857255071204392, 2.7583163173791476, 1.2659599610578616, 1.9527063454395697, 1.1373620508821376, 1.2041704884932196, 0.6118110414126465, 0.21789565334438665, 0.38417581472685197, 0.17064427741149663, 0.4095610598697152, 1.2940508154437287, 0.0026653999706269193, 0.34530334029619086, 0.006604938587957029, 0.043938258952703334, 0.5973328552591443, 0.1615838148626325, 0.47633603593051926, 0.1780129065986176, 0.18290163186851635, 0.2386701059049463, 0.724465463256861, 0.26631817350485937, 0.07110593185835441, 0.7255846863638807, 8.552866926482901, 1.9091419549806163, 1.1353571263635296, 1.9499736092893045, 4.567970019321047, 2.1650144621714387, 6.847447813351913, 1.2615217642590353, 3.8631802819543015, 3.8302899860478132, 2.6067519015473533, 2.937013717048891, 5.05041284753625, 3.6661390037225416, 1.5771105337793678, 9.688153016216983, 4.200897115936916, 1.1818961325456232, 4.790863965759995, 1.2847008215596256, 2.624279865892413, 1.6329272392366225, 8.341815924177697, 8.900721733113526, 1.4600684637057655, 1.7938291458704376]
APTIDAO: 
28.11667703410602
GEN: 2900
Individuo: 
[1.2857255071204392, 2.7583163173791476, 1.2659599610578616, 1.9527063454395697, 1.1373620508821376, 1.2041704884932196, 0.6118110414126465, 0.21789565334438665, 0.38417581472685197, 0.17064427741149663, 0.4095610598697152, 1.2940508154437287, 0.0026653999706269193, 0.34530334029619086, 0.006604938587957029, 0.043938258952703334, 0.5973328552591443, 0.127272883674467, 0.47633603593051926, 0.17886930868690162, 0.11682807736546927, 0.18298221850315394, 0.724465463256861, 0.26631817350485937, 0.07110593185835441, 0.7532589320104971, 8.552866926482901, 1.9091419549806163, 1.1353571263635296, 1.9499736092893045, 4.567970019321047, 2.1650144621714387, 6.847447813351913, 1.2615217642590353, 3.8631802819543015, 3.8302899860478132, 2.6067519015473533, 2.937013717048891, 5.05041284753625, 3.6661390037225416, 1.5771105337793678, 9.688153016216983, 4.200897115936916, 1.1954603388944307, 4.790863965759995, 1.1298146790302503, 1.158146056153358, 2.103999408082976, 8.341815924177697, 8.900721733113526, 1.4600684637057655, 2.7208769773537473]
APTIDAO: 
28.18719898362317
GEN: 3000
Individuo: 
[1.2857255071204392, 2.7583163173791476, 1.2659599610578616, 1.9527063454395697, 1.1373620508821376, 1.2041704884932196, 0.6240113603660998, 0.21789565334438665, 0.38417581472685197, 0.17064427741149663, 0.4095610598697152, 1.2940508154437287, 0.0026653999706269193, 0.34530334029619086, 0.006604938587957029, 0.043938258952703334, 0.5973328552591443, 0.13243603184003197, 0.47633603593051926, 0.17886930868690162, 0.1174271213024415, 0.18298221850315394, 0.724465463256861, 0.26631817350485937, 0.07110593185835441, 0.7532589320104971, 8.552866926482901, 1.9091419549806163, 1.1353571263635296, 1.9499736092893045, 4.567970019321047, 2.1650144621714387, 4.457492821239727, 1.2615217642590353, 3.8631802819543015, 3.8302899860478132, 2.6067519015473533, 2.937013717048891, 5.05041284753625, 3.6661390037225416, 1.5771105337793678, 9.688153016216983, 4.200897115936916, 1.9800597165585019, 4.790863965759995, 1.1298146790302503, 1.0999465936438788, 2.103999408082976, 8.341815924177697, 8.900721733113526, 1.4600684637057655, 2.7208769773537473]
APTIDAO: 
28.104412287017688
GEN: 3100
Individuo: 
[1.2857255071204392, 2.7583163173791476, 1.2659599610578616, 1.9527063454395697, 1.1373620508821376, 1.2041704884932196, 0.6240113603660998, 0.21789565334438665, 0.38417581472685197, 0.17064427741149663, 0.4095610598697152, 1.2940508154437287, 0.0026653999706269193, 0.3430347599233449, 0.006604938587957029, 0.043938258952703334, 0.5973328552591443, 0.13243603184003197, 0.47633603593051926, 0.17886930868690162, 0.1174271213024415, 0.18298221850315394, 0.724465463256861, 0.26631817350485937, 0.07110593185835441, 0.7532589320104971, 8.552866926482901, 1.9091419549806163, 1.1353571263635296, 1.9499736092893045, 4.567970019321047, 2.1650144621714387, 4.457492821239727, 1.2615217642590353, 3.8631802819543015, 3.8302899860478132, 2.6067519015473533, 2.937013717048891, 5.05041284753625, 7.04508451983666, 1.5771105337793678, 9.688153016216983, 4.200897115936916, 1.9800597165585019, 4.790863965759995, 1.1298146790302503, 1.0999465936438788, 2.103999408082976, 8.341815924177697, 8.900721733113526, 1.4600684637057655, 2.7208769773537473]
APTIDAO: 
28.049743712073802
GEN: 3200
Individuo: 
[1.2857255071204392, 2.7583163173791476, 1.2659599610578616, 1.9527063454395697, 1.1373620508821376, 1.2041704884932196, 0.6240113603660998, 0.21789565334438665, 0.38417581472685197, 0.17064427741149663, 0.4095610598697152, 1.2940508154437287, 0.004780050935825775, 0.34530334029619086, 0.00180360131300923, 0.043938258952703334, 0.5973328552591443, 0.13243603184003197, 0.47633603593051926, 0.17886930868690162, 0.1329264413350415, 0.5500332563347686, 0.724465463256861, 0.26631817350485937, 0.07110593185835441, 0.7532589320104971, 8.552866926482901, 1.9091419549806163, 1.1353571263635296, 1.9499736092893045, 4.567970019321047, 2.1650144621714387, 4.457492821239727, 1.2615217642590353, 3.8631802819543015, 3.8302899860478132, 2.6067519015473533, 2.937013717048891, 3.9918046720518605, 3.6661390037225416, 2.18941609744318, 9.688153016216983, 4.200897115936916, 1.9800597165585019, 4.790863965759995, 1.1298146790302503, 2.2261764130092905, 2.0590584698032015, 8.341815924177697, 8.900721733113526, 1.4600684637057655, 2.7208769773537473]
APTIDAO: 
28.128977205924475
GEN: 3300
Individuo: 
[1.2857255071204392, 2.7583163173791476, 1.2659599610578616, 1.9527063454395697, 1.1373620508821376, 1.2041704884932196, 0.6240113603660998, 0.21789565334438665, 0.38417581472685197, 0.17064427741149663, 0.4095610598697152, 1.2940508154437287, 0.004780050935825775, 0.34530334029619086, 0.0032451229398467625, 0.043938258952703334, 0.5973328552591443, 0.12898953189601886, 0.47633603593051926, 0.17886930868690162, 0.1329264413350415, 0.60822801239158, 0.724465463256861, 0.26631817350485937, 0.07110593185835441, 0.7715942927312874, 8.552866926482901, 1.9091419549806163, 1.1353571263635296, 1.9499736092893045, 4.567970019321047, 2.1650144621714387, 4.457492821239727, 1.2615217642590353, 3.8631802819543015, 3.8302899860478132, 2.6067519015473533, 2.937013717048891, 3.9918046720518605, 3.6661390037225416, 1.091771520558452, 9.688153016216983, 4.200897115936916, 2.2106079318434304, 4.790863965759995, 1.1298146790302503, 2.2261764130092905, 2.474002435606323, 8.341815924177697, 8.900721733113526, 1.4600684637057655, 2.910896510679236]
APTIDAO: 
28.05044418395895
GEN: 3400
Individuo: 
[1.2857255071204392, 2.7583163173791476, 1.2659599610578616, 1.9527063454395697, 1.1373620508821376, 1.2041704884932196, 0.6240113603660998, 0.21789565334438665, 0.38417581472685197, 0.20109232806205704, 0.4095610598697152, 1.2940508154437287, 0.004780050935825775, 0.34530334029619086, 0.0027152817311767133, 0.043938258952703334, 0.5973328552591443, 0.12898953189601886, 0.47633603593051926, 0.17886930868690162, 0.1235362088531343, 0.9341140569188369, 0.724465463256861, 0.26631817350485937, 0.07110593185835441, 0.7715942927312874, 8.552866926482901, 1.9091419549806163, 1.1353571263635296, 1.9499736092893045, 4.567970019321047, 2.1650144621714387, 4.457492821239727, 1.2615217642590353, 3.8631802819543015, 4.887253922431947, 2.6067519015473533, 2.937013717048891, 3.9918046720518605, 3.6661390037225416, 2.0690559694494444, 9.688153016216983, 4.200897115936916, 2.2106079318434304, 4.790863965759995, 1.1298146790302503, 3.7891401538246794, 2.133945971188064, 8.341815924177697, 8.900721733113526, 1.4600684637057655, 2.910896510679236]
APTIDAO: 
28.06662753503511
GEN: 3500
Individuo: 
[1.2857255071204392, 2.7583163173791476, 1.2659599610578616, 1.9527063454395697, 1.1373620508821376, 1.2041704884932196, 0.6240113603660998, 0.21789565334438665, 0.38417581472685197, 0.20109232806205704, 0.4095610598697152, 1.2969509443754075, 0.004780050935825775, 0.34530334029619086, 0.0024298611397653718, 0.043938258952703334, 0.5973328552591443, 0.12898953189601886, 0.47633603593051926, 0.17886930868690162, 0.1235362088531343, 0.75236173695542, 0.724465463256861, 0.26631817350485937, 0.07110593185835441, 0.7715942927312874, 8.552866926482901, 1.9091419549806163, 1.1353571263635296, 1.9499736092893045, 4.567970019321047, 2.1650144621714387, 4.457492821239727, 1.2615217642590353, 3.8631802819543015, 4.887253922431947, 2.6067519015473533, 2.2531234127678568, 3.9918046720518605, 3.6661390037225416, 1.5875800701257754, 9.688153016216983, 4.200897115936916, 2.2106079318434304, 4.790863965759995, 1.1298146790302503, 3.7891401538246794, 1.0173767677515841, 8.341815924177697, 8.900721733113526, 1.4600684637057655, 2.910896510679236]
APTIDAO: 
28.04014619907854
GEN: 3600
Individuo: 
[1.2857255071204392, 2.7583163173791476, 1.2659599610578616, 1.9527063454395697, 1.1373620508821376, 1.2041704884932196, 0.6240113603660998, 0.21789565334438665, 0.38417581472685197, 0.20109232806205704, 0.4095610598697152, 1.2969509443754075, 0.004780050935825775, 0.34530334029619086, 0.002970347402476869, 0.043938258952703334, 0.5973328552591443, 0.13329574953592305, 0.47633603593051926, 0.17886930868690162, 0.1235362088531343, 0.75236173695542, 0.724465463256861, 0.26631817350485937, 0.07110593185835441, 0.7715942927312874, 8.552866926482901, 1.9091419549806163, 1.1353571263635296, 1.9499736092893045, 4.567970019321047, 2.1650144621714387, 4.457492821239727, 1.2615217642590353, 3.8631802819543015, 4.887253922431947, 2.6067519015473533, 2.2531234127678568, 3.9918046720518605, 3.6661390037225416, 2.724555180685311, 9.688153016216983, 4.200897115936916, 3.2371971645107336, 4.790863965759995, 1.1298146790302503, 3.7891401538246794, 1.0173767677515841, 8.341815924177697, 8.900721733113526, 1.4600684637057655, 2.910896510679236]
APTIDAO: 
28.04735162067861
GEN: 3700
Individuo: 
[1.2857255071204392, 2.7583163173791476, 1.2659599610578616, 1.9527063454395697, 1.1373620508821376, 1.2041704884932196, 0.6240113603660998, 0.21789565334438665, 0.38417581472685197, 0.20109232806205704, 0.4095610598697152, 1.2969509443754075, 0.004780050935825775, 0.34530334029619086, 0.0033984948561784066, 0.043938258952703334, 0.5973328552591443, 0.13329574953592305, 0.47633603593051926, 0.17886930868690162, 0.1235362088531343, 0.7220729753973147, 0.724465463256861, 0.26631817350485937, 0.07110593185835441, 0.7715942927312874, 8.552866926482901, 1.9091419549806163, 1.1353571263635296, 1.9499736092893045, 4.567970019321047, 2.1650144621714387, 4.457492821239727, 1.2615217642590353, 3.8631802819543015, 4.887253922431947, 2.6067519015473533, 2.2531234127678568, 3.9918046720518605, 3.6661390037225416, 0.941278518302517, 9.688153016216983, 4.200897115936916, 3.2371971645107336, 4.790863965759995, 1.1298146790302503, 3.7891401538246794, 0.9407177786443219, 8.341815924177697, 8.900721733113526, 1.4600684637057655, 2.910896510679236]
APTIDAO: 
28.04455996880013
GEN: 3800
Individuo: 
[1.2857255071204392, 2.7583163173791476, 1.2659599610578616, 1.9527063454395697, 1.1373620508821376, 1.2041704884932196, 0.6240113603660998, 0.21789565334438665, 0.38417581472685197, 0.20109232806205704, 0.4095610598697152, 1.2969509443754075, 0.004430889011726621, 0.34530334029619086, 0.0031355340375210637, 0.043938258952703334, 0.5973328552591443, 0.13329574953592305, 0.47633603593051926, 0.17886930868690162, 0.1235362088531343, 0.7220729753973147, 0.724465463256861, 0.26631817350485937, 0.07251357964575167, 0.7715942927312874, 8.552866926482901, 1.9091419549806163, 1.1353571263635296, 1.9499736092893045, 4.567970019321047, 2.1650144621714387, 4.457492821239727, 1.2615217642590353, 3.8631802819543015, 4.887253922431947, 2.6067519015473533, 2.2531234127678568, 2.4261518771328876, 3.6661390037225416, 0.5451504165446557, 9.688153016216983, 4.200897115936916, 3.2371971645107336, 4.790863965759995, 1.1298146790302503, 3.7891401538246794, 0.9407177786443219, 8.341815924177697, 8.900721733113526, 1.7616429412985068, 2.910896510679236]
APTIDAO: 
28.035365522717566
GEN: 3900
Individuo: 
[1.2857255071204392, 2.7583163173791476, 1.2659599610578616, 1.9527063454395697, 1.1373620508821376, 1.2041704884932196, 0.6240113603660998, 0.21789565334438665, 0.38417581472685197, 0.20109232806205704, 0.4095610598697152, 1.2969509443754075, 0.004430889011726621, 0.34530334029619086, 0.003234529813876593, 0.043938258952703334, 0.5973328552591443, 0.13329574953592305, 0.47633603593051926, 0.17886930868690162, 0.1235362088531343, 0.7086943535598923, 0.724465463256861, 0.26631817350485937, 0.07251357964575167, 0.7715942927312874, 8.552866926482901, 1.9091419549806163, 1.1353571263635296, 1.9499736092893045, 4.567970019321047, 2.1650144621714387, 4.457492821239727, 1.2615217642590353, 3.8631802819543015, 4.887253922431947, 2.6067519015473533, 2.2531234127678568, 2.4261518771328876, 3.6661390037225416, 0.6726998715234094, 9.688153016216983, 4.200897115936916, 3.2371971645107336, 4.790863965759995, 1.1298146790302503, 3.7891401538246794, 0.4418179589939763, 8.341815924177697, 8.900721733113526, 1.7616429412985068, 2.910896510679236]
APTIDAO: 
28.03368331858513
GEN: 4000
Individuo: 
[1.2857255071204392, 2.7583163173791476, 1.2659599610578616, 1.9527063454395697, 1.1373620508821376, 1.2041704884932196, 0.6240113603660998, 0.21789565334438665, 0.38417581472685197, 0.20223038373795876, 0.4095610598697152, 1.2969509443754075, 0.004430889011726621, 0.34530334029619086, 0.0031355340375210637, 0.043938258952703334, 0.5973328552591443, 0.13271813226830778, 0.47633603593051926, 0.17886930868690162, 0.1235362088531343, 0.6917412154804755, 0.724465463256861, 0.26631817350485937, 0.07251357964575167, 0.7715942927312874, 8.552866926482901, 1.9091419549806163, 1.1353571263635296, 1.9499736092893045, 4.567970019321047, 2.1650144621714387, 4.457492821239727, 1.2615217642590353, 3.8631802819543015, 7.212273998613617, 2.6067519015473533, 2.2531234127678568, 2.4261518771328876, 3.6661390037225416, 0.5451504165446557, 9.688153016216983, 4.200897115936916, 2.807051478127965, 4.790863965759995, 1.1298146790302503, 3.7891401538246794, 0.6083528041251957, 8.341815924177697, 8.900721733113526, 1.7616429412985068, 2.910896510679236]
APTIDAO: 
28.02918431157457
GEN: 4100
Individuo: 
[1.2857255071204392, 2.7583163173791476, 1.2659599610578616, 1.9527063454395697, 1.1373620508821376, 1.2041704884932196, 0.6240113603660998, 0.21789565334438665, 0.38417581472685197, 0.20223038373795876, 0.4095610598697152, 1.2969509443754075, 0.004430889011726621, 0.33682213414489487, 0.0025408643682923236, 0.043938258952703334, 0.5973328552591443, 0.13271813226830778, 0.47633603593051926, 0.17886930868690162, 0.12615172492154583, 0.6917412154804755, 0.724465463256861, 0.26631817350485937, 0.07251357964575167, 0.7715942927312874, 8.552866926482901, 1.9091419549806163, 1.1353571263635296, 1.9499736092893045, 4.567970019321047, 2.1650144621714387, 4.457492821239727, 1.2615217642590353, 3.8631802819543015, 7.212273998613617, 2.6067519015473533, 2.2531234127678568, 2.4261518771328876, 4.507409955464791, 1.1072287025128764, 9.688153016216983, 4.200897115936916, 2.807051478127965, 4.790863965759995, 1.1298146790302503, 1.9021579812570704, 0.6083528041251957, 8.341815924177697, 8.900721733113526, 1.7616429412985068, 2.910896510679236]
APTIDAO: 
27.984710712691626
GEN: 4200
Individuo: 
[1.2857255071204392, 2.7583163173791476, 1.2659599610578616, 1.9527063454395697, 1.1373620508821376, 1.2041704884932196, 0.6240113603660998, 0.21789565334438665, 0.38417581472685197, 0.20223038373795876, 0.4095610598697152, 1.2969509443754075, 0.004430889011726621, 0.33682213414489487, 0.0031615775909118633, 0.043938258952703334, 0.6104740024843646, 0.13271813226830778, 0.47633603593051926, 0.18892008169558713, 0.11905680150642503, 0.6917412154804755, 0.724465463256861, 0.26631817350485937, 0.07251357964575167, 0.7715942927312874, 8.552866926482901, 1.9091419549806163, 1.1353571263635296, 1.9499736092893045, 4.567970019321047, 2.1650144621714387, 4.457492821239727, 1.2615217642590353, 3.8631802819543015, 7.212273998613617, 2.6067519015473533, 2.2531234127678568, 2.4261518771328876, 4.507409955464791, 1.030794365123667, 9.688153016216983, 2.7264131542909653, 2.807051478127965, 4.790863965759995, 0.6477657471739713, 1.9413943643840672, 0.6083528041251957, 8.341815924177697, 8.900721733113526, 1.7616429412985068, 2.910896510679236]
APTIDAO: 
27.872093315100148
GEN: 4300
Individuo: 
[1.2857255071204392, 2.7583163173791476, 1.2659599610578616, 1.9527063454395697, 1.1373620508821376, 1.2041704884932196, 0.6240113603660998, 0.21789565334438665, 0.38417581472685197, 0.20223038373795876, 0.4630526495136611, 1.2969509443754075, 0.004389257837308508, 0.33682213414489487, 0.002652980227420529, 0.043938258952703334, 0.6104740024843646, 0.13271813226830778, 0.47633603593051926, 0.18892008169558713, 0.12745106062748954, 0.6917412154804755, 0.5858949816959421, 0.26631817350485937, 0.07251357964575167, 0.7715942927312874, 8.552866926482901, 1.9091419549806163, 1.1353571263635296, 1.9499736092893045, 4.567970019321047, 2.1650144621714387, 4.457492821239727, 1.2615217642590353, 3.8631802819543015, 7.212273998613617, 2.1790358589991254, 2.2531234127678568, 1.8725180538229445, 4.507409955464791, 0.9461934337870769, 9.688153016216983, 2.7264131542909653, 2.807051478127965, 4.790863965759995, 0.6477657471739713, 1.1895143554534806, 0.6083528041251957, 10.0, 8.900721733113526, 1.7616429412985068, 2.910896510679236]
APTIDAO: 
27.841407388371138
GEN: 4400
Individuo: 
[1.2857255071204392, 2.7583163173791476, 1.2659599610578616, 1.9527063454395697, 1.1373620508821376, 1.2041704884932196, 0.6240113603660998, 0.21789565334438665, 0.38417581472685197, 0.20223038373795876, 0.4630526495136611, 1.2969509443754075, 0.0026046784235954153, 0.33682213414489487, 0.00454948716576287, 0.043938258952703334, 0.6104740024843646, 0.13271813226830778, 0.47633603593051926, 0.18892008169558713, 0.21293288267314783, 0.9455128602644909, 0.5858949816959421, 0.26631817350485937, 0.07251357964575167, 0.7715942927312874, 8.552866926482901, 1.9091419549806163, 1.1353571263635296, 1.9499736092893045, 4.567970019321047, 2.1650144621714387, 4.457492821239727, 1.2615217642590353, 3.8631802819543015, 7.212273998613617, 2.1790358589991254, 2.2531234127678568, 1.8409607626784785, 4.507409955464791, 1.6146786666802113, 9.688153016216983, 2.7264131542909653, 2.807051478127965, 4.790863965759995, 0.6477657471739713, 0.9007080207041886, 1.0670111345711955, 10.0, 8.900721733113526, 1.7616429412985068, 2.910896510679236]
APTIDAO: 
27.94011721555786
GEN: 4500
Individuo: 
[1.2857255071204392, 2.7583163173791476, 1.2659599610578616, 1.9527063454395697, 1.1373620508821376, 1.2041704884932196, 0.6240113603660998, 0.21789565334438665, 0.38417581472685197, 0.1621874679102778, 0.4630526495136611, 1.2969509443754075, 0.0030618519279218964, 0.33682213414489487, 0.0033772328854663617, 0.043938258952703334, 0.6104740024843646, 0.13271813226830778, 0.47633603593051926, 0.18892008169558713, 0.22402500053608052, 0.5660870562357814, 0.5858949816959421, 0.26631817350485937, 0.07251357964575167, 0.7715942927312874, 8.552866926482901, 1.9091419549806163, 1.1353571263635296, 1.9499736092893045, 4.567970019321047, 2.1650144621714387, 4.457492821239727, 1.2615217642590353, 3.8631802819543015, 6.195239219218457, 2.1790358589991254, 2.2531234127678568, 1.299249915517213, 4.507409955464791, 1.3718339235742512, 9.688153016216983, 2.7264131542909653, 2.807051478127965, 4.790863965759995, 0.6477657471739713, 1.0203612588990534, 0.7749804086183726, 10.0, 8.900721733113526, 1.7616429412985068, 2.910896510679236]
APTIDAO: 
27.888635032536367
GEN: 4600
Individuo: 
[1.2857255071204392, 2.7583163173791476, 1.2659599610578616, 1.9527063454395697, 1.1373620508821376, 1.2041704884932196, 0.6240113603660998, 0.21789565334438665, 0.38417581472685197, 0.1621874679102778, 0.4630526495136611, 1.2969509443754075, 0.004298352795856521, 0.33682213414489487, 0.0033772328854663617, 0.043938258952703334, 0.6104740024843646, 0.13871718379913472, 0.47633603593051926, 0.18892008169558713, 0.10002221518012001, 0.2183288844038578, 0.5858949816959421, 0.26631817350485937, 0.07528389456329286, 0.7715942927312874, 8.552866926482901, 1.9091419549806163, 1.1353571263635296, 1.9499736092893045, 4.567970019321047, 2.1650144621714387, 4.457492821239727, 1.2615217642590353, 3.8631802819543015, 6.195239219218457, 2.1790358589991254, 2.2531234127678568, 1.2784221607374313, 4.507409955464791, 1.3718339235742512, 9.688153016216983, 2.7264131542909653, 2.4035856133259528, 4.790863965759995, 0.6477657471739713, 0.7100623098889536, 0.7726622490880127, 10.0, 8.900721733113526, 1.1793888442199252, 2.910896510679236]
APTIDAO: 
27.838012128889307
GEN: 4700
Individuo: 
[1.2857255071204392, 2.7583163173791476, 1.2659599610578616, 1.9527063454395697, 1.1373620508821376, 1.2041704884932196, 0.6240113603660998, 0.21789565334438665, 0.38417581472685197, 0.1621874679102778, 0.4630526495136611, 1.2969509443754075, 0.004298352795856521, 0.33682213414489487, 0.003977143083192607, 0.043938258952703334, 0.6104740024843646, 0.1342205610181481, 0.47633603593051926, 0.18892008169558713, 0.07558185313336375, 0.2183288844038578, 0.5858949816959421, 0.26631817350485937, 0.07528389456329286, 0.7715942927312874, 8.552866926482901, 1.9091419549806163, 1.1353571263635296, 1.9499736092893045, 4.567970019321047, 2.1650144621714387, 4.457492821239727, 1.2615217642590353, 3.8631802819543015, 6.195239219218457, 2.1790358589991254, 2.2531234127678568, 1.2784221607374313, 4.507409955464791, 0.7276265334811505, 9.688153016216983, 2.7264131542909653, 2.5743212688381063, 4.790863965759995, 0.6477657471739713, 0.49620004012891383, 0.7726622490880127, 10.0, 8.900721733113526, 1.1793888442199252, 2.910896510679236]
APTIDAO: 
27.88790997207473
GEN: 4800
Individuo: 
[1.2857255071204392, 2.765752127839218, 1.2802709161891248, 1.9527063454395697, 1.1373620508821376, 1.2041704884932196, 0.6240113603660998, 0.21789565334438665, 0.38417581472685197, 0.1621874679102778, 0.4630526495136611, 1.31236907519986, 0.0038191659133616036, 0.33682213414489487, 0.004175031634593141, 0.043938258952703334, 0.6104740024843646, 0.14911739940154106, 0.47633603593051926, 0.18892008169558713, 0.09342571761149587, 0.05990973580423811, 0.5858949816959421, 0.26631817350485937, 0.07528389456329286, 0.7715942927312874, 8.552866926482901, 1.4552071254767462, 0.5974604974046782, 1.9499736092893045, 4.567970019321047, 2.1650144621714387, 4.457492821239727, 1.2615217642590353, 3.8631802819543015, 6.195239219218457, 2.1790358589991254, 1.7825026479175816, 1.7957007475048727, 4.507409955464791, 0.743838453025032, 9.688153016216983, 2.7264131542909653, 3.3224614691894216, 4.790863965759995, 0.6477657471739713, 0.892625934643563, 0.9348048872418374, 10.0, 8.900721733113526, 1.1793888442199252, 2.910896510679236]
APTIDAO: 
27.83483798693134
GEN: 4900
Individuo: 
[1.2857255071204392, 2.765752127839218, 1.2802709161891248, 1.9527063454395697, 1.1373620508821376, 1.2041704884932196, 0.6240113603660998, 0.21789565334438665, 0.38417581472685197, 0.1621874679102778, 0.4630526495136611, 1.31236907519986, 0.0038684361520049883, 0.33682213414489487, 0.004323998178536822, 0.043938258952703334, 0.6104740024843646, 0.14911739940154106, 0.47633603593051926, 0.18892008169558713, 0.09342571761149587, 0.0713432124069158, 0.5858949816959421, 0.26631817350485937, 0.07330924324199685, 0.7715942927312874, 8.552866926482901, 1.4552071254767462, 0.5974604974046782, 1.9499736092893045, 4.567970019321047, 2.1650144621714387, 4.457492821239727, 1.2615217642590353, 3.8631802819543015, 6.195239219218457, 2.1790358589991254, 1.7825026479175816, 7.228708142737416, 4.507409955464791, 0.7007818086596137, 9.688153016216983, 2.7264131542909653, 3.3224614691894216, 4.790863965759995, 0.6477657471739713, 0.892625934643563, 1.7338420712869302, 10.0, 8.900721733113526, 1.236025192772249, 2.910896510679236]
APTIDAO: 
27.833260851087633
GEN: 5000
Individuo: 
[1.2857255071204392, 2.765752127839218, 1.2802709161891248, 1.9527063454395697, 1.1373620508821376, 1.2041704884932196, 0.6240113603660998, 0.21789565334438665, 0.38417581472685197, 0.1621874679102778, 0.4630526495136611, 1.31236907519986, 0.0038684361520049883, 0.33682213414489487, 0.004323998178536822, 0.043938258952703334, 0.6104740024843646, 0.14911739940154106, 0.47633603593051926, 0.18892008169558713, 0.09342571761149587, 0.06948496298403611, 0.5858949816959421, 0.26631817350485937, 0.07330924324199685, 0.7715942927312874, 8.552866926482901, 1.4552071254767462, 0.5974604974046782, 1.9499736092893045, 4.567970019321047, 2.1650144621714387, 4.457492821239727, 1.2615217642590353, 3.8631802819543015, 6.195239219218457, 2.1790358589991254, 1.7825026479175816, 7.228708142737416, 4.507409955464791, 0.7007818086596137, 9.688153016216983, 2.7264131542909653, 3.3224614691894216, 4.790863965759995, 0.6477657471739713, 0.892625934643563, 1.6763264515761918, 10.0, 8.900721733113526, 1.236025192772249, 2.910896510679236]
APTIDAO: 
27.83254658023895
GEN: 5100
Individuo: 
[1.2857255071204392, 2.765752127839218, 1.2802709161891248, 1.9527063454395697, 1.1373620508821376, 1.2041704884932196, 0.6240113603660998, 0.21789565334438665, 0.38417581472685197, 0.1621874679102778, 0.4630526495136611, 1.31236907519986, 0.0038684361520049883, 0.33682213414489487, 0.0016575164341957507, 0.043938258952703334, 0.6104740024843646, 0.14911739940154106, 0.47633603593051926, 0.18892008169558713, 0.09342571761149587, 0.03906813013409644, 0.5858949816959421, 0.26631817350485937, 0.07330924324199685, 0.7715942927312874, 8.552866926482901, 1.4552071254767462, 0.5974604974046782, 1.9499736092893045, 4.567970019321047, 2.1650144621714387, 4.457492821239727, 1.2615217642590353, 3.8631802819543015, 6.195239219218457, 2.1790358589991254, 1.7825026479175816, 7.228708142737416, 4.507409955464791, 0.2846014806820178, 9.688153016216983, 2.7264131542909653, 3.3224614691894216, 4.790863965759995, 0.6477657471739713, 0.892625934643563, 0.5609760568431862, 10.0, 8.900721733113526, 1.236025192772249, 2.910896510679236]
APTIDAO: 
28.080165187310726
GEN: 5200
Individuo: 
[1.2857255071204392, 2.7639675739653966, 1.2802709161891248, 1.9527063454395697, 1.1373620508821376, 1.2041704884932196, 0.6432855508986836, 0.21789565334438665, 0.38417581472685197, 0.1621874679102778, 0.4630526495136611, 1.31236907519986, 0.002977201240601071, 0.33682213414489487, 0.0013243467267600026, 0.043938258952703334, 0.6190753021278957, 0.14911739940154106, 0.47633603593051926, 0.18892008169558713, 0.09342571761149587, 0.03906813013409644, 0.5858949816959421, 0.26631817350485937, 0.07330924324199685, 0.7715942927312874, 8.552866926482901, 1.6250053990431732, 0.5974604974046782, 1.9499736092893045, 4.567970019321047, 2.1650144621714387, 3.174038290615749, 1.2615217642590353, 3.8631802819543015, 6.195239219218457, 2.1790358589991254, 1.7825026479175816, 6.1002526876703245, 4.507409955464791, 0.8546702857918957, 9.688153016216983, 2.4538753697512132, 3.3224614691894216, 4.790863965759995, 0.6477657471739713, 0.892625934643563, 0.5609760568431862, 10.0, 8.900721733113526, 1.236025192772249, 2.910896510679236]
APTIDAO: 
27.894830623892826
GEN: 5300
Individuo: 
[1.2909783014994072, 2.7639675739653966, 1.2802709161891248, 1.9527063454395697, 1.1373620508821376, 1.2041704884932196, 0.6432855508986836, 0.21789565334438665, 0.38417581472685197, 0.1621874679102778, 0.4630526495136611, 1.31236907519986, 0.003416950279331932, 0.33114184233284516, 0.001031666324599648, 0.043938258952703334, 0.6190753021278957, 0.15526244234021874, 0.47633603593051926, 0.18892008169558713, 0.09342571761149587, 0.03906813013409644, 0.5858949816959421, 0.26631817350485937, 0.07330924324199685, 0.7715942927312874, 4.019596115892703, 1.6250053990431732, 0.5974604974046782, 1.9499736092893045, 4.567970019321047, 2.1650144621714387, 3.174038290615749, 1.2615217642590353, 3.8631802819543015, 6.195239219218457, 2.1790358589991254, 1.7825026479175816, 8.233677319258376, 3.307253088311186, 0.37230236250560356, 9.688153016216983, 2.4538753697512132, 2.3447420357941513, 4.790863965759995, 0.6477657471739713, 0.892625934643563, 0.5609760568431862, 10.0, 8.900721733113526, 1.236025192772249, 2.910896510679236]
APTIDAO: 
27.784059965831673
GEN: 5400
Individuo: 
[1.2909783014994072, 2.7639675739653966, 1.2802709161891248, 1.9527063454395697, 1.1373620508821376, 1.2041704884932196, 0.6432855508986836, 0.21789565334438665, 0.38417581472685197, 0.16514667324173055, 0.4630526495136611, 1.3111970577852288, 0.003416950279331932, 0.33114184233284516, 0.001031666324599648, 0.043938258952703334, 0.6190753021278957, 0.15526244234021874, 0.47633603593051926, 0.18892008169558713, 0.09342571761149587, 0.03906813013409644, 0.5858949816959421, 0.26631817350485937, 0.07330924324199685, 0.7715942927312874, 4.019596115892703, 1.6250053990431732, 0.5974604974046782, 1.9499736092893045, 4.567970019321047, 2.1650144621714387, 3.174038290615749, 1.2615217642590353, 3.8631802819543015, 8.320297618633106, 2.1790358589991254, 2.1468624379215067, 8.233677319258376, 3.307253088311186, 0.37230236250560356, 9.688153016216983, 2.4538753697512132, 2.3447420357941513, 4.790863965759995, 0.6477657471739713, 0.892625934643563, 0.5609760568431862, 10.0, 8.900721733113526, 1.236025192772249, 2.910896510679236]
APTIDAO: 
27.74724700453084
GEN: 5500
Individuo: 
[1.2909783014994072, 2.7639675739653966, 1.2802709161891248, 1.9527063454395697, 1.1373620508821376, 1.2041704884932196, 0.6432855508986836, 0.21789565334438665, 0.38417581472685197, 0.16514667324173055, 0.4630526495136611, 1.3111970577852288, 0.003416950279331932, 0.33114184233284516, 0.001019828999841291, 0.043938258952703334, 0.6190753021278957, 0.15526244234021874, 0.47633603593051926, 0.18892008169558713, 0.09342571761149587, 0.03906813013409644, 0.5858949816959421, 0.26631817350485937, 0.07330924324199685, 0.7715942927312874, 4.019596115892703, 1.6250053990431732, 0.5974604974046782, 1.9499736092893045, 4.567970019321047, 2.1650144621714387, 3.174038290615749, 1.2615217642590353, 3.8631802819543015, 8.320297618633106, 2.1790358589991254, 2.1468624379215067, 8.233677319258376, 3.307253088311186, 0.3875085887376016, 9.688153016216983, 2.4538753697512132, 2.3447420357941513, 4.790863965759995, 0.6477657471739713, 0.892625934643563, 0.5609760568431862, 10.0, 8.900721733113526, 1.236025192772249, 2.910896510679236]
APTIDAO: 
27.746605627984387
GEN: 5600
Individuo: 
[1.2909783014994072, 2.7639675739653966, 1.2802709161891248, 1.9527063454395697, 1.1373620508821376, 1.2041704884932196, 0.6432855508986836, 0.21789565334438665, 0.38417581472685197, 0.16514667324173055, 0.4630526495136611, 1.3111970577852288, 0.0034958589934303438, 0.33114184233284516, 0.0013026884118662889, 0.043938258952703334, 0.6190753021278957, 0.15526244234021874, 0.47633603593051926, 0.18892008169558713, 0.07694089679858385, 0.003984865150315541, 0.5858949816959421, 0.26631817350485937, 0.07330924324199685, 0.7715942927312874, 4.019596115892703, 1.6250053990431732, 0.5974604974046782, 1.9499736092893045, 4.567970019321047, 2.1650144621714387, 3.174038290615749, 1.2615217642590353, 3.8631802819543015, 8.320297618633106, 2.1790358589991254, 2.1468624379215067, 8.89102711766661, 3.307253088311186, 0.9544408324923973, 9.688153016216983, 2.4538753697512132, 2.3447420357941513, 4.790863965759995, 0.6477657471739713, 0.9551395420629347, 0.358042148550969, 10.0, 8.900721733113526, 1.236025192772249, 2.910896510679236]
APTIDAO: 
27.861253326795445
GEN: 5700
Individuo: 
[1.2909783014994072, 2.7639675739653966, 1.2802709161891248, 1.9527063454395697, 1.1373620508821376, 1.2041704884932196, 0.6432855508986836, 0.21789565334438665, 0.38417581472685197, 0.16514667324173055, 0.4630526495136611, 1.3111970577852288, 0.0034958589934303438, 0.32800762291062685, 0.0010932776008024767, 0.043938258952703334, 0.6190753021278957, 0.15526244234021874, 0.47633603593051926, 0.18977033297817653, 0.07465005236585154, 0.003984865150315541, 0.5858949816959421, 0.26631817350485937, 0.07330924324199685, 0.7715942927312874, 4.019596115892703, 1.6250053990431732, 0.5974604974046782, 1.9499736092893045, 4.567970019321047, 2.1650144621714387, 3.174038290615749, 1.2615217642590353, 3.8631802819543015, 8.320297618633106, 2.1790358589991254, 2.1468624379215067, 8.89102711766661, 3.76450183576179, 0.7500291742850823, 9.688153016216983, 2.4538753697512132, 2.3447420357941513, 4.790863965759995, 0.6438037392426547, 0.7526735461809113, 0.358042148550969, 10.0, 8.900721733113526, 1.236025192772249, 2.910896510679236]
APTIDAO: 
27.807431345678165
GEN: 5800
Individuo: 
[1.2909783014994072, 2.7639675739653966, 1.2802709161891248, 1.9527063454395697, 1.1373620508821376, 1.2041704884932196, 0.6432855508986836, 0.21789565334438665, 0.38417581472685197, 0.16514667324173055, 0.4630526495136611, 1.3111970577852288, 0.004002324860298783, 0.32800762291062685, 0.0010380761684673063, 0.0539840601758395, 0.6190753021278957, 0.15526244234021874, 0.47633603593051926, 0.18977033297817653, 0.07465005236585154, 0.005757988192304646, 0.5858949816959421, 0.26631817350485937, 0.07230281954128065, 0.7715942927312874, 4.019596115892703, 1.6250053990431732, 0.5974604974046782, 1.9499736092893045, 4.567970019321047, 2.1650144621714387, 3.174038290615749, 1.2615217642590353, 3.8631802819543015, 8.320297618633106, 2.1790358589991254, 2.1468624379215067, 9.76840590224043, 3.76450183576179, 1.8518490249836872, 7.8196633965776545, 2.4538753697512132, 2.3447420357941513, 4.790863965759995, 0.6438037392426547, 0.7526735461809113, 0.5967445263997985, 10.0, 8.900721733113526, 1.303014400177261, 2.910896510679236]
APTIDAO: 
27.789039768831287
GEN: 5900
Individuo: 
[1.2909783014994072, 2.7639675739653966, 1.2802709161891248, 1.9527063454395697, 1.1373620508821376, 1.2041704884932196, 0.6432855508986836, 0.21789565334438665, 0.38417581472685197, 0.16514667324173055, 0.4630526495136611, 1.3111970577852288, 0.004002324860298783, 0.32800762291062685, 0.001176311772972406, 0.0504616493343185, 0.6190753021278957, 0.15526244234021874, 0.47633603593051926, 0.18977033297817653, 0.07465005236585154, 0.01296924358638485, 0.5858949816959421, 0.26631817350485937, 0.07230281954128065, 0.7715942927312874, 4.019596115892703, 1.6250053990431732, 0.5974604974046782, 1.9499736092893045, 4.567970019321047, 2.1650144621714387, 3.174038290615749, 1.2615217642590353, 3.8631802819543015, 8.320297618633106, 2.1790358589991254, 2.1468624379215067, 9.76840590224043, 3.76450183576179, 1.592217289714957, 3.8783771448380606, 2.4538753697512132, 2.3447420357941513, 4.790863965759995, 0.6438037392426547, 0.7526735461809113, 1.0796988424925495, 10.0, 8.900721733113526, 1.303014400177261, 2.910896510679236]
APTIDAO: 
27.742938203877756
GEN: 6000
Individuo: 
[1.2909783014994072, 2.7639675739653966, 1.271680055065518, 1.9527063454395697, 1.1373620508821376, 1.2041704884932196, 0.6432855508986836, 0.21789565334438665, 0.38417581472685197, 0.16514667324173055, 0.4630526495136611, 1.3111970577852288, 0.0037900631271926676, 0.32800762291062685, 0.002032646378368175, 0.0504616493343185, 0.6190753021278957, 0.15526244234021874, 0.47633603593051926, 0.18977033297817653, 0.07465005236585154, 0.018278532214306017, 0.5858949816959421, 0.26631817350485937, 0.07230281954128065, 0.7715942927312874, 4.019596115892703, 1.6250053990431732, 0.449712674319755, 1.9499736092893045, 4.567970019321047, 2.1650144621714387, 3.174038290615749, 1.2615217642590353, 3.8631802819543015, 8.320297618633106, 2.1790358589991254, 2.1468624379215067, 10.0, 3.76450183576179, 0.7302058973849989, 3.8783771448380606, 2.4538753697512132, 2.3447420357941513, 4.790863965759995, 0.6438037392426547, 0.7526735461809113, 1.7901964788879325, 10.0, 8.900721733113526, 1.303014400177261, 2.910896510679236]
APTIDAO: 
27.717911966614594
GEN: 6100
Individuo: 
[1.2909783014994072, 2.6177599953384894, 1.0855763587165623, 2.30825444878869, 1.0933659110255496, 1.2041704884932196, 0.6432855508986836, 0.21789565334438665, 0.38417581472685197, 0.1685514855074047, 0.4630526495136611, 1.3111970577852288, 0.0037900631271926676, 0.34870149781403204, 0.0015255302350006728, 0.0504616493343185, 0.6220467964692571, 0.13706866960476854, 0.47633603593051926, 0.1765692556334528, 0.0012230146509214462, 0.02728839837887135, 0.584832453238859, 0.26631817350485937, 0.07117184670216081, 0.7715942927312874, 4.019596115892703, 1.8835954997640771, 0.45656139703990234, 1.9191398076166823, 6.4917396022559295, 2.1650144621714387, 3.174038290615749, 1.2615217642590353, 3.8631802819543015, 8.943853141085965, 2.1790358589991254, 2.1468624379215067, 10.0, 3.0878533799270618, 0.7216994004298822, 3.8783771448380606, 3.4101178959769163, 2.24930649419119, 4.790863965759995, 1.2038625268138905, 0.5801704031159863, 3.086397136080295, 5.675895263818469, 8.900721733113526, 0.5832411860881115, 2.910896510679236]
APTIDAO: 
28.21964175985121
GEN: 6200
Individuo: 
[1.2909783014994072, 2.6177599953384894, 1.0855763587165623, 2.30825444878869, 1.0933659110255496, 1.2041704884932196, 0.6432855508986836, 0.21789565334438665, 0.38417581472685197, 0.1685514855074047, 0.4630526495136611, 1.3111970577852288, 0.008144065488357766, 0.34870149781403204, 0.0023119942919498913, 0.0504616493343185, 0.6220467964692571, 0.1832835579200693, 0.47633603593051926, 0.1765692556334528, 0.001535521562319168, 0.017797525537348678, 0.584832453238859, 0.26631817350485937, 0.07117184670216081, 0.7715942927312874, 4.019596115892703, 1.8835954997640771, 0.45656139703990234, 1.9191398076166823, 6.4917396022559295, 2.1650144621714387, 3.174038290615749, 1.2615217642590353, 3.8631802819543015, 8.943853141085965, 2.1790358589991254, 2.1468624379215067, 8.170466387181758, 3.0878533799270618, 1.0147203286778361, 3.8783771448380606, 3.4101178959769163, 2.887971029327507, 4.790863965759995, 1.2038625268138905, 0.8415149665420883, 1.5419547544128522, 5.675895263818469, 8.900721733113526, 0.5832411860881115, 2.910896510679236]
APTIDAO: 
28.276803896381878
GEN: 6300
Individuo: 
[1.2909783014994072, 2.6177599953384894, 1.0855763587165623, 2.30825444878869, 1.0933659110255496, 1.2041704884932196, 0.6389547592366599, 0.21789565334438665, 0.38417581472685197, 0.1685514855074047, 0.4630526495136611, 1.3111970577852288, 0.008144065488357766, 0.34870149781403204, 0.001140900745532835, 0.0504616493343185, 0.6332044998056097, 0.1832835579200693, 0.47633603593051926, 0.1765692556334528, 0.010788349910836192, 0.04608905338141661, 0.584832453238859, 0.26631817350485937, 0.07117184670216081, 0.7715942927312874, 4.019596115892703, 1.8835954997640771, 0.45656139703990234, 1.9191398076166823, 6.4917396022559295, 2.1650144621714387, 2.494364379071757, 1.2615217642590353, 3.8631802819543015, 8.943853141085965, 2.1790358589991254, 2.1468624379215067, 8.170466387181758, 3.0878533799270618, 1.1158453382641456, 3.8783771448380606, 4.3257791059307324, 2.887971029327507, 4.790863965759995, 1.2038625268138905, 3.9596931248040055, 1.367742358828914, 5.675895263818469, 8.900721733113526, 0.5832411860881115, 2.910896510679236]
APTIDAO: 
28.054113891818183
GEN: 6400
Individuo: 
[1.2909783014994072, 2.6177599953384894, 1.0855763587165623, 2.30825444878869, 1.0933659110255496, 1.2041704884932196, 0.6389547592366599, 0.21789565334438665, 0.38417581472685197, 0.1685514855074047, 0.4630526495136611, 1.3111970577852288, 0.007246230151792471, 0.34870149781403204, 0.001140900745532835, 0.0504616493343185, 0.6332044998056097, 0.1832835579200693, 0.47633603593051926, 0.1765692556334528, 0.03315401938331386, 0.2344790440017675, 0.584832453238859, 0.26631817350485937, 0.07117184670216081, 0.7715942927312874, 4.019596115892703, 1.8835954997640771, 0.45656139703990234, 1.9191398076166823, 6.4917396022559295, 2.1650144621714387, 2.494364379071757, 1.2615217642590353, 3.8631802819543015, 8.943853141085965, 2.1790358589991254, 2.1468624379215067, 8.31536899415031, 3.0878533799270618, 1.1158453382641456, 3.8783771448380606, 4.3257791059307324, 2.887971029327507, 4.790863965759995, 1.2038625268138905, 3.614280830833086, 2.4011909646268585, 5.675895263818469, 8.900721733113526, 0.5832411860881115, 2.910896510679236]
APTIDAO: 
27.97143328587762
GEN: 6500
Individuo: 
[1.2909783014994072, 2.6177599953384894, 1.0855763587165623, 2.30825444878869, 1.0933659110255496, 1.2041704884932196, 0.6389547592366599, 0.21789565334438665, 0.38417581472685197, 0.22180749198569585, 0.46055659418025224, 1.3111970577852288, 0.00561324330755415, 0.3271563250641002, 0.0017049334718046002, 0.0504616493343185, 0.6332044998056097, 0.1832835579200693, 0.47633603593051926, 0.1765692556334528, 0.04689218505075106, 0.5174994585461802, 0.584832453238859, 0.26631817350485937, 0.07117184670216081, 0.7715942927312874, 4.019596115892703, 1.8835954997640771, 0.45656139703990234, 1.9191398076166823, 6.4917396022559295, 2.1650144621714387, 2.494364379071757, 1.2615217642590353, 3.8631802819543015, 7.683268014869621, 1.9791365118693296, 2.1468624379215067, 10.0, 1.0510105838501904, 0.8392074349161903, 3.8783771448380606, 4.3257791059307324, 2.887971029327507, 4.790863965759995, 1.2038625268138905, 2.40629573091615, 7.321697337574842, 5.675895263818469, 8.900721733113526, 0.5832411860881115, 2.910896510679236]
APTIDAO: 
27.603731629246017
GEN: 6600
Individuo: 
[1.2909783014994072, 2.6177599953384894, 1.0855763587165623, 2.30825444878869, 1.0933659110255496, 1.2041704884932196, 0.6389547592366599, 0.21789565334438665, 0.38417581472685197, 0.22180749198569585, 0.46055659418025224, 1.3111970577852288, 0.00561324330755415, 0.3271563250641002, 0.0016449082224669963, 0.05054893503278423, 0.6332044998056097, 0.1832835579200693, 0.47633603593051926, 0.1765692556334528, 0.04481206040919411, 0.5174994585461802, 0.584832453238859, 0.26631817350485937, 0.07117184670216081, 0.7715942927312874, 4.019596115892703, 1.8835954997640771, 0.45656139703990234, 1.9191398076166823, 6.4917396022559295, 2.1650144621714387, 2.494364379071757, 1.2615217642590353, 3.8631802819543015, 7.683268014869621, 1.9791365118693296, 2.1468624379215067, 10.0, 1.0510105838501904, 0.5781162863667316, 2.213253831676993, 4.3257791059307324, 2.887971029327507, 4.790863965759995, 1.2038625268138905, 2.2544078557707863, 7.321697337574842, 5.675895263818469, 8.900721733113526, 0.5832411860881115, 2.910896510679236]
APTIDAO: 
27.60283017393214
GEN: 6700
Individuo: 
[1.2909783014994072, 2.6177599953384894, 1.0855763587165623, 2.30825444878869, 1.0933659110255496, 1.2041704884932196, 0.6389547592366599, 0.21789565334438665, 0.38417581472685197, 0.22180749198569585, 0.46055659418025224, 1.3111970577852288, 0.00561324330755415, 0.3271563250641002, 0.0015504767073479743, 0.05054893503278423, 0.6332044998056097, 0.1832835579200693, 0.47633603593051926, 0.1765692556334528, 0.04481206040919411, 0.5174994585461802, 0.584832453238859, 0.26631817350485937, 0.07117184670216081, 0.7715942927312874, 4.019596115892703, 1.8835954997640771, 0.45656139703990234, 1.9191398076166823, 6.4917396022559295, 2.1650144621714387, 2.494364379071757, 1.2615217642590353, 3.8631802819543015, 7.683268014869621, 1.9791365118693296, 2.1468624379215067, 10.0, 1.0510105838501904, 0.6851350128602192, 2.213253831676993, 4.3257791059307324, 2.887971029327507, 4.790863965759995, 1.2038625268138905, 2.2544078557707863, 7.321697337574842, 5.675895263818469, 8.900721733113526, 0.5832411860881115, 2.910896510679236]
APTIDAO: 
27.602872754806146
GEN: 6800
Individuo: 
[1.2909783014994072, 2.6177599953384894, 1.0855763587165623, 2.30825444878869, 1.0933659110255496, 1.2041704884932196, 0.6389547592366599, 0.21789565334438665, 0.38417581472685197, 0.22180749198569585, 0.46055659418025224, 1.3111970577852288, 0.005478932782889514, 0.3246220317080925, 0.0012672535333931808, 0.05054893503278423, 0.6332044998056097, 0.1832835579200693, 0.47633603593051926, 0.1765692556334528, 0.04481206040919411, 0.5174994585461802, 0.584832453238859, 0.26631817350485937, 0.07117184670216081, 0.7715942927312874, 4.019596115892703, 1.8835954997640771, 0.45656139703990234, 1.9191398076166823, 6.4917396022559295, 2.1650144621714387, 2.494364379071757, 1.2615217642590353, 3.8631802819543015, 7.683268014869621, 1.9791365118693296, 2.1468624379215067, 7.712699025532527, 0.6529677328938445, 1.9409056814470738, 2.213253831676993, 4.3257791059307324, 2.887971029327507, 4.790863965759995, 1.2038625268138905, 2.2544078557707863, 7.321697337574842, 5.675895263818469, 8.900721733113526, 0.5832411860881115, 2.910896510679236]
APTIDAO: 
27.580087630714058
GEN: 6900
Individuo: 
[1.2909783014994072, 2.6177599953384894, 1.0855763587165623, 2.30825444878869, 1.0933659110255496, 1.2041704884932196, 0.6389547592366599, 0.21789565334438665, 0.38417581472685197, 0.22180749198569585, 0.46055659418025224, 1.3111970577852288, 0.004308772954259026, 0.3246220317080925, 0.0018963062927916856, 0.05054893503278423, 0.6332044998056097, 0.1832835579200693, 0.47633603593051926, 0.1765692556334528, 0.04481206040919411, 0.5174994585461802, 0.584832453238859, 0.26631817350485937, 0.07117184670216081, 0.7715942927312874, 4.019596115892703, 1.8835954997640771, 0.45656139703990234, 1.9191398076166823, 6.4917396022559295, 2.1650144621714387, 2.494364379071757, 1.2615217642590353, 3.8631802819543015, 7.683268014869621, 1.9791365118693296, 2.1468624379215067, 5.6884107052474056, 0.6529677328938445, 1.4249198882389689, 2.213253831676993, 4.3257791059307324, 2.887971029327507, 4.790863965759995, 1.2038625268138905, 2.2544078557707863, 7.321697337574842, 5.675895263818469, 8.900721733113526, 0.5832411860881115, 2.910896510679236]
APTIDAO: 
27.49626706593408
GEN: 7000
Individuo: 
[1.2909783014994072, 2.6177599953384894, 1.0855763587165623, 2.30825444878869, 1.0933659110255496, 1.2041704884932196, 0.6389547592366599, 0.21789565334438665, 0.38417581472685197, 0.26196343085880935, 0.46055659418025224, 1.3111970577852288, 0.004308772954259026, 0.3246220317080925, 0.0038600923995482242, 0.05054893503278423, 0.6340946632204634, 0.1832835579200693, 0.47633603593051926, 0.1765692556334528, 0.03679491285706817, 0.5694535033976125, 0.584832453238859, 0.26631817350485937, 0.07117184670216081, 0.7715942927312874, 4.019596115892703, 1.8835954997640771, 0.45656139703990234, 1.9191398076166823, 6.4917396022559295, 2.1650144621714387, 2.494364379071757, 1.2615217642590353, 3.8631802819543015, 10.0, 1.9791365118693296, 2.1468624379215067, 5.6884107052474056, 0.6529677328938445, 1.2587938858480392, 2.213253831676993, 7.603028891631838, 2.887971029327507, 4.790863965759995, 1.2038625268138905, 1.9205444481269696, 4.017538470316033, 5.675895263818469, 8.900721733113526, 0.5832411860881115, 2.910896510679236]
APTIDAO: 
27.472627783221647
GEN: 7100
Individuo: 
[1.2909783014994072, 2.6177599953384894, 1.0855763587165623, 2.30825444878869, 1.0933659110255496, 1.2041704884932196, 0.6389547592366599, 0.21789565334438665, 0.38417581472685197, 0.36004491711035486, 0.46055659418025224, 1.439140046427126, 0.00406298714890216, 0.3246220317080925, 0.0018241628897929817, 0.05054893503278423, 0.6340946632204634, 0.18807908832087997, 0.47633603593051926, 0.1765692556334528, 0.03679491285706817, 0.5694535033976125, 0.584832453238859, 0.26631817350485937, 0.04449542444508915, 0.7715942927312874, 4.019596115892703, 1.8835954997640771, 0.45656139703990234, 1.9191398076166823, 6.4917396022559295, 2.1650144621714387, 2.494364379071757, 1.2615217642590353, 3.8631802819543015, 7.819735510014883, 1.9791365118693296, 3.4579059201938547, 2.8042513738947052, 0.6529677328938445, 0.7668440773724329, 2.213253831676993, 7.603028891631838, 1.585285941370473, 4.790863965759995, 1.2038625268138905, 1.9205444481269696, 4.017538470316033, 5.675895263818469, 8.900721733113526, 0.9173161870813847, 2.910896510679236]
APTIDAO: 
27.782550886103657
GEN: 7200
Individuo: 
[1.2909783014994072, 2.6177599953384894, 1.0855763587165623, 2.30825444878869, 1.0933659110255496, 1.2041704884932196, 0.6502061977576246, 0.21789565334438665, 0.38417581472685197, 0.36004491711035486, 0.46055659418025224, 1.439140046427126, 0.00406298714890216, 0.3246220317080925, 0.0031307165375236397, 0.05054893503278423, 0.6340946632204634, 0.21230170001450172, 0.47633603593051926, 0.17696670650799756, 0.03679491285706817, 0.5694535033976125, 0.584832453238859, 0.26631817350485937, 0.04449542444508915, 0.7715942927312874, 4.019596115892703, 1.8835954997640771, 0.45656139703990234, 1.9191398076166823, 6.4917396022559295, 2.1650144621714387, 2.161162565798926, 1.2615217642590353, 3.8631802819543015, 7.819735510014883, 1.9791365118693296, 3.4579059201938547, 2.8042513738947052, 0.6529677328938445, 0.5125481345172163, 2.213253831676993, 7.603028891631838, 1.8063865983201546, 4.790863965759995, 1.2009680938248182, 1.9205444481269696, 4.017538470316033, 5.675895263818469, 8.900721733113526, 0.9173161870813847, 2.910896510679236]
APTIDAO: 
27.5714483681771
GEN: 7300
Individuo: 
[1.2909783014994072, 2.6161834977346548, 1.0855763587165623, 2.30825444878869, 1.0933659110255496, 1.2041704884932196, 0.6494333301724664, 0.21789565334438665, 0.38417581472685197, 0.36004491711035486, 0.46055659418025224, 1.439140046427126, 0.00406298714890216, 0.3246220317080925, 0.00333326095222497, 0.05054893503278423, 0.6340946632204634, 0.21230170001450172, 0.47633603593051926, 0.17696670650799756, 0.03679491285706817, 0.5694535033976125, 0.584832453238859, 0.26631817350485937, 0.04597149745624649, 0.7715942927312874, 4.019596115892703, 2.7597212363029966, 0.45656139703990234, 1.9191398076166823, 6.4917396022559295, 2.1650144621714387, 1.9292883539319032, 1.2615217642590353, 3.8631802819543015, 7.819735510014883, 1.9791365118693296, 3.4579059201938547, 2.8042513738947052, 0.6529677328938445, 1.877551462633327, 2.213253831676993, 7.603028891631838, 1.8063865983201546, 4.790863965759995, 1.2009680938248182, 1.9205444481269696, 4.017538470316033, 5.675895263818469, 8.900721733113526, 1.0606141121768338, 2.910896510679236]
APTIDAO: 
27.55826596981236
GEN: 7400
Individuo: 
[1.2909783014994072, 2.6161834977346548, 1.0855763587165623, 2.3121648271197963, 1.0933659110255496, 1.2041704884932196, 0.6494333301724664, 0.21789565334438665, 0.38417581472685197, 0.36004491711035486, 0.46055659418025224, 1.439140046427126, 0.004227587284997636, 0.3246220317080925, 0.002923793467327967, 0.05054893503278423, 0.6340946632204634, 0.21230170001450172, 0.47633603593051926, 0.18096416217904657, 0.03809617705519821, 0.5940597687199715, 0.584832453238859, 0.26631817350485937, 0.04597149745624649, 0.7656326974919003, 4.019596115892703, 2.7597212363029966, 0.45656139703990234, 2.142837229177947, 6.4917396022559295, 2.1650144621714387, 1.9292883539319032, 1.2615217642590353, 3.8631802819543015, 7.819735510014883, 1.9791365118693296, 3.4579059201938547, 2.223435038030771, 0.6529677328938445, 2.044837306150082, 2.213253831676993, 7.603028891631838, 1.8063865983201546, 4.790863965759995, 1.2905686333289406, 1.0462981592504554, 6.628597408679749, 5.675895263818469, 8.900721733113526, 1.0606141121768338, 5.315064939018518]
APTIDAO: 
27.55248391841779
GEN: 7500
Individuo: 
[1.2909783014994072, 2.6161834977346548, 1.0855763587165623, 2.3121648271197963, 1.0933659110255496, 1.2041704884932196, 0.6494333301724664, 0.21789565334438665, 0.38417581472685197, 0.36004491711035486, 0.46055659418025224, 1.439140046427126, 0.00294454345587598, 0.3246220317080925, 0.0028238602149058714, 0.041671029463886664, 0.6340946632204634, 0.21230170001450172, 0.47633603593051926, 0.18096416217904657, 0.03809617705519821, 0.7619038398581051, 0.584832453238859, 0.26631817350485937, 0.06086392097954515, 0.8240864994993852, 4.019596115892703, 2.7597212363029966, 0.45656139703990234, 2.142837229177947, 6.4917396022559295, 2.1650144621714387, 1.9292883539319032, 1.2615217642590353, 3.8631802819543015, 7.819735510014883, 1.9791365118693296, 3.4579059201938547, 1.2290695771299631, 0.6529677328938445, 2.1886458089215175, 2.2838270648666907, 7.603028891631838, 1.8063865983201546, 4.790863965759995, 1.2905686333289406, 1.0462981592504554, 8.830568908110115, 5.675895263818469, 8.900721733113526, 1.4035349417233864, 6.283683599313134]
APTIDAO: 
27.482874940868616
GEN: 7600
Individuo: 
[1.2909783014994072, 2.6161834977346548, 1.0855763587165623, 2.3121648271197963, 1.0933659110255496, 1.2041704884932196, 0.6494333301724664, 0.21789565334438665, 0.38417581472685197, 0.36004491711035486, 0.46055659418025224, 1.439140046427126, 0.00294454345587598, 0.3246220317080925, 0.0025657840706171152, 0.041671029463886664, 0.6477749966481718, 0.2034024350171365, 0.47633603593051926, 0.18096416217904657, 0.03809617705519821, 0.7619038398581051, 0.584832453238859, 0.26631817350485937, 0.06086392097954515, 0.8240864994993852, 4.019596115892703, 2.7597212363029966, 0.45656139703990234, 2.142837229177947, 6.4917396022559295, 2.1650144621714387, 1.9292883539319032, 1.2615217642590353, 3.8631802819543015, 7.819735510014883, 1.9791365118693296, 3.4579059201938547, 1.2290695771299631, 0.6529677328938445, 2.1048380588662106, 2.2838270648666907, 4.815427611533266, 1.3062250001720181, 4.790863965759995, 1.2905686333289406, 1.0462981592504554, 8.830568908110115, 5.675895263818469, 8.900721733113526, 1.4035349417233864, 6.283683599313134]
APTIDAO: 
27.388443285145915
GEN: 7700
Individuo: 
[1.2909783014994072, 2.6161834977346548, 1.0855763587165623, 2.3121648271197963, 1.0933659110255496, 1.2041704884932196, 0.6494333301724664, 0.21789565334438665, 0.38417581472685197, 0.3686108532931127, 0.46055659418025224, 1.439140046427126, 0.003050844271828136, 0.3246220317080925, 0.0028429014836246886, 0.051478547944676496, 0.6477749966481718, 0.2034024350171365, 0.47633603593051926, 0.18096416217904657, 0.03809617705519821, 0.7619038398581051, 0.584832453238859, 0.26631817350485937, 0.06086392097954515, 0.8240864994993852, 4.019596115892703, 2.7597212363029966, 0.45656139703990234, 2.142837229177947, 6.4917396022559295, 2.1650144621714387, 1.9292883539319032, 1.2615217642590353, 3.8631802819543015, 6.258067439694192, 1.9791365118693296, 3.4579059201938547, 1.49734259215478, 0.6529677328938445, 3.212298727500176, 1.8893236878829198, 4.815427611533266, 1.3062250001720181, 4.790863965759995, 1.2905686333289406, 1.0462981592504554, 8.830568908110115, 5.675895263818469, 8.900721733113526, 1.4035349417233864, 6.283683599313134]
APTIDAO: 
27.345738552905676
GEN: 7800
Individuo: 
[1.2909783014994072, 2.6161834977346548, 1.0855763587165623, 2.3121648271197963, 1.0933659110255496, 1.2041704884932196, 0.6494333301724664, 0.21789565334438665, 0.38417581472685197, 0.3686108532931127, 0.46055659418025224, 1.439140046427126, 0.0028563770225594714, 0.3246220317080925, 0.0028429014836246886, 0.04771839083131967, 0.6477749966481718, 0.2034024350171365, 0.47633603593051926, 0.18096416217904657, 0.03809617705519821, 0.8324354350166586, 0.584832453238859, 0.26631817350485937, 0.06086392097954515, 0.8240864994993852, 4.019596115892703, 2.7597212363029966, 0.45656139703990234, 2.142837229177947, 6.4917396022559295, 2.1650144621714387, 1.9292883539319032, 1.2615217642590353, 3.8631802819543015, 6.258067439694192, 1.9791365118693296, 3.4579059201938547, 1.4790034032494457, 0.6529677328938445, 3.212298727500176, 1.5076665675211218, 4.815427611533266, 1.3062250001720181, 4.790863965759995, 1.2905686333289406, 1.0462981592504554, 7.283892797352517, 5.675895263818469, 8.900721733113526, 1.4035349417233864, 6.283683599313134]
APTIDAO: 
27.374249877298432
GEN: 7900
Individuo: 
[1.2909783014994072, 2.6161834977346548, 1.0855763587165623, 2.3121648271197963, 1.0933659110255496, 1.2041704884932196, 0.6494333301724664, 0.21789565334438665, 0.38417581472685197, 0.3686108532931127, 0.46055659418025224, 1.439140046427126, 0.0025734618766553867, 0.2988834264049607, 0.0029763895855962033, 0.0442861164348511, 0.6477749966481718, 0.20002056264553922, 0.47633603593051926, 0.18096416217904657, 0.006938368020686026, 0.461188381829766, 0.584832453238859, 0.26631817350485937, 0.06086392097954515, 0.8355377399123018, 4.019596115892703, 2.7597212363029966, 0.45656139703990234, 2.142837229177947, 6.4917396022559295, 2.1650144621714387, 1.9292883539319032, 1.2615217642590353, 3.8631802819543015, 6.258067439694192, 1.9791365118693296, 3.4579059201938547, 1.7826388501159547, 0.8513613854822462, 2.5559404419000895, 1.4366604193227759, 4.815427611533266, 0.8489833376883024, 4.790863965759995, 1.2905686333289406, 0.6607961057723774, 7.578427959437681, 5.675895263818469, 8.900721733113526, 1.4035349417233864, 4.919192880016557]
APTIDAO: 
27.270675759641303
GEN: 8000
Individuo: 
[1.2909783014994072, 2.6161834977346548, 1.0855763587165623, 2.3121648271197963, 1.0933659110255496, 1.2041704884932196, 0.6494333301724664, 0.21789565334438665, 0.38417581472685197, 0.3686108532931127, 0.46055659418025224, 1.439140046427126, 0.002331149254690759, 0.2988834264049607, 0.0029763895855962033, 0.043450870857221026, 0.6477749966481718, 0.2011139318275427, 0.47633603593051926, 0.18096416217904657, 0.006902261404193319, 0.461188381829766, 0.584832453238859, 0.26631817350485937, 0.06086392097954515, 0.8355377399123018, 4.019596115892703, 2.7597212363029966, 0.45656139703990234, 2.142837229177947, 6.4917396022559295, 2.1650144621714387, 1.9292883539319032, 1.2615217642590353, 3.8631802819543015, 6.258067439694192, 1.9791365118693296, 3.4579059201938547, 1.9911618255035817, 0.8513613854822462, 2.5559404419000895, 2.646012620992998, 4.815427611533266, 1.253605207266683, 4.790863965759995, 1.2905686333289406, 1.1734501387454408, 7.578427959437681, 5.675895263818469, 8.900721733113526, 1.4035349417233864, 4.919192880016557]
APTIDAO: 
27.264664473159524
GEN: 8100
Individuo: 
[1.2909783014994072, 2.6161834977346548, 1.0855763587165623, 2.3121648271197963, 1.0933659110255496, 1.2041704884932196, 0.6494333301724664, 0.22545178824957435, 0.38417581472685197, 0.3686108532931127, 0.46055659418025224, 1.439140046427126, 0.0016503609358176116, 0.26217014037801323, 0.005758778925478103, 0.043450870857221026, 0.6477749966481718, 0.2011139318275427, 0.47633603593051926, 0.2159117833538522, 0.0013406234426309568, 0.39947106533253, 0.584832453238859, 0.26631817350485937, 0.06086392097954515, 0.8355377399123018, 4.019596115892703, 2.7597212363029966, 0.45656139703990234, 2.142837229177947, 6.4917396022559295, 2.1650144621714387, 1.9292883539319032, 2.120935553394605, 3.8631802819543015, 6.258067439694192, 1.9791365118693296, 3.4579059201938547, 1.008540882634156, 1.0477481467794891, 3.4088287729623317, 2.646012620992998, 4.815427611533266, 1.253605207266683, 4.790863965759995, 2.248717502201149, 0.8327414207755269, 6.549986972588686, 5.675895263818469, 8.900721733113526, 1.4035349417233864, 4.919192880016557]
APTIDAO: 
26.91775487760236
GEN: 8200
Individuo: 
[1.2909783014994072, 2.6161834977346548, 1.0855763587165623, 2.3121648271197963, 1.0933659110255496, 1.2041704884932196, 0.6494333301724664, 0.22545178824957435, 0.38417581472685197, 0.3686108532931127, 0.46055659418025224, 1.439140046427126, 0.0016503609358176116, 0.26217014037801323, 0.005758778925478103, 0.043450870857221026, 0.6477749966481718, 0.2011139318275427, 0.47633603593051926, 0.2159117833538522, 0.0024900570659714787, 0.39947106533253, 0.584832453238859, 0.26631817350485937, 0.06109910376926865, 0.8355377399123018, 4.019596115892703, 2.7597212363029966, 0.45656139703990234, 2.142837229177947, 6.4917396022559295, 2.1650144621714387, 1.9292883539319032, 2.120935553394605, 3.8631802819543015, 6.258067439694192, 1.9791365118693296, 3.4579059201938547, 1.008540882634156, 1.0477481467794891, 3.4088287729623317, 2.646012620992998, 4.815427611533266, 1.253605207266683, 4.790863965759995, 2.248717502201149, 1.6181630009548782, 6.549986972588686, 5.675895263818469, 8.900721733113526, 1.163290836593457, 4.919192880016557]
APTIDAO: 
26.886356257315253
GEN: 8300
Individuo: 
[1.2909783014994072, 2.6161834977346548, 1.0855763587165623, 2.3121648271197963, 1.0933659110255496, 1.2041704884932196, 0.6494333301724664, 0.22545178824957435, 0.38417581472685197, 0.3686108532931127, 0.46055659418025224, 1.439140046427126, 0.0015616349889484497, 0.26217014037801323, 0.005758778925478103, 0.043450870857221026, 0.6502332975994766, 0.2011139318275427, 0.47633603593051926, 0.2159117833538522, 0.002446226210981691, 0.39947106533253, 0.584832453238859, 0.26631817350485937, 0.06109910376926865, 0.8355377399123018, 4.019596115892703, 2.7597212363029966, 0.45656139703990234, 2.142837229177947, 6.4917396022559295, 2.1650144621714387, 1.9292883539319032, 2.120935553394605, 3.8631802819543015, 6.258067439694192, 1.9791365118693296, 3.4579059201938547, 0.9164844927688236, 1.0477481467794891, 3.4088287729623317, 2.646012620992998, 3.9697515605027003, 1.253605207266683, 4.790863965759995, 2.248717502201149, 1.9416500002722572, 6.549986972588686, 5.675895263818469, 8.900721733113526, 1.163290836593457, 4.919192880016557]
APTIDAO: 
26.882122196411448
GEN: 8400
Individuo: 
[1.2909783014994072, 2.6161834977346548, 1.0855763587165623, 2.3121648271197963, 1.0933659110255496, 1.2041704884932196, 0.658167618678979, 0.22545178824957435, 0.38417581472685197, 0.3686108532931127, 0.46055659418025224, 1.439140046427126, 0.0015380282014066196, 0.26217014037801323, 0.004371107462347544, 0.043450870857221026, 0.6477749966481718, 0.2011139318275427, 0.47633603593051926, 0.2159117833538522, 0.0037753176998005793, 0.39947106533253, 0.584832453238859, 0.26631817350485937, 0.06109910376926865, 0.8355377399123018, 4.019596115892703, 2.7597212363029966, 0.45656139703990234, 2.142837229177947, 6.4917396022559295, 2.1650144621714387, 3.860109870048501, 2.120935553394605, 3.8631802819543015, 6.258067439694192, 1.9791365118693296, 3.4579059201938547, 0.8845125113753873, 1.0477481467794891, 1.889350236071203, 2.646012620992998, 4.815427611533266, 1.253605207266683, 4.790863965759995, 2.248717502201149, 1.7133940778025107, 6.549986972588686, 5.675895263818469, 8.900721733113526, 1.163290836593457, 4.919192880016557]
APTIDAO: 
26.841784472276007
GEN: 8500
Individuo: 
[1.2909783014994072, 2.6161834977346548, 1.0855763587165623, 2.3121648271197963, 1.0899166622644454, 1.2041704884932196, 0.658167618678979, 0.22545178824957435, 0.38417581472685197, 0.3686108532931127, 0.702616460536272, 1.439140046427126, 0.0013688461264972937, 0.26217014037801323, 0.005607340953042636, 0.043450870857221026, 0.6477749966481718, 0.2011139318275427, 0.47633603593051926, 0.2159117833538522, 0.0032975356382147257, 0.39947106533253, 0.584832453238859, 0.6709250090643326, 0.06109910376926865, 0.8355377399123018, 4.019596115892703, 2.7597212363029966, 0.45656139703990234, 2.142837229177947, 10.0, 2.1650144621714387, 3.860109870048501, 2.120935553394605, 3.8631802819543015, 6.258067439694192, 2.139300848164224, 3.4579059201938547, 0.6420882883306049, 1.0477481467794891, 1.5079338347638536, 2.646012620992998, 4.815427611533266, 1.253605207266683, 4.790863965759995, 2.248717502201149, 2.4137260518948462, 6.549986972588686, 5.675895263818469, 9.348021355939803, 1.163290836593457, 4.919192880016557]
APTIDAO: 
26.684588468423286
GEN: 8600
Individuo: 
[1.2909783014994072, 2.6161834977346548, 1.0855763587165623, 2.3121648271197963, 1.0899166622644454, 1.2041704884932196, 0.658167618678979, 0.22545178824957435, 0.38417581472685197, 0.3686108532931127, 0.702616460536272, 1.439140046427126, 0.0010465277252517803, 0.26217014037801323, 0.004742421794184974, 0.04929780672316939, 0.6477749966481718, 0.19315508068843684, 0.47633603593051926, 0.2159117833538522, 0.004622019798283911, 0.4485959254604698, 0.5837301164614432, 0.6709250090643326, 0.06011214352570692, 0.8355377399123018, 4.019596115892703, 2.7597212363029966, 0.45656139703990234, 2.142837229177947, 10.0, 2.1650144621714387, 3.860109870048501, 2.120935553394605, 3.8631802819543015, 6.258067439694192, 2.139300848164224, 3.4579059201938547, 1.0295457825095626, 1.0477481467794891, 1.4144480543721283, 2.5915420345048323, 4.815427611533266, 1.2109490722557241, 4.790863965759995, 2.248717502201149, 1.840126199196966, 8.533115623354533, 5.290123511335363, 9.348021355939803, 1.7116232699265366, 4.919192880016557]
APTIDAO: 
26.205719958064453
GEN: 8700
Individuo: 
[1.2909783014994072, 2.6161834977346548, 1.0855763587165623, 2.3121648271197963, 1.0899166622644454, 1.2041704884932196, 0.658167618678979, 0.22545178824957435, 0.38417581472685197, 0.3686108532931127, 0.702616460536272, 1.439140046427126, 0.001003033327626329, 0.26217014037801323, 0.004742421794184974, 0.04929780672316939, 0.6477749966481718, 0.19315508068843684, 0.47633603593051926, 0.2159117833538522, 0.004937934511767107, 0.4485959254604698, 0.5837301164614432, 0.6709250090643326, 0.06011214352570692, 0.8355377399123018, 4.019596115892703, 2.7597212363029966, 0.45656139703990234, 2.142837229177947, 10.0, 2.1650144621714387, 3.860109870048501, 2.120935553394605, 3.8631802819543015, 6.258067439694192, 2.139300848164224, 3.4579059201938547, 1.0869270919560179, 1.0477481467794891, 1.4144480543721283, 2.5915420345048323, 4.815427611533266, 1.2109490722557241, 4.790863965759995, 2.248717502201149, 1.4801269946638647, 8.533115623354533, 5.290123511335363, 9.348021355939803, 1.7116232699265366, 4.919192880016557]
APTIDAO: 
26.20154284038404
GEN: 8800
Individuo: 
[1.2909783014994072, 2.6161834977346548, 1.0855763587165623, 2.5258416578628458, 1.0899166622644454, 1.2041704884932196, 0.658167618678979, 0.22545178824957435, 0.38417581472685197, 0.3686108532931127, 0.702616460536272, 1.439140046427126, 0.0010170271477874901, 0.26217014037801323, 0.004866037384610734, 0.04929780672316939, 0.6477749966481718, 0.19315508068843684, 0.47633603593051926, 0.22164536334624643, 0.00685492471400918, 0.2659208556361124, 0.5837301164614432, 0.6709250090643326, 0.06011214352570692, 0.8355377399123018, 4.019596115892703, 2.7597212363029966, 0.45656139703990234, 2.3743517797211275, 10.0, 2.1650144621714387, 3.860109870048501, 2.120935553394605, 3.8631802819543015, 6.258067439694192, 2.139300848164224, 3.4579059201938547, 0.9598003484204869, 1.0477481467794891, 0.7946041630778337, 2.5915420345048323, 4.815427611533266, 1.2109490722557241, 4.790863965759995, 5.907481372658604, 1.3553255994888298, 10.0, 5.290123511335363, 9.348021355939803, 1.7116232699265366, 4.919192880016557]
APTIDAO: 
27.091293057519437
GEN: 8900
Individuo: 
[1.2909783014994072, 2.6161834977346548, 1.0855763587165623, 2.5258416578628458, 1.0899166622644454, 1.2041704884932196, 0.658167618678979, 0.22545178824957435, 0.38417581472685197, 0.3686108532931127, 0.702616460536272, 1.4512452970144096, 0.0010170271477874901, 0.26217014037801323, 0.005301239369979681, 0.04929780672316939, 0.6477749966481718, 0.19315508068843684, 0.47633603593051926, 0.22164536334624643, 0.0010145009651595248, 0.27200188640632045, 0.5837301164614432, 0.6709250090643326, 0.054249170781577045, 0.8355377399123018, 4.019596115892703, 2.7597212363029966, 0.45656139703990234, 2.3743517797211275, 10.0, 2.1650144621714387, 3.860109870048501, 2.120935553394605, 3.8631802819543015, 6.258067439694192, 2.139300848164224, 4.306737095428102, 0.9598003484204869, 1.0477481467794891, 1.988757376366608, 2.5915420345048323, 4.815427611533266, 1.2109490722557241, 4.790863965759995, 5.907481372658604, 0.8684072061502544, 10.0, 5.290123511335363, 9.348021355939803, 2.524409556626583, 4.919192880016557]
APTIDAO: 
26.47306514024032
GEN: 9000
Individuo: 
[1.2909783014994072, 2.6161834977346548, 1.0855763587165623, 2.5258416578628458, 1.0899166622644454, 1.2041704884932196, 0.658167618678979, 0.22545178824957435, 0.38417581472685197, 0.3686108532931127, 0.702616460536272, 1.4512452970144096, 0.0010170271477874901, 0.26217014037801323, 0.005301239369979681, 0.05007723023567868, 0.6477749966481718, 0.19315508068843684, 0.47633603593051926, 0.22164536334624643, 0.0013014824002980565, 0.27200188640632045, 0.5837301164614432, 0.6709250090643326, 0.054249170781577045, 0.8355377399123018, 4.019596115892703, 2.7597212363029966, 0.45656139703990234, 2.3743517797211275, 10.0, 2.1650144621714387, 3.860109870048501, 2.120935553394605, 3.8631802819543015, 6.258067439694192, 2.139300848164224, 4.306737095428102, 0.9598003484204869, 1.0477481467794891, 1.988757376366608, 1.5123323735333123, 4.815427611533266, 1.2109490722557241, 4.790863965759995, 5.907481372658604, 1.9992261481484475, 10.0, 5.290123511335363, 9.348021355939803, 2.524409556626583, 4.919192880016557]
APTIDAO: 
26.472416028694308
GEN: 9100
Individuo: 
[1.2909783014994072, 2.6161834977346548, 1.0855763587165623, 2.5258416578628458, 1.0899166622644454, 1.2041704884932196, 0.658167618678979, 0.22545178824957435, 0.38417581472685197, 0.3686108532931127, 0.702616460536272, 1.4512452970144096, 0.0010015538944199481, 0.26217014037801323, 0.004670173823247078, 0.05007723023567868, 0.6477749966481718, 0.19315508068843684, 0.47633603593051926, 0.22164536334624643, 0.001076471470134263, 0.27200188640632045, 0.5837301164614432, 0.6709250090643326, 0.054249170781577045, 0.8355377399123018, 4.019596115892703, 2.7597212363029966, 0.45656139703990234, 2.3743517797211275, 10.0, 2.1650144621714387, 3.860109870048501, 2.120935553394605, 3.8631802819543015, 6.258067439694192, 2.139300848164224, 4.306737095428102, 1.0109025223010024, 1.0477481467794891, 1.8391317243056502, 1.5123323735333123, 4.815427611533266, 1.2109490722557241, 4.790863965759995, 5.907481372658604, 0.9693986493972844, 10.0, 5.290123511335363, 9.348021355939803, 2.524409556626583, 4.919192880016557]
APTIDAO: 
26.464086246197493
GEN: 9200
Individuo: 
[1.2909783014994072, 2.6161834977346548, 1.0855763587165623, 2.5258416578628458, 1.0899166622644454, 1.2041704884932196, 0.658167618678979, 0.22545178824957435, 0.38417581472685197, 0.36719792350711616, 0.702616460536272, 1.4512452970144096, 0.0010015538944199481, 0.26217014037801323, 0.004430555178168671, 0.05007723023567868, 0.6477749966481718, 0.19315508068843684, 0.47633603593051926, 0.22164536334624643, 0.0011955496765603075, 0.27200188640632045, 0.5837301164614432, 0.6709250090643326, 0.054249170781577045, 0.8355377399123018, 4.019596115892703, 2.7597212363029966, 0.45656139703990234, 2.3743517797211275, 10.0, 2.1650144621714387, 3.860109870048501, 2.120935553394605, 3.8631802819543015, 10.0, 2.139300848164224, 4.306737095428102, 1.0109025223010024, 1.0477481467794891, 2.0098293740137927, 1.5123323735333123, 4.815427611533266, 1.2109490722557241, 4.790863965759995, 5.907481372658604, 1.0351286436792235, 10.0, 5.290123511335363, 9.348021355939803, 2.524409556626583, 4.919192880016557]
APTIDAO: 
26.452635652047356
GEN: 9300
Individuo: 
[1.2909783014994072, 2.6161834977346548, 1.0855763587165623, 2.5258416578628458, 1.0899166622644454, 1.2041704884932196, 0.658167618678979, 0.22545178824957435, 0.38417581472685197, 0.36719792350711616, 0.702616460536272, 1.4512452970144096, 0.0011376966442100604, 0.26217014037801323, 0.004430555178168671, 0.05007723023567868, 0.6477749966481718, 0.19315508068843684, 0.47633603593051926, 0.22164536334624643, 0.0011955496765603075, 0.27200188640632045, 0.5837301164614432, 0.6709250090643326, 0.054249170781577045, 0.8355377399123018, 4.019596115892703, 2.7597212363029966, 0.45656139703990234, 2.3743517797211275, 10.0, 2.1650144621714387, 3.860109870048501, 2.120935553394605, 3.8631802819543015, 10.0, 2.139300848164224, 4.306737095428102, 0.8381351035055001, 1.0477481467794891, 2.0098293740137927, 1.5123323735333123, 4.815427611533266, 1.2109490722557241, 4.790863965759995, 5.907481372658604, 1.0351286436792235, 10.0, 5.290123511335363, 9.348021355939803, 2.524409556626583, 4.919192880016557]
APTIDAO: 
26.463496559327975
GEN: 9400
Individuo: 
[1.2909783014994072, 2.6161834977346548, 1.0855763587165623, 2.5258416578628458, 1.0899166622644454, 1.2041704884932196, 0.658167618678979, 0.22545178824957435, 0.38417581472685197, 0.36719792350711616, 0.702616460536272, 1.4512452970144096, 0.0010236119575446118, 0.26217014037801323, 0.0042486170362611144, 0.05007723023567868, 0.6477749966481718, 0.19315508068843684, 0.47633603593051926, 0.22164536334624643, 0.001022735623225194, 0.27200188640632045, 0.5837301164614432, 0.6709250090643326, 0.054249170781577045, 0.8355377399123018, 4.019596115892703, 2.7597212363029966, 0.45656139703990234, 2.3743517797211275, 10.0, 2.1650144621714387, 3.860109870048501, 2.120935553394605, 3.8631802819543015, 10.0, 2.139300848164224, 4.306737095428102, 0.744230423643606, 1.0477481467794891, 2.101768494913179, 1.5123323735333123, 4.815427611533266, 1.2109490722557241, 4.790863965759995, 5.907481372658604, 1.0105091907703971, 10.0, 5.290123511335363, 9.348021355939803, 2.524409556626583, 4.919192880016557]
APTIDAO: 
26.453505228304792
GEN: 9500
Individuo: 
[1.2909783014994072, 2.6161834977346548, 1.0855763587165623, 2.5258416578628458, 1.0899166622644454, 1.2041704884932196, 0.658167618678979, 0.22545178824957435, 0.38417581472685197, 0.36719792350711616, 0.702616460536272, 1.4512452970144096, 0.0014530799967575714, 0.26217014037801323, 0.0042486170362611144, 0.05007723023567868, 0.6477749966481718, 0.19315508068843684, 0.47633603593051926, 0.22164536334624643, 0.0013361955102121513, 0.27200188640632045, 0.5837301164614432, 0.6709250090643326, 0.054249170781577045, 0.8355377399123018, 4.019596115892703, 2.7597212363029966, 0.45656139703990234, 2.3743517797211275, 10.0, 2.1650144621714387, 3.860109870048501, 2.120935553394605, 3.8631802819543015, 10.0, 2.139300848164224, 4.306737095428102, 0.9081190106325442, 1.0477481467794891, 2.101768494913179, 1.5123323735333123, 4.815427611533266, 1.2109490722557241, 4.790863965759995, 5.907481372658604, 0.8751798584878416, 10.0, 5.290123511335363, 9.348021355939803, 2.524409556626583, 4.919192880016557]
APTIDAO: 
26.51235975754646
GEN: 9600
Individuo: 
[1.2909783014994072, 2.6161834977346548, 1.0855763587165623, 2.5258416578628458, 1.0899166622644454, 1.2041704884932196, 0.658167618678979, 0.22545178824957435, 0.38417581472685197, 0.36719792350711616, 0.702616460536272, 1.4512452970144096, 0.0010255891138804664, 0.26217014037801323, 0.004779155048778295, 0.05007723023567868, 0.6477749966481718, 0.19315508068843684, 0.47633603593051926, 0.22164536334624643, 0.0015854013418725667, 0.27200188640632045, 0.5837301164614432, 0.6709250090643326, 0.054249170781577045, 0.8355377399123018, 4.019596115892703, 2.7597212363029966, 0.45656139703990234, 2.3743517797211275, 10.0, 2.1650144621714387, 3.860109870048501, 2.120935553394605, 3.8631802819543015, 10.0, 2.139300848164224, 4.306737095428102, 1.5289971649475225, 1.0477481467794891, 2.499636171846506, 1.5123323735333123, 4.815427611533266, 1.2109490722557241, 4.790863965759995, 5.907481372658604, 3.730087289799882, 10.0, 5.290123511335363, 9.348021355939803, 2.524409556626583, 4.919192880016557]
APTIDAO: 
26.461782457382547
GEN: 9700
Individuo: 
[1.2909783014994072, 2.6161834977346548, 1.0855763587165623, 2.5258416578628458, 1.0899166622644454, 1.2041704884932196, 0.658167618678979, 0.22545178824957435, 0.38417581472685197, 0.36719792350711616, 0.702616460536272, 1.4512452970144096, 0.0010255891138804664, 0.26217014037801323, 0.004779155048778295, 0.05049515985563906, 0.6477749966481718, 0.19315508068843684, 0.47633603593051926, 0.22164536334624643, 0.0011245559449481201, 0.27200188640632045, 0.5837301164614432, 0.6709250090643326, 0.054249170781577045, 0.8355377399123018, 4.019596115892703, 2.7597212363029966, 0.45656139703990234, 2.3743517797211275, 10.0, 2.1650144621714387, 3.860109870048501, 2.120935553394605, 3.8631802819543015, 10.0, 2.139300848164224, 4.306737095428102, 1.5289971649475225, 1.0477481467794891, 2.499636171846506, 1.1831124459259932, 4.815427611533266, 1.2109490722557241, 4.790863965759995, 5.907481372658604, 2.1032056457163835, 10.0, 5.290123511335363, 9.348021355939803, 2.524409556626583, 4.919192880016557]
APTIDAO: 
26.458735725363823
GEN: 9800
Individuo: 
[1.2909783014994072, 2.6161834977346548, 1.0855763587165623, 2.5258416578628458, 1.0899166622644454, 1.2041704884932196, 0.658167618678979, 0.22545178824957435, 0.38417581472685197, 0.36719792350711616, 0.702616460536272, 1.4512452970144096, 0.0010255891138804664, 0.26217014037801323, 0.00454686710775371, 0.05049515985563906, 0.6477749966481718, 0.19315508068843684, 0.47633603593051926, 0.22164536334624643, 0.0012417931265973662, 0.27200188640632045, 0.5837301164614432, 0.6709250090643326, 0.054249170781577045, 0.8355377399123018, 4.019596115892703, 2.7597212363029966, 0.45656139703990234, 2.3743517797211275, 10.0, 2.1650144621714387, 3.860109870048501, 2.120935553394605, 3.8631802819543015, 10.0, 2.139300848164224, 4.306737095428102, 1.5289971649475225, 1.0477481467794891, 3.675558000353403, 1.1831124459259932, 4.815427611533266, 1.2109490722557241, 4.790863965759995, 5.907481372658604, 1.314067363029499, 10.0, 5.290123511335363, 9.348021355939803, 2.524409556626583, 4.919192880016557]
APTIDAO: 
26.455661774419116
GEN: 9900
Individuo: 
[1.2909783014994072, 2.6161834977346548, 1.0855763587165623, 2.5258416578628458, 1.0899166622644454, 1.2041704884932196, 0.658167618678979, 0.22545178824957435, 0.38417581472685197, 0.36719792350711616, 0.702616460536272, 1.4512452970144096, 0.0010255891138804664, 0.26217014037801323, 0.00454686710775371, 0.05007628357929654, 0.6477749966481718, 0.19315508068843684, 0.47633603593051926, 0.22164536334624643, 0.0012199318612413888, 0.27200188640632045, 0.5837301164614432, 0.6709250090643326, 0.054249170781577045, 0.8355377399123018, 4.019596115892703, 2.7597212363029966, 0.45656139703990234, 2.3743517797211275, 10.0, 2.1650144621714387, 3.860109870048501, 2.120935553394605, 3.8631802819543015, 10.0, 2.139300848164224, 4.306737095428102, 1.5289971649475225, 1.0477481467794891, 3.675558000353403, 1.0882578373519824, 4.815427611533266, 1.2109490722557241, 4.790863965759995, 5.907481372658604, 2.100922968434882, 10.0, 5.290123511335363, 9.348021355939803, 2.524409556626583, 4.919192880016557]
APTIDAO: 
26.45514908587939
GEN: 10000
Individuo: 
[1.2909783014994072, 2.330524407487824, 1.0855763587165623, 2.5258416578628458, 1.0899166622644454, 1.2041704884932196, 0.658167618678979, 0.22545178824957435, 0.38417581472685197, 0.3533541711902632, 0.702616460536272, 1.4512452970144096, 0.0017142102519448106, 0.26217014037801323, 0.00454686710775371, 0.05007628357929654, 0.6477749966481718, 0.19315508068843684, 0.47633603593051926, 0.22164536334624643, 0.011628897017221475, 0.8275371699384731, 0.5837301164614432, 0.6709250090643326, 0.054249170781577045, 0.8355377399123018, 4.019596115892703, 1.9611222923004923, 0.45656139703990234, 2.3743517797211275, 10.0, 2.1650144621714387, 3.860109870048501, 2.120935553394605, 3.8631802819543015, 7.229457190468129, 2.139300848164224, 4.306737095428102, 1.8675312515577025, 1.0477481467794891, 3.675558000353403, 1.0882578373519824, 4.815427611533266, 1.2109490722557241, 4.790863965759995, 5.907481372658604, 3.410947527019107, 10.0, 5.290123511335363, 9.348021355939803, 2.524409556626583, 4.919192880016557]
APTIDAO: 
26.106935481918875

--- RESULTADO FINAL ---
Erro (norma-1): 26.106935481918875
Parâmetros: [1.2909783014994072, 2.330524407487824, 1.0855763587165623, 2.5258416578628458, 1.0899166622644454, 1.2041704884932196, 0.658167618678979, 0.22545178824957435, 0.38417581472685197, 0.3533541711902632, 0.702616460536272, 1.4512452970144096, 0.0017142102519448106, 0.26217014037801323, 0.00454686710775371, 0.05007628357929654, 0.6477749966481718, 0.19315508068843684, 0.47633603593051926, 0.22164536334624643, 0.011628897017221475, 0.8275371699384731, 0.5837301164614432, 0.6709250090643326, 0.054249170781577045, 0.8355377399123018]
Tempo total: 04h 51m 16s
