SEED: 1778837425
BOUNDS: tau=[0.1, 5.0]  v2=[0.01, 1.5]  J=[0.001, 0.99]
GEN: 0
Individuo: 
[0.14470167062338424, 1.310847193077442, 1.44172255617477, 4.8493910239521645, 2.4782826494533277, 0.7196994196432364, 0.4608936674707628, 0.6110943271458171, 0.4270891599755808, 0.09584224361064875, 0.947184776000394, 0.7755657493333813, 0.03136032193962534, 0.7806014277704301, 0.4083712168730954, 0.7002086895640506, 0.6936193508766473, 0.1548566048179057, 0.3859526498309772, 0.5723917116262108, 0.3607344659938402, 0.9235414366121762, 0.42331704363977785, 0.8952740793375344, 0.4405109600681267, 0.38657109932346007, 4.8150720631640915, 7.391044870510942, 4.922091577440519, 2.738902096690233, 9.039740108233788, 6.973272304095867, 8.83866263304591, 8.075976037453263, 1.1153600844521447, 0.4992300416301836, 7.419652825837049, 8.102118516503547, 1.6221340439037413, 0.43327675113085096, 4.46356552021389, 7.237934423315015, 9.828485673265696, 4.694171104471901, 2.9509723297026276, 8.973636951382408, 2.1352418218574187, 8.085803306574627, 8.374385599241895, 4.949608278669883, 4.510056248395466, 4.812334390568586]
APTIDAO: 
111.00440755993306
GEN: 100
Individuo: 
[0.4237550541403715, 1.310847193077442, 1.44172255617477, 4.8493910239521645, 2.4701501853617915, 1.0034570076852094, 0.4608936674707628, 0.6110943271458171, 0.2446905209498744, 0.09584224361064875, 0.947184776000394, 0.8996193180385403, 0.003626352198243951, 0.29903254663318507, 0.4083712168730954, 0.46561696370288225, 0.2610504926472481, 0.1548566048179057, 0.3770663626937856, 0.3159718375929236, 0.3191219498714218, 0.5802549184147255, 0.5533900932125572, 0.8952740793375344, 0.4405109600681267, 0.9570233652423035, 7.616081040147658, 7.391044870510942, 4.922091577440519, 2.738902096690233, 3.0497742061866546, 4.603963155568612, 8.83866263304591, 8.075976037453263, 1.2846622869108302, 0.4992300416301836, 7.419652825837049, 5.2763712170452175, 3.393311151126917, 0.30521205797087453, 4.46356552021389, 5.2924121938010735, 7.8687080055715555, 4.694171104471901, 2.464375215208299, 8.449210518101546, 1.5420622450311265, 10.0, 8.560623160130591, 4.949608278669883, 4.510056248395466, 3.351741760950512]
APTIDAO: 
52.92267311496842
GEN: 200
Individuo: 
[0.4237550541403715, 1.310847193077442, 1.44172255617477, 4.61017483309765, 2.4701501853617915, 1.0034570076852094, 0.41256271177728654, 0.6110943271458171, 0.2446905209498744, 0.026076747628797, 0.9004301677321959, 1.2313501719628386, 0.004067280359015494, 0.17174898742170108, 0.4083712168730954, 0.18995209499436005, 0.026171920024554943, 0.1548566048179057, 0.465749596197794, 0.3159718375929236, 0.7936933966557769, 0.3280112135856778, 0.5533900932125572, 0.8952740793375344, 0.31894271992150924, 0.9570233652423035, 7.616081040147658, 7.391044870510942, 4.922091577440519, 2.745418009402229, 3.0497742061866546, 4.603963155568612, 10.0, 8.075976037453263, 1.2846622869108302, 0.656699435607675, 6.683427125926762, 2.230391725767305, 2.903340736327892, 0.5282578559560441, 4.46356552021389, 4.411054367548662, 9.83046691846805, 4.694171104471901, 1.8967071631564703, 8.449210518101546, 1.3925477804813107, 8.413155540344233, 8.560623160130591, 4.949608278669883, 5.614874293567469, 3.351741760950512]
APTIDAO: 
43.778912281892445
GEN: 300
Individuo: 
[0.4237550541403715, 1.310847193077442, 1.44172255617477, 4.483926951332846, 2.45763806272654, 1.0034570076852094, 0.41256271177728654, 0.6110943271458171, 0.2446905209498744, 0.025446806025396604, 0.9004301677321959, 0.6725741713026436, 0.008133420530293839, 0.17174898742170108, 0.5310563263949919, 0.3673145774686603, 0.026171920024554943, 0.13683461234854916, 0.7344575806850046, 0.3159718375929236, 0.8864156198365487, 0.589080584387616, 0.5533900932125572, 0.8952740793375344, 0.31894271992150924, 0.5262549058399424, 7.616081040147658, 7.391044870510942, 4.922091577440519, 5.198021613945272, 2.72702014392106, 4.603963155568612, 10.0, 8.075976037453263, 1.2846622869108302, 0.47229750115487107, 6.683427125926762, 1.744277899482798, 2.9487881171555124, 0.5282578559560441, 5.817406228371748, 4.424759028485935, 9.83046691846805, 5.435817487955896, 1.3804316768818063, 8.449210518101546, 1.5744669927481532, 7.818395356069817, 8.560623160130591, 4.949608278669883, 5.614874293567469, 5.553588350295787]
APTIDAO: 
41.29142909572512
GEN: 400
Individuo: 
[0.4237550541403715, 1.310847193077442, 1.44172255617477, 4.483926951332846, 2.45763806272654, 1.0034570076852094, 0.41129909583409857, 0.6110943271458171, 0.2446905209498744, 0.022627714606813943, 0.9004301677321959, 0.6725741713026436, 0.008694982155860898, 0.17174898742170108, 0.5310563263949919, 0.3673145774686603, 0.026171920024554943, 0.13683461234854916, 0.7344575806850046, 0.3159718375929236, 0.7906291144731044, 0.769208805988624, 0.5533900932125572, 0.8952740793375344, 0.31894271992150924, 0.5262549058399424, 7.616081040147658, 7.391044870510942, 4.922091577440519, 5.198021613945272, 2.72702014392106, 4.603963155568612, 8.487035218411238, 8.075976037453263, 1.2846622869108302, 0.336280283429433, 6.683427125926762, 1.744277899482798, 3.5963310105071935, 0.5282578559560441, 5.817406228371748, 4.424759028485935, 9.83046691846805, 5.435817487955896, 1.3804316768818063, 8.449210518101546, 1.5265124082200374, 6.727375242654309, 8.560623160130591, 4.949608278669883, 5.614874293567469, 5.553588350295787]
APTIDAO: 
41.24501472352925
GEN: 500
Individuo: 
[0.4237550541403715, 1.310847193077442, 1.44172255617477, 4.483926951332846, 2.45763806272654, 1.0034570076852094, 0.411599975014283, 0.6110943271458171, 0.2446905209498744, 0.022627714606813943, 0.9004301677321959, 0.6725741713026436, 0.008694982155860898, 0.17174898742170108, 0.5310563263949919, 0.3673145774686603, 0.026171920024554943, 0.13683461234854916, 0.7344575806850046, 0.3159718375929236, 0.985068253442183, 0.769208805988624, 0.5533900932125572, 0.8952740793375344, 0.31894271992150924, 0.5307578267145914, 7.616081040147658, 7.391044870510942, 4.922091577440519, 5.198021613945272, 2.72702014392106, 4.603963155568612, 6.297403517430328, 8.075976037453263, 1.2846622869108302, 0.336280283429433, 6.683427125926762, 1.744277899482798, 3.5963310105071935, 0.5282578559560441, 5.817406228371748, 4.424759028485935, 9.83046691846805, 5.435817487955896, 1.3804316768818063, 8.449210518101546, 1.9107001567484738, 6.727375242654309, 8.560623160130591, 4.949608278669883, 5.614874293567469, 5.760415375382561]
APTIDAO: 
41.208949954626476
GEN: 600
Individuo: 
[0.4237550541403715, 1.310847193077442, 1.44172255617477, 4.483926951332846, 2.45763806272654, 1.0034570076852094, 0.411599975014283, 0.6244793119713916, 0.2446905209498744, 0.022627714606813943, 0.9004301677321959, 0.6725741713026436, 0.008694982155860898, 0.18072297296554982, 0.5310563263949919, 0.3673145774686603, 0.028143996464461696, 0.13683461234854916, 0.7344575806850046, 0.3159718375929236, 0.7520796803970033, 0.491847810511306, 0.5533900932125572, 0.8952740793375344, 0.31894271992150924, 0.5307578267145914, 7.616081040147658, 7.391044870510942, 4.922091577440519, 5.198021613945272, 2.72702014392106, 4.603963155568612, 6.297403517430328, 10.0, 1.2846622869108302, 0.336280283429433, 6.683427125926762, 1.744277899482798, 3.5963310105071935, 0.7373698828377584, 5.817406228371748, 4.424759028485935, 7.602094763718718, 5.435817487955896, 1.3804316768818063, 8.449210518101546, 3.528486784360516, 4.410725855017345, 8.560623160130591, 4.949608278669883, 5.614874293567469, 5.760415375382561]
APTIDAO: 
41.02767739524099
GEN: 700
Individuo: 
[0.4237550541403715, 1.310847193077442, 1.44172255617477, 4.483926951332846, 2.45763806272654, 1.0034570076852094, 0.411599975014283, 0.6244793119713916, 0.2582750736366761, 0.015746168254886766, 0.9004301677321959, 0.6725741713026436, 0.008694982155860898, 0.18072297296554982, 0.5048749080104775, 0.3673145774686603, 0.028143996464461696, 0.1396533438265531, 0.7344575806850046, 0.3159718375929236, 0.4666139544825202, 0.03048347552174802, 0.5826606279850817, 0.8952740793375344, 0.25213584761355284, 0.5307578267145914, 7.616081040147658, 7.391044870510942, 4.922091577440519, 5.198021613945272, 2.72702014392106, 4.603963155568612, 6.297403517430328, 10.0, 1.009804114572569, 1.2281227652731517, 6.683427125926762, 1.744277899482798, 3.5963310105071935, 0.7373698828377584, 5.746672535848467, 4.424759028485935, 7.602094763718718, 9.653218516098617, 1.3804316768818063, 8.449210518101546, 3.3539211284109984, 2.534922265682357, 6.127261386574079, 4.949608278669883, 8.1441225764637, 5.760415375382561]
APTIDAO: 
40.809327351281254
GEN: 800
Individuo: 
[0.4237550541403715, 1.310847193077442, 1.44172255617477, 4.483926951332846, 2.45763806272654, 1.0034570076852094, 0.411599975014283, 0.6244793119713916, 0.2582750736366761, 0.017649467012467467, 0.9004301677321959, 0.6725741713026436, 0.008694982155860898, 0.18072297296554982, 0.5048749080104775, 0.3673145774686603, 0.028143996464461696, 0.1396533438265531, 0.7344575806850046, 0.3159718375929236, 0.5188544933798926, 0.0717880695751102, 0.5826606279850817, 0.8952740793375344, 0.2505425856770871, 0.5307578267145914, 7.616081040147658, 7.391044870510942, 4.922091577440519, 5.198021613945272, 2.72702014392106, 4.603963155568612, 6.297403517430328, 10.0, 1.009804114572569, 2.208326950081655, 6.683427125926762, 1.744277899482798, 3.5963310105071935, 0.7373698828377584, 5.746672535848467, 4.424759028485935, 7.602094763718718, 9.653218516098617, 1.3804316768818063, 8.449210518101546, 3.0888937189851005, 1.560615850105228, 6.127261386574079, 4.949608278669883, 6.327696704561537, 5.760415375382561]
APTIDAO: 
40.786081932151966
GEN: 900
Individuo: 
[0.4237550541403715, 1.310847193077442, 1.44172255617477, 4.483926951332846, 2.45763806272654, 1.0034570076852094, 0.411599975014283, 0.6244793119713916, 0.2582750736366761, 0.017649467012467467, 0.9004301677321959, 0.6725741713026436, 0.009119014238805442, 0.18072297296554982, 0.5048749080104775, 0.35302470779488826, 0.028143996464461696, 0.1396533438265531, 0.7344575806850046, 0.3179184378521919, 0.4376309924266837, 0.09263655875363466, 0.5826606279850817, 0.8952740793375344, 0.2505425856770871, 0.5307578267145914, 7.616081040147658, 7.391044870510942, 4.922091577440519, 5.198021613945272, 2.72702014392106, 4.603963155568612, 6.297403517430328, 10.0, 1.009804114572569, 2.208326950081655, 6.683427125926762, 1.744277899482798, 2.388178074051664, 0.7373698828377584, 5.746672535848467, 5.788107894902898, 7.602094763718718, 9.653218516098617, 1.3804316768818063, 7.566640777962884, 3.1233015088921023, 2.2302503741693194, 6.127261386574079, 4.949608278669883, 6.327696704561537, 5.760415375382561]
APTIDAO: 
40.7075657730029
GEN: 1000
Individuo: 
[0.4237550541403715, 1.310847193077442, 1.44172255617477, 4.483926951332846, 2.453034138237632, 1.0034570076852094, 0.411599975014283, 0.6244793119713916, 0.2582750736366761, 0.017649467012467467, 0.9004301677321959, 0.6725741713026436, 0.009119014238805442, 0.18072297296554982, 0.5048749080104775, 0.35302470779488826, 0.028143996464461696, 0.1396533438265531, 0.7344575806850046, 0.3179184378521919, 0.41030834326420756, 0.22914247281383351, 0.5826606279850817, 0.8952740793375344, 0.2505425856770871, 0.5307578267145914, 7.616081040147658, 7.391044870510942, 4.922091577440519, 5.198021613945272, 1.2691468301240347, 4.603963155568612, 6.297403517430328, 10.0, 1.009804114572569, 2.208326950081655, 6.683427125926762, 1.744277899482798, 2.388178074051664, 0.7373698828377584, 5.746672535848467, 5.788107894902898, 7.602094763718718, 9.653218516098617, 1.3804316768818063, 7.566640777962884, 2.009100433692895, 4.268818108841254, 6.127261386574079, 4.949608278669883, 6.327696704561537, 5.760415375382561]
APTIDAO: 
40.67753658594391
GEN: 1100
Individuo: 
[0.4237550541403715, 1.310847193077442, 1.44172255617477, 4.483926951332846, 2.453034138237632, 1.0034570076852094, 0.411599975014283, 0.6244793119713916, 0.2582750736366761, 0.01856542823635541, 0.9004301677321959, 0.6725741713026436, 0.009894973688347084, 0.18072297296554982, 0.5048749080104775, 0.35302470779488826, 0.028143996464461696, 0.1396533438265531, 0.7344575806850046, 0.3179184378521919, 0.28875214405968197, 0.051946186481619555, 0.5826606279850817, 0.8952740793375344, 0.2505425856770871, 0.5307578267145914, 7.616081040147658, 7.391044870510942, 4.922091577440519, 5.198021613945272, 1.2691468301240347, 4.603963155568612, 6.297403517430328, 10.0, 1.009804114572569, 1.3844167961354819, 6.683427125926762, 1.744277899482798, 1.5148590743417232, 0.7373698828377584, 5.746672535848467, 5.788107894902898, 7.602094763718718, 9.653218516098617, 1.3804316768818063, 7.566640777962884, 3.2458344558749013, 5.663350388979483, 6.127261386574079, 4.949608278669883, 6.327696704561537, 5.760415375382561]
APTIDAO: 
40.65850398394232
GEN: 1200
Individuo: 
[0.4237550541403715, 1.310847193077442, 1.44172255617477, 4.483926951332846, 2.453034138237632, 1.0034570076852094, 0.411599975014283, 0.6244793119713916, 0.2582750736366761, 0.027776373521926356, 0.9004301677321959, 0.6725741713026436, 0.009894973688347084, 0.1821476143459968, 0.5048749080104775, 0.35302470779488826, 0.028143996464461696, 0.1396533438265531, 0.7344575806850046, 0.3179184378521919, 0.3410962567195864, 0.9644239832465549, 0.5826606279850817, 0.8952740793375344, 0.2505425856770871, 0.5307578267145914, 7.616081040147658, 7.391044870510942, 4.922091577440519, 5.198021613945272, 1.2691468301240347, 4.603963155568612, 6.297403517430328, 10.0, 1.009804114572569, 2.3703442539526205, 6.683427125926762, 1.744277899482798, 1.5148590743417232, 1.3166589359351413, 5.746672535848467, 5.788107894902898, 7.602094763718718, 9.653218516098617, 1.3804316768818063, 7.566640777962884, 1.3357093806299634, 5.23753661392895, 6.127261386574079, 4.949608278669883, 6.327696704561537, 5.760415375382561]
APTIDAO: 
40.63109651797857
GEN: 1300
Individuo: 
[0.4237550541403715, 1.310847193077442, 1.44172255617477, 4.483926951332846, 2.453034138237632, 1.0034570076852094, 0.411599975014283, 0.6244793119713916, 0.2582750736366761, 0.027776373521926356, 0.8991267404480625, 0.6725741713026436, 0.009929378449802127, 0.1821476143459968, 0.5048749080104775, 0.35302470779488826, 0.028143996464461696, 0.1396533438265531, 0.7344575806850046, 0.3179184378521919, 0.3410962567195864, 0.7042251403651832, 0.5826606279850817, 0.8952740793375344, 0.2505425856770871, 0.5307578267145914, 7.616081040147658, 7.391044870510942, 4.922091577440519, 5.198021613945272, 1.2691468301240347, 4.603963155568612, 6.297403517430328, 10.0, 1.009804114572569, 2.3703442539526205, 5.159155244148848, 1.744277899482798, 1.0471781527573427, 1.3166589359351413, 5.746672535848467, 5.788107894902898, 7.602094763718718, 9.653218516098617, 1.3804316768818063, 7.566640777962884, 1.3357093806299634, 3.238792470737567, 6.127261386574079, 4.949608278669883, 6.327696704561537, 5.760415375382561]
APTIDAO: 
40.61553237922258
GEN: 1400
Individuo: 
[0.4289109647907505, 1.310847193077442, 1.44172255617477, 4.483926951332846, 2.453034138237632, 1.0034570076852094, 0.411599975014283, 0.6244793119713916, 0.2582750736366761, 0.025272113397967724, 0.8991267404480625, 0.6725741713026436, 0.009929378449802127, 0.1821476143459968, 0.5048749080104775, 0.35252911727323166, 0.028143996464461696, 0.1396533438265531, 0.7344575806850046, 0.3240872477519244, 0.3410962567195864, 0.24304655507665934, 0.5826606279850817, 0.8952740793375344, 0.2505425856770871, 0.5307578267145914, 4.725813510389139, 7.391044870510942, 4.922091577440519, 5.198021613945272, 1.2691468301240347, 4.603963155568612, 6.297403517430328, 10.0, 1.009804114572569, 3.6509557272619064, 5.159155244148848, 1.744277899482798, 1.0471781527573427, 1.3166589359351413, 5.746672535848467, 4.059219199086574, 7.602094763718718, 9.653218516098617, 1.3804316768818063, 4.651258910359926, 1.3357093806299634, 1.2610197528367746, 6.127261386574079, 4.949608278669883, 6.327696704561537, 5.760415375382561]
APTIDAO: 
40.5596297251752
GEN: 1500
Individuo: 
[0.4289109647907505, 1.310847193077442, 1.44172255617477, 4.483926951332846, 2.453034138237632, 1.0034570076852094, 0.411599975014283, 0.6244793119713916, 0.2582750736366761, 0.06681270977000323, 0.8991267404480625, 0.6725741713026436, 0.009929378449802127, 0.1821476143459968, 0.5048749080104775, 0.35252911727323166, 0.028143996464461696, 0.1396533438265531, 0.7344575806850046, 0.15858236611145604, 0.17743462346379818, 0.14185199882430596, 0.514642514516765, 0.8952740793375344, 0.2505425856770871, 0.5307578267145914, 4.725813510389139, 7.391044870510942, 4.922091577440519, 5.198021613945272, 1.2691468301240347, 4.603963155568612, 6.297403517430328, 10.0, 1.009804114572569, 2.6906145893906217, 5.159155244148848, 1.744277899482798, 1.0471781527573427, 1.3166589359351413, 5.746672535848467, 4.059219199086574, 7.602094763718718, 9.653218516098617, 1.3804316768818063, 4.403470488240604, 1.325469767857243, 1.3573605353055311, 7.704517851818095, 4.949608278669883, 6.327696704561537, 5.760415375382561]
APTIDAO: 
40.11514978859561
GEN: 1600
Individuo: 
[0.4289109647907505, 1.310847193077442, 2.022930280841345, 3.750344216742161, 2.453034138237632, 1.0034570076852094, 0.3798797983330244, 0.6142194261568172, 0.2582750736366761, 0.01968413929679212, 0.8991267404480625, 0.6725741713026436, 0.018435894962865785, 0.1821476143459968, 0.5048749080104775, 0.35252911727323166, 0.028143996464461696, 0.1396533438265531, 0.7344575806850046, 0.15858236611145604, 0.20344093080092363, 0.086200192410118, 0.514642514516765, 0.8952740793375344, 0.2505425856770871, 0.5312033149032533, 4.725813510389139, 7.391044870510942, 4.565601099149189, 4.069297945155317, 1.2691468301240347, 4.603963155568612, 5.68478676004768, 10.0, 1.009804114572569, 1.159126546623207, 5.159155244148848, 1.744277899482798, 2.6327726277851817, 1.3166589359351413, 5.746672535848467, 4.059219199086574, 7.602094763718718, 9.653218516098617, 1.3804316768818063, 4.403470488240604, 2.294538285306586, 1.357966268008831, 7.704517851818095, 4.949608278669883, 6.327696704561537, 8.454346902779477]
APTIDAO: 
39.30437830816938
GEN: 1700
Individuo: 
[0.4772965990100377, 1.310847193077442, 1.9602558543735922, 3.750344216742161, 2.453034138237632, 1.0034570076852094, 0.3798797983330244, 0.6142194261568172, 0.24452034249903257, 0.03540121669245448, 0.8991267404480625, 0.6757522499141911, 0.018435894962865785, 0.1821476143459968, 0.5048749080104775, 0.26679478420582553, 0.03743892090934789, 0.1396533438265531, 0.7269660928893796, 0.15858236611145604, 0.6346837259392811, 0.007997078978085806, 0.49616772354634714, 0.8952740793375344, 0.2505425856770871, 0.5312033149032533, 3.3668169783676833, 7.391044870510942, 3.8306096630680044, 4.069297945155317, 1.2691468301240347, 4.603963155568612, 5.68478676004768, 10.0, 1.1347484489974713, 1.8557516469694513, 5.159155244148848, 1.0128764674011614, 2.6327726277851817, 1.3166589359351413, 5.746672535848467, 4.575414665424473, 4.400350534571938, 9.653218516098617, 1.3516907065308867, 4.403470488240604, 1.2072514753022674, 0.7417767158051587, 4.947746240328353, 4.949608278669883, 6.327696704561537, 8.454346902779477]
APTIDAO: 
37.800444948097606
GEN: 1800
Individuo: 
[0.4772965990100377, 1.310847193077442, 1.9602558543735922, 3.750344216742161, 2.453034138237632, 1.0034570076852094, 0.3798797983330244, 0.6142194261568172, 0.24452034249903257, 0.04045686081565021, 0.8991267404480625, 0.6757522499141911, 0.018435894962865785, 0.1821476143459968, 0.4901539235116125, 0.2920466121609977, 0.03743892090934789, 0.1396533438265531, 0.7269660928893796, 0.15858236611145604, 0.6389033578881879, 0.0020202437658910608, 0.49616772354634714, 0.8952740793375344, 0.2505425856770871, 0.5312033149032533, 3.3668169783676833, 7.391044870510942, 3.8306096630680044, 4.069297945155317, 1.2691468301240347, 4.603963155568612, 5.68478676004768, 10.0, 1.1347484489974713, 2.836183566520742, 5.159155244148848, 1.0128764674011614, 2.6327726277851817, 1.3166589359351413, 5.6665628205838825, 4.278550265724862, 4.400350534571938, 9.653218516098617, 1.3516907065308867, 4.403470488240604, 1.6822650476913759, 1.238004345870205, 4.947746240328353, 4.949608278669883, 6.327696704561537, 8.454346902779477]
APTIDAO: 
37.42936507993165
GEN: 1900
Individuo: 
[0.8681972488038725, 1.310847193077442, 1.9602558543735922, 3.750344216742161, 2.453034138237632, 1.0034570076852094, 0.3798797983330244, 0.6142194261568172, 0.24452034249903257, 0.116181709201708, 0.8991267404480625, 0.44984958492109894, 0.018000286710695996, 0.1821476143459968, 0.4901539235116125, 0.2920466121609977, 0.03743892090934789, 0.1396533438265531, 0.7269660928893796, 0.19214933219759886, 0.441098496676946, 0.0016164315271945061, 0.49616772354634714, 0.8952740793375344, 0.2505425856770871, 0.5312033149032533, 2.462884264912725, 7.391044870510942, 3.8306096630680044, 4.069297945155317, 1.2691468301240347, 4.603963155568612, 5.68478676004768, 10.0, 1.1347484489974713, 2.3358167641949668, 5.159155244148848, 1.1335577862310837, 1.851120579254159, 1.3166589359351413, 5.6665628205838825, 4.278550265724862, 4.400350534571938, 9.653218516098617, 1.3516907065308867, 2.6968582660807336, 1.6001558916215584, 1.820506700958176, 4.947746240328353, 4.949608278669883, 6.327696704561537, 8.454346902779477]
APTIDAO: 
33.70602289391217
GEN: 2000
Individuo: 
[0.8681972488038725, 1.310847193077442, 1.9602558543735922, 3.6632238507802497, 2.453034138237632, 1.0034570076852094, 0.3798797983330244, 0.6142194261568172, 0.24452034249903257, 0.116181709201708, 0.8991267404480625, 0.4605344536708141, 0.018000286710695996, 0.1678147860822606, 0.5276770450411068, 0.2920466121609977, 0.028933429890339098, 0.1396533438265531, 0.7060338603971684, 0.1792502393447104, 0.36280255007935186, 0.0016164315271945061, 0.49616772354634714, 0.9032047901442267, 0.2505425856770871, 0.5312033149032533, 2.462884264912725, 7.391044870510942, 3.8306096630680044, 4.254379210268413, 1.2691468301240347, 4.603963155568612, 5.68478676004768, 10.0, 1.1347484489974713, 2.3358167641949668, 5.159155244148848, 1.403148377852844, 1.851120579254159, 1.706419170585149, 4.732492490538042, 4.278550265724862, 5.197417398323551, 9.653218516098617, 0.6269159524662512, 3.0057718802971003, 1.3003470717573549, 1.820506700958176, 4.947746240328353, 5.524891395474602, 6.327696704561537, 8.454346902779477]
APTIDAO: 
33.24004791719003
GEN: 2100
Individuo: 
[0.8681972488038725, 1.310847193077442, 1.9602558543735922, 3.8235042858665897, 2.295681033823132, 1.0034570076852094, 0.3798797983330244, 0.6142194261568172, 0.2541390384752795, 0.116181709201708, 0.8991267404480625, 0.4605344536708141, 0.012610927655392288, 0.1678147860822606, 0.5276770450411068, 0.30414996905326147, 0.03463186505763271, 0.1396533438265531, 0.7060338603971684, 0.15902452794925254, 0.36280255007935186, 0.014146610882434067, 0.49616772354634714, 0.9032047901442267, 0.2505425856770871, 0.5549777664501181, 2.462884264912725, 7.391044870510942, 3.8306096630680044, 2.7065620283121334, 1.1166068576392785, 4.603963155568612, 5.68478676004768, 10.0, 2.4679884361967663, 2.3358167641949668, 5.159155244148848, 1.403148377852844, 1.2856023483807384, 1.706419170585149, 4.732492490538042, 4.264483304361723, 4.2250538084501885, 9.653218516098617, 0.6269159524662512, 2.9829558945769583, 1.3003470717573549, 1.5001722035409064, 4.947746240328353, 5.524891395474602, 6.327696704561537, 6.857743817174477]
APTIDAO: 
32.66950988024928
GEN: 2200
Individuo: 
[0.8681972488038725, 1.310847193077442, 1.9602558543735922, 3.8235042858665897, 2.295681033823132, 1.0034570076852094, 0.3798797983330244, 0.6142194261568172, 0.2541390384752795, 0.116181709201708, 0.8991267404480625, 0.4605344536708141, 0.012610927655392288, 0.16645847127199687, 0.5276770450411068, 0.30414996905326147, 0.03259981783461226, 0.1396533438265531, 0.7060338603971684, 0.15902452794925254, 0.36280255007935186, 0.014146610882434067, 0.49616772354634714, 0.9032047901442267, 0.2505425856770871, 0.5549777664501181, 2.462884264912725, 7.391044870510942, 3.8306096630680044, 2.7065620283121334, 1.1166068576392785, 4.603963155568612, 5.68478676004768, 10.0, 2.4679884361967663, 2.3358167641949668, 5.159155244148848, 1.403148377852844, 1.2856023483807384, 1.6713593331859384, 4.732492490538042, 4.264483304361723, 2.7997023157989283, 9.653218516098617, 0.6269159524662512, 2.9829558945769583, 1.3003470717573549, 1.5001722035409064, 4.947746240328353, 5.524891395474602, 6.327696704561537, 6.857743817174477]
APTIDAO: 
32.656222849453414
GEN: 2300
Individuo: 
[0.8681972488038725, 1.310847193077442, 1.9602558543735922, 3.8235042858665897, 2.295681033823132, 1.0034570076852094, 0.3798797983330244, 0.6142194261568172, 0.2541390384752795, 0.116181709201708, 0.8991267404480625, 0.4605344536708141, 0.012610927655392288, 0.16645847127199687, 0.5276770450411068, 0.30414996905326147, 0.03259981783461226, 0.1396533438265531, 0.7056089804729901, 0.15902452794925254, 0.38872517734241024, 0.025465471331362836, 0.49616772354634714, 0.9032047901442267, 0.2505425856770871, 0.5549777664501181, 2.462884264912725, 7.391044870510942, 3.8306096630680044, 2.7065620283121334, 1.1166068576392785, 4.603963155568612, 5.68478676004768, 10.0, 2.4679884361967663, 2.3358167641949668, 5.159155244148848, 1.403148377852844, 1.2856023483807384, 1.6713593331859384, 4.732492490538042, 4.264483304361723, 2.7997023157989283, 9.653218516098617, 0.8238173222443238, 2.9829558945769583, 2.032423769942905, 2.117686393360651, 4.947746240328353, 5.524891395474602, 6.327696704561537, 6.857743817174477]
APTIDAO: 
32.5823072312014
GEN: 2400
Individuo: 
[0.8681972488038725, 1.310847193077442, 1.9602558543735922, 3.8235042858665897, 2.295681033823132, 1.0034570076852094, 0.3798797983330244, 0.6142194261568172, 0.2541390384752795, 0.116181709201708, 0.8991267404480625, 0.4605344536708141, 0.012610927655392288, 0.16645847127199687, 0.5276770450411068, 0.30414996905326147, 0.03259981783461226, 0.1396533438265531, 0.7056089804729901, 0.15902452794925254, 0.4007618024304463, 0.025465471331362836, 0.49616772354634714, 0.9032047901442267, 0.2505425856770871, 0.5549777664501181, 2.462884264912725, 7.391044870510942, 3.8306096630680044, 2.7065620283121334, 1.1166068576392785, 4.603963155568612, 5.68478676004768, 10.0, 2.4679884361967663, 2.3358167641949668, 5.159155244148848, 1.403148377852844, 1.2856023483807384, 1.6713593331859384, 4.732492490538042, 4.264483304361723, 2.7997023157989283, 9.653218516098617, 0.8238173222443238, 2.9829558945769583, 2.0341849558169627, 2.117686393360651, 4.947746240328353, 5.524891395474602, 6.327696704561537, 6.857743817174477]
APTIDAO: 
32.577916217811264
GEN: 2500
Individuo: 
[0.8681972488038725, 1.310847193077442, 2.0693793847713, 3.8235042858665897, 2.016926711176016, 1.0034570076852094, 0.3798797983330244, 0.6142194261568172, 0.2541390384752795, 0.116181709201708, 0.8991267404480625, 0.4605344536708141, 0.012610927655392288, 0.11099079588185688, 0.5276770450411068, 0.30414996905326147, 0.03259981783461226, 0.1396533438265531, 0.6995413236427314, 0.15902452794925254, 0.19487021645325786, 0.11390304884103523, 0.49616772354634714, 0.9032047901442267, 0.2505425856770871, 0.6333141444682553, 2.462884264912725, 7.391044870510942, 2.6972855046856705, 2.7065620283121334, 1.0221446688719769, 4.603963155568612, 5.68478676004768, 10.0, 2.4679884361967663, 2.3358167641949668, 5.159155244148848, 1.403148377852844, 1.2856023483807384, 3.068992550682313, 4.732492490538042, 4.264483304361723, 2.7997023157989283, 9.653218516098617, 0.8345975950834269, 2.9829558945769583, 1.2250489278263583, 2.0621042826260267, 4.947746240328353, 5.524891395474602, 6.327696704561537, 9.623216691817133]
APTIDAO: 
32.04582848816718
GEN: 2600
Individuo: 
[0.8681972488038725, 1.310847193077442, 2.0693793847713, 3.819299234809407, 1.8056804765088141, 1.0034570076852094, 0.3798797983330244, 0.6142194261568172, 0.25645974930103554, 0.02895612439902908, 0.8991267404480625, 0.4605344536708141, 0.012610927655392288, 0.11099079588185688, 0.5276770450411068, 0.2846956202538505, 0.04725942440561418, 0.1396533438265531, 0.6995413236427314, 0.15902452794925254, 0.19487021645325786, 0.08515340796717212, 0.49616772354634714, 0.9032047901442267, 0.2505425856770871, 0.6333141444682553, 2.462884264912725, 7.391044870510942, 2.6972855046856705, 2.311320451956533, 1.0885255096905477, 4.603963155568612, 5.68478676004768, 10.0, 1.3449472183196678, 1.2270633399223514, 5.159155244148848, 1.403148377852844, 1.2856023483807384, 3.068992550682313, 4.732492490538042, 2.960004850128339, 2.554109294561879, 9.653218516098617, 0.8345975950834269, 2.9829558945769583, 1.2250489278263583, 4.152108144532162, 4.947746240328353, 5.524891395474602, 6.327696704561537, 9.623216691817133]
APTIDAO: 
33.33697587527355
GEN: 2700
Individuo: 
[0.8681972488038725, 1.310847193077442, 2.0693793847713, 3.8235042858665897, 1.8056804765088141, 1.0034570076852094, 0.3798797983330244, 0.6142194261568172, 0.24999383940166567, 0.12738677201086554, 0.8991267404480625, 0.4605344536708141, 0.017182845840467992, 0.10453237590939067, 0.5276770450411068, 0.2846956202538505, 0.04725942440561418, 0.1396533438265531, 0.6865309014244538, 0.12114631777062544, 0.020463316303684382, 0.001917333470737577, 0.49616772354634714, 0.8973058411077949, 0.2505425856770871, 0.8707349985715112, 2.462884264912725, 7.391044870510942, 2.6972855046856705, 2.7065620283121334, 1.0885255096905477, 4.603963155568612, 5.68478676004768, 10.0, 1.7644600082674233, 2.2993996364337947, 5.159155244148848, 1.403148377852844, 2.157083278987848, 1.9785186864817923, 4.732492490538042, 2.960004850128339, 2.554109294561879, 9.653218516098617, 1.0148355262847484, 2.235932859257982, 0.6013807330632587, 2.563485392448751, 4.947746240328353, 3.8256753593166404, 6.327696704561537, 9.143185930634798]
APTIDAO: 
33.021936518116355
GEN: 2800
Individuo: 
[0.8681972488038725, 1.310847193077442, 2.0693793847713, 3.8235042858665897, 1.8056804765088141, 1.0034570076852094, 0.3798797983330244, 0.6142194261568172, 0.24999383940166567, 0.11217101729779486, 0.8991267404480625, 0.4605344536708141, 0.016974827515779334, 0.10368939524475079, 0.5276770450411068, 0.2846956202538505, 0.04725942440561418, 0.1396533438265531, 0.6865309014244538, 0.12114631777062544, 0.05758026438205508, 0.03724885158475067, 0.49616772354634714, 0.8973058411077949, 0.25787203385593577, 0.8707349985715112, 2.462884264912725, 7.391044870510942, 2.6972855046856705, 2.7065620283121334, 1.0885255096905477, 4.603963155568612, 5.68478676004768, 10.0, 1.7644600082674233, 1.5509961543756414, 5.159155244148848, 1.403148377852844, 1.5040409839338669, 1.4694256377502923, 4.732492490538042, 2.960004850128339, 2.554109294561879, 9.653218516098617, 1.0148355262847484, 2.235932859257982, 0.8038071397295249, 2.0871183987022874, 4.947746240328353, 3.8256753593166404, 8.25034660483025, 9.143185930634798]
APTIDAO: 
32.91055717526349
GEN: 2900
Individuo: 
[0.8681972488038725, 1.310847193077442, 2.0693793847713, 3.8235042858665897, 1.8056804765088141, 1.0034570076852094, 0.3798797983330244, 0.6142194261568172, 0.24999383940166567, 0.11217101729779486, 0.9000837397621242, 0.5017023223963436, 0.011558646931721603, 0.11473767370543203, 0.5276770450411068, 0.2846956202538505, 0.04725942440561418, 0.1396533438265531, 0.6865309014244538, 0.12114631777062544, 0.06744125520467315, 0.02322425278852891, 0.5306668751887877, 0.8973058411077949, 0.25787203385593577, 0.9835595085560161, 2.462884264912725, 7.391044870510942, 2.6972855046856705, 2.7065620283121334, 1.0885255096905477, 4.603963155568612, 5.68478676004768, 10.0, 1.7644600082674233, 1.5509961543756414, 5.9669365667451375, 1.071624686494364, 2.7101427108088294, 1.152046030990491, 4.732492490538042, 2.960004850128339, 2.554109294561879, 9.653218516098617, 1.0148355262847484, 2.235932859257982, 0.8731228974471037, 0.7860199284345797, 6.734758457881476, 3.8256753593166404, 8.25034660483025, 10.0]
APTIDAO: 
32.619579742628325
GEN: 3000
Individuo: 
[0.8681972488038725, 1.310847193077442, 2.000672202357986, 3.8235042858665897, 1.8056804765088141, 1.0034570076852094, 0.3798797983330244, 0.6142194261568172, 0.24999383940166567, 0.10176379657433052, 0.9000837397621242, 0.5017023223963436, 0.011558646931721603, 0.11473767370543203, 0.5276770450411068, 0.2846956202538505, 0.04725942440561418, 0.1396533438265531, 0.6865309014244538, 0.12114631777062544, 0.06744125520467315, 0.049494277909954754, 0.5306668751887877, 0.8973058411077949, 0.25787203385593577, 0.9557795058365814, 2.462884264912725, 7.391044870510942, 4.228828548992462, 2.7065620283121334, 1.0885255096905477, 4.603963155568612, 5.68478676004768, 10.0, 1.7644600082674233, 2.068352163181751, 5.9669365667451375, 1.071624686494364, 2.7101427108088294, 1.152046030990491, 4.732492490538042, 2.960004850128339, 2.554109294561879, 9.653218516098617, 1.0148355262847484, 2.235932859257982, 0.8731228974471037, 0.9394255197293165, 6.734758457881476, 3.8256753593166404, 8.25034660483025, 10.0]
APTIDAO: 
32.32409518183452
GEN: 3100
Individuo: 
[0.8681972488038725, 1.310847193077442, 2.000672202357986, 3.8235042858665897, 1.8056804765088141, 1.0034570076852094, 0.3798797983330244, 0.6142194261568172, 0.24999383940166567, 0.10176379657433052, 0.9000837397621242, 0.5017023223963436, 0.011227052308290405, 0.11473767370543203, 0.5276770450411068, 0.2846956202538505, 0.04725942440561418, 0.1396533438265531, 0.6865309014244538, 0.12114631777062544, 0.06359237371542836, 0.07555513296834844, 0.5306668751887877, 0.8973058411077949, 0.25787203385593577, 0.9557795058365814, 2.462884264912725, 7.391044870510942, 4.228828548992462, 2.7065620283121334, 1.0885255096905477, 4.603963155568612, 5.68478676004768, 10.0, 1.7644600082674233, 2.068352163181751, 5.9669365667451375, 1.071624686494364, 2.0965461941830044, 1.152046030990491, 4.732492490538042, 2.960004850128339, 2.554109294561879, 9.653218516098617, 1.0148355262847484, 2.235932859257982, 1.4845841536997166, 1.3760151348173704, 6.734758457881476, 3.8256753593166404, 8.25034660483025, 10.0]
APTIDAO: 
32.28933001348842
GEN: 3200
Individuo: 
[0.8681972488038725, 1.310847193077442, 2.000672202357986, 3.8235042858665897, 1.8056804765088141, 1.0034570076852094, 0.3798797983330244, 0.6142194261568172, 0.24999383940166567, 0.10176379657433052, 0.9000837397621242, 0.5017023223963436, 0.007431470608281481, 0.11473767370543203, 0.5276770450411068, 0.32904617183573304, 0.04725942440561418, 0.17326000964867913, 0.6835260295851671, 0.06880624296625121, 0.10467284609455345, 0.11000351293592732, 0.5306668751887877, 0.8973058411077949, 0.25774298013439867, 0.9557795058365814, 2.462884264912725, 7.391044870510942, 4.228828548992462, 2.7065620283121334, 1.0885255096905477, 4.603963155568612, 5.68478676004768, 10.0, 1.7644600082674233, 2.068352163181751, 5.9669365667451375, 1.071624686494364, 2.5855416137584126, 1.152046030990491, 4.732492490538042, 3.2962947414464296, 2.554109294561879, 10.0, 0.7425934638898957, 2.2393951464851938, 2.2822154040516938, 1.157271436099961, 6.734758457881476, 3.8256753593166404, 7.995510923020342, 10.0]
APTIDAO: 
32.014425646697575
GEN: 3300
Individuo: 
[0.8681972488038725, 1.310847193077442, 2.000672202357986, 3.8235042858665897, 1.8056804765088141, 1.0034570076852094, 0.3798797983330244, 0.6142194261568172, 0.24999383940166567, 0.10176379657433052, 0.9000837397621242, 0.5017023223963436, 0.007431470608281481, 0.11473767370543203, 0.4831132405692586, 0.2846956202538505, 0.04725942440561418, 0.17326000964867913, 0.6835260295851671, 0.06880624296625121, 0.10975602548229153, 0.006299472807608087, 0.5306668751887877, 0.8973058411077949, 0.30727687459007796, 0.9557795058365814, 2.462884264912725, 7.391044870510942, 4.228828548992462, 2.7065620283121334, 1.0885255096905477, 4.603963155568612, 5.68478676004768, 10.0, 1.7644600082674233, 2.068352163181751, 5.9669365667451375, 1.071624686494364, 2.5855416137584126, 1.152046030990491, 4.574374369424163, 2.960004850128339, 2.554109294561879, 10.0, 0.7425934638898957, 2.2393951464851938, 1.9065745445250266, 1.459155535504674, 6.734758457881476, 3.8256753593166404, 8.215099982573593, 10.0]
APTIDAO: 
31.593152025280997
GEN: 3400
Individuo: 
[0.8681972488038725, 1.310847193077442, 2.000672202357986, 3.8235042858665897, 1.8056804765088141, 1.0034570076852094, 0.3798797983330244, 0.6142194261568172, 0.24999383940166567, 0.10625373635287838, 0.9000837397621242, 0.5017023223963436, 0.007431470608281481, 0.11439490276731921, 0.4831132405692586, 0.3074112391746061, 0.04725942440561418, 0.17326000964867913, 0.6835260295851671, 0.06880624296625121, 0.10975602548229153, 0.026843677943667325, 0.5301705134362144, 0.8973058411077949, 0.30727687459007796, 0.9557795058365814, 2.462884264912725, 7.391044870510942, 4.228828548992462, 2.7065620283121334, 1.0885255096905477, 4.603963155568612, 5.68478676004768, 10.0, 1.7644600082674233, 1.4616404018322686, 5.9669365667451375, 1.071624686494364, 2.5855416137584126, 1.2760413599600318, 4.574374369424163, 2.572837050584509, 2.554109294561879, 10.0, 0.7425934638898957, 2.2393951464851938, 1.9065745445250266, 1.635262530265784, 6.435033106136509, 3.8256753593166404, 8.215099982573593, 10.0]
APTIDAO: 
31.31203080520007
GEN: 3500
Individuo: 
[0.8681972488038725, 1.310847193077442, 2.000672202357986, 3.8235042858665897, 1.8056804765088141, 1.0034570076852094, 0.3798797983330244, 0.6142194261568172, 0.24999383940166567, 0.10625373635287838, 0.9000837397621242, 0.49692326242633383, 0.007431470608281481, 0.11439490276731921, 0.4831132405692586, 0.3074112391746061, 0.04725942440561418, 0.17326000964867913, 0.5378138790264793, 0.06880624296625121, 0.10975602548229153, 0.05838083786177114, 0.5301705134362144, 0.7955010850657572, 0.30727687459007796, 0.9557795058365814, 2.462884264912725, 7.391044870510942, 4.228828548992462, 2.7065620283121334, 1.0885255096905477, 4.603963155568612, 5.68478676004768, 10.0, 1.7644600082674233, 1.4616404018322686, 5.9669365667451375, 1.5785862780431985, 2.5855416137584126, 1.2760413599600318, 4.574374369424163, 2.572837050584509, 2.554109294561879, 10.0, 1.5192928826267298, 2.2393951464851938, 1.9065745445250266, 3.7244737592521835, 6.435033106136509, 3.474685233267699, 8.215099982573593, 10.0]
APTIDAO: 
31.078175829300243
GEN: 3600
Individuo: 
[0.8681972488038725, 1.310847193077442, 2.000672202357986, 3.8235042858665897, 1.8056804765088141, 1.0034570076852094, 0.3798797983330244, 0.6142194261568172, 0.24999383940166567, 0.10625373635287838, 0.9000837397621242, 0.49692326242633383, 0.007431470608281481, 0.11439490276731921, 0.4831132405692586, 0.2900526311915873, 0.04725942440561418, 0.17326000964867913, 0.5378138790264793, 0.06880624296625121, 0.11874083785728853, 0.0983187396506708, 0.5301705134362144, 0.7955010850657572, 0.30727687459007796, 0.9843989477513364, 2.462884264912725, 7.391044870510942, 4.228828548992462, 2.7065620283121334, 1.0885255096905477, 4.603963155568612, 5.68478676004768, 10.0, 1.7644600082674233, 1.4616404018322686, 5.9669365667451375, 1.5785862780431985, 2.5855416137584126, 1.2760413599600318, 4.574374369424163, 1.8054544781540451, 2.554109294561879, 10.0, 1.5192928826267298, 2.2393951464851938, 1.8371743637298679, 9.278537159573116, 6.435033106136509, 3.474685233267699, 8.215099982573593, 10.0]
APTIDAO: 
30.868018416678666
GEN: 3700
Individuo: 
[0.8681972488038725, 1.310847193077442, 2.000672202357986, 3.8235042858665897, 1.8056804765088141, 1.0034570076852094, 0.3798797983330244, 0.6142194261568172, 0.24999383940166567, 0.10625373635287838, 0.9000837397621242, 0.49692326242633383, 0.007431470608281481, 0.11439490276731921, 0.4831132405692586, 0.26851005449218784, 0.04725942440561418, 0.17326000964867913, 0.5378138790264793, 0.06880624296625121, 0.11174302906006048, 0.0718892568654276, 0.5301705134362144, 0.7955010850657572, 0.2969150340654805, 0.9843989477513364, 2.462884264912725, 7.391044870510942, 4.228828548992462, 2.7065620283121334, 1.0885255096905477, 4.603963155568612, 5.68478676004768, 10.0, 1.7644600082674233, 1.4616404018322686, 5.9669365667451375, 1.5785862780431985, 2.5855416137584126, 1.2760413599600318, 4.574374369424163, 0.9688048296167778, 2.554109294561879, 10.0, 1.5192928826267298, 2.2393951464851938, 1.5758494944566468, 6.228551356253115, 6.435033106136509, 3.474685233267699, 10.0, 10.0]
APTIDAO: 
30.7306208858118
GEN: 3800
Individuo: 
[0.8681972488038725, 1.310847193077442, 2.000672202357986, 3.8070185980487685, 1.8056804765088141, 1.0034570076852094, 0.3798797983330244, 0.6142194261568172, 0.24999383940166567, 0.12279660203634178, 0.9000837397621242, 0.49692326242633383, 0.007431470608281481, 0.1149139997545754, 0.4831132405692586, 0.26851005449218784, 0.04725942440561418, 0.17326000964867913, 0.5378138790264793, 0.07065636080821655, 0.18308864099444697, 0.4609306455069104, 0.5301705134362144, 0.7955010850657572, 0.2969150340654805, 0.9843989477513364, 2.462884264912725, 7.391044870510942, 4.228828548992462, 2.1245836962770226, 1.0885255096905477, 4.603963155568612, 5.68478676004768, 10.0, 1.7644600082674233, 0.9878363289495429, 5.9669365667451375, 1.5785862780431985, 2.5855416137584126, 1.361670536861629, 4.574374369424163, 0.9688048296167778, 2.554109294561879, 10.0, 1.5192928826267298, 2.6030890716573065, 1.3037513948325767, 4.498418337690809, 6.435033106136509, 3.474685233267699, 10.0, 10.0]
APTIDAO: 
30.881997251572706
GEN: 3900
Individuo: 
[0.8681972488038725, 1.310847193077442, 2.000672202357986, 3.8070185980487685, 1.8056804765088141, 1.0034570076852094, 0.3798797983330244, 0.6142194261568172, 0.24999383940166567, 0.10647183881552764, 0.9000837397621242, 0.49692326242633383, 0.007431470608281481, 0.1149139997545754, 0.4831132405692586, 0.26851005449218784, 0.04725942440561418, 0.17326000964867913, 0.5378138790264793, 0.07065636080821655, 0.18591394562435534, 0.5377853071635922, 0.5301705134362144, 0.7955010850657572, 0.2969150340654805, 0.9843989477513364, 2.462884264912725, 7.391044870510942, 4.228828548992462, 2.1245836962770226, 1.0885255096905477, 4.603963155568612, 5.68478676004768, 10.0, 1.7644600082674233, 1.6436439331369388, 5.9669365667451375, 1.5785862780431985, 2.5855416137584126, 1.361670536861629, 4.574374369424163, 0.9688048296167778, 2.554109294561879, 10.0, 1.5192928826267298, 2.6030890716573065, 1.4379005194274976, 2.490630407928244, 6.435033106136509, 3.474685233267699, 10.0, 10.0]
APTIDAO: 
30.69836263349308
GEN: 4000
Individuo: 
[0.8681972488038725, 1.310847193077442, 2.000672202357986, 3.8070185980487685, 1.8056804765088141, 1.0034570076852094, 0.3798797983330244, 0.6142194261568172, 0.24999383940166567, 0.09522551733056266, 0.9000837397621242, 0.49692326242633383, 0.007730860091173358, 0.1149139997545754, 0.4831132405692586, 0.26851005449218784, 0.04725942440561418, 0.17326000964867913, 0.5378138790264793, 0.07065636080821655, 0.310351098231061, 0.7231640196612644, 0.5301705134362144, 0.7955010850657572, 0.2969150340654805, 0.9843989477513364, 2.462884264912725, 7.391044870510942, 4.228828548992462, 2.1245836962770226, 1.0885255096905477, 4.603963155568612, 5.68478676004768, 10.0, 1.7644600082674233, 0.8692311687815426, 5.9669365667451375, 1.5785862780431985, 1.5106755994743541, 1.361670536861629, 4.574374369424163, 0.9688048296167778, 2.554109294561879, 10.0, 1.5192928826267298, 2.6030890716573065, 1.1996110801215776, 2.0926706629749594, 6.435033106136509, 3.474685233267699, 10.0, 10.0]
APTIDAO: 
30.81302919683388
GEN: 4100
Individuo: 
[0.8842633297795374, 1.3133670832040134, 2.000672202357986, 3.8070185980487685, 1.8056804765088141, 1.0034570076852094, 0.3798797983330244, 0.6142194261568172, 0.25046473553274234, 0.07927119062943082, 0.9000837397621242, 0.49692326242633383, 0.007730860091173358, 0.1149139997545754, 0.4831132405692586, 0.26851005449218784, 0.0450561371746023, 0.17326000964867913, 0.5218545205656381, 0.07065636080821655, 0.48365647395716027, 0.8365875760857142, 0.5301705134362144, 0.7955010850657572, 0.2969150340654805, 0.9843989477513364, 3.502419763771287, 10.0, 4.228828548992462, 2.1245836962770226, 1.0885255096905477, 4.603963155568612, 5.68478676004768, 10.0, 2.1586630438987964, 0.6589873516313135, 5.9669365667451375, 1.5785862780431985, 1.5106755994743541, 1.361670536861629, 4.574374369424163, 0.9688048296167778, 1.5244657427192776, 10.0, 1.263446138494985, 2.6030890716573065, 0.9514784104802246, 2.6410826925138458, 6.435033106136509, 3.474685233267699, 10.0, 10.0]
APTIDAO: 
30.460729608420877
GEN: 4200
Individuo: 
[0.895021955872183, 1.3133670832040134, 2.000672202357986, 3.8070185980487685, 1.8056804765088141, 1.0034570076852094, 0.3798797983330244, 0.6142194261568172, 0.25046473553274234, 0.1195236022234225, 0.9000837397621242, 0.49692326242633383, 0.007730860091173358, 0.1149139997545754, 0.4831132405692586, 0.26851005449218784, 0.0450561371746023, 0.17326000964867913, 0.5218545205656381, 0.07065636080821655, 0.2471851447630146, 0.695896908984847, 0.5301705134362144, 0.7955010850657572, 0.2969150340654805, 0.9843989477513364, 3.4217372109374877, 10.0, 4.228828548992462, 2.1245836962770226, 1.0885255096905477, 4.603963155568612, 5.68478676004768, 10.0, 2.1586630438987964, 0.9538127263882566, 5.9669365667451375, 1.5785862780431985, 1.5106755994743541, 1.361670536861629, 4.574374369424163, 0.9688048296167778, 1.5244657427192776, 10.0, 1.263446138494985, 2.6030890716573065, 0.8726221717034655, 1.4498112632630662, 6.435033106136509, 3.474685233267699, 10.0, 10.0]
APTIDAO: 
30.399919846607617
GEN: 4300
Individuo: 
[0.895021955872183, 1.3133670832040134, 2.000672202357986, 3.8070185980487685, 1.8056804765088141, 1.0034570076852094, 0.3798797983330244, 0.6142194261568172, 0.25046473553274234, 0.1195236022234225, 0.9000837397621242, 0.49692326242633383, 0.007730860091173358, 0.1149139997545754, 0.4831132405692586, 0.26851005449218784, 0.0450561371746023, 0.17326000964867913, 0.5218545205656381, 0.07065636080821655, 0.2471851447630146, 0.558305380730408, 0.5301705134362144, 0.7955010850657572, 0.2969150340654805, 0.9793816473735298, 3.4217372109374877, 10.0, 4.228828548992462, 2.1245836962770226, 1.0885255096905477, 4.603963155568612, 5.68478676004768, 10.0, 2.1586630438987964, 0.9538127263882566, 5.9669365667451375, 1.5785862780431985, 1.5106755994743541, 1.361670536861629, 4.574374369424163, 0.9688048296167778, 1.5244657427192776, 10.0, 1.263446138494985, 2.6030890716573065, 0.8726221717034655, 3.4220666675504554, 6.435033106136509, 3.474685233267699, 10.0, 5.0350916228581335]
APTIDAO: 
30.351507502609383
GEN: 4400
Individuo: 
[0.895021955872183, 1.3133670832040134, 2.000672202357986, 3.8070185980487685, 1.8056804765088141, 1.0034570076852094, 0.3798797983330244, 0.6142194261568172, 0.25046473553274234, 0.14349007366372798, 0.9000837397621242, 0.49692326242633383, 0.007730860091173358, 0.1149139997545754, 0.4831132405692586, 0.26851005449218784, 0.0450561371746023, 0.17326000964867913, 0.5218545205656381, 0.07065636080821655, 0.2471851447630146, 0.6184087068898211, 0.5301705134362144, 0.7955010850657572, 0.2969150340654805, 0.9793816473735298, 3.4217372109374877, 10.0, 4.228828548992462, 2.1245836962770226, 1.0885255096905477, 4.603963155568612, 5.68478676004768, 10.0, 2.1586630438987964, 0.8280544192148726, 5.9669365667451375, 1.5785862780431985, 1.5106755994743541, 1.361670536861629, 4.574374369424163, 0.9688048296167778, 1.5244657427192776, 10.0, 1.263446138494985, 2.6030890716573065, 0.8726221717034655, 3.811848084691103, 6.435033106136509, 3.474685233267699, 10.0, 5.0350916228581335]
APTIDAO: 
30.657240769397852
GEN: 4500
Individuo: 
[0.895021955872183, 1.3062071295821336, 2.000672202357986, 3.8070185980487685, 1.8056804765088141, 1.0034570076852094, 0.3798797983330244, 0.6142194261568172, 0.25046473553274234, 0.14349007366372798, 0.9000837397621242, 0.49692326242633383, 0.007730860091173358, 0.1149139997545754, 0.4831132405692586, 0.26851005449218784, 0.0450561371746023, 0.17326000964867913, 0.5218545205656381, 0.07065636080821655, 0.21530879653142776, 0.9277450905739448, 0.5301705134362144, 0.7955010850657572, 0.2969150340654805, 0.9793816473735298, 3.4217372109374877, 6.7453867965788366, 4.228828548992462, 2.1245836962770226, 1.0885255096905477, 4.603963155568612, 5.68478676004768, 10.0, 2.1586630438987964, 0.8280544192148726, 5.9669365667451375, 1.5785862780431985, 1.5106755994743541, 1.361670536861629, 4.574374369424163, 0.9688048296167778, 1.5244657427192776, 10.0, 1.263446138494985, 2.6030890716573065, 1.0500851478730029, 4.219483941647195, 6.435033106136509, 3.474685233267699, 10.0, 5.0350916228581335]
APTIDAO: 
30.380051053394904
GEN: 4600
Individuo: 
[0.895021955872183, 1.3062071295821336, 2.000672202357986, 3.8070185980487685, 1.8056804765088141, 1.0034570076852094, 0.3798797983330244, 0.6142194261568172, 0.25046473553274234, 0.14349007366372798, 0.9000837397621242, 0.49692326242633383, 0.007730860091173358, 0.1149139997545754, 0.4831132405692586, 0.26851005449218784, 0.0450561371746023, 0.17326000964867913, 0.5218545205656381, 0.07065636080821655, 0.21902084329067983, 0.9277450905739448, 0.5301705134362144, 0.7955010850657572, 0.2969150340654805, 0.9793816473735298, 3.4217372109374877, 6.7453867965788366, 4.228828548992462, 2.1245836962770226, 1.0885255096905477, 4.603963155568612, 5.68478676004768, 10.0, 2.1586630438987964, 0.8280544192148726, 5.9669365667451375, 1.5785862780431985, 1.5106755994743541, 1.361670536861629, 4.574374369424163, 0.9688048296167778, 1.5244657427192776, 10.0, 1.263446138494985, 2.6030890716573065, 0.8251321137905366, 4.219483941647195, 6.435033106136509, 3.474685233267699, 10.0, 5.0350916228581335]
APTIDAO: 
30.379059312048895
GEN: 4700
Individuo: 
[0.895021955872183, 1.3062071295821336, 2.000672202357986, 3.8070185980487685, 1.8056804765088141, 1.0034570076852094, 0.3798797983330244, 0.6142194261568172, 0.25046473553274234, 0.14349007366372798, 0.9000837397621242, 0.49692326242633383, 0.007730860091173358, 0.1149139997545754, 0.4843666709480986, 0.26851005449218784, 0.0450561371746023, 0.17326000964867913, 0.5218545205656381, 0.07065636080821655, 0.23010332541134554, 0.9277450905739448, 0.5301705134362144, 0.7955010850657572, 0.2969150340654805, 0.9793816473735298, 3.4217372109374877, 6.7453867965788366, 4.228828548992462, 2.1245836962770226, 1.0885255096905477, 4.603963155568612, 5.68478676004768, 10.0, 2.1586630438987964, 0.8280544192148726, 5.9669365667451375, 1.5785862780431985, 1.5106755994743541, 1.361670536861629, 3.560332330012766, 0.9688048296167778, 1.5244657427192776, 10.0, 1.263446138494985, 2.6030890716573065, 1.0734354787078695, 4.219483941647195, 6.435033106136509, 3.474685233267699, 10.0, 5.0350916228581335]
APTIDAO: 
30.367516539675403
GEN: 4800
Individuo: 
[0.895021955872183, 1.3062071295821336, 2.000672202357986, 3.8070185980487685, 1.8056804765088141, 1.0034570076852094, 0.3798797983330244, 0.6142194261568172, 0.25046473553274234, 0.14349007366372798, 0.9000837397621242, 0.49692326242633383, 0.007730860091173358, 0.1149139997545754, 0.4843666709480986, 0.26851005449218784, 0.0450561371746023, 0.17326000964867913, 0.5218545205656381, 0.07065636080821655, 0.23010332541134554, 0.9277450905739448, 0.5301705134362144, 0.7955010850657572, 0.2969150340654805, 0.9793816473735298, 3.4217372109374877, 6.7453867965788366, 4.228828548992462, 2.1245836962770226, 1.0885255096905477, 4.603963155568612, 5.68478676004768, 10.0, 2.1586630438987964, 0.8280544192148726, 5.9669365667451375, 1.5785862780431985, 1.5106755994743541, 1.361670536861629, 3.560332330012766, 0.9688048296167778, 1.5244657427192776, 10.0, 1.263446138494985, 2.6030890716573065, 1.0734354787078695, 4.219483941647195, 6.435033106136509, 3.474685233267699, 10.0, 5.0350916228581335]
APTIDAO: 
30.367516539675403
GEN: 4900
Individuo: 
[0.895021955872183, 1.3062071295821336, 2.000672202357986, 3.8070185980487685, 1.8056804765088141, 1.0034570076852094, 0.3798797983330244, 0.6142194261568172, 0.25046473553274234, 0.14349007366372798, 0.9000837397621242, 0.49692326242633383, 0.007730860091173358, 0.1149139997545754, 0.4843666709480986, 0.2671019515828092, 0.0450561371746023, 0.17326000964867913, 0.5218545205656381, 0.07065636080821655, 0.23439954031586577, 0.8986939017037632, 0.5301705134362144, 0.7955010850657572, 0.2969150340654805, 0.9793816473735298, 3.4217372109374877, 6.7453867965788366, 4.228828548992462, 2.1245836962770226, 1.0885255096905477, 4.603963155568612, 5.68478676004768, 10.0, 2.1586630438987964, 0.8280544192148726, 5.9669365667451375, 1.5785862780431985, 1.5106755994743541, 1.361670536861629, 3.560332330012766, 0.665114410118705, 1.5244657427192776, 10.0, 1.263446138494985, 2.6030890716573065, 0.6186227151528876, 3.348854121881361, 6.435033106136509, 3.474685233267699, 10.0, 5.0350916228581335]
APTIDAO: 
30.358225185780007
GEN: 5000
Individuo: 
[0.895021955872183, 1.3062071295821336, 2.000672202357986, 3.8070185980487685, 1.8056804765088141, 1.0034570076852094, 0.3798797983330244, 0.6142194261568172, 0.25046473553274234, 0.14349007366372798, 0.9000837397621242, 0.49692326242633383, 0.007730860091173358, 0.1149139997545754, 0.4843666709480986, 0.2671019515828092, 0.0450561371746023, 0.17326000964867913, 0.5218545205656381, 0.07065636080821655, 0.23439954031586577, 0.9148202890348356, 0.5301705134362144, 0.7955010850657572, 0.2969150340654805, 0.9793816473735298, 3.4217372109374877, 6.7453867965788366, 4.228828548992462, 2.1245836962770226, 1.0885255096905477, 4.603963155568612, 5.68478676004768, 10.0, 2.1586630438987964, 0.8280544192148726, 5.9669365667451375, 1.5785862780431985, 1.5106755994743541, 1.361670536861629, 3.560332330012766, 0.665114410118705, 1.5244657427192776, 10.0, 1.263446138494985, 2.6030890716573065, 0.6186227151528876, 3.450141442002035, 6.435033106136509, 3.474685233267699, 10.0, 5.0350916228581335]
APTIDAO: 
30.358492987659755
GEN: 5100
Individuo: 
[0.895021955872183, 1.3062071295821336, 2.000672202357986, 3.8070185980487685, 1.8056804765088141, 1.0034570076852094, 0.3798797983330244, 0.6142194261568172, 0.25046473553274234, 0.14349007366372798, 0.9000837397621242, 0.49692326242633383, 0.007730860091173358, 0.1149139997545754, 0.4843666709480986, 0.2671019515828092, 0.0450561371746023, 0.17326000964867913, 0.5218545205656381, 0.07065636080821655, 0.0954753896400159, 0.38435769412168036, 0.5301705134362144, 0.7955010850657572, 0.2969150340654805, 0.9793816473735298, 3.4217372109374877, 6.7453867965788366, 4.228828548992462, 2.1245836962770226, 1.0885255096905477, 4.603963155568612, 5.68478676004768, 10.0, 2.1586630438987964, 0.8280544192148726, 5.9669365667451375, 1.5785862780431985, 1.5106755994743541, 1.361670536861629, 3.560332330012766, 0.665114410118705, 1.5244657427192776, 10.0, 1.263446138494985, 2.6030890716573065, 0.34762189414892053, 0.7919294140133833, 6.435033106136509, 3.474685233267699, 10.0, 5.0350916228581335]
APTIDAO: 
30.5124501719407
GEN: 5200
Individuo: 
[0.895021955872183, 1.3062071295821336, 2.000672202357986, 3.8070185980487685, 1.8056804765088141, 1.0034570076852094, 0.3798797983330244, 0.6142194261568172, 0.25046473553274234, 0.14349007366372798, 0.9000837397621242, 0.49692326242633383, 0.007730860091173358, 0.1149139997545754, 0.4843666709480986, 0.2671019515828092, 0.0450561371746023, 0.17326000964867913, 0.5218545205656381, 0.07014881132369721, 0.0954753896400159, 0.38435769412168036, 0.5301705134362144, 0.7955010850657572, 0.2969150340654805, 0.9793816473735298, 3.4217372109374877, 6.7453867965788366, 4.228828548992462, 2.1245836962770226, 1.0885255096905477, 4.603963155568612, 5.68478676004768, 10.0, 2.1586630438987964, 0.8280544192148726, 5.9669365667451375, 1.5785862780431985, 1.5106755994743541, 1.361670536861629, 3.560332330012766, 0.665114410118705, 1.5244657427192776, 10.0, 1.263446138494985, 1.9140104396216329, 0.34762189414892053, 0.7919294140133833, 6.435033106136509, 3.474685233267699, 10.0, 5.0350916228581335]
APTIDAO: 
30.493237609786306
GEN: 5300
Individuo: 
[0.895021955872183, 1.3062071295821336, 2.000672202357986, 3.8070185980487685, 1.806241523258599, 1.0034570076852094, 0.3798797983330244, 0.6142194261568172, 0.25046473553274234, 0.12575203453302555, 0.9000837397621242, 0.49692326242633383, 0.007730860091173358, 0.1149139997545754, 0.4843666709480986, 0.2671019515828092, 0.0450561371746023, 0.17326000964867913, 0.5218545205656381, 0.07014881132369721, 0.0954753896400159, 0.23831780097784863, 0.5301705134362144, 0.7955010850657572, 0.2969150340654805, 0.9793816473735298, 3.4217372109374877, 6.7453867965788366, 4.228828548992462, 2.1245836962770226, 3.169893646744011, 4.603963155568612, 5.68478676004768, 10.0, 2.1586630438987964, 1.124243069616073, 5.9669365667451375, 1.5785862780431985, 1.5106755994743541, 1.361670536861629, 3.560332330012766, 0.665114410118705, 1.5244657427192776, 10.0, 1.263446138494985, 1.9140104396216329, 0.34762189414892053, 1.1294458466739765, 6.435033106136509, 3.474685233267699, 10.0, 5.0350916228581335]
APTIDAO: 
30.500040391774906
GEN: 5400
Individuo: 
[0.895021955872183, 1.3062071295821336, 2.000672202357986, 3.7197668025554536, 1.806241523258599, 1.0034570076852094, 0.3798797983330244, 0.6142194261568172, 0.25046473553274234, 0.1307875890297101, 0.9000837397621242, 0.49692326242633383, 0.00877650944029623, 0.1088243528972846, 0.4843666709480986, 0.2671019515828092, 0.0450561371746023, 0.17326000964867913, 0.5218545205656381, 0.07014881132369721, 0.0954753896400159, 0.31781835888529797, 0.5301705134362144, 0.7955010850657572, 0.2969150340654805, 0.9793816473735298, 3.4217372109374877, 6.7453867965788366, 4.228828548992462, 2.13168867476386, 3.169893646744011, 4.603963155568612, 5.68478676004768, 10.0, 2.1586630438987964, 1.0344937669172691, 5.9669365667451375, 1.5785862780431985, 0.7741587926438108, 1.0224755559969498, 3.560332330012766, 0.665114410118705, 1.5244657427192776, 10.0, 1.263446138494985, 1.9140104396216329, 0.34762189414892053, 1.4024073010679687, 6.435033106136509, 3.474685233267699, 10.0, 5.0350916228581335]
APTIDAO: 
30.35417943469816
GEN: 5500
Individuo: 
[0.895021955872183, 1.3062071295821336, 2.000672202357986, 3.7197668025554536, 1.806241523258599, 1.0034570076852094, 0.3798797983330244, 0.6142194261568172, 0.25046473553274234, 0.13674281551630765, 0.9000837397621242, 0.49692326242633383, 0.00877650944029623, 0.1088243528972846, 0.4843666709480986, 0.2671019515828092, 0.0450561371746023, 0.17326000964867913, 0.5218545205656381, 0.07014881132369721, 0.0954753896400159, 0.37790927755390535, 0.5301705134362144, 0.7955010850657572, 0.2969150340654805, 0.9793816473735298, 3.4217372109374877, 6.7453867965788366, 4.228828548992462, 2.13168867476386, 3.169893646744011, 4.603963155568612, 5.68478676004768, 10.0, 2.1586630438987964, 0.6494652172316167, 5.9669365667451375, 1.5785862780431985, 0.7741587926438108, 1.0224755559969498, 3.560332330012766, 0.665114410118705, 1.5244657427192776, 10.0, 1.263446138494985, 1.9140104396216329, 0.34762189414892053, 0.9229879133824707, 6.435033106136509, 3.474685233267699, 10.0, 5.0350916228581335]
APTIDAO: 
30.353622508082214
GEN: 5600
Individuo: 
[0.895021955872183, 1.3062071295821336, 2.000672202357986, 3.7197668025554536, 1.806241523258599, 1.0034570076852094, 0.3798797983330244, 0.6142194261568172, 0.25046473553274234, 0.13674281551630765, 0.9000837397621242, 0.49692326242633383, 0.00877650944029623, 0.1088243528972846, 0.4843666709480986, 0.2671019515828092, 0.0450561371746023, 0.17326000964867913, 0.5218545205656381, 0.07014881132369721, 0.0954753896400159, 0.37790927755390535, 0.5301705134362144, 0.7955010850657572, 0.2969150340654805, 0.9793816473735298, 3.4217372109374877, 6.7453867965788366, 4.228828548992462, 2.13168867476386, 3.169893646744011, 4.603963155568612, 5.68478676004768, 10.0, 2.1586630438987964, 0.6494652172316167, 5.9669365667451375, 1.5785862780431985, 0.7741587926438108, 1.0224755559969498, 3.560332330012766, 0.665114410118705, 1.5244657427192776, 10.0, 1.263446138494985, 1.9140104396216329, 0.34762189414892053, 0.9229879133824707, 6.435033106136509, 3.474685233267699, 10.0, 5.0350916228581335]
APTIDAO: 
30.353622508082214
GEN: 5700
Individuo: 
[0.895021955872183, 1.3062071295821336, 2.000672202357986, 3.7197668025554536, 1.806241523258599, 1.0034570076852094, 0.3798797983330244, 0.6142194261568172, 0.25046473553274234, 0.13674281551630765, 0.9000837397621242, 0.49692326242633383, 0.00877650944029623, 0.1088243528972846, 0.4843666709480986, 0.2671019515828092, 0.0450561371746023, 0.17326000964867913, 0.5218545205656381, 0.07014881132369721, 0.0954753896400159, 0.37790927755390535, 0.5301705134362144, 0.7955010850657572, 0.2969150340654805, 0.9793816473735298, 3.4217372109374877, 6.7453867965788366, 4.228828548992462, 2.13168867476386, 3.169893646744011, 4.603963155568612, 5.68478676004768, 10.0, 2.1586630438987964, 0.6494652172316167, 5.9669365667451375, 1.5785862780431985, 0.7741587926438108, 1.0224755559969498, 3.560332330012766, 0.665114410118705, 1.5244657427192776, 10.0, 1.263446138494985, 1.9140104396216329, 0.34762189414892053, 0.9229879133824707, 6.435033106136509, 3.474685233267699, 10.0, 5.0350916228581335]
APTIDAO: 
30.353622508082214
GEN: 5800
Individuo: 
[0.895021955872183, 1.3062071295821336, 2.002864157804777, 3.7197668025554536, 1.806241523258599, 1.0034570076852094, 0.3798797983330244, 0.6142194261568172, 0.25046473553274234, 0.13674281551630765, 0.9000837397621242, 0.49692326242633383, 0.008493073585189234, 0.1088243528972846, 0.4843666709480986, 0.2671019515828092, 0.0450561371746023, 0.17326000964867913, 0.5218545205656381, 0.07014881132369721, 0.0954753896400159, 0.37790927755390535, 0.5301705134362144, 0.7955010850657572, 0.2969150340654805, 0.9793816473735298, 3.4217372109374877, 6.7453867965788366, 2.3519496704942227, 2.13168867476386, 3.169893646744011, 4.603963155568612, 5.68478676004768, 10.0, 2.1586630438987964, 0.6494652172316167, 5.9669365667451375, 1.5785862780431985, 0.8121935896364744, 1.0224755559969498, 3.560332330012766, 0.665114410118705, 1.5244657427192776, 10.0, 1.263446138494985, 1.9140104396216329, 0.34762189414892053, 0.9229879133824707, 6.435033106136509, 3.474685233267699, 10.0, 5.0350916228581335]
APTIDAO: 
30.353527901187046
GEN: 5900
Individuo: 
[0.895021955872183, 1.3062071295821336, 2.002864157804777, 3.7197668025554536, 1.806241523258599, 1.0034570076852094, 0.3798797983330244, 0.6142194261568172, 0.25046473553274234, 0.13674281551630765, 0.9000837397621242, 0.49692326242633383, 0.008493073585189234, 0.1088243528972846, 0.4843666709480986, 0.2671019515828092, 0.04516491703525981, 0.17326000964867913, 0.5218545205656381, 0.07014881132369721, 0.0954753896400159, 0.37790927755390535, 0.5301705134362144, 0.7955010850657572, 0.2969150340654805, 0.9793816473735298, 3.4217372109374877, 6.7453867965788366, 2.3519496704942227, 2.13168867476386, 3.169893646744011, 4.603963155568612, 5.68478676004768, 10.0, 2.1586630438987964, 0.6494652172316167, 5.9669365667451375, 1.5785862780431985, 0.8121935896364744, 1.0224755559969498, 3.560332330012766, 0.665114410118705, 2.7551058973207225, 10.0, 1.263446138494985, 1.9140104396216329, 0.34762189414892053, 0.9229879133824707, 6.435033106136509, 3.474685233267699, 10.0, 5.0350916228581335]
APTIDAO: 
30.348293327328356
GEN: 6000
Individuo: 
[0.895021955872183, 1.3062071295821336, 2.002864157804777, 3.7197668025554536, 1.806241523258599, 1.0034570076852094, 0.3798797983330244, 0.6142194261568172, 0.25046473553274234, 0.138733865370511, 0.9000837397621242, 0.49692326242633383, 0.008493073585189234, 0.1088243528972846, 0.4843666709480986, 0.2671019515828092, 0.04516491703525981, 0.17326000964867913, 0.5218545205656381, 0.07014881132369721, 0.0954753896400159, 0.42172991912627694, 0.5301705134362144, 0.7955010850657572, 0.2969150340654805, 0.9790520352944377, 3.4217372109374877, 6.7453867965788366, 2.3519496704942227, 2.13168867476386, 3.169893646744011, 4.603963155568612, 5.68478676004768, 10.0, 2.1586630438987964, 0.8585180952196797, 5.9669365667451375, 1.5785862780431985, 0.8121935896364744, 1.0224755559969498, 3.560332330012766, 0.665114410118705, 2.7551058973207225, 10.0, 1.263446138494985, 1.9140104396216329, 0.34762189414892053, 0.6769660798324388, 6.435033106136509, 3.474685233267699, 10.0, 2.974468427924472]
APTIDAO: 
30.337565459842363
GEN: 6100
Individuo: 
[0.895021955872183, 1.3062071295821336, 2.002864157804777, 3.7197668025554536, 1.806241523258599, 1.0034570076852094, 0.3798797983330244, 0.6142194261568172, 0.25046473553274234, 0.138733865370511, 0.9000837397621242, 0.49692326242633383, 0.008493073585189234, 0.1088243528972846, 0.4843666709480986, 0.2671019515828092, 0.04516491703525981, 0.17326000964867913, 0.5218545205656381, 0.07014881132369721, 0.0954753896400159, 0.42172991912627694, 0.5301705134362144, 0.7955010850657572, 0.2969150340654805, 0.9790520352944377, 3.4217372109374877, 6.7453867965788366, 2.3519496704942227, 2.13168867476386, 3.169893646744011, 4.603963155568612, 5.68478676004768, 10.0, 2.1586630438987964, 0.8585180952196797, 5.9669365667451375, 1.5785862780431985, 0.8121935896364744, 1.0224755559969498, 3.560332330012766, 0.665114410118705, 2.7551058973207225, 10.0, 1.263446138494985, 1.9140104396216329, 0.34762189414892053, 0.6769660798324388, 6.435033106136509, 3.474685233267699, 10.0, 2.974468427924472]
APTIDAO: 
30.337565459842363
GEN: 6200
Individuo: 
[0.895021955872183, 1.3062071295821336, 2.002864157804777, 3.596677872609452, 1.806241523258599, 1.0034570076852094, 0.3798797983330244, 0.6142194261568172, 0.25046473553274234, 0.138733865370511, 0.9000837397621242, 0.5400935036187197, 0.008493073585189234, 0.1088243528972846, 0.4843666709480986, 0.2671019515828092, 0.04516491703525981, 0.17326000964867913, 0.5218545205656381, 0.07014881132369721, 0.0954753896400159, 0.45326041140601686, 0.5301705134362144, 0.7955010850657572, 0.2969150340654805, 0.9790520352944377, 3.4217372109374877, 6.7453867965788366, 2.3519496704942227, 2.0665049012703127, 3.169893646744011, 4.603963155568612, 5.68478676004768, 10.0, 2.1586630438987964, 0.8585180952196797, 5.9669365667451375, 1.7044433417078237, 0.8121935896364744, 1.0224755559969498, 3.560332330012766, 0.665114410118705, 2.7551058973207225, 10.0, 1.263446138494985, 1.9140104396216329, 0.34762189414892053, 0.6442521204277484, 6.435033106136509, 3.474685233267699, 10.0, 2.974468427924472]
APTIDAO: 
30.24157868755803
GEN: 6300
Individuo: 
[0.895021955872183, 1.3062071295821336, 2.002864157804777, 3.596677872609452, 1.806241523258599, 1.0034570076852094, 0.3798797983330244, 0.6142194261568172, 0.25046473553274234, 0.12989310735395593, 0.9000837397621242, 0.5400935036187197, 0.008286404654846502, 0.1088243528972846, 0.4843666709480986, 0.2671019515828092, 0.04516491703525981, 0.17326000964867913, 0.5218545205656381, 0.07014881132369721, 0.0954753896400159, 0.40409395333248466, 0.5301705134362144, 0.7955010850657572, 0.2969150340654805, 0.9790520352944377, 3.4217372109374877, 6.7453867965788366, 2.3519496704942227, 2.0665049012703127, 3.169893646744011, 4.603963155568612, 5.68478676004768, 10.0, 2.1586630438987964, 0.7657388038360955, 5.9669365667451375, 1.7044433417078237, 0.9113421967201537, 1.0224755559969498, 3.560332330012766, 0.665114410118705, 2.7551058973207225, 10.0, 1.263446138494985, 1.9140104396216329, 0.34762189414892053, 1.3450692464665568, 6.435033106136509, 3.474685233267699, 10.0, 2.974468427924472]
APTIDAO: 
30.224646426889993
GEN: 6400
Individuo: 
[0.895021955872183, 1.3062071295821336, 2.002864157804777, 3.596677872609452, 1.806241523258599, 1.0034570076852094, 0.3798797983330244, 0.6142194261568172, 0.25046473553274234, 0.1309331253513077, 0.9000837397621242, 0.5400935036187197, 0.008286404654846502, 0.1088243528972846, 0.4843666709480986, 0.2671019515828092, 0.04516491703525981, 0.17326000964867913, 0.5218545205656381, 0.07014881132369721, 0.0954753896400159, 0.35932378998040915, 0.5301705134362144, 0.7955010850657572, 0.2969150340654805, 0.9701115247320902, 3.4217372109374877, 6.7453867965788366, 2.3519496704942227, 2.0665049012703127, 3.169893646744011, 4.603963155568612, 5.68478676004768, 10.0, 2.1586630438987964, 1.0897182817399935, 5.9669365667451375, 1.7044433417078237, 0.9113421967201537, 1.0224755559969498, 3.560332330012766, 0.665114410118705, 2.7551058973207225, 10.0, 1.263446138494985, 1.9140104396216329, 0.34762189414892053, 0.9498978265039191, 6.435033106136509, 3.474685233267699, 10.0, 3.117865025815836]
APTIDAO: 
30.239116935082784
GEN: 6500
Individuo: 
[0.895021955872183, 1.3062071295821336, 2.002864157804777, 3.596677872609452, 1.806241523258599, 1.0034570076852094, 0.3798797983330244, 0.6142194261568172, 0.25046473553274234, 0.13128486919847412, 0.9000837397621242, 0.5400935036187197, 0.008286404654846502, 0.1088243528972846, 0.4843666709480986, 0.2671019515828092, 0.04516491703525981, 0.17326000964867913, 0.5218545205656381, 0.07014881132369721, 0.0954753896400159, 0.35932378998040915, 0.5301705134362144, 0.7955010850657572, 0.2969150340654805, 0.9701115247320902, 3.4217372109374877, 6.7453867965788366, 2.3519496704942227, 2.0665049012703127, 3.169893646744011, 4.603963155568612, 5.68478676004768, 10.0, 2.1586630438987964, 1.918100789647107, 5.9669365667451375, 1.7044433417078237, 0.9113421967201537, 1.0224755559969498, 3.560332330012766, 0.665114410118705, 2.7551058973207225, 10.0, 1.263446138494985, 1.9140104396216329, 0.34762189414892053, 0.9498978265039191, 6.435033106136509, 3.474685233267699, 10.0, 3.117865025815836]
APTIDAO: 
30.238965120585878
GEN: 6600
Individuo: 
[0.895021955872183, 1.3062071295821336, 2.002864157804777, 3.596677872609452, 1.806241523258599, 1.0034570076852094, 0.3798797983330244, 0.6142194261568172, 0.25046473553274234, 0.12697633854155835, 0.9000837397621242, 0.5400935036187197, 0.008286404654846502, 0.1088243528972846, 0.4843666709480986, 0.2671019515828092, 0.04516491703525981, 0.17326000964867913, 0.5209040584270861, 0.07014881132369721, 0.0954753896400159, 0.35932378998040915, 0.5301705134362144, 0.7955010850657572, 0.2969150340654805, 0.9701115247320902, 3.4217372109374877, 6.7453867965788366, 2.3519496704942227, 2.0665049012703127, 3.169893646744011, 4.603963155568612, 5.68478676004768, 10.0, 2.1586630438987964, 1.3652882066677292, 5.9669365667451375, 1.7044433417078237, 0.9113421967201537, 1.0224755559969498, 3.560332330012766, 0.665114410118705, 2.7551058973207225, 10.0, 0.7983103096433054, 1.9140104396216329, 0.34762189414892053, 0.9498978265039191, 6.435033106136509, 3.474685233267699, 10.0, 3.117865025815836]
APTIDAO: 
30.224652847439565
GEN: 6700
Individuo: 
[0.895021955872183, 1.3062071295821336, 2.002864157804777, 3.596677872609452, 1.806241523258599, 1.0034570076852094, 0.3798797983330244, 0.6142194261568172, 0.25046473553274234, 0.12697633854155835, 0.9000837397621242, 0.5400935036187197, 0.008286404654846502, 0.1088243528972846, 0.4843666709480986, 0.2671019515828092, 0.04516491703525981, 0.17326000964867913, 0.5209040584270861, 0.07014881132369721, 0.0954753896400159, 0.36019193241672903, 0.5301705134362144, 0.7955010850657572, 0.2969150340654805, 0.9701115247320902, 3.4217372109374877, 6.7453867965788366, 2.3519496704942227, 2.0665049012703127, 3.169893646744011, 4.603963155568612, 5.68478676004768, 10.0, 2.1586630438987964, 1.3652882066677292, 5.9669365667451375, 1.7044433417078237, 0.9113421967201537, 1.0224755559969498, 3.560332330012766, 0.665114410118705, 2.7551058973207225, 10.0, 0.7983103096433054, 1.9140104396216329, 0.34762189414892053, 1.2597567280913278, 6.435033106136509, 3.474685233267699, 10.0, 3.117865025815836]
APTIDAO: 
30.224472704556273
GEN: 6800
Individuo: 
[0.895021955872183, 1.3062071295821336, 2.002864157804777, 3.596677872609452, 1.806241523258599, 1.0034570076852094, 0.3798797983330244, 0.6142194261568172, 0.25046473553274234, 0.1493860050310876, 0.9000837397621242, 0.5400935036187197, 0.008286404654846502, 0.1088243528972846, 0.4843666709480986, 0.2671019515828092, 0.04516491703525981, 0.17326000964867913, 0.5206976615041751, 0.07014881132369721, 0.06942380688581946, 0.36019193241672903, 0.5308447851600968, 0.7955010850657572, 0.29963827394777537, 0.9701115247320902, 3.4217372109374877, 6.7453867965788366, 2.3519496704942227, 2.0665049012703127, 3.169893646744011, 4.603963155568612, 5.68478676004768, 10.0, 2.1586630438987964, 1.634366895643547, 5.9669365667451375, 1.7044433417078237, 0.9113421967201537, 1.0224755559969498, 3.560332330012766, 0.665114410118705, 2.7551058973207225, 10.0, 0.8753163276358863, 1.9140104396216329, 0.713152819824842, 1.2597567280913278, 6.250801701379177, 3.474685233267699, 6.130713462014868, 3.117865025815836]
APTIDAO: 
30.24512413669213
GEN: 6900
Individuo: 
[0.895021955872183, 1.3062071295821336, 2.002864157804777, 3.596677872609452, 1.806241523258599, 1.0034570076852094, 0.3798797983330244, 0.6142194261568172, 0.25046473553274234, 0.1493860050310876, 0.9000837397621242, 0.5400935036187197, 0.008286404654846502, 0.1088243528972846, 0.4843666709480986, 0.2671019515828092, 0.04516491703525981, 0.17326000964867913, 0.5206976615041751, 0.07014881132369721, 0.06942380688581946, 0.33087976245178846, 0.5308447851600968, 0.7955010850657572, 0.29963827394777537, 0.9701115247320902, 3.4217372109374877, 6.7453867965788366, 2.3519496704942227, 2.0665049012703127, 3.169893646744011, 4.603963155568612, 5.68478676004768, 10.0, 2.1586630438987964, 1.634366895643547, 5.9669365667451375, 1.7044433417078237, 0.9113421967201537, 1.0224755559969498, 3.560332330012766, 0.665114410118705, 2.7551058973207225, 10.0, 0.8753163276358863, 1.9140104396216329, 0.713152819824842, 1.4459845810896625, 6.250801701379177, 3.474685233267699, 6.130713462014868, 3.117865025815836]
APTIDAO: 
30.243137114893507
GEN: 7000
Individuo: 
[0.895021955872183, 1.3062071295821336, 2.002864157804777, 3.596677872609452, 1.806241523258599, 1.0034570076852094, 0.3798797983330244, 0.6142194261568172, 0.25046473553274234, 0.1493860050310876, 0.9000837397621242, 0.5400935036187197, 0.008259223354751506, 0.1088243528972846, 0.4843666709480986, 0.2671019515828092, 0.04516491703525981, 0.17326000964867913, 0.5206976615041751, 0.07014881132369721, 0.06942380688581946, 0.34409460058821917, 0.5308447851600968, 0.7955010850657572, 0.29963827394777537, 0.9701115247320902, 3.4217372109374877, 6.7453867965788366, 2.3519496704942227, 2.0665049012703127, 3.169893646744011, 4.603963155568612, 5.68478676004768, 10.0, 2.1586630438987964, 1.634366895643547, 5.9669365667451375, 1.7044433417078237, 0.6133329703796921, 1.0224755559969498, 3.560332330012766, 0.665114410118705, 2.7551058973207225, 10.0, 0.8753163276358863, 1.9140104396216329, 0.713152819824842, 2.01588034325685, 6.250801701379177, 3.474685233267699, 6.130713462014868, 3.117865025815836]
APTIDAO: 
30.23903938100538
GEN: 7100
Individuo: 
[1.0938461536359818, 1.3062071295821336, 2.002864157804777, 2.671635200381346, 2.017684153709523, 1.0034570076852094, 0.37976067669534963, 0.6142194261568172, 0.25046473553274234, 0.1493860050310876, 0.9000837397621242, 0.5400935036187197, 0.008259223354751506, 0.11318941890820217, 0.4843666709480986, 0.2671019515828092, 0.04516491703525981, 0.17326000964867913, 0.5206976615041751, 0.07014881132369721, 0.06942380688581946, 0.351446817549816, 0.5308447851600968, 0.7955010850657572, 0.29963827394777537, 0.9701115247320902, 5.050572488886781, 6.7453867965788366, 2.3519496704942227, 1.2317695042330987, 4.476865633377331, 4.603963155568612, 7.759433440506281, 10.0, 2.1586630438987964, 1.634366895643547, 5.9669365667451375, 1.7044433417078237, 0.6133329703796921, 0.8106186183687496, 3.560332330012766, 0.665114410118705, 2.7551058973207225, 10.0, 0.8753163276358863, 1.9140104396216329, 0.713152819824842, 2.0315694935409905, 6.250801701379177, 3.474685233267699, 6.130713462014868, 3.117865025815836]
APTIDAO: 
28.642090738067203
GEN: 7200
Individuo: 
[1.0938461536359818, 1.3062071295821336, 2.002864157804777, 2.671635200381346, 2.0445738704008733, 1.0034570076852094, 0.37976067669534963, 0.6142194261568172, 0.25046473553274234, 0.14547642607099515, 0.9000837397621242, 0.5400935036187197, 0.0021895888919410958, 0.1088243528972846, 0.4843666709480986, 0.2671019515828092, 0.03710031818149233, 0.17326000964867913, 0.5206976615041751, 0.07014881132369721, 0.11313823369457197, 0.1685797593974796, 0.5308447851600968, 0.7955010850657572, 0.38494993084487517, 0.9701115247320902, 5.050572488886781, 6.7453867965788366, 2.3519496704942227, 1.2317695042330987, 3.798403625769916, 4.603963155568612, 7.759433440506281, 10.0, 2.1586630438987964, 3.930762860698015, 5.9669365667451375, 1.7044433417078237, 0.5044143895778662, 1.0224755559969498, 3.560332330012766, 0.665114410118705, 2.306683318847902, 10.0, 0.8753163276358863, 1.9140104396216329, 1.2546058087081162, 3.2359156819570996, 6.250801701379177, 3.474685233267699, 10.0, 3.117865025815836]
APTIDAO: 
28.381941066287876
GEN: 7300
Individuo: 
[1.0938461536359818, 1.3062071295821336, 2.002864157804777, 2.671635200381346, 2.0445738704008733, 1.0034570076852094, 0.37976067669534963, 0.6142194261568172, 0.25046473553274234, 0.14547642607099515, 0.9000837397621242, 0.5400935036187197, 0.002809999995490527, 0.1088243528972846, 0.47729553476931963, 0.2671019515828092, 0.03710031818149233, 0.17326000964867913, 0.5206976615041751, 0.07014881132369721, 0.11313823369457197, 0.1638807049353632, 0.5308447851600968, 0.7955010850657572, 0.38494993084487517, 0.9701115247320902, 5.050572488886781, 6.7453867965788366, 2.3519496704942227, 1.2317695042330987, 3.798403625769916, 4.603963155568612, 7.759433440506281, 10.0, 2.1586630438987964, 3.930762860698015, 5.9669365667451375, 1.7044433417078237, 0.6918950044270269, 1.0224755559969498, 3.347269976592952, 0.665114410118705, 2.306683318847902, 10.0, 0.8753163276358863, 1.9140104396216329, 1.2546058087081162, 5.648016753951303, 6.250801701379177, 3.474685233267699, 10.0, 3.117865025815836]
APTIDAO: 
28.298074046624127
GEN: 7400
Individuo: 
[1.0938461536359818, 1.3062071295821336, 2.002864157804777, 2.671635200381346, 2.0445738704008733, 1.0034570076852094, 0.37976067669534963, 0.6142194261568172, 0.25046473553274234, 0.23030162955480243, 0.9000837397621242, 0.5400935036187197, 0.002809999995490527, 0.1088243528972846, 0.47729553476931963, 0.2671019515828092, 0.03710031818149233, 0.17326000964867913, 0.5206976615041751, 0.07014881132369721, 0.11313823369457197, 0.7114726110805324, 0.5308447851600968, 0.7955010850657572, 0.38494993084487517, 0.9701115247320902, 5.050572488886781, 6.7453867965788366, 2.3519496704942227, 1.2317695042330987, 3.798403625769916, 4.603963155568612, 7.759433440506281, 10.0, 2.1586630438987964, 2.7964327261655404, 5.9669365667451375, 1.7044433417078237, 0.6918950044270269, 1.0224755559969498, 3.347269976592952, 0.665114410118705, 2.306683318847902, 10.0, 0.8753163276358863, 1.9140104396216329, 1.2546058087081162, 1.7820769955699283, 6.250801701379177, 3.474685233267699, 10.0, 3.117865025815836]
APTIDAO: 
28.310012211244395
GEN: 7500
Individuo: 
[1.0938461536359818, 1.3062071295821336, 2.002864157804777, 2.671635200381346, 2.0445738704008733, 1.0034570076852094, 0.37976067669534963, 0.6142194261568172, 0.25046473553274234, 0.23030162955480243, 0.9000837397621242, 0.5400935036187197, 0.002737189658627757, 0.1088243528972846, 0.47729553476931963, 0.2671019515828092, 0.03710031818149233, 0.17326000964867913, 0.5206976615041751, 0.07014881132369721, 0.11313823369457197, 0.7114726110805324, 0.5308447851600968, 0.7955010850657572, 0.38299762364754797, 0.9701115247320902, 5.050572488886781, 6.7453867965788366, 2.3519496704942227, 1.2317695042330987, 3.798403625769916, 4.603963155568612, 7.759433440506281, 10.0, 2.1586630438987964, 2.7964327261655404, 5.9669365667451375, 1.7044433417078237, 0.6577001804650044, 1.0224755559969498, 3.347269976592952, 0.665114410118705, 2.306683318847902, 10.0, 0.8753163276358863, 1.9140104396216329, 1.2546058087081162, 1.7820769955699283, 6.250801701379177, 3.474685233267699, 8.271788108570503, 3.117865025815836]
APTIDAO: 
28.28518501757869
GEN: 7600
Individuo: 
[1.0938461536359818, 1.3062071295821336, 2.002864157804777, 2.671635200381346, 2.0445738704008733, 1.0034570076852094, 0.37976067669534963, 0.6142194261568172, 0.25046473553274234, 0.23030162955480243, 0.9000837397621242, 0.5400935036187197, 0.002737189658627757, 0.1088243528972846, 0.47729553476931963, 0.2671019515828092, 0.03710031818149233, 0.17326000964867913, 0.5206976615041751, 0.07091838521882639, 0.10806589070011413, 0.7114726110805324, 0.5308447851600968, 0.7955010850657572, 0.38299762364754797, 0.9701115247320902, 5.050572488886781, 6.7453867965788366, 2.3519496704942227, 1.2317695042330987, 3.798403625769916, 4.603963155568612, 7.759433440506281, 10.0, 2.1586630438987964, 2.7964327261655404, 5.9669365667451375, 1.7044433417078237, 0.6577001804650044, 1.0224755559969498, 3.347269976592952, 0.665114410118705, 2.306683318847902, 10.0, 0.8753163276358863, 1.6139786132566205, 1.528790270128424, 1.7820769955699283, 6.250801701379177, 3.474685233267699, 8.271788108570503, 3.117865025815836]
APTIDAO: 
28.26988489152158
GEN: 7700
Individuo: 
[1.0938461536359818, 1.3062071295821336, 2.002864157804777, 2.671635200381346, 2.0445738704008733, 1.0034570076852094, 0.37976067669534963, 0.6142194261568172, 0.25028125104632326, 0.23030162955480243, 0.9000837397621242, 0.5400935036187197, 0.002737189658627757, 0.1088243528972846, 0.47729553476931963, 0.2671019515828092, 0.03710031818149233, 0.17326000964867913, 0.5206976615041751, 0.07091838521882639, 0.10806589070011413, 0.7114726110805324, 0.5308447851600968, 0.7955010850657572, 0.38299762364754797, 0.9701115247320902, 5.050572488886781, 6.7453867965788366, 2.3519496704942227, 1.2317695042330987, 3.798403625769916, 4.603963155568612, 7.759433440506281, 10.0, 2.0594907078108067, 2.7964327261655404, 5.9669365667451375, 1.7044433417078237, 0.6577001804650044, 1.0224755559969498, 3.347269976592952, 0.665114410118705, 2.306683318847902, 10.0, 0.8753163276358863, 1.6139786132566205, 1.528790270128424, 1.7820769955699283, 6.250801701379177, 3.474685233267699, 8.271788108570503, 3.117865025815836]
APTIDAO: 
28.26822238131433
GEN: 7800
Individuo: 
[1.0938461536359818, 1.3062071295821336, 2.002864157804777, 2.671635200381346, 2.0445738704008733, 1.0034570076852094, 0.37976067669534963, 0.6142194261568172, 0.25028125104632326, 0.23030162955480243, 0.9000837397621242, 0.5400935036187197, 0.002772567973461046, 0.1088243528972846, 0.47729553476931963, 0.2671019515828092, 0.03710031818149233, 0.17326000964867913, 0.5206976615041751, 0.07091838521882639, 0.10806589070011413, 0.7114726110805324, 0.5308447851600968, 0.7955010850657572, 0.38299762364754797, 0.9701115247320902, 5.050572488886781, 6.7453867965788366, 2.3519496704942227, 1.2317695042330987, 3.798403625769916, 4.603963155568612, 7.759433440506281, 10.0, 2.0594907078108067, 2.7964327261655404, 5.9669365667451375, 1.7044433417078237, 0.9753154619376951, 1.0224755559969498, 3.347269976592952, 0.665114410118705, 2.306683318847902, 10.0, 0.8753163276358863, 1.6139786132566205, 1.528790270128424, 1.7820769955699283, 6.250801701379177, 3.474685233267699, 8.271788108570503, 3.117865025815836]
APTIDAO: 
28.26554673233629
GEN: 7900
Individuo: 
[1.0938461536359818, 1.3062071295821336, 2.002864157804777, 2.671635200381346, 2.0445738704008733, 1.0034570076852094, 0.37976067669534963, 0.6142194261568172, 0.25028125104632326, 0.23030162955480243, 0.9000837397621242, 0.5400935036187197, 0.002772567973461046, 0.1088243528972846, 0.47729553476931963, 0.2671019515828092, 0.03710031818149233, 0.17326000964867913, 0.5206976615041751, 0.07091838521882639, 0.10806589070011413, 0.7114726110805324, 0.5308447851600968, 0.7955010850657572, 0.38299762364754797, 0.9701115247320902, 5.050572488886781, 6.7453867965788366, 2.3519496704942227, 1.2317695042330987, 3.798403625769916, 4.603963155568612, 7.759433440506281, 10.0, 2.0594907078108067, 2.7964327261655404, 5.9669365667451375, 1.7044433417078237, 0.9753154619376951, 1.0224755559969498, 3.347269976592952, 0.665114410118705, 2.306683318847902, 10.0, 0.8753163276358863, 1.6139786132566205, 1.528790270128424, 1.7820769955699283, 6.250801701379177, 3.474685233267699, 8.271788108570503, 3.117865025815836]
APTIDAO: 
28.26554673233629
GEN: 8000
Individuo: 
[1.0938461536359818, 1.3062071295821336, 2.002864157804777, 2.671635200381346, 2.0445738704008733, 1.0034570076852094, 0.37976067669534963, 0.6142194261568172, 0.25028125104632326, 0.23030162955480243, 0.9000837397621242, 0.5400935036187197, 0.002772567973461046, 0.1088243528972846, 0.47729553476931963, 0.2671019515828092, 0.03710031818149233, 0.17326000964867913, 0.5206976615041751, 0.07091838521882639, 0.10806589070011413, 0.7114726110805324, 0.5308447851600968, 0.7955010850657572, 0.38299762364754797, 0.9701115247320902, 5.050572488886781, 6.7453867965788366, 2.3519496704942227, 1.2317695042330987, 3.798403625769916, 4.603963155568612, 7.759433440506281, 10.0, 2.0594907078108067, 2.7964327261655404, 5.9669365667451375, 1.7044433417078237, 0.9753154619376951, 1.0224755559969498, 3.347269976592952, 0.665114410118705, 2.306683318847902, 10.0, 0.8753163276358863, 1.6139786132566205, 1.528790270128424, 1.7820769955699283, 6.250801701379177, 3.474685233267699, 8.271788108570503, 3.117865025815836]
APTIDAO: 
28.26554673233629
GEN: 8100
Individuo: 
[1.0938461536359818, 1.3062071295821336, 2.002864157804777, 2.671635200381346, 2.0264505953995995, 1.0034570076852094, 0.37976067669534963, 0.6142194261568172, 0.25028125104632326, 0.23030162955480243, 0.9000837397621242, 0.5400935036187197, 0.0028587693909975856, 0.1088243528972846, 0.47729553476931963, 0.2671019515828092, 0.03710031818149233, 0.17326000964867913, 0.5206976615041751, 0.06486092896657097, 0.08445129108446224, 0.7114726110805324, 0.5308447851600968, 0.7955010850657572, 0.38299762364754797, 0.9701115247320902, 5.050572488886781, 6.7453867965788366, 2.3519496704942227, 1.2317695042330987, 1.5124863363886747, 4.603963155568612, 7.759433440506281, 10.0, 2.0594907078108067, 2.7964327261655404, 5.9669365667451375, 1.7044433417078237, 1.2038352438522846, 1.0224755559969498, 3.347269976592952, 0.665114410118705, 2.306683318847902, 10.0, 0.8753163276358863, 1.4454675064167901, 0.800082038967617, 1.7820769955699283, 6.250801701379177, 3.474685233267699, 8.271788108570503, 3.117865025815836]
APTIDAO: 
28.263907027086667
GEN: 8200
Individuo: 
[1.2465848267970585, 1.3062071295821336, 2.002864157804777, 2.671635200381346, 1.795758128078205, 1.0034570076852094, 0.37976067669534963, 0.6142194261568172, 0.2576716551796651, 0.2776698018335514, 0.9000837397621242, 0.5400935036187197, 0.0028587693909975856, 0.1088243528972846, 0.47729553476931963, 0.2671019515828092, 0.03710031818149233, 0.17326000964867913, 0.5206976615041751, 0.06486092896657097, 0.014666654977349328, 0.7074069548762971, 0.5308447851600968, 0.8063218393321294, 0.38299762364754797, 0.9701115247320902, 6.245809757775823, 6.7453867965788366, 2.3519496704942227, 1.2317695042330987, 0.9745702998062372, 4.603963155568612, 7.759433440506281, 10.0, 2.00316145863736, 2.401080473287837, 5.9669365667451375, 1.7044433417078237, 1.2038352438522846, 1.0224755559969498, 3.347269976592952, 0.665114410118705, 2.306683318847902, 10.0, 0.8753163276358863, 1.4454675064167901, 0.7145852196405906, 2.212522506524771, 6.250801701379177, 3.891695276700883, 8.271788108570503, 3.117865025815836]
APTIDAO: 
27.5313972974657
GEN: 8300
Individuo: 
[1.2465848267970585, 1.3062071295821336, 2.002864157804777, 2.671635200381346, 1.795758128078205, 1.0034570076852094, 0.37976067669534963, 0.6142194261568172, 0.2576716551796651, 0.2776698018335514, 0.9000837397621242, 0.5400935036187197, 0.003330807066575703, 0.1088243528972846, 0.47729553476931963, 0.2671019515828092, 0.03084423523221385, 0.17326000964867913, 0.5206976615041751, 0.063538009651173, 0.058172925756144155, 0.7074069548762971, 0.5308447851600968, 0.8063218393321294, 0.40777949960099086, 0.9701115247320902, 6.245809757775823, 6.7453867965788366, 2.3519496704942227, 1.2317695042330987, 0.9745702998062372, 4.603963155568612, 7.759433440506281, 10.0, 2.00316145863736, 2.401080473287837, 5.9669365667451375, 1.7044433417078237, 1.317302655911297, 1.0224755559969498, 3.347269976592952, 0.665114410118705, 1.5979733131448588, 10.0, 0.8753163276358863, 1.4629362679344304, 2.39803599849972, 2.212522506524771, 6.250801701379177, 3.891695276700883, 6.6330935495620595, 3.117865025815836]
APTIDAO: 
27.223137585896076
GEN: 8400
Individuo: 
[1.2465848267970585, 1.3062071295821336, 2.002864157804777, 2.671635200381346, 1.795758128078205, 1.0034570076852094, 0.37976067669534963, 0.6142194261568172, 0.2576716551796651, 0.23768943330385747, 0.9000837397621242, 0.5400935036187197, 0.002573587014240258, 0.10759834436411678, 0.47729553476931963, 0.2671019515828092, 0.03084423523221385, 0.17326000964867913, 0.5206976615041751, 0.063538009651173, 0.11648915642472436, 0.9520197171201856, 0.5308447851600968, 0.8063218393321294, 0.40777949960099086, 0.9701115247320902, 6.245809757775823, 6.7453867965788366, 2.3519496704942227, 1.2317695042330987, 0.9745702998062372, 4.603963155568612, 7.759433440506281, 10.0, 2.00316145863736, 2.540923369720666, 5.9669365667451375, 1.7044433417078237, 1.6397594348504536, 1.682708336334214, 3.347269976592952, 0.665114410118705, 1.5979733131448588, 10.0, 0.8753163276358863, 1.4629362679344304, 2.9580799469380765, 5.3176147748728795, 6.250801701379177, 3.891695276700883, 6.6330935495620595, 3.117865025815836]
APTIDAO: 
27.07834181077031
GEN: 8500
Individuo: 
[1.2465848267970585, 1.3062071295821336, 2.002864157804777, 2.671635200381346, 1.795758128078205, 1.0034570076852094, 0.37976067669534963, 0.6142194261568172, 0.2576716551796651, 0.23768943330385747, 0.9000837397621242, 0.5400935036187197, 0.002573587014240258, 0.10759834436411678, 0.47729553476931963, 0.2671019515828092, 0.03084423523221385, 0.17326000964867913, 0.5206976615041751, 0.063538009651173, 0.11648915642472436, 0.8230467125239661, 0.5308447851600968, 0.8063218393321294, 0.40777949960099086, 0.9701115247320902, 6.245809757775823, 6.7453867965788366, 2.3519496704942227, 1.2317695042330987, 0.9745702998062372, 4.603963155568612, 7.759433440506281, 10.0, 2.00316145863736, 2.540923369720666, 5.9669365667451375, 1.7044433417078237, 1.6397594348504536, 1.682708336334214, 3.347269976592952, 0.665114410118705, 1.5979733131448588, 10.0, 0.8753163276358863, 1.4629362679344304, 2.9580799469380765, 5.151996965244832, 6.250801701379177, 3.891695276700883, 6.6330935495620595, 3.117865025815836]
APTIDAO: 
27.037476989676986
GEN: 8600
Individuo: 
[1.2465848267970585, 1.3062071295821336, 2.002864157804777, 2.671635200381346, 1.795758128078205, 1.0034570076852094, 0.37976067669534963, 0.6142194261568172, 0.2576716551796651, 0.23768943330385747, 0.9000837397621242, 0.5400935036187197, 0.002573587014240258, 0.10759834436411678, 0.47729553476931963, 0.2671019515828092, 0.03084423523221385, 0.17326000964867913, 0.5206976615041751, 0.063538009651173, 0.11648915642472436, 0.8230467125239661, 0.5308447851600968, 0.8063218393321294, 0.40777949960099086, 0.9701115247320902, 6.245809757775823, 6.7453867965788366, 2.3519496704942227, 1.2317695042330987, 0.9745702998062372, 4.603963155568612, 7.759433440506281, 10.0, 2.00316145863736, 2.540923369720666, 5.9669365667451375, 1.7044433417078237, 1.6397594348504536, 1.682708336334214, 3.347269976592952, 0.665114410118705, 1.5979733131448588, 10.0, 0.8753163276358863, 1.4629362679344304, 2.9580799469380765, 5.151996965244832, 6.250801701379177, 3.891695276700883, 6.6330935495620595, 3.117865025815836]
APTIDAO: 
27.037476989676986
GEN: 8700
Individuo: 
[1.2465848267970585, 1.3062071295821336, 2.002864157804777, 2.671635200381346, 1.795758128078205, 1.0034570076852094, 0.37976067669534963, 0.6142194261568172, 0.2576716551796651, 0.23768943330385747, 0.9000837397621242, 0.5400935036187197, 0.0023215088510790747, 0.10759834436411678, 0.47729553476931963, 0.2671019515828092, 0.03173223168971338, 0.17326000964867913, 0.5206976615041751, 0.063538009651173, 0.11648915642472436, 0.9118670198638573, 0.5308447851600968, 0.8063218393321294, 0.40777949960099086, 0.9701115247320902, 6.245809757775823, 6.7453867965788366, 2.3519496704942227, 1.2317695042330987, 0.9745702998062372, 4.603963155568612, 7.759433440506281, 10.0, 2.00316145863736, 2.540923369720666, 5.9669365667451375, 1.7044433417078237, 1.4339915423084368, 1.682708336334214, 3.347269976592952, 0.665114410118705, 1.3851152401111688, 10.0, 0.8753163276358863, 1.4629362679344304, 2.9580799469380765, 1.4320075614811307, 6.250801701379177, 3.891695276700883, 6.6330935495620595, 3.117865025815836]
APTIDAO: 
27.01471193212749
GEN: 8800
Individuo: 
[1.2465848267970585, 1.3062071295821336, 2.002864157804777, 2.671635200381346, 1.795758128078205, 1.0034570076852094, 0.37976067669534963, 0.6142194261568172, 0.2576716551796651, 0.24561525328859007, 0.9000837397621242, 0.5400935036187197, 0.0023215088510790747, 0.11105295247923434, 0.47729553476931963, 0.2671019515828092, 0.03173223168971338, 0.16638574547701088, 0.5206976615041751, 0.063538009651173, 0.11648915642472436, 0.983902211999728, 0.5308447851600968, 0.8063218393321294, 0.40777949960099086, 0.9701115247320902, 6.245809757775823, 6.7453867965788366, 2.3519496704942227, 1.2317695042330987, 0.9745702998062372, 4.603963155568612, 7.759433440506281, 10.0, 2.00316145863736, 2.4123967502473875, 5.9669365667451375, 1.7044433417078237, 1.4339915423084368, 3.072646918112946, 3.347269976592952, 0.665114410118705, 1.3851152401111688, 9.292062869226818, 0.8753163276358863, 1.4629362679344304, 2.9580799469380765, 0.8178601499911621, 6.250801701379177, 3.891695276700883, 6.6330935495620595, 3.117865025815836]
APTIDAO: 
27.000890797234725
GEN: 8900
Individuo: 
[1.2465848267970585, 1.3062071295821336, 2.002864157804777, 2.671635200381346, 1.795758128078205, 1.0034570076852094, 0.37976067669534963, 0.6142194261568172, 0.2576716551796651, 0.24561525328859007, 0.9000837397621242, 0.5400935036187197, 0.0022716221025921844, 0.11105295247923434, 0.47729553476931963, 0.2671019515828092, 0.03173223168971338, 0.16638574547701088, 0.5206976615041751, 0.063538009651173, 0.11648915642472436, 0.983902211999728, 0.5308447851600968, 0.8063218393321294, 0.40777949960099086, 0.9701115247320902, 6.245809757775823, 6.7453867965788366, 2.3519496704942227, 1.2317695042330987, 0.9745702998062372, 4.603963155568612, 7.759433440506281, 10.0, 2.00316145863736, 2.4123967502473875, 5.9669365667451375, 1.7044433417078237, 1.4972181030867795, 3.072646918112946, 3.347269976592952, 0.665114410118705, 1.3851152401111688, 9.292062869226818, 0.8753163276358863, 1.4629362679344304, 2.9580799469380765, 0.8178601499911621, 6.250801701379177, 3.891695276700883, 6.6330935495620595, 3.117865025815836]
APTIDAO: 
26.99923513849247
GEN: 9000
Individuo: 
[1.2465848267970585, 1.3062071295821336, 2.002864157804777, 2.671635200381346, 1.795758128078205, 1.0034570076852094, 0.37976067669534963, 0.6142194261568172, 0.2576716551796651, 0.24561525328859007, 0.9000837397621242, 0.5382266896785406, 0.0024330002246157525, 0.11105295247923434, 0.47729553476931963, 0.2671019515828092, 0.03173223168971338, 0.16638574547701088, 0.5206976615041751, 0.063538009651173, 0.11648915642472436, 0.983902211999728, 0.5308447851600968, 0.8063218393321294, 0.40777949960099086, 0.9701115247320902, 6.245809757775823, 6.7453867965788366, 2.3519496704942227, 1.2317695042330987, 0.9745702998062372, 4.603963155568612, 7.759433440506281, 10.0, 2.00316145863736, 2.4123967502473875, 5.9669365667451375, 2.259703414548261, 2.025463526759134, 3.072646918112946, 3.347269976592952, 0.665114410118705, 1.3851152401111688, 9.292062869226818, 0.8753163276358863, 1.4629362679344304, 2.9580799469380765, 0.8178601499911621, 6.250801701379177, 3.891695276700883, 6.6330935495620595, 3.117865025815836]
APTIDAO: 
26.999044176223748
GEN: 9100
Individuo: 
[1.2465848267970585, 1.3062071295821336, 2.002864157804777, 2.671635200381346, 1.795758128078205, 1.0034570076852094, 0.37976067669534963, 0.6142194261568172, 0.2576716551796651, 0.24561525328859007, 0.9000837397621242, 0.5382266896785406, 0.00291511961553614, 0.11105295247923434, 0.47729553476931963, 0.2671019515828092, 0.03173223168971338, 0.17464403720052796, 0.5206976615041751, 0.063538009651173, 0.11467223898193382, 0.983902211999728, 0.5308447851600968, 0.8063218393321294, 0.4101053223603535, 0.9701115247320902, 6.245809757775823, 6.7453867965788366, 2.3519496704942227, 1.2317695042330987, 0.9745702998062372, 4.603963155568612, 7.759433440506281, 10.0, 2.00316145863736, 2.4123967502473875, 5.9669365667451375, 2.259703414548261, 0.914994362348481, 3.072646918112946, 3.347269976592952, 0.665114410118705, 1.3851152401111688, 9.403865867000258, 0.8753163276358863, 1.4629362679344304, 2.417915414363259, 0.8178601499911621, 6.250801701379177, 3.891695276700883, 7.036434663106141, 3.117865025815836]
APTIDAO: 
27.03102249847905
GEN: 9200
Individuo: 
[1.2465848267970585, 1.3062071295821336, 2.002864157804777, 2.671635200381346, 1.795758128078205, 1.0034570076852094, 0.37976067669534963, 0.6142194261568172, 0.2576716551796651, 0.24561525328859007, 0.9000837397621242, 0.5382266896785406, 0.002894533129440839, 0.11105295247923434, 0.47729553476931963, 0.2671019515828092, 0.03173223168971338, 0.17464403720052796, 0.5206976615041751, 0.063538009651173, 0.1433819744548028, 0.983902211999728, 0.5308447851600968, 0.8063218393321294, 0.4101053223603535, 0.9701115247320902, 6.245809757775823, 6.7453867965788366, 2.3519496704942227, 1.2317695042330987, 0.9745702998062372, 4.603963155568612, 7.759433440506281, 10.0, 2.00316145863736, 2.4123967502473875, 5.9669365667451375, 2.259703414548261, 0.7191061331221756, 3.072646918112946, 3.347269976592952, 0.665114410118705, 1.3851152401111688, 9.403865867000258, 0.8753163276358863, 1.4629362679344304, 2.922171766737774, 0.8178601499911621, 6.250801701379177, 3.891695276700883, 7.036434663106141, 3.117865025815836]
APTIDAO: 
27.024357573062655
GEN: 9300
Individuo: 
[1.2536046262764622, 1.3062071295821336, 2.002864157804777, 2.671635200381346, 1.795758128078205, 1.0034570076852094, 0.37976067669534963, 0.6173143820350762, 0.2576716551796651, 0.2151976268419681, 0.9000837397621242, 0.5382266896785406, 0.002153238792861705, 0.11105295247923434, 0.47729553476931963, 0.2671019515828092, 0.03113910080024277, 0.165195201288981, 0.5206976615041751, 0.06254854668660383, 0.09520881709495972, 0.5270936524560709, 0.5308447851600968, 0.8063218393321294, 0.4101053223603535, 0.9701115247320902, 7.316622923669497, 6.7453867965788366, 2.3519496704942227, 1.2317695042330987, 0.9745702998062372, 4.603963155568612, 7.759433440506281, 10.0, 2.00316145863736, 1.7422007752139628, 5.9669365667451375, 2.259703414548261, 1.1434837739761667, 3.072646918112946, 3.347269976592952, 0.665114410118705, 1.109192560272007, 10.0, 0.8753163276358863, 1.265877689786023, 1.3360438624238844, 0.7754385548752889, 6.250801701379177, 3.891695276700883, 7.036434663106141, 3.117865025815836]
APTIDAO: 
26.985822118620003
GEN: 9400
Individuo: 
[1.2536046262764622, 1.3062071295821336, 2.002864157804777, 2.671635200381346, 1.795758128078205, 1.0034570076852094, 0.37976067669534963, 0.6173143820350762, 0.2576716551796651, 0.2151976268419681, 0.9000837397621242, 0.538359221928074, 0.002153238792861705, 0.11105295247923434, 0.47729553476931963, 0.2713335502932144, 0.03113910080024277, 0.165195201288981, 0.5206976615041751, 0.06254854668660383, 0.09520881709495972, 0.5253151170832002, 0.5308447851600968, 0.8063218393321294, 0.4101053223603535, 0.9701115247320902, 7.316622923669497, 6.7453867965788366, 2.3519496704942227, 1.2317695042330987, 0.9745702998062372, 4.603963155568612, 7.759433440506281, 10.0, 2.00316145863736, 1.7422007752139628, 5.9669365667451375, 1.53807270466964, 1.1434837739761667, 3.072646918112946, 3.347269976592952, 0.7564580245178434, 1.109192560272007, 10.0, 0.8753163276358863, 1.265877689786023, 1.3360438624238844, 1.2641933435249748, 6.250801701379177, 3.891695276700883, 7.036434663106141, 3.117865025815836]
APTIDAO: 
26.969912814637876
GEN: 9500
Individuo: 
[1.2536046262764622, 1.3062071295821336, 2.002864157804777, 2.671635200381346, 1.795758128078205, 1.0034570076852094, 0.37976067669534963, 0.6173143820350762, 0.2576716551796651, 0.2151976268419681, 0.9000837397621242, 0.538359221928074, 0.002153238792861705, 0.11105295247923434, 0.47729553476931963, 0.2713335502932144, 0.03113910080024277, 0.165195201288981, 0.5206976615041751, 0.06254854668660383, 0.09520881709495972, 0.5253151170832002, 0.5308447851600968, 0.8063218393321294, 0.4101053223603535, 0.9701115247320902, 7.316622923669497, 6.7453867965788366, 2.3519496704942227, 1.2317695042330987, 0.9745702998062372, 4.603963155568612, 7.759433440506281, 10.0, 2.00316145863736, 1.7422007752139628, 5.9669365667451375, 1.53807270466964, 1.1434837739761667, 3.072646918112946, 3.347269976592952, 0.7564580245178434, 1.109192560272007, 10.0, 0.8753163276358863, 1.265877689786023, 1.3360438624238844, 1.2641933435249748, 6.250801701379177, 3.891695276700883, 7.036434663106141, 3.117865025815836]
APTIDAO: 
26.969912814637876
GEN: 9600
Individuo: 
[1.2536046262764622, 1.3062071295821336, 2.002864157804777, 2.671635200381346, 1.795758128078205, 1.0034570076852094, 0.37976067669534963, 0.6173143820350762, 0.2576716551796651, 0.2151976268419681, 0.9000837397621242, 0.538359221928074, 0.0021844656467594446, 0.11105295247923434, 0.47729553476931963, 0.2713335502932144, 0.03113910080024277, 0.165195201288981, 0.5206976615041751, 0.06254854668660383, 0.09520881709495972, 0.5253151170832002, 0.5308447851600968, 0.8063218393321294, 0.4101053223603535, 0.9701115247320902, 7.316622923669497, 6.7453867965788366, 2.3519496704942227, 1.2317695042330987, 0.9745702998062372, 4.603963155568612, 7.759433440506281, 10.0, 2.00316145863736, 1.7422007752139628, 5.9669365667451375, 1.53807270466964, 0.9902182448015721, 3.072646918112946, 3.347269976592952, 0.7564580245178434, 1.109192560272007, 10.0, 0.8753163276358863, 1.265877689786023, 1.3360438624238844, 1.2641933435249748, 6.250801701379177, 3.891695276700883, 7.036434663106141, 3.117865025815836]
APTIDAO: 
26.968391404372674
GEN: 9700
Individuo: 
[1.2536046262764622, 1.3062071295821336, 1.9794706993956532, 2.671635200381346, 1.795758128078205, 1.0034570076852094, 0.37976067669534963, 0.6173143820350762, 0.2576716551796651, 0.2151976268419681, 0.9000837397621242, 0.538359221928074, 0.002756565927077457, 0.11105295247923434, 0.47729553476931963, 0.2713335502932144, 0.03113910080024277, 0.165195201288981, 0.5206976615041751, 0.06546725049665507, 0.11125977737685973, 0.7068239518154272, 0.5308447851600968, 0.8165870896205412, 0.4101053223603535, 0.9076511707938654, 7.316622923669497, 6.7453867965788366, 4.4980805508391715, 1.2317695042330987, 0.9745702998062372, 4.603963155568612, 7.759433440506281, 10.0, 2.00316145863736, 1.7422007752139628, 5.9669365667451375, 1.53807270466964, 0.8546391614289651, 3.072646918112946, 3.347269976592952, 0.7564580245178434, 1.109192560272007, 10.0, 0.8753163276358863, 1.4761944397657554, 1.4585691676690784, 0.7969694016376218, 6.250801701379177, 2.3101583386800533, 7.036434663106141, 2.8061013773497883]
APTIDAO: 
27.174746691361996
GEN: 9800
Individuo: 
[1.2536046262764622, 1.3062071295821336, 1.9794706993956532, 2.671635200381346, 1.795758128078205, 1.0034570076852094, 0.37976067669534963, 0.6173143820350762, 0.2576716551796651, 0.20073956491473488, 0.9000837397621242, 0.538359221928074, 0.0020599160928343675, 0.11105295247923434, 0.47729553476931963, 0.2713335502932144, 0.03293751927206637, 0.165195201288981, 0.5255462484062685, 0.06546725049665507, 0.13650929075112778, 0.6170030953634872, 0.5308447851600968, 0.8165870896205412, 0.4101053223603535, 0.9330284306822629, 7.316622923669497, 6.7453867965788366, 4.4980805508391715, 1.2317695042330987, 0.9745702998062372, 4.603963155568612, 7.759433440506281, 10.0, 2.00316145863736, 1.9808480662988328, 5.9669365667451375, 1.53807270466964, 0.8966959945687548, 3.072646918112946, 3.347269976592952, 0.7564580245178434, 1.20738398883169, 10.0, 0.7621425119558224, 1.4761944397657554, 1.5512597127681682, 0.3729692882072294, 6.250801701379177, 2.3101583386800533, 7.036434663106141, 2.7755688351668475]
APTIDAO: 
26.97603201566066
GEN: 9900
Individuo: 
[1.2536046262764622, 1.3062071295821336, 1.9794706993956532, 2.671635200381346, 1.795758128078205, 1.0034570076852094, 0.37976067669534963, 0.6173143820350762, 0.2576716551796651, 0.20073956491473488, 0.9000837397621242, 0.538359221928074, 0.0020599160928343675, 0.11105295247923434, 0.4746893528540617, 0.15815236283065295, 0.03293751927206637, 0.23752124219317466, 0.5255462484062685, 0.06569239859423065, 0.1653036508921452, 0.6170030953634872, 0.5308447851600968, 0.8165870896205412, 0.4101053223603535, 0.9245321681677775, 7.316622923669497, 6.7453867965788366, 4.4980805508391715, 1.2317695042330987, 0.9745702998062372, 4.603963155568612, 7.759433440506281, 10.0, 2.00316145863736, 1.9808480662988328, 5.9669365667451375, 1.53807270466964, 0.8966959945687548, 3.072646918112946, 2.2672870040066404, 0.39751838261868316, 1.20738398883169, 10.0, 0.7621425119558224, 1.5527664612031518, 1.674782033819781, 0.3729692882072294, 6.250801701379177, 2.3101583386800533, 7.036434663106141, 3.0821605929087164]
APTIDAO: 
30.154386684458736
GEN: 10000
Individuo: 
[1.2536046262764622, 1.3062071295821336, 1.9794706993956532, 2.671635200381346, 1.795758128078205, 1.000380992118385, 0.37976067669534963, 0.6173143820350762, 0.2576716551796651, 0.20073956491473488, 0.9000837397621242, 0.538359221928074, 0.002746883222596815, 0.11105295247923434, 0.4746893528540617, 0.15815236283065295, 0.03293751927206637, 0.23752124219317466, 0.5255462484062685, 0.06569239859423065, 0.08933944271941159, 0.6170030953634872, 0.5308447851600968, 0.8165870896205412, 0.4101053223603535, 0.8938265474742427, 7.316622923669497, 6.7453867965788366, 4.4980805508391715, 1.2317695042330987, 0.9745702998062372, 2.6989006699136913, 7.759433440506281, 10.0, 2.00316145863736, 1.9808480662988328, 5.9669365667451375, 1.53807270466964, 0.6540610868274747, 3.072646918112946, 2.2672870040066404, 0.39751838261868316, 1.20738398883169, 10.0, 0.7621425119558224, 1.5527664612031518, 1.1869833026623786, 0.3729692882072294, 6.250801701379177, 2.3101583386800533, 7.036434663106141, 2.9904354778156024]
APTIDAO: 
28.96660709954513

--- RESULTADO FINAL ---
Erro (norma-1): 28.96660709954513
Parâmetros: [1.2536046262764622, 1.3062071295821336, 1.9794706993956532, 2.671635200381346, 1.795758128078205, 1.000380992118385, 0.37976067669534963, 0.6173143820350762, 0.2576716551796651, 0.20073956491473488, 0.9000837397621242, 0.538359221928074, 0.002746883222596815, 0.11105295247923434, 0.4746893528540617, 0.15815236283065295, 0.03293751927206637, 0.23752124219317466, 0.5255462484062685, 0.06569239859423065, 0.08933944271941159, 0.6170030953634872, 0.5308447851600968, 0.8165870896205412, 0.4101053223603535, 0.8938265474742427]
Tempo total: 03h 41m 26s
